date,hs_code,commodity,import_value_usd_m,export_value_usd_m,import_volume_teu,export_volume_teu
2021-09-01,1005,Maize (Corn),27993.95,24669.83,30114.1,27025.2
2021-10-01,1005,Maize (Corn),5291.91,4760.8,5984.6,5371.099999999999
2021-11-01,1005,Maize (Corn),13017.9,11640.380000000001,14542.8,12733.0
2021-12-01,1005,Maize (Corn),35614.48,31851.94,40684.6,34870.8
2022-01-01,1005,Maize (Corn),7626.24,5730.32,8660.7,6139.4
2022-02-01,1005,Maize (Corn),16053.17,12422.23,17100.0,14401.6
2022-03-01,1005,Maize (Corn),9733.7,8260.6,10746.8,9172.8
2022-04-01,1005,Maize (Corn),27144.12,24192.83,28018.6,28128.0
2022-05-01,1005,Maize (Corn),12762.36,8590.0,13538.199999999999,10045.3
2022-06-01,1005,Maize (Corn),27423.2,21466.59,29682.0,22476.7
2022-07-01,1005,Maize (Corn),9315.23,8042.74,9833.8,9539.8
2022-08-01,1005,Maize (Corn),20664.24,17345.64,21691.4,19835.6
2022-09-01,1005,Maize (Corn),14254.13,13982.89,14800.8,15346.4
2022-10-01,1005,Maize (Corn),34305.78,28621.73,40701.3,34590.5
2022-11-01,1005,Maize (Corn),15992.210000000001,15420.24,17955.2,17527.8
2022-12-01,1005,Maize (Corn),7403.12,5864.65,8269.9,6306.0
2023-01-01,1005,Maize (Corn),18777.309999999998,14819.22,21046.1,17118.9
2023-02-01,1005,Maize (Corn),14657.99,13326.44,15333.3,13911.7
2023-03-01,1005,Maize (Corn),6937.46,6080.71,7398.0,6639.8
2023-04-01,1005,Maize (Corn),7842.16,6512.77,8938.1,7308.4
2023-05-01,1005,Maize (Corn),41146.69,36118.81,46505.5,37034.5
2023-06-01,1005,Maize (Corn),5724.83,5252.17,6701.3,5961.0
2023-07-01,1005,Maize (Corn),4024.19,3193.65,4694.6,3468.2
2023-08-01,1005,Maize (Corn),22645.12,19492.22,26285.4,20975.2
2023-09-01,1005,Maize (Corn),20962.46,20670.4,23663.5,22186.3
2023-10-01,1005,Maize (Corn),2819.5299999999997,2704.81,3151.0,2828.6
2023-11-01,1005,Maize (Corn),25857.94,22496.17,27963.6,25626.2
2023-12-01,1005,Maize (Corn),26744.32,24547.940000000002,28291.8,28040.1
2024-01-01,1005,Maize (Corn),42375.5,37506.49,49345.4,39737.9
2024-02-01,1005,Maize (Corn),19714.83,16185.65,20656.9,18566.8
2024-03-01,1005,Maize (Corn),38676.74,32662.92,40594.5,36664.4
2024-04-01,1005,Maize (Corn),31517.45,30707.46,35176.5,33908.9
2024-05-01,1005,Maize (Corn),14279.71,11468.58,15790.2,12994.9
2024-06-01,1005,Maize (Corn),10971.48,10119.81,10806.8,11230.1
2024-07-01,1005,Maize (Corn),25572.28,23163.48,29975.0,25653.2
2024-08-01,1005,Maize (Corn),5965.89,5088.38,6827.6,5382.2
2024-09-01,1005,Maize (Corn),36096.78,33410.44,38443.0,35398.5
2024-10-01,1005,Maize (Corn),24303.37,23582.76,28228.6,25687.6
2024-11-01,1005,Maize (Corn),24074.2,19724.25,26270.4,20854.7
2024-12-01,1005,Maize (Corn),41228.340000000004,37880.200000000004,43949.3,44306.0
2025-01-01,1005,Maize (Corn),35923.61,31242.97,40520.6,33400.7
2025-02-01,1005,Maize (Corn),31654.41,30794.27,35406.4,36454.3
2025-03-01,1005,Maize (Corn),40473.68,38732.68,46258.7,44200.0
2025-04-01,1005,Maize (Corn),21748.1,17423.22,23268.4,18471.2
2025-05-01,1005,Maize (Corn),6838.43,6458.21,7651.3,7003.3
2025-06-01,1005,Maize (Corn),44893.69,39420.2,49764.0,43531.9
2025-07-01,1005,Maize (Corn),4295.9,3584.29,4773.1,3833.5
2025-08-01,1005,Maize (Corn),30674.239999999998,25046.86,36555.6,25789.0
2025-09-01,1005,Maize (Corn),8966.26,8224.03,9568.0,8381.0
2025-10-01,1005,Maize (Corn),24385.59,21400.09,28585.3,24119.5
2025-11-01,1005,Maize (Corn),24770.19,21002.49,26171.600000000002,23800.6
2025-12-01,1005,Maize (Corn),37475.49,33257.13,41714.7,36915.7
2026-01-01,1005,Maize (Corn),45585.09,40556.29,50652.0,44492.2
2026-02-01,1005,Maize (Corn),21951.9,18050.8,23536.1,19612.8
2026-03-01,1005,Maize (Corn),48999.13,43166.29,53638.9,48151.4
2026-04-01,1005,Maize (Corn),27457.2,23675.17,30501.0,27777.7
2026-05-01,1005,Maize (Corn),44230.16,38893.14,50035.1,44579.0
2026-06-01,1005,Maize (Corn),32246.98,26666.53,34217.4,30283.1
2026-07-01,1005,Maize (Corn),3606.92,3041.91,3964.9,3474.6
2026-08-01,1005,Maize (Corn),15008.72,13243.16,16693.8,14092.4
2021-09-01,1201,Soya Beans,33680.1,30536.91,35302.8,35722.3
2021-10-01,1201,Soya Beans,10515.98,9338.27,11472.5,10044.4
2021-11-01,1201,Soya Beans,21003.489999999998,16016.4,22558.4,17184.1
2021-12-01,1201,Soya Beans,28458.719999999998,24524.92,30618.6,26952.1
2022-01-01,1201,Soya Beans,8665.19,7588.86,9638.5,8971.5
2022-02-01,1201,Soya Beans,9024.9,7320.38,9113.3,7452.8
2022-03-01,1201,Soya Beans,11029.05,9797.79,12887.0,10605.7
2022-04-01,1201,Soya Beans,24402.36,21420.37,25819.2,23099.9
2022-05-01,1201,Soya Beans,27076.79,21908.46,28763.5,23531.3
2022-06-01,1201,Soya Beans,16809.57,16126.35,19397.0,18620.7
2022-07-01,1201,Soya Beans,9259.55,8047.42,10313.3,9032.3
2022-08-01,1201,Soya Beans,4692.25,3883.61,5028.8,4368.5
2022-09-01,1201,Soya Beans,9571.17,8241.67,10036.699999999999,9536.3
2022-10-01,1201,Soya Beans,22267.85,17414.71,24538.6,18534.899999999998
2022-11-01,1201,Soya Beans,31504.49,24500.510000000002,36419.7,27601.1
2022-12-01,1201,Soya Beans,20125.98,16270.26,23087.4,18448.7
2023-01-01,1201,Soya Beans,26435.51,22092.34,27818.3,24073.6
2023-02-01,1201,Soya Beans,25111.489999999998,24230.39,27284.8,28868.8
2023-03-01,1201,Soya Beans,24443.97,22032.989999999998,26173.7,23959.2
2023-04-01,1201,Soya Beans,8897.460000000001,7958.63,9822.2,8804.2
2023-05-01,1201,Soya Beans,34461.51,28529.16,38714.7,29594.1
2023-06-01,1201,Soya Beans,6105.54,5124.12,6679.7,5667.0
2023-07-01,1201,Soya Beans,8305.16,6498.0,9469.1,7228.5
2023-08-01,1201,Soya Beans,28268.19,24023.5,33082.8,24987.2
2023-09-01,1201,Soya Beans,31571.95,27917.19,32759.5,34053.9
2023-10-01,1201,Soya Beans,8437.74,7313.43,9085.8,7987.0
2023-11-01,1201,Soya Beans,12712.57,10095.78,15130.8,10641.1
2023-12-01,1201,Soya Beans,14135.84,11994.94,16377.2,12229.6
2024-01-01,1201,Soya Beans,34366.99,32078.32,37396.7,35618.6
2024-02-01,1201,Soya Beans,34206.2,28141.93,37619.0,33015.9
2024-03-01,1201,Soya Beans,40447.03,33296.34,43537.2,34061.0
2024-04-01,1201,Soya Beans,17015.36,15313.560000000001,19023.5,17159.5
2024-05-01,1201,Soya Beans,42410.13,37555.53,46127.3,40207.2
2024-06-01,1201,Soya Beans,12157.22,8277.1,12697.8,8779.8
2024-07-01,1201,Soya Beans,32046.42,28337.59,33880.1,31364.5
2024-08-01,1201,Soya Beans,22534.01,19046.85,24391.5,20956.9
2024-09-01,1201,Soya Beans,17827.29,14422.97,19204.7,16957.1
2024-10-01,1201,Soya Beans,31625.64,25168.079999999998,34798.1,28019.4
2024-11-01,1201,Soya Beans,3973.06,3371.7799999999997,4660.0,3498.7
2024-12-01,1201,Soya Beans,8449.05,7443.23,9280.1,8331.6
2025-01-01,1201,Soya Beans,32543.75,26033.08,36432.8,28008.1
2025-02-01,1201,Soya Beans,30236.59,25456.62,32983.4,27533.0
2025-03-01,1201,Soya Beans,13512.24,11693.99,14828.3,12238.2
2025-04-01,1201,Soya Beans,8349.54,7091.4400000000005,9801.4,7466.9
2025-05-01,1201,Soya Beans,27033.47,18618.79,28463.5,21253.8
2025-06-01,1201,Soya Beans,16062.59,12478.4,17900.3,14853.0
2025-07-01,1201,Soya Beans,27640.36,24653.52,28584.7,28413.6
2025-08-01,1201,Soya Beans,33803.37,28847.65,37328.4,31957.1
2025-09-01,1201,Soya Beans,34397.6,31419.27,41706.3,33260.2
2025-10-01,1201,Soya Beans,17508.58,15579.75,19670.4,17695.0
2025-11-01,1201,Soya Beans,21399.37,15860.49,22930.9,18032.3
2025-12-01,1201,Soya Beans,12144.5,11590.77,13744.7,13331.2
2026-01-01,1201,Soya Beans,18222.42,15795.529999999999,19549.0,17998.7
2026-02-01,1201,Soya Beans,28343.4,23183.49,31208.9,24940.6
2026-03-01,1201,Soya Beans,47640.02,38462.0,56506.7,43869.4
2026-04-01,1201,Soya Beans,39827.17,29848.04,44842.8,35288.2
2026-05-01,1201,Soya Beans,20674.23,18063.19,22836.2,19464.3
2026-06-01,1201,Soya Beans,60710.81,49730.270000000004,66673.3,56000.6
2026-07-01,1201,Soya Beans,14862.11,13588.09,16411.0,14493.0
2026-08-01,1201,Soya Beans,3148.2799999999997,2781.11,3490.5,3121.3
2021-09-01,2601,Iron Ores & Concentrates,19291.57,14360.789999999999,20491.3,15536.3
2021-10-01,2601,Iron Ores & Concentrates,18716.22,14812.43,19917.5,15428.3
2021-11-01,2601,Iron Ores & Concentrates,8066.0199999999995,6531.52,8789.8,6914.2
2021-12-01,2601,Iron Ores & Concentrates,38186.0,32968.74,43546.8,35878.6
2022-01-01,2601,Iron Ores & Concentrates,32721.190000000002,28882.33,36406.9,30296.6
2022-02-01,2601,Iron Ores & Concentrates,13989.16,11841.55,15722.8,12899.9
2022-03-01,2601,Iron Ores & Concentrates,26549.08,23828.04,28224.1,23277.5
2022-04-01,2601,Iron Ores & Concentrates,13004.85,10845.14,14289.199999999999,12017.5
2022-05-01,2601,Iron Ores & Concentrates,25323.31,23309.89,27299.8,26667.2
2022-06-01,2601,Iron Ores & Concentrates,30503.97,27812.51,35237.6,30640.7
2022-07-01,2601,Iron Ores & Concentrates,3069.86,2597.62,3568.6,2972.5
2022-08-01,2601,Iron Ores & Concentrates,5794.52,4336.39,6042.0,5060.7
2022-09-01,2601,Iron Ores & Concentrates,2676.82,2071.89,2810.7,2222.4
2022-10-01,2601,Iron Ores & Concentrates,14246.06,12956.23,16087.6,13767.9
2022-11-01,2601,Iron Ores & Concentrates,8753.05,8061.23,9673.2,9150.7
2022-12-01,2601,Iron Ores & Concentrates,38070.14,28480.309999999998,41284.0,30685.6
2023-01-01,2601,Iron Ores & Concentrates,36129.0,32228.37,38782.4,37465.0
2023-02-01,2601,Iron Ores & Concentrates,40750.49,39496.16,47011.8,43422.5
2023-03-01,2601,Iron Ores & Concentrates,21111.61,17047.56,23168.8,19191.5
2023-04-01,2601,Iron Ores & Concentrates,22485.56,18153.98,26123.9,20779.1
2023-05-01,2601,Iron Ores & Concentrates,37822.45,33710.54,41718.5,35749.3
2023-06-01,2601,Iron Ores & Concentrates,20458.690000000002,16281.97,23391.2,17635.9
2023-07-01,2601,Iron Ores & Concentrates,6241.43,5273.31,6667.6,5897.5
2023-08-01,2601,Iron Ores & Concentrates,23820.69,20223.6,23944.2,22490.9
2023-09-01,2601,Iron Ores & Concentrates,33860.74,27007.329999999998,36277.3,30686.0
2023-10-01,2601,Iron Ores & Concentrates,15200.92,12326.91,16663.9,13869.7
2023-11-01,2601,Iron Ores & Concentrates,3887.44,3903.9700000000003,4025.3,4252.8
2023-12-01,2601,Iron Ores & Concentrates,38650.92,34350.92,41285.1,38402.0
2024-01-01,2601,Iron Ores & Concentrates,15784.529999999999,14051.57,17211.3,15185.6
2024-02-01,2601,Iron Ores & Concentrates,21317.84,17714.5,22965.3,19480.5
2024-03-01,2601,Iron Ores & Concentrates,37238.770000000004,29009.18,40290.6,31762.5
2024-04-01,2601,Iron Ores & Concentrates,37887.43,29989.5,39621.6,33849.1
2024-05-01,2601,Iron Ores & Concentrates,36541.13,29158.399999999998,38041.2,30780.7
2024-06-01,2601,Iron Ores & Concentrates,37389.63,29728.05,41901.4,30683.4
2024-07-01,2601,Iron Ores & Concentrates,11276.86,10082.58,12409.9,11750.7
2024-08-01,2601,Iron Ores & Concentrates,12688.59,9722.88,13456.7,10250.4
2024-09-01,2601,Iron Ores & Concentrates,28027.39,24328.239999999998,30140.0,26541.6
2024-10-01,2601,Iron Ores & Concentrates,7750.99,5975.12,8765.0,6728.3
2024-11-01,2601,Iron Ores & Concentrates,18414.33,16455.39,20847.7,18211.3
2024-12-01,2601,Iron Ores & Concentrates,24910.82,20125.72,27886.5,22913.8
2025-01-01,2601,Iron Ores & Concentrates,8033.95,7148.3,9060.7,7971.3
2025-02-01,2601,Iron Ores & Concentrates,15399.05,12770.78,16615.3,13709.6
2025-03-01,2601,Iron Ores & Concentrates,12567.45,10261.89,13687.4,11560.8
2025-04-01,2601,Iron Ores & Concentrates,26806.21,26697.010000000002,26422.8,29909.5
2025-05-01,2601,Iron Ores & Concentrates,22409.21,16379.69,24287.4,17149.8
2025-06-01,2601,Iron Ores & Concentrates,36413.76,30870.93,40652.9,35230.2
2025-07-01,2601,Iron Ores & Concentrates,15534.53,13109.13,17944.7,14816.1
2025-08-01,2601,Iron Ores & Concentrates,37517.24,34803.83,43761.6,35311.9
2025-09-01,2601,Iron Ores & Concentrates,14574.73,11105.93,15203.4,12405.3
2025-10-01,2601,Iron Ores & Concentrates,33559.42,30764.760000000002,37080.6,35570.7
2025-11-01,2601,Iron Ores & Concentrates,3392.8,2999.5499999999997,3735.0,3290.0
2025-12-01,2601,Iron Ores & Concentrates,3697.58,3061.08,3945.2,3219.1
2026-01-01,2601,Iron Ores & Concentrates,39011.77,32946.76,42434.6,35668.6
2026-02-01,2601,Iron Ores & Concentrates,18907.24,15736.0,21353.4,17134.1
2026-03-01,2601,Iron Ores & Concentrates,24683.42,20658.87,25788.6,22731.5
2026-04-01,2601,Iron Ores & Concentrates,22564.739999999998,21078.77,24814.7,24735.9
2026-05-01,2601,Iron Ores & Concentrates,7883.4,6181.2300000000005,8449.8,6859.1
2026-06-01,2601,Iron Ores & Concentrates,12347.119999999999,10317.84,13300.1,11721.5
2026-07-01,2601,Iron Ores & Concentrates,18776.13,16032.41,19857.6,17333.6
2026-08-01,2601,Iron Ores & Concentrates,14744.83,11250.05,16199.3,12071.8
2021-09-01,2615,"Niobium, Tantalum, Vanadium Ores",3778.25,3426.96,4065.1,4124.7
2021-10-01,2615,"Niobium, Tantalum, Vanadium Ores",7407.4400000000005,4790.79,8614.5,4730.4
2021-11-01,2615,"Niobium, Tantalum, Vanadium Ores",1662.3,1379.1299999999999,1981.9,1548.1
2021-12-01,2615,"Niobium, Tantalum, Vanadium Ores",17008.260000000002,12789.42,19632.8,13945.7
2022-01-01,2615,"Niobium, Tantalum, Vanadium Ores",16086.46,16236.86,15395.1,17431.7
2022-02-01,2615,"Niobium, Tantalum, Vanadium Ores",17961.079999999998,18140.55,19879.5,21101.1
2022-03-01,2615,"Niobium, Tantalum, Vanadium Ores",19745.329999999998,20008.47,21212.5,23803.9
2022-04-01,2615,"Niobium, Tantalum, Vanadium Ores",21073.41,20757.32,20230.7,23850.5
2022-05-01,2615,"Niobium, Tantalum, Vanadium Ores",23011.13,21061.609999999997,21410.9,19833.1
2022-06-01,2615,"Niobium, Tantalum, Vanadium Ores",4582.71,3105.57,4345.9,3402.0
2022-07-01,2615,"Niobium, Tantalum, Vanadium Ores",9970.24,9445.57,9935.4,10641.9
2022-08-01,2615,"Niobium, Tantalum, Vanadium Ores",5311.88,5383.31,5176.8,5061.6
2022-09-01,2615,"Niobium, Tantalum, Vanadium Ores",6944.360000000001,6901.259999999999,8178.9,6587.0
2022-10-01,2615,"Niobium, Tantalum, Vanadium Ores",8452.64,5789.62,9163.5,6664.299999999999
2022-11-01,2615,"Niobium, Tantalum, Vanadium Ores",2247.91,1375.94,2573.1000000000004,1498.9
2022-12-01,2615,"Niobium, Tantalum, Vanadium Ores",2071.7200000000003,1685.86,2233.1,1759.3
2023-01-01,2615,"Niobium, Tantalum, Vanadium Ores",7776.87,7896.81,8135.5,8067.1
2023-02-01,2615,"Niobium, Tantalum, Vanadium Ores",17582.27,17290.91,18785.3,19128.2
2023-03-01,2615,"Niobium, Tantalum, Vanadium Ores",10753.25,8388.59,11358.2,9845.4
2023-04-01,2615,"Niobium, Tantalum, Vanadium Ores",12359.09,9706.78,11714.699999999999,10521.4
2023-05-01,2615,"Niobium, Tantalum, Vanadium Ores",19178.49,15630.380000000001,22769.100000000002,19171.3
2023-06-01,2615,"Niobium, Tantalum, Vanadium Ores",21914.27,18334.97,23650.9,18557.3
2023-07-01,2615,"Niobium, Tantalum, Vanadium Ores",6751.7,6028.8,7858.7,5517.599999999999
2023-08-01,2615,"Niobium, Tantalum, Vanadium Ores",10671.92,8806.109999999999,11717.3,10134.3
2023-09-01,2615,"Niobium, Tantalum, Vanadium Ores",11322.54,8851.45,11820.1,9723.1
2023-10-01,2615,"Niobium, Tantalum, Vanadium Ores",10115.43,8927.69,10485.1,10786.9
2023-11-01,2615,"Niobium, Tantalum, Vanadium Ores",10482.66,10403.58,11935.8,11913.199999999999
2023-12-01,2615,"Niobium, Tantalum, Vanadium Ores",9276.59,8498.65,9505.1,8975.5
2024-01-01,2615,"Niobium, Tantalum, Vanadium Ores",22488.25,16185.3,22730.7,19138.2
2024-02-01,2615,"Niobium, Tantalum, Vanadium Ores",7747.33,5807.419999999999,7653.6,6676.1
2024-03-01,2615,"Niobium, Tantalum, Vanadium Ores",20913.52,20633.62,20248.2,24519.3
2024-04-01,2615,"Niobium, Tantalum, Vanadium Ores",3930.96,3057.85,3856.2000000000003,3027.9
2024-05-01,2615,"Niobium, Tantalum, Vanadium Ores",10046.36,6800.96,11545.7,6934.3
2024-06-01,2615,"Niobium, Tantalum, Vanadium Ores",11418.9,7482.88,12297.800000000001,8219.0
2024-07-01,2615,"Niobium, Tantalum, Vanadium Ores",5744.99,3951.75,6895.9,4360.1
2024-08-01,2615,"Niobium, Tantalum, Vanadium Ores",17861.64,16102.63,19875.1,17368.600000000002
2024-09-01,2615,"Niobium, Tantalum, Vanadium Ores",5260.88,4952.89,5299.1,4842.8
2024-10-01,2615,"Niobium, Tantalum, Vanadium Ores",16804.95,11731.07,19724.8,12747.6
2024-11-01,2615,"Niobium, Tantalum, Vanadium Ores",10573.189999999999,8195.56,10727.5,9273.8
2024-12-01,2615,"Niobium, Tantalum, Vanadium Ores",4989.240000000001,3662.25,4571.0,4122.4
2025-01-01,2615,"Niobium, Tantalum, Vanadium Ores",16536.34,14631.57,16354.5,15546.0
2025-02-01,2615,"Niobium, Tantalum, Vanadium Ores",10603.76,9640.41,12927.4,10264.0
2025-03-01,2615,"Niobium, Tantalum, Vanadium Ores",15559.539999999999,14769.29,15211.8,18249.600000000002
2025-04-01,2615,"Niobium, Tantalum, Vanadium Ores",18888.260000000002,11590.55,23768.4,12135.0
2025-05-01,2615,"Niobium, Tantalum, Vanadium Ores",24206.85,18059.52,31482.5,19213.4
2025-06-01,2615,"Niobium, Tantalum, Vanadium Ores",22727.5,20013.29,23907.3,23273.7
2025-07-01,2615,"Niobium, Tantalum, Vanadium Ores",8195.63,4232.16,8435.2,4405.9
2025-08-01,2615,"Niobium, Tantalum, Vanadium Ores",6963.36,6945.41,7682.5,7391.5
2025-09-01,2615,"Niobium, Tantalum, Vanadium Ores",12952.220000000001,11675.039999999999,13371.5,11003.699999999999
2025-10-01,2615,"Niobium, Tantalum, Vanadium Ores",16591.16,17566.690000000002,19384.6,18522.600000000002
2025-11-01,2615,"Niobium, Tantalum, Vanadium Ores",9826.23,7159.400000000001,10358.1,9030.3
2025-12-01,2615,"Niobium, Tantalum, Vanadium Ores",15726.130000000001,9798.25,16124.300000000001,11014.8
2026-01-01,2615,"Niobium, Tantalum, Vanadium Ores",16722.48,13500.550000000001,18480.3,16421.3
2026-02-01,2615,"Niobium, Tantalum, Vanadium Ores",15997.72,13266.46,20046.6,15539.2
2026-03-01,2615,"Niobium, Tantalum, Vanadium Ores",5613.68,4606.76,5646.6,5682.1
2026-04-01,2615,"Niobium, Tantalum, Vanadium Ores",17884.96,11967.69,22317.4,13084.7
2026-05-01,2615,"Niobium, Tantalum, Vanadium Ores",12867.02,9602.230000000001,15421.5,9768.6
2026-06-01,2615,"Niobium, Tantalum, Vanadium Ores",13739.48,10646.279999999999,14310.2,10472.0
2026-07-01,2615,"Niobium, Tantalum, Vanadium Ores",6631.41,5699.75,7831.0,6399.0
2026-08-01,2615,"Niobium, Tantalum, Vanadium Ores",17263.15,18004.94,18261.0,20251.7
2021-09-01,2709,Crude Petroleum Oils,18805.03,15152.45,21358.7,15616.9
2021-10-01,2709,Crude Petroleum Oils,16273.1,14175.88,19005.3,15046.6
2021-11-01,2709,Crude Petroleum Oils,27927.469999999998,25044.73,28894.6,28209.2
2021-12-01,2709,Crude Petroleum Oils,6381.25,5549.1,7283.2,5912.6
2022-01-01,2709,Crude Petroleum Oils,17554.93,14315.29,17724.6,15858.4
2022-02-01,2709,Crude Petroleum Oils,7491.87,6811.41,7802.3,8116.8
2022-03-01,2709,Crude Petroleum Oils,29637.440000000002,23335.57,32413.3,27131.9
2022-04-01,2709,Crude Petroleum Oils,40049.14,34552.38,44023.2,39860.9
2022-05-01,2709,Crude Petroleum Oils,34461.11,29810.62,40427.7,31659.4
2022-06-01,2709,Crude Petroleum Oils,19553.04,15707.95,22473.8,17047.1
2022-07-01,2709,Crude Petroleum Oils,25267.15,20052.49,27594.2,23430.3
2022-08-01,2709,Crude Petroleum Oils,10871.43,9905.69,12291.7,11022.6
2022-09-01,2709,Crude Petroleum Oils,11623.1,9937.98,12922.7,11558.9
2022-10-01,2709,Crude Petroleum Oils,16856.79,14279.7,18942.0,15111.199999999999
2022-11-01,2709,Crude Petroleum Oils,14619.039999999999,13009.69,15871.4,14177.1
2022-12-01,2709,Crude Petroleum Oils,20646.29,18075.94,23433.6,18710.0
2023-01-01,2709,Crude Petroleum Oils,40486.07,34368.47,43103.3,39099.7
2023-02-01,2709,Crude Petroleum Oils,10479.29,8434.76,11064.0,9427.1
2023-03-01,2709,Crude Petroleum Oils,31392.780000000002,25232.06,34510.2,29498.3
2023-04-01,2709,Crude Petroleum Oils,5257.65,4961.85,5725.5,5627.4
2023-05-01,2709,Crude Petroleum Oils,40864.97,32626.8,49421.2,33578.0
2023-06-01,2709,Crude Petroleum Oils,35063.45,30498.510000000002,38928.2,33607.7
2023-07-01,2709,Crude Petroleum Oils,39910.4,31534.98,43708.0,35317.8
2023-08-01,2709,Crude Petroleum Oils,22643.31,18895.25,27188.0,21630.3
2023-09-01,2709,Crude Petroleum Oils,12140.64,10127.11,14486.4,11500.1
2023-10-01,2709,Crude Petroleum Oils,36656.47,31687.01,41655.3,34162.8
2023-11-01,2709,Crude Petroleum Oils,36211.88,28255.73,38537.0,31130.2
2023-12-01,2709,Crude Petroleum Oils,18330.4,14927.27,20576.4,14670.0
2024-01-01,2709,Crude Petroleum Oils,39754.96,33881.45,43899.9,35284.2
2024-02-01,2709,Crude Petroleum Oils,28890.75,26163.46,31095.699999999997,29296.0
2024-03-01,2709,Crude Petroleum Oils,14415.26,10415.87,16099.7,11305.6
2024-04-01,2709,Crude Petroleum Oils,9972.09,7457.34,11471.7,8279.5
2024-05-01,2709,Crude Petroleum Oils,42437.58,33010.75,46689.6,35131.5
2024-06-01,2709,Crude Petroleum Oils,41152.7,33621.29,43247.3,34244.9
2024-07-01,2709,Crude Petroleum Oils,8509.56,7580.22,8811.1,8692.7
2024-08-01,2709,Crude Petroleum Oils,18466.1,12837.91,21101.4,13107.7
2024-09-01,2709,Crude Petroleum Oils,14320.83,12828.369999999999,15368.7,13995.5
2024-10-01,2709,Crude Petroleum Oils,16468.91,13575.14,18526.1,14351.1
2024-11-01,2709,Crude Petroleum Oils,10009.25,8987.36,10656.8,9635.4
2024-12-01,2709,Crude Petroleum Oils,17453.98,15086.53,19188.6,17223.9
2025-01-01,2709,Crude Petroleum Oils,8692.06,6604.46,9450.3,7376.8
2025-02-01,2709,Crude Petroleum Oils,46609.77,39681.55,53003.8,46191.4
2025-03-01,2709,Crude Petroleum Oils,25837.11,24546.58,28381.7,26103.7
2025-04-01,2709,Crude Petroleum Oils,30204.66,26207.420000000002,31397.7,28866.9
2025-05-01,2709,Crude Petroleum Oils,8640.86,7178.7,9553.0,8350.6
2025-06-01,2709,Crude Petroleum Oils,28738.21,25624.6,30805.6,27957.8
2025-07-01,2709,Crude Petroleum Oils,14975.65,12474.09,17044.3,13724.1
2025-08-01,2709,Crude Petroleum Oils,14769.25,12673.18,15956.199999999999,14034.9
2025-09-01,2709,Crude Petroleum Oils,12330.69,9242.7,13352.0,10191.4
2025-10-01,2709,Crude Petroleum Oils,37931.520000000004,31111.079999999998,41966.0,35360.5
2025-11-01,2709,Crude Petroleum Oils,33579.68,26726.48,36418.1,29273.7
2025-12-01,2709,Crude Petroleum Oils,43487.07,36181.340000000004,48377.5,37519.1
2026-01-01,2709,Crude Petroleum Oils,18597.73,17321.06,19930.9,18679.5
2026-02-01,2709,Crude Petroleum Oils,37707.67,33279.92,41772.6,34337.1
2026-03-01,2709,Crude Petroleum Oils,27882.33,24769.88,31755.1,28759.8
2026-04-01,2709,Crude Petroleum Oils,15447.48,13470.6,16700.3,14629.6
2026-05-01,2709,Crude Petroleum Oils,4546.01,4044.68,5162.9,4502.1
2026-06-01,2709,Crude Petroleum Oils,10298.94,7602.95,10959.4,8163.4
2026-07-01,2709,Crude Petroleum Oils,22113.46,20350.26,24690.8,22058.9
2026-08-01,2709,Crude Petroleum Oils,30924.8,27364.81,34821.2,30509.5
2021-09-01,2711,Petroleum Gases,12541.77,10371.6,13641.3,10621.0
2021-10-01,2711,Petroleum Gases,22836.86,19641.58,24962.9,22027.1
2021-11-01,2711,Petroleum Gases,28936.010000000002,26091.5,32263.8,28626.8
2021-12-01,2711,Petroleum Gases,24160.86,17179.56,25689.0,19166.1
2022-01-01,2711,Petroleum Gases,11255.95,8898.7,12092.0,9174.2
2022-02-01,2711,Petroleum Gases,14294.04,13446.41,16919.1,15375.7
2022-03-01,2711,Petroleum Gases,10690.19,8928.94,11717.5,9549.9
2022-04-01,2711,Petroleum Gases,33540.9,25910.440000000002,37967.9,30601.0
2022-05-01,2711,Petroleum Gases,15257.82,14288.07,17782.9,14785.0
2022-06-01,2711,Petroleum Gases,6659.54,5475.42,7246.9,5626.6
2022-07-01,2711,Petroleum Gases,35495.06,30444.59,40038.0,31517.4
2022-08-01,2711,Petroleum Gases,2723.01,2342.36,2930.5,2643.1
2022-09-01,2711,Petroleum Gases,21798.91,18685.15,23189.5,22103.9
2022-10-01,2711,Petroleum Gases,24736.18,22157.39,27284.7,24687.4
2022-11-01,2711,Petroleum Gases,16530.58,14218.01,18223.1,14737.5
2022-12-01,2711,Petroleum Gases,36438.24,29161.62,40468.5,28963.3
2023-01-01,2711,Petroleum Gases,11942.06,9339.49,13238.0,10840.4
2023-02-01,2711,Petroleum Gases,34200.340000000004,28458.69,38022.2,29667.1
2023-03-01,2711,Petroleum Gases,4557.79,3447.39,4881.4,3611.2
2023-04-01,2711,Petroleum Gases,6031.57,4852.85,6770.8,5079.0
2023-05-01,2711,Petroleum Gases,23085.24,21600.07,25496.4,22261.3
2023-06-01,2711,Petroleum Gases,17188.26,13120.24,18664.2,15112.9
2023-07-01,2711,Petroleum Gases,28253.6,25735.35,29027.9,28328.3
2023-08-01,2711,Petroleum Gases,8679.34,6452.32,9809.9,7220.6
2023-09-01,2711,Petroleum Gases,3095.23,2639.78,3422.6,3021.8
2023-10-01,2711,Petroleum Gases,28263.8,24494.93,29785.5,28897.9
2023-11-01,2711,Petroleum Gases,25066.04,23897.54,28098.1,27094.600000000002
2023-12-01,2711,Petroleum Gases,38960.76,34806.07,42366.8,37694.6
2024-01-01,2711,Petroleum Gases,19661.56,15341.64,21865.5,16631.8
2024-02-01,2711,Petroleum Gases,5728.63,4697.91,6711.2,5030.0
2024-03-01,2711,Petroleum Gases,31249.19,29596.68,34971.4,34174.5
2024-04-01,2711,Petroleum Gases,26231.89,21636.52,25865.7,25342.800000000003
2024-05-01,2711,Petroleum Gases,22002.58,20736.420000000002,24363.4,21346.4
2024-06-01,2711,Petroleum Gases,40758.88,33506.29,44369.9,36756.6
2024-07-01,2711,Petroleum Gases,21238.45,18577.19,23745.5,22101.2
2024-08-01,2711,Petroleum Gases,41466.0,30330.84,47476.1,34363.9
2024-09-01,2711,Petroleum Gases,20561.84,17705.61,22592.5,20062.7
2024-10-01,2711,Petroleum Gases,8253.51,6309.97,8922.9,7233.0
2024-11-01,2711,Petroleum Gases,41289.729999999996,29191.9,47321.2,31637.0
2024-12-01,2711,Petroleum Gases,27407.0,22707.36,29893.3,23634.7
2025-01-01,2711,Petroleum Gases,45755.87,36867.49,51434.6,39457.4
2025-02-01,2711,Petroleum Gases,9239.83,8254.77,10746.1,8898.9
2025-03-01,2711,Petroleum Gases,11804.97,9002.73,13939.4,9546.2
2025-04-01,2711,Petroleum Gases,33278.66,27632.5,35032.5,30698.7
2025-05-01,2711,Petroleum Gases,42256.67,37726.21,45484.5,37759.0
2025-06-01,2711,Petroleum Gases,8838.710000000001,7223.03,9992.3,8130.5
2025-07-01,2711,Petroleum Gases,22599.2,21325.42,23743.4,24307.9
2025-08-01,2711,Petroleum Gases,18971.35,16811.08,21705.7,18704.3
2025-09-01,2711,Petroleum Gases,33273.89,27937.98,35800.3,31142.6
2025-10-01,2711,Petroleum Gases,31974.53,28773.14,35489.2,30433.2
2025-11-01,2711,Petroleum Gases,39452.17,35371.33,43418.2,39213.2
2025-12-01,2711,Petroleum Gases,12810.65,10995.98,13821.2,10922.5
2026-01-01,2711,Petroleum Gases,10333.23,7740.07,11900.4,8191.299999999999
2026-02-01,2711,Petroleum Gases,30783.79,27413.8,33083.0,29371.8
2026-03-01,2711,Petroleum Gases,18418.54,15456.11,19181.1,17914.1
2026-04-01,2711,Petroleum Gases,31920.079999999998,27291.63,35164.7,30934.0
2026-05-01,2711,Petroleum Gases,33608.55,30410.42,36654.5,34786.7
2026-06-01,2711,Petroleum Gases,58872.93,59405.28,67395.0,61974.5
2026-07-01,2711,Petroleum Gases,9973.9,8189.72,10415.2,8759.3
2026-08-01,2711,Petroleum Gases,44198.81,36389.45,47323.3,41615.6
2021-09-01,2804,"Hydrogen, Rare Gases, Silicon",3357.04,3311.9,3080.9,3187.2000000000003
2021-10-01,2804,"Hydrogen, Rare Gases, Silicon",3139.06,2329.8100000000004,3563.8,2521.5
2021-11-01,2804,"Hydrogen, Rare Gases, Silicon",3912.45,2946.25,4039.7,3344.8
2021-12-01,2804,"Hydrogen, Rare Gases, Silicon",10169.4,8795.77,11019.1,10326.7
2022-01-01,2804,"Hydrogen, Rare Gases, Silicon",20712.64,15179.08,24812.1,15779.699999999999
2022-02-01,2804,"Hydrogen, Rare Gases, Silicon",21823.82,18047.43,20879.6,21517.8
2022-03-01,2804,"Hydrogen, Rare Gases, Silicon",11774.75,10328.33,11911.4,12547.8
2022-04-01,2804,"Hydrogen, Rare Gases, Silicon",23520.370000000003,21842.54,27370.8,23884.5
2022-05-01,2804,"Hydrogen, Rare Gases, Silicon",21590.18,15604.45,21147.6,17078.2
2022-06-01,2804,"Hydrogen, Rare Gases, Silicon",3702.26,2749.1800000000003,4003.9,2809.8
2022-07-01,2804,"Hydrogen, Rare Gases, Silicon",15827.650000000001,14297.41,15666.5,16546.6
2022-08-01,2804,"Hydrogen, Rare Gases, Silicon",20505.82,20006.91,20024.0,22492.1
2022-09-01,2804,"Hydrogen, Rare Gases, Silicon",9220.6,7178.71,9188.3,8006.900000000001
2022-10-01,2804,"Hydrogen, Rare Gases, Silicon",7197.78,6509.46,8523.8,7010.6
2022-11-01,2804,"Hydrogen, Rare Gases, Silicon",9106.33,7513.77,9937.300000000001,7716.0
2022-12-01,2804,"Hydrogen, Rare Gases, Silicon",14544.41,11338.14,16636.9,13310.5
2023-01-01,2804,"Hydrogen, Rare Gases, Silicon",17724.56,15136.36,18323.9,18005.2
2023-02-01,2804,"Hydrogen, Rare Gases, Silicon",15024.2,15972.960000000001,16692.8,15783.6
2023-03-01,2804,"Hydrogen, Rare Gases, Silicon",2637.72,2024.38,2922.2,2381.9
2023-04-01,2804,"Hydrogen, Rare Gases, Silicon",9121.51,8078.61,10913.2,9721.0
2023-05-01,2804,"Hydrogen, Rare Gases, Silicon",10784.72,12522.84,12993.4,13821.3
2023-06-01,2804,"Hydrogen, Rare Gases, Silicon",5485.44,6119.23,5945.2,7264.3
2023-07-01,2804,"Hydrogen, Rare Gases, Silicon",18663.7,14599.28,19927.7,18049.2
2023-08-01,2804,"Hydrogen, Rare Gases, Silicon",18908.079999999998,17650.39,20476.9,19315.9
2023-09-01,2804,"Hydrogen, Rare Gases, Silicon",17151.39,11918.91,19450.3,12423.6
2023-10-01,2804,"Hydrogen, Rare Gases, Silicon",20575.06,18025.56,22776.7,18961.600000000002
2023-11-01,2804,"Hydrogen, Rare Gases, Silicon",24315.12,21482.7,26085.6,24575.8
2023-12-01,2804,"Hydrogen, Rare Gases, Silicon",6926.62,5087.5599999999995,7285.3,5386.7
2024-01-01,2804,"Hydrogen, Rare Gases, Silicon",18144.01,14459.26,20944.9,15388.900000000001
2024-02-01,2804,"Hydrogen, Rare Gases, Silicon",2640.43,1366.05,2998.5,1334.5
2024-03-01,2804,"Hydrogen, Rare Gases, Silicon",6882.35,4934.18,8093.099999999999,6134.9
2024-04-01,2804,"Hydrogen, Rare Gases, Silicon",22224.11,18770.31,24369.3,23136.8
2024-05-01,2804,"Hydrogen, Rare Gases, Silicon",14325.62,14695.87,14454.8,14121.4
2024-06-01,2804,"Hydrogen, Rare Gases, Silicon",22318.87,23024.42,25950.2,27266.2
2024-07-01,2804,"Hydrogen, Rare Gases, Silicon",16320.7,15460.8,18965.3,18184.699999999997
2024-08-01,2804,"Hydrogen, Rare Gases, Silicon",18380.55,15617.48,20865.1,17389.6
2024-09-01,2804,"Hydrogen, Rare Gases, Silicon",21334.219999999998,21558.21,27835.2,21733.6
2024-10-01,2804,"Hydrogen, Rare Gases, Silicon",26195.93,24704.17,28535.399999999998,27201.7
2024-11-01,2804,"Hydrogen, Rare Gases, Silicon",24019.78,22387.809999999998,23753.2,24246.6
2024-12-01,2804,"Hydrogen, Rare Gases, Silicon",25618.47,21706.469999999998,30651.800000000003,23192.6
2025-01-01,2804,"Hydrogen, Rare Gases, Silicon",2427.39,1337.08,2754.1,1311.5
2025-02-01,2804,"Hydrogen, Rare Gases, Silicon",5040.09,4997.66,5705.8,5887.900000000001
2025-03-01,2804,"Hydrogen, Rare Gases, Silicon",12897.37,10111.52,12813.4,10475.7
2025-04-01,2804,"Hydrogen, Rare Gases, Silicon",25319.51,21534.0,27858.5,26396.1
2025-05-01,2804,"Hydrogen, Rare Gases, Silicon",10086.32,10754.91,11012.1,12151.699999999999
2025-06-01,2804,"Hydrogen, Rare Gases, Silicon",19795.22,13577.94,21176.2,16183.199999999999
2025-07-01,2804,"Hydrogen, Rare Gases, Silicon",10694.26,11171.619999999999,12813.3,12095.0
2025-08-01,2804,"Hydrogen, Rare Gases, Silicon",13689.42,13772.21,17435.5,15667.7
2025-09-01,2804,"Hydrogen, Rare Gases, Silicon",25390.48,21602.71,31176.1,25619.9
2025-10-01,2804,"Hydrogen, Rare Gases, Silicon",2639.94,2227.75,3024.9,2406.2
2025-11-01,2804,"Hydrogen, Rare Gases, Silicon",16566.91,11548.53,20240.7,14118.3
2025-12-01,2804,"Hydrogen, Rare Gases, Silicon",9445.7,9049.33,11650.8,11588.300000000001
2026-01-01,2804,"Hydrogen, Rare Gases, Silicon",13056.27,10291.95,14897.199999999999,11002.0
2026-02-01,2804,"Hydrogen, Rare Gases, Silicon",24688.36,21820.649999999998,25687.6,24099.5
2026-03-01,2804,"Hydrogen, Rare Gases, Silicon",18092.39,16057.84,19353.7,17482.2
2026-04-01,2804,"Hydrogen, Rare Gases, Silicon",18365.28,11467.39,19421.5,11265.7
2026-05-01,2804,"Hydrogen, Rare Gases, Silicon",18081.64,16571.21,19202.1,17686.9
2026-06-01,2804,"Hydrogen, Rare Gases, Silicon",19307.7,16940.37,20865.0,18797.2
2026-07-01,2804,"Hydrogen, Rare Gases, Silicon",10414.880000000001,11479.76,10065.2,13921.4
2026-08-01,2804,"Hydrogen, Rare Gases, Silicon",15795.21,13365.51,18169.5,16595.1
2021-09-01,2844,Radioactive Chemical Elements,17118.12,13549.62,16924.2,13736.0
2021-10-01,2844,Radioactive Chemical Elements,10416.76,9677.449999999999,10662.4,11057.6
2021-11-01,2844,Radioactive Chemical Elements,12223.32,11800.6,13606.6,12072.300000000001
2021-12-01,2844,Radioactive Chemical Elements,2790.52,2627.52,2974.3,2777.6
2022-01-01,2844,Radioactive Chemical Elements,13140.34,13172.64,15811.699999999999,14562.400000000001
2022-02-01,2844,Radioactive Chemical Elements,3365.09,2714.09,3032.9,2776.9
2022-03-01,2844,Radioactive Chemical Elements,13630.300000000001,9741.88,16394.7,9328.4
2022-04-01,2844,Radioactive Chemical Elements,20894.11,18233.24,21159.9,22407.600000000002
2022-05-01,2844,Radioactive Chemical Elements,3562.03,3359.29,4087.4,3692.7000000000003
2022-06-01,2844,Radioactive Chemical Elements,13049.48,11344.33,16653.4,12722.9
2022-07-01,2844,Radioactive Chemical Elements,5030.22,3440.8199999999997,4773.1,4274.3
2022-08-01,2844,Radioactive Chemical Elements,22698.87,19311.78,25921.1,22813.6
2022-09-01,2844,Radioactive Chemical Elements,15303.75,12280.77,16608.3,14869.4
2022-10-01,2844,Radioactive Chemical Elements,3002.42,2398.44,3275.5,2695.3
2022-11-01,2844,Radioactive Chemical Elements,9462.14,7350.34,10121.3,9546.6
2022-12-01,2844,Radioactive Chemical Elements,20535.37,13618.759999999998,22808.5,16632.2
2023-01-01,2844,Radioactive Chemical Elements,2216.18,2171.29,2547.0,2233.7999999999997
2023-02-01,2844,Radioactive Chemical Elements,16194.09,12474.5,20928.600000000002,14128.5
2023-03-01,2844,Radioactive Chemical Elements,2641.42,2351.55,2765.2,2697.1
2023-04-01,2844,Radioactive Chemical Elements,17760.329999999998,17443.510000000002,19944.7,20633.8
2023-05-01,2844,Radioactive Chemical Elements,14923.1,10597.19,15749.5,13284.2
2023-06-01,2844,Radioactive Chemical Elements,18581.21,17819.35,20501.2,20072.3
2023-07-01,2844,Radioactive Chemical Elements,20288.59,19049.87,23875.8,21324.9
2023-08-01,2844,Radioactive Chemical Elements,6779.1900000000005,6057.2699999999995,7568.6,6791.4
2023-09-01,2844,Radioactive Chemical Elements,10919.349999999999,12374.970000000001,11426.2,13431.2
2023-10-01,2844,Radioactive Chemical Elements,7169.12,6598.849999999999,7168.0,5783.5
2023-11-01,2844,Radioactive Chemical Elements,6150.37,5991.81,6645.6,6437.6
2023-12-01,2844,Radioactive Chemical Elements,11968.34,12304.3,13408.8,13179.1
2024-01-01,2844,Radioactive Chemical Elements,26116.84,24266.920000000002,28885.300000000003,26207.4
2024-02-01,2844,Radioactive Chemical Elements,5609.28,4032.2400000000002,6279.0,3931.9
2024-03-01,2844,Radioactive Chemical Elements,14661.59,12150.27,15547.7,15442.8
2024-04-01,2844,Radioactive Chemical Elements,22657.55,20635.58,23188.5,25718.6
2024-05-01,2844,Radioactive Chemical Elements,4475.85,3255.39,4455.8,4000.5000000000005
2024-06-01,2844,Radioactive Chemical Elements,16522.9,13124.31,18505.1,13519.1
2024-07-01,2844,Radioactive Chemical Elements,20415.13,13600.58,19962.1,13641.3
2024-08-01,2844,Radioactive Chemical Elements,7299.92,6216.1900000000005,8788.5,7490.099999999999
2024-09-01,2844,Radioactive Chemical Elements,17407.86,16325.529999999999,20930.7,18183.0
2024-10-01,2844,Radioactive Chemical Elements,13603.810000000001,9926.19,14624.5,11174.300000000001
2024-11-01,2844,Radioactive Chemical Elements,21038.44,15093.53,25619.3,17112.9
2024-12-01,2844,Radioactive Chemical Elements,9247.97,10773.199999999999,10515.4,11865.8
2025-01-01,2844,Radioactive Chemical Elements,15316.78,13215.13,15010.8,11680.3
2025-02-01,2844,Radioactive Chemical Elements,2781.33,3175.65,3034.6,3009.6
2025-03-01,2844,Radioactive Chemical Elements,27067.23,26298.18,28475.9,26582.2
2025-04-01,2844,Radioactive Chemical Elements,12615.98,11531.85,14597.3,14263.0
2025-05-01,2844,Radioactive Chemical Elements,22537.04,24953.649999999998,24758.6,25143.5
2025-06-01,2844,Radioactive Chemical Elements,10014.79,9287.37,10789.6,9888.5
2025-07-01,2844,Radioactive Chemical Elements,14925.81,12832.76,18013.899999999998,14633.0
2025-08-01,2844,Radioactive Chemical Elements,4430.2,3003.7999999999997,4325.9,3484.6
2025-09-01,2844,Radioactive Chemical Elements,15976.4,12373.43,18245.3,12038.800000000001
2025-10-01,2844,Radioactive Chemical Elements,23978.44,23514.16,24114.600000000002,27037.3
2025-11-01,2844,Radioactive Chemical Elements,15133.179999999998,13335.460000000001,16575.5,15645.9
2025-12-01,2844,Radioactive Chemical Elements,28243.82,22724.56,34161.7,27327.8
2026-01-01,2844,Radioactive Chemical Elements,8187.64,6542.64,9371.9,8010.2
2026-02-01,2844,Radioactive Chemical Elements,18137.38,11585.56,19523.7,13766.5
2026-03-01,2844,Radioactive Chemical Elements,8534.869999999999,7562.27,9688.1,8033.700000000001
2026-04-01,2844,Radioactive Chemical Elements,7213.87,5538.14,7851.099999999999,6778.9
2026-05-01,2844,Radioactive Chemical Elements,15571.25,11419.6,15947.1,13240.5
2026-06-01,2844,Radioactive Chemical Elements,19039.309999999998,11006.02,18884.5,12520.8
2026-07-01,2844,Radioactive Chemical Elements,19400.66,19405.489999999998,23772.9,20255.2
2026-08-01,2844,Radioactive Chemical Elements,5751.09,4705.639999999999,6269.8,4995.1
2021-09-01,2902,Cyclic Hydrocarbons,21975.27,17460.44,25486.3,19488.9
2021-10-01,2902,Cyclic Hydrocarbons,33236.01,26512.1,36569.7,27675.9
2021-11-01,2902,Cyclic Hydrocarbons,7507.68,6056.14,8214.9,6934.2
2021-12-01,2902,Cyclic Hydrocarbons,31854.48,32410.28,35351.4,38664.8
2022-01-01,2902,Cyclic Hydrocarbons,25566.31,19765.52,28438.1,21208.2
2022-02-01,2902,Cyclic Hydrocarbons,40683.6,31535.36,46901.9,39015.5
2022-03-01,2902,Cyclic Hydrocarbons,10769.57,8787.92,11639.8,9994.4
2022-04-01,2902,Cyclic Hydrocarbons,9345.92,8144.58,10306.1,9709.2
2022-05-01,2902,Cyclic Hydrocarbons,30390.24,26769.7,33353.2,29164.7
2022-06-01,2902,Cyclic Hydrocarbons,21931.21,18099.59,23125.7,20234.0
2022-07-01,2902,Cyclic Hydrocarbons,16684.23,15040.48,18244.2,16411.8
2022-08-01,2902,Cyclic Hydrocarbons,19275.44,17982.33,21496.9,18588.6
2022-09-01,2902,Cyclic Hydrocarbons,9995.12,9180.86,10630.6,9599.8
2022-10-01,2902,Cyclic Hydrocarbons,31766.29,24671.68,34535.1,26977.8
2022-11-01,2902,Cyclic Hydrocarbons,4010.9,3186.94,4298.6,3512.2
2022-12-01,2902,Cyclic Hydrocarbons,3052.03,2473.2,3333.4,2905.4
2023-01-01,2902,Cyclic Hydrocarbons,9879.86,8632.93,10738.7,9141.4
2023-02-01,2902,Cyclic Hydrocarbons,25909.58,21720.66,26939.9,24527.0
2023-03-01,2902,Cyclic Hydrocarbons,17498.64,15609.15,20242.6,17531.7
2023-04-01,2902,Cyclic Hydrocarbons,14668.77,11057.37,15800.8,12752.1
2023-05-01,2902,Cyclic Hydrocarbons,36833.63,32739.23,40096.6,38106.5
2023-06-01,2902,Cyclic Hydrocarbons,15283.12,13960.56,16751.1,14516.6
2023-07-01,2902,Cyclic Hydrocarbons,22480.68,16322.1,23809.4,17316.1
2023-08-01,2902,Cyclic Hydrocarbons,8905.380000000001,6532.0599999999995,9793.9,7013.3
2023-09-01,2902,Cyclic Hydrocarbons,23598.27,21992.15,26605.3,22931.6
2023-10-01,2902,Cyclic Hydrocarbons,32784.3,26260.02,35545.2,29775.8
2023-11-01,2902,Cyclic Hydrocarbons,6849.9,6205.88,7678.6,6599.0
2023-12-01,2902,Cyclic Hydrocarbons,23339.45,22927.83,25097.0,27110.2
2024-01-01,2902,Cyclic Hydrocarbons,4553.09,3626.38,5291.0,3908.8
2024-02-01,2902,Cyclic Hydrocarbons,42205.14,33471.19,48194.4,34779.0
2024-03-01,2902,Cyclic Hydrocarbons,24319.09,20260.51,26202.8,20895.0
2024-04-01,2902,Cyclic Hydrocarbons,4310.82,3467.24,4746.2,3900.6
2024-05-01,2902,Cyclic Hydrocarbons,6956.04,6970.35,7342.4,8079.3
2024-06-01,2902,Cyclic Hydrocarbons,19580.35,16784.78,19881.8,17825.2
2024-07-01,2902,Cyclic Hydrocarbons,11983.87,9785.92,12901.7,10749.0
2024-08-01,2902,Cyclic Hydrocarbons,30315.22,25055.48,33069.5,27210.7
2024-09-01,2902,Cyclic Hydrocarbons,10348.03,8675.56,11301.0,9262.2
2024-10-01,2902,Cyclic Hydrocarbons,39456.35,36347.84,41001.8,40700.8
2024-11-01,2902,Cyclic Hydrocarbons,30309.7,29112.25,34510.7,32423.8
2024-12-01,2902,Cyclic Hydrocarbons,18394.43,17067.64,21432.3,19138.3
2025-01-01,2902,Cyclic Hydrocarbons,28296.510000000002,23873.04,32297.8,26830.600000000002
2025-02-01,2902,Cyclic Hydrocarbons,18584.51,15436.029999999999,19436.9,17118.1
2025-03-01,2902,Cyclic Hydrocarbons,17127.18,17111.26,18850.6,18817.4
2025-04-01,2902,Cyclic Hydrocarbons,28677.93,23819.72,30434.6,27302.3
2025-05-01,2902,Cyclic Hydrocarbons,43331.37,38845.81,45220.9,42232.4
2025-06-01,2902,Cyclic Hydrocarbons,7763.46,7693.05,8463.1,7986.9
2025-07-01,2902,Cyclic Hydrocarbons,27186.43,24311.44,30281.2,25329.5
2025-08-01,2902,Cyclic Hydrocarbons,6733.88,5149.09,7608.8,6002.4
2025-09-01,2902,Cyclic Hydrocarbons,13673.76,12132.82,15420.1,14225.1
2025-10-01,2902,Cyclic Hydrocarbons,23516.04,21187.65,25264.1,22823.9
2025-11-01,2902,Cyclic Hydrocarbons,18307.22,17047.19,21223.1,18351.4
2025-12-01,2902,Cyclic Hydrocarbons,6992.74,6201.07,6970.5,6483.0
2026-01-01,2902,Cyclic Hydrocarbons,38844.63,26238.59,45788.4,27836.3
2026-02-01,2902,Cyclic Hydrocarbons,31305.96,27790.47,33893.5,30204.9
2026-03-01,2902,Cyclic Hydrocarbons,14955.48,11685.08,16859.5,12615.7
2026-04-01,2902,Cyclic Hydrocarbons,32467.54,26236.87,36194.0,28205.0
2026-05-01,2902,Cyclic Hydrocarbons,14680.01,12567.35,16533.0,14089.4
2026-06-01,2902,Cyclic Hydrocarbons,30970.86,26395.05,32689.6,29568.5
2026-07-01,2902,Cyclic Hydrocarbons,35851.8,31543.829999999998,40448.3,34272.2
2026-08-01,2902,Cyclic Hydrocarbons,13740.380000000001,10833.31,13962.9,12817.2
2021-09-01,3004,Medicaments Packaged,6886.0,5236.8,7513.5,5921.0
2021-10-01,3004,Medicaments Packaged,8572.0,7408.24,9357.6,8070.8
2021-11-01,3004,Medicaments Packaged,30014.59,24032.73,33020.4,26020.9
2021-12-01,3004,Medicaments Packaged,7892.82,6834.42,9097.1,7743.5
2022-01-01,3004,Medicaments Packaged,16736.45,15805.779999999999,18139.9,17263.9
2022-02-01,3004,Medicaments Packaged,7958.17,6614.2300000000005,9323.5,6955.9
2022-03-01,3004,Medicaments Packaged,39442.29,30814.95,45212.6,31364.4
2022-04-01,3004,Medicaments Packaged,17405.78,15298.880000000001,20133.7,16538.3
2022-05-01,3004,Medicaments Packaged,5001.09,4552.84,5337.9,5054.8
2022-06-01,3004,Medicaments Packaged,23976.56,21565.59,25549.8,24226.4
2022-07-01,3004,Medicaments Packaged,12841.44,9854.76,13675.8,11276.300000000001
2022-08-01,3004,Medicaments Packaged,28742.24,22435.84,33262.0,23749.9
2022-09-01,3004,Medicaments Packaged,30136.19,24184.29,32866.3,25139.7
2022-10-01,3004,Medicaments Packaged,7193.66,5896.62,7797.4,6627.1
2022-11-01,3004,Medicaments Packaged,13784.16,12330.01,15224.800000000001,12684.7
2022-12-01,3004,Medicaments Packaged,11849.62,10112.58,12909.8,11092.0
2023-01-01,3004,Medicaments Packaged,19914.89,17804.66,21188.4,21084.8
2023-02-01,3004,Medicaments Packaged,13627.87,11753.630000000001,14972.5,13502.199999999999
2023-03-01,3004,Medicaments Packaged,27051.68,25676.95,29960.7,27626.4
2023-04-01,3004,Medicaments Packaged,9144.81,8298.2,10194.1,9179.0
2023-05-01,3004,Medicaments Packaged,22890.07,22217.77,25596.9,22632.8
2023-06-01,3004,Medicaments Packaged,16466.88,14940.32,18411.1,15857.9
2023-07-01,3004,Medicaments Packaged,9849.67,8479.4,10764.5,9572.5
2023-08-01,3004,Medicaments Packaged,26050.59,23129.3,28241.7,25718.1
2023-09-01,3004,Medicaments Packaged,30507.43,22377.1,33256.3,24236.3
2023-10-01,3004,Medicaments Packaged,28555.239999999998,25334.09,31200.7,26928.600000000002
2023-11-01,3004,Medicaments Packaged,30310.75,22772.92,32421.7,24633.8
2023-12-01,3004,Medicaments Packaged,3452.26,2569.04,3997.1,2793.7999999999997
2024-01-01,3004,Medicaments Packaged,7367.09,5884.98,8669.9,6364.1
2024-02-01,3004,Medicaments Packaged,28139.12,25535.48,29017.7,27171.100000000002
2024-03-01,3004,Medicaments Packaged,29128.35,27734.98,32959.0,30027.4
2024-04-01,3004,Medicaments Packaged,21862.05,18281.59,24370.3,19916.3
2024-05-01,3004,Medicaments Packaged,36128.74,33367.8,40059.2,36782.4
2024-06-01,3004,Medicaments Packaged,12492.72,10155.42,13745.3,12050.5
2024-07-01,3004,Medicaments Packaged,17982.760000000002,14480.65,20614.9,16119.699999999999
2024-08-01,3004,Medicaments Packaged,25263.33,20735.37,28382.3,23202.2
2024-09-01,3004,Medicaments Packaged,25974.010000000002,23206.68,30733.8,26667.4
2024-10-01,3004,Medicaments Packaged,11043.57,9271.35,12488.6,10228.6
2024-11-01,3004,Medicaments Packaged,34843.25,26607.2,38394.8,27880.0
2024-12-01,3004,Medicaments Packaged,25870.87,25244.68,28612.4,28703.5
2025-01-01,3004,Medicaments Packaged,21477.06,16278.199999999999,24526.3,18620.4
2025-02-01,3004,Medicaments Packaged,31043.29,25919.57,33556.0,29444.9
2025-03-01,3004,Medicaments Packaged,18637.21,14288.76,19972.1,16400.2
2025-04-01,3004,Medicaments Packaged,33185.020000000004,27157.68,37764.0,29041.1
2025-05-01,3004,Medicaments Packaged,7186.45,5894.13,8057.8,6308.2
2025-06-01,3004,Medicaments Packaged,28937.35,22340.33,32055.5,24155.1
2025-07-01,3004,Medicaments Packaged,3109.03,2882.8,3385.4,3194.2
2025-08-01,3004,Medicaments Packaged,10569.380000000001,8639.4,11927.5,9851.0
2025-09-01,3004,Medicaments Packaged,30667.55,25203.35,33419.2,26602.4
2025-10-01,3004,Medicaments Packaged,10977.02,9519.72,12368.3,10018.0
2025-11-01,3004,Medicaments Packaged,5879.2699999999995,5219.28,6367.7,5660.7
2025-12-01,3004,Medicaments Packaged,14011.75,11502.130000000001,15350.8,13198.9
2026-01-01,3004,Medicaments Packaged,34858.65,30485.05,38295.9,34178.1
2026-02-01,3004,Medicaments Packaged,34625.51,26567.760000000002,37590.9,29725.8
2026-03-01,3004,Medicaments Packaged,28022.16,21617.09,31978.6,24871.8
2026-04-01,3004,Medicaments Packaged,5950.25,4788.72,6260.6,4609.8
2026-05-01,3004,Medicaments Packaged,7378.42,6302.26,8333.7,7109.2
2026-06-01,3004,Medicaments Packaged,42209.14,35753.69,45270.7,37855.5
2026-07-01,3004,Medicaments Packaged,37420.97,33795.54,38660.2,35925.9
2026-08-01,3004,Medicaments Packaged,32814.33,27630.23,36213.1,31018.9
2021-09-01,3901,Polymers of Ethylene,17823.3,16225.66,19726.4,17119.9
2021-10-01,3901,Polymers of Ethylene,24271.329999999998,21556.57,27898.3,23781.7
2021-11-01,3901,Polymers of Ethylene,34595.56,29182.989999999998,37316.0,34028.6
2021-12-01,3901,Polymers of Ethylene,10155.380000000001,10408.36,11501.9,12202.4
2022-01-01,3901,Polymers of Ethylene,7092.64,6420.0199999999995,7586.3,7469.7
2022-02-01,3901,Polymers of Ethylene,39792.26,32942.96,42761.5,37717.7
2022-03-01,3901,Polymers of Ethylene,36018.75,28901.829999999998,38481.8,29807.8
2022-04-01,3901,Polymers of Ethylene,15012.5,13965.32,16827.2,14968.9
2022-05-01,3901,Polymers of Ethylene,26165.97,26331.2,29356.5,28326.8
2022-06-01,3901,Polymers of Ethylene,4762.61,4554.86,5039.8,4776.7
2022-07-01,3901,Polymers of Ethylene,26341.55,22230.82,29495.3,25516.9
2022-08-01,3901,Polymers of Ethylene,17462.82,14194.23,18372.0,14612.1
2022-09-01,3901,Polymers of Ethylene,32260.81,30865.329999999998,34289.9,34872.5
2022-10-01,3901,Polymers of Ethylene,19750.15,16797.29,20773.8,18178.2
2022-11-01,3901,Polymers of Ethylene,28533.18,24113.84,30596.2,25556.4
2022-12-01,3901,Polymers of Ethylene,28286.74,23732.67,30317.1,26570.0
2023-01-01,3901,Polymers of Ethylene,7445.04,6216.91,8312.4,6768.9
2023-02-01,3901,Polymers of Ethylene,28122.69,24098.88,29096.4,29241.1
2023-03-01,3901,Polymers of Ethylene,7128.13,6644.55,7989.0,7123.8
2023-04-01,3901,Polymers of Ethylene,25540.63,19889.510000000002,28496.6,21855.0
2023-05-01,3901,Polymers of Ethylene,8782.16,7995.93,9604.7,8339.4
2023-06-01,3901,Polymers of Ethylene,12766.91,11209.72,12722.8,12286.0
2023-07-01,3901,Polymers of Ethylene,33461.78,31464.88,34502.7,35293.2
2023-08-01,3901,Polymers of Ethylene,28240.15,24402.010000000002,31304.0,26669.2
2023-09-01,3901,Polymers of Ethylene,16156.17,14854.79,18972.0,16525.0
2023-10-01,3901,Polymers of Ethylene,28039.04,23291.08,32248.7,23682.4
2023-11-01,3901,Polymers of Ethylene,8803.43,6040.52,8922.6,6737.9
2023-12-01,3901,Polymers of Ethylene,31434.53,24519.27,35740.7,28559.4
2024-01-01,3901,Polymers of Ethylene,11417.21,11152.89,13163.8,12439.5
2024-02-01,3901,Polymers of Ethylene,34080.93,27527.48,36510.8,30009.6
2024-03-01,3901,Polymers of Ethylene,24400.16,19158.31,27355.7,21423.3
2024-04-01,3901,Polymers of Ethylene,10345.16,8751.029999999999,11042.8,9539.4
2024-05-01,3901,Polymers of Ethylene,4234.14,3858.4,4772.6,3927.7
2024-06-01,3901,Polymers of Ethylene,18387.21,18075.9,20871.0,19482.9
2024-07-01,3901,Polymers of Ethylene,19876.12,15091.8,21745.5,17368.5
2024-08-01,3901,Polymers of Ethylene,4455.41,3640.4,4778.6,3925.7
2024-09-01,3901,Polymers of Ethylene,17033.11,13444.73,19885.2,13908.9
2024-10-01,3901,Polymers of Ethylene,21750.0,17916.95,23742.6,19876.9
2024-11-01,3901,Polymers of Ethylene,21180.54,17574.91,22534.899999999998,18961.8
2024-12-01,3901,Polymers of Ethylene,34512.39,26467.97,37085.1,29580.8
2025-01-01,3901,Polymers of Ethylene,7149.79,6859.71,7689.9,7755.099999999999
2025-02-01,3901,Polymers of Ethylene,12739.34,10906.57,14000.4,12722.3
2025-03-01,3901,Polymers of Ethylene,24566.47,17992.94,27601.3,19365.1
2025-04-01,3901,Polymers of Ethylene,16808.739999999998,14650.12,18415.1,15221.6
2025-05-01,3901,Polymers of Ethylene,5960.05,5248.44,6581.5,5691.5
2025-06-01,3901,Polymers of Ethylene,41669.79,35956.78,44284.4,41312.3
2025-07-01,3901,Polymers of Ethylene,40731.57,33835.21,41389.5,37398.3
2025-08-01,3901,Polymers of Ethylene,31757.2,28638.86,36220.0,34175.7
2025-09-01,3901,Polymers of Ethylene,37991.59,30183.67,41804.7,33783.1
2025-10-01,3901,Polymers of Ethylene,17266.3,14403.72,17941.6,15639.4
2025-11-01,3901,Polymers of Ethylene,42220.62,32886.25,47220.4,36288.2
2025-12-01,3901,Polymers of Ethylene,46061.37,43154.91,50198.7,47927.5
2026-01-01,3901,Polymers of Ethylene,23823.63,20402.49,26558.7,21629.6
2026-02-01,3901,Polymers of Ethylene,38134.09,29482.38,45092.2,32512.7
2026-03-01,3901,Polymers of Ethylene,9021.27,8242.53,9061.2,9689.3
2026-04-01,3901,Polymers of Ethylene,35338.15,31479.69,40053.0,35800.7
2026-05-01,3901,Polymers of Ethylene,47154.83,37950.24,53118.4,39450.5
2026-06-01,3901,Polymers of Ethylene,45316.65,37869.88,49926.1,41896.4
2026-07-01,3901,Polymers of Ethylene,36769.88,33231.54,41487.8,35989.2
2026-08-01,3901,Polymers of Ethylene,18630.22,17229.43,19762.3,18189.5
2021-09-01,6109,T-shirts & Singlets,30643.01,26514.489999999998,34794.3,28143.4
2021-10-01,6109,T-shirts & Singlets,31532.88,28156.95,34405.2,30096.9
2021-11-01,6109,T-shirts & Singlets,25448.9,20345.76,26824.8,22443.1
2021-12-01,6109,T-shirts & Singlets,6823.49,5532.48,7951.9,5753.0
2022-01-01,6109,T-shirts & Singlets,17337.91,13680.89,19078.3,15313.3
2022-02-01,6109,T-shirts & Singlets,34816.12,30564.65,37912.1,33758.8
2022-03-01,6109,T-shirts & Singlets,9151.76,7396.98,10513.8,8425.9
2022-04-01,6109,T-shirts & Singlets,34921.83,25471.86,38534.2,27307.2
2022-05-01,6109,T-shirts & Singlets,3800.92,3146.63,4312.3,3653.1
2022-06-01,6109,T-shirts & Singlets,5469.12,5146.58,6349.9,5800.5
2022-07-01,6109,T-shirts & Singlets,14125.1,14171.34,15610.2,15759.3
2022-08-01,6109,T-shirts & Singlets,21447.22,18569.26,23222.6,20521.2
2022-09-01,6109,T-shirts & Singlets,24229.94,22134.55,27376.0,23177.8
2022-10-01,6109,T-shirts & Singlets,26371.72,22435.98,27252.4,24094.600000000002
2022-11-01,6109,T-shirts & Singlets,25670.41,19748.03,26740.9,21898.4
2022-12-01,6109,T-shirts & Singlets,19653.940000000002,17400.96,22024.899999999998,18906.0
2023-01-01,6109,T-shirts & Singlets,23340.16,18702.06,25120.7,20223.1
2023-02-01,6109,T-shirts & Singlets,39948.75,35677.09,41464.8,36884.1
2023-03-01,6109,T-shirts & Singlets,14566.64,12968.45,16442.8,14366.4
2023-04-01,6109,T-shirts & Singlets,20577.97,17381.51,21923.1,18928.6
2023-05-01,6109,T-shirts & Singlets,7381.79,6339.23,8327.8,6754.3
2023-06-01,6109,T-shirts & Singlets,5446.9,4793.77,5761.2,4824.7
2023-07-01,6109,T-shirts & Singlets,21932.06,19255.18,23376.4,22725.4
2023-08-01,6109,T-shirts & Singlets,16549.3,16408.83,17549.9,16978.0
2023-09-01,6109,T-shirts & Singlets,8151.67,6945.76,8448.3,7629.6
2023-10-01,6109,T-shirts & Singlets,32916.93,29048.14,37743.8,31761.8
2023-11-01,6109,T-shirts & Singlets,28818.15,21938.17,32105.9,24237.3
2023-12-01,6109,T-shirts & Singlets,34721.09,31205.18,39282.4,32934.6
2024-01-01,6109,T-shirts & Singlets,33361.03,31821.2,38624.1,35644.8
2024-02-01,6109,T-shirts & Singlets,5929.34,5652.82,6941.7,6244.0
2024-03-01,6109,T-shirts & Singlets,7790.85,6378.91,8800.2,7223.3
2024-04-01,6109,T-shirts & Singlets,11016.78,9909.34,11555.8,11202.0
2024-05-01,6109,T-shirts & Singlets,35566.77,32593.97,38681.5,33875.9
2024-06-01,6109,T-shirts & Singlets,33600.27,28819.79,35982.4,30421.9
2024-07-01,6109,T-shirts & Singlets,3920.93,3496.24,4243.1,3751.7
2024-08-01,6109,T-shirts & Singlets,37534.29,30599.61,39277.0,32613.9
2024-09-01,6109,T-shirts & Singlets,11239.41,8918.77,13215.0,10310.9
2024-10-01,6109,T-shirts & Singlets,25323.49,23611.36,27905.7,25649.2
2024-11-01,6109,T-shirts & Singlets,28722.83,25203.14,30028.2,26362.0
2024-12-01,6109,T-shirts & Singlets,13556.05,12498.48,13830.6,12837.0
2025-01-01,6109,T-shirts & Singlets,40785.17,32626.34,45169.3,38525.0
2025-02-01,6109,T-shirts & Singlets,26850.83,19915.65,31150.4,20879.7
2025-03-01,6109,T-shirts & Singlets,14436.56,11956.16,16778.4,13601.3
2025-04-01,6109,T-shirts & Singlets,41852.83,38473.340000000004,48155.9,42040.2
2025-05-01,6109,T-shirts & Singlets,34418.95,24515.4,35790.9,25726.7
2025-06-01,6109,T-shirts & Singlets,30779.809999999998,25599.21,34233.0,27527.9
2025-07-01,6109,T-shirts & Singlets,21345.18,17902.96,23552.5,19387.5
2025-08-01,6109,T-shirts & Singlets,2849.79,2610.22,3119.1,2866.5
2025-09-01,6109,T-shirts & Singlets,3682.48,3181.5,4330.9,3212.7
2025-10-01,6109,T-shirts & Singlets,40261.92,36556.09,42131.200000000004,40618.8
2025-11-01,6109,T-shirts & Singlets,20930.34,17890.39,21547.7,20810.5
2025-12-01,6109,T-shirts & Singlets,40712.18,26519.36,46459.7,31621.0
2026-01-01,6109,T-shirts & Singlets,42017.54,34198.15,46086.7,38348.4
2026-02-01,6109,T-shirts & Singlets,39116.2,34022.97,43449.6,37980.5
2026-03-01,6109,T-shirts & Singlets,39893.96,33045.69,43532.2,35980.0
2026-04-01,6109,T-shirts & Singlets,20309.36,16416.63,23637.6,18644.0
2026-05-01,6109,T-shirts & Singlets,23323.48,20635.88,27049.9,21463.3
2026-06-01,6109,T-shirts & Singlets,6592.84,4695.3,7000.1,5320.3
2026-07-01,6109,T-shirts & Singlets,34348.82,29170.02,41414.3,32989.1
2026-08-01,6109,T-shirts & Singlets,29751.53,24158.29,33497.5,25942.4
2021-09-01,7108,Gold Unwrought,30450.0,27513.239999999998,34676.1,29124.4
2021-10-01,7108,Gold Unwrought,12877.5,9306.210000000001,15060.1,10337.8
2021-11-01,7108,Gold Unwrought,7800.04,5930.84,8489.6,6129.4
2021-12-01,7108,Gold Unwrought,23500.49,17938.47,25132.5,18932.6
2022-01-01,7108,Gold Unwrought,28372.079999999998,25869.82,30641.3,29565.3
2022-02-01,7108,Gold Unwrought,22327.52,20052.15,24188.1,21998.9
2022-03-01,7108,Gold Unwrought,38493.59,36328.55,41140.0,38239.6
2022-04-01,7108,Gold Unwrought,8327.83,6723.610000000001,9474.0,7305.900000000001
2022-05-01,7108,Gold Unwrought,30584.59,24095.260000000002,34795.1,26565.899999999998
2022-06-01,7108,Gold Unwrought,35419.42,31429.97,40209.1,36514.2
2022-07-01,7108,Gold Unwrought,15958.65,14667.14,16057.0,16059.0
2022-08-01,7108,Gold Unwrought,7024.1,6264.19,8044.8,7051.9
2022-09-01,7108,Gold Unwrought,35382.46,31176.11,39408.6,35660.7
2022-10-01,7108,Gold Unwrought,18021.85,15344.03,18699.9,16751.7
2022-11-01,7108,Gold Unwrought,31526.71,25424.34,33449.9,28538.7
2022-12-01,7108,Gold Unwrought,12080.58,9859.91,13811.0,10956.7
2023-01-01,7108,Gold Unwrought,35957.06,30297.22,38080.5,33723.8
2023-02-01,7108,Gold Unwrought,32769.92,26609.300000000003,34160.8,30370.4
2023-03-01,7108,Gold Unwrought,29021.55,24576.43,30185.0,27878.0
2023-04-01,7108,Gold Unwrought,6142.34,4765.900000000001,7092.7,5297.7
2023-05-01,7108,Gold Unwrought,5437.95,5349.35,5861.5,6130.9
2023-06-01,7108,Gold Unwrought,9456.01,7320.69,9814.1,8052.3
2023-07-01,7108,Gold Unwrought,31072.8,23915.38,34059.4,27288.1
2023-08-01,7108,Gold Unwrought,15352.57,11484.61,17564.2,12488.5
2023-09-01,7108,Gold Unwrought,18084.17,16406.89,19838.9,18534.3
2023-10-01,7108,Gold Unwrought,9347.5,7022.79,10334.8,6905.6
2023-11-01,7108,Gold Unwrought,9476.83,8112.01,10848.8,9132.4
2023-12-01,7108,Gold Unwrought,8060.860000000001,6949.72,9050.4,7931.6
2024-01-01,7108,Gold Unwrought,34845.32,28630.89,36620.0,32653.6
2024-02-01,7108,Gold Unwrought,15926.81,12688.27,18614.7,13987.7
2024-03-01,7108,Gold Unwrought,11464.57,10124.47,12593.3,10815.7
2024-04-01,7108,Gold Unwrought,34217.94,25680.53,35719.0,26042.6
2024-05-01,7108,Gold Unwrought,31098.58,26236.64,34521.9,29046.2
2024-06-01,7108,Gold Unwrought,21028.46,18758.01,23075.1,19887.3
2024-07-01,7108,Gold Unwrought,16531.23,12123.57,18632.9,13661.5
2024-08-01,7108,Gold Unwrought,16809.28,13614.33,18430.6,14609.0
2024-09-01,7108,Gold Unwrought,31224.59,26645.88,36685.7,27713.5
2024-10-01,7108,Gold Unwrought,5643.11,5115.18,6248.8,5091.2
2024-11-01,7108,Gold Unwrought,20522.4,16804.42,22196.0,18625.8
2024-12-01,7108,Gold Unwrought,38860.72,34413.14,41330.2,37872.8
2025-01-01,7108,Gold Unwrought,35034.78,30195.8,39131.5,36042.5
2025-02-01,7108,Gold Unwrought,32984.15,29296.64,35918.5,31636.9
2025-03-01,7108,Gold Unwrought,40044.62,33610.96,46301.0,37097.5
2025-04-01,7108,Gold Unwrought,39911.54,32037.09,45165.4,34662.6
2025-05-01,7108,Gold Unwrought,3981.32,3455.67,4338.5,3802.6
2025-06-01,7108,Gold Unwrought,40409.71,34145.32,43755.8,38371.2
2025-07-01,7108,Gold Unwrought,10506.31,9233.56,10665.4,9491.3
2025-08-01,7108,Gold Unwrought,17634.45,15923.97,18851.0,18874.2
2025-09-01,7108,Gold Unwrought,21962.39,20310.5,24625.6,21931.1
2025-10-01,7108,Gold Unwrought,29991.44,27022.510000000002,35366.2,30727.0
2025-11-01,7108,Gold Unwrought,14844.3,15776.97,15943.0,17764.3
2025-12-01,7108,Gold Unwrought,22860.66,21452.18,24451.5,22703.0
2026-01-01,7108,Gold Unwrought,17503.98,14801.0,18522.5,16041.7
2026-02-01,7108,Gold Unwrought,16906.46,13728.88,18565.4,14059.7
2026-03-01,7108,Gold Unwrought,48836.04,45407.02,56343.5,51164.7
2026-04-01,7108,Gold Unwrought,18393.34,14832.66,19686.4,16157.6
2026-05-01,7108,Gold Unwrought,25701.35,17600.6,27499.399999999998,19554.2
2026-06-01,7108,Gold Unwrought,55551.56,47916.94,56735.9,52451.3
2026-07-01,7108,Gold Unwrought,33957.95,32598.84,38958.6,35207.3
2026-08-01,7108,Gold Unwrought,15411.02,13043.7,17019.5,13847.1
2021-09-01,7208,Flat-Rolled Iron/Steel,28244.16,23588.46,31701.6,24747.8
2021-10-01,7208,Flat-Rolled Iron/Steel,26939.69,25175.1,29295.5,26465.3
2021-11-01,7208,Flat-Rolled Iron/Steel,28312.66,23946.31,28239.7,26212.6
2021-12-01,7208,Flat-Rolled Iron/Steel,23109.42,19366.96,24807.4,20302.4
2022-01-01,7208,Flat-Rolled Iron/Steel,37754.94,29974.79,40323.8,32868.7
2022-02-01,7208,Flat-Rolled Iron/Steel,42312.71,35604.4,45996.4,39256.700000000004
2022-03-01,7208,Flat-Rolled Iron/Steel,15941.58,14768.37,17399.4,15944.2
2022-04-01,7208,Flat-Rolled Iron/Steel,6730.67,6215.96,7547.6,6647.4
2022-05-01,7208,Flat-Rolled Iron/Steel,9676.869999999999,8224.26,11415.8,8687.7
2022-06-01,7208,Flat-Rolled Iron/Steel,24073.03,19927.77,27730.8,21384.100000000002
2022-07-01,7208,Flat-Rolled Iron/Steel,12004.04,11211.72,13193.7,12348.0
2022-08-01,7208,Flat-Rolled Iron/Steel,17876.16,14793.2,20436.8,15630.1
2022-09-01,7208,Flat-Rolled Iron/Steel,23581.22,21259.56,25777.9,22084.7
2022-10-01,7208,Flat-Rolled Iron/Steel,33364.59,28276.77,36115.6,34283.8
2022-11-01,7208,Flat-Rolled Iron/Steel,13234.68,10701.68,15806.0,11549.8
2022-12-01,7208,Flat-Rolled Iron/Steel,25708.19,22554.36,25906.8,23368.399999999998
2023-01-01,7208,Flat-Rolled Iron/Steel,13759.16,11307.03,14580.1,12080.7
2023-02-01,7208,Flat-Rolled Iron/Steel,34470.05,26901.7,38430.1,29128.5
2023-03-01,7208,Flat-Rolled Iron/Steel,27660.43,22897.64,30743.3,23273.6
2023-04-01,7208,Flat-Rolled Iron/Steel,11201.89,9215.36,12063.5,10493.7
2023-05-01,7208,Flat-Rolled Iron/Steel,23832.79,20664.87,25934.3,22570.1
2023-06-01,7208,Flat-Rolled Iron/Steel,36320.59,31128.4,36681.5,33875.0
2023-07-01,7208,Flat-Rolled Iron/Steel,29560.17,22971.83,33200.5,26576.3
2023-08-01,7208,Flat-Rolled Iron/Steel,8336.66,5993.36,9528.5,6663.6
2023-09-01,7208,Flat-Rolled Iron/Steel,5319.46,4497.25,6028.3,5179.4
2023-10-01,7208,Flat-Rolled Iron/Steel,14737.85,12652.51,16045.0,13945.3
2023-11-01,7208,Flat-Rolled Iron/Steel,24597.46,20077.670000000002,25709.1,22432.7
2023-12-01,7208,Flat-Rolled Iron/Steel,27947.45,26018.75,30473.0,28519.4
2024-01-01,7208,Flat-Rolled Iron/Steel,27540.08,24550.29,31626.0,28083.9
2024-02-01,7208,Flat-Rolled Iron/Steel,29919.600000000002,28782.19,33703.6,31222.3
2024-03-01,7208,Flat-Rolled Iron/Steel,42274.91,35602.2,47160.6,39218.8
2024-04-01,7208,Flat-Rolled Iron/Steel,9382.83,7983.34,10296.7,8707.7
2024-05-01,7208,Flat-Rolled Iron/Steel,19286.03,15955.75,21547.9,18136.9
2024-06-01,7208,Flat-Rolled Iron/Steel,20809.91,17148.239999999998,21144.4,16672.3
2024-07-01,7208,Flat-Rolled Iron/Steel,16718.42,13403.85,18995.8,13891.1
2024-08-01,7208,Flat-Rolled Iron/Steel,16381.22,13133.14,17688.6,14177.0
2024-09-01,7208,Flat-Rolled Iron/Steel,27663.62,22522.56,29764.9,24183.2
2024-10-01,7208,Flat-Rolled Iron/Steel,21471.84,19772.72,22942.4,20646.0
2024-11-01,7208,Flat-Rolled Iron/Steel,35648.61,28214.940000000002,39306.1,31961.4
2024-12-01,7208,Flat-Rolled Iron/Steel,35388.32,29221.57,38895.6,33430.2
2025-01-01,7208,Flat-Rolled Iron/Steel,26172.11,24200.19,28112.1,26953.7
2025-02-01,7208,Flat-Rolled Iron/Steel,31787.95,25991.02,34188.7,27522.7
2025-03-01,7208,Flat-Rolled Iron/Steel,31137.62,27592.13,34409.0,28988.9
2025-04-01,7208,Flat-Rolled Iron/Steel,26072.47,19451.07,27630.7,22463.8
2025-05-01,7208,Flat-Rolled Iron/Steel,9419.8,7130.19,10788.7,7182.7
2025-06-01,7208,Flat-Rolled Iron/Steel,15926.869999999999,14796.95,18459.9,16102.2
2025-07-01,7208,Flat-Rolled Iron/Steel,13152.6,10692.42,14300.2,11042.9
2025-08-01,7208,Flat-Rolled Iron/Steel,25965.04,22136.02,30137.8,25065.7
2025-09-01,7208,Flat-Rolled Iron/Steel,19207.23,15152.17,21696.2,16622.5
2025-10-01,7208,Flat-Rolled Iron/Steel,24979.1,23205.66,27544.3,26556.4
2025-11-01,7208,Flat-Rolled Iron/Steel,12698.52,11119.47,14434.6,11493.7
2025-12-01,7208,Flat-Rolled Iron/Steel,35941.79,33018.72,41839.6,36445.3
2026-01-01,7208,Flat-Rolled Iron/Steel,41337.32,39891.54,43859.1,45611.6
2026-02-01,7208,Flat-Rolled Iron/Steel,28530.05,24689.66,33602.8,25372.8
2026-03-01,7208,Flat-Rolled Iron/Steel,6247.65,6051.96,6720.5,6735.8
2026-04-01,7208,Flat-Rolled Iron/Steel,18187.29,13729.23,19542.0,16040.6
2026-05-01,7208,Flat-Rolled Iron/Steel,21039.65,19922.71,22786.7,22245.3
2026-06-01,7208,Flat-Rolled Iron/Steel,9879.960000000001,9094.98,11580.6,10099.5
2026-07-01,7208,Flat-Rolled Iron/Steel,13823.06,11609.71,14419.3,12168.6
2026-08-01,7208,Flat-Rolled Iron/Steel,35179.979999999996,30131.93,40115.7,31610.5
2021-09-01,8112,"Beryllium, Chromium, Germanium etc.",4627.12,3666.1,4875.8,3355.2000000000003
2021-10-01,8112,"Beryllium, Chromium, Germanium etc.",5179.28,3796.66,5342.0,3657.7999999999997
2021-11-01,8112,"Beryllium, Chromium, Germanium etc.",15136.9,14301.460000000001,16053.8,14792.3
2021-12-01,8112,"Beryllium, Chromium, Germanium etc.",5740.11,4857.05,5705.6,5375.2
2022-01-01,8112,"Beryllium, Chromium, Germanium etc.",17050.93,15815.51,16812.600000000002,15445.2
2022-02-01,8112,"Beryllium, Chromium, Germanium etc.",15158.670000000002,11630.35,13643.1,11898.9
2022-03-01,8112,"Beryllium, Chromium, Germanium etc.",10111.44,9306.86,12134.300000000001,9657.1
2022-04-01,8112,"Beryllium, Chromium, Germanium etc.",4495.360000000001,3240.71,4720.3,3273.7
2022-05-01,8112,"Beryllium, Chromium, Germanium etc.",19184.67,17895.14,23311.3,20596.600000000002
2022-06-01,8112,"Beryllium, Chromium, Germanium etc.",12393.300000000001,10359.11,14760.6,12208.800000000001
2022-07-01,8112,"Beryllium, Chromium, Germanium etc.",3468.67,2159.64,3984.7,2482.6
2022-08-01,8112,"Beryllium, Chromium, Germanium etc.",7428.88,6294.72,7667.700000000001,7130.1
2022-09-01,8112,"Beryllium, Chromium, Germanium etc.",3621.4100000000003,2809.9100000000003,3468.5,2988.2
2022-10-01,8112,"Beryllium, Chromium, Germanium etc.",15020.87,11810.03,17657.9,13375.1
2022-11-01,8112,"Beryllium, Chromium, Germanium etc.",1497.3,1070.3300000000002,1634.1,1196.5
2022-12-01,8112,"Beryllium, Chromium, Germanium etc.",5907.780000000001,4530.39,6800.1,4676.7
2023-01-01,8112,"Beryllium, Chromium, Germanium etc.",4636.75,3325.92,5625.2,3451.3
2023-02-01,8112,"Beryllium, Chromium, Germanium etc.",16014.580000000002,15810.199999999999,16612.5,15011.2
2023-03-01,8112,"Beryllium, Chromium, Germanium etc.",3992.0,4138.86,4414.5,3907.6
2023-04-01,8112,"Beryllium, Chromium, Germanium etc.",2821.8599999999997,2112.27,3108.7,2386.1
2023-05-01,8112,"Beryllium, Chromium, Germanium etc.",7093.67,5455.05,7492.599999999999,6274.2
2023-06-01,8112,"Beryllium, Chromium, Germanium etc.",13727.39,7592.05,13487.6,8065.4
2023-07-01,8112,"Beryllium, Chromium, Germanium etc.",6009.63,4736.24,7355.900000000001,5494.099999999999
2023-08-01,8112,"Beryllium, Chromium, Germanium etc.",5498.75,4014.79,6816.2,4627.8
2023-09-01,8112,"Beryllium, Chromium, Germanium etc.",12135.32,7296.5,11826.199999999999,8368.6
2023-10-01,8112,"Beryllium, Chromium, Germanium etc.",18093.93,17441.88,20902.2,20721.999999999996
2023-11-01,8112,"Beryllium, Chromium, Germanium etc.",16449.559999999998,15507.52,18854.8,15589.500000000002
2023-12-01,8112,"Beryllium, Chromium, Germanium etc.",16833.23,15078.759999999998,16314.0,15073.4
2024-01-01,8112,"Beryllium, Chromium, Germanium etc.",5088.92,5168.83,6370.8,6348.900000000001
2024-02-01,8112,"Beryllium, Chromium, Germanium etc.",4822.3,4351.61,5199.3,4599.3
2024-03-01,8112,"Beryllium, Chromium, Germanium etc.",10537.269999999999,7994.2300000000005,11857.3,7786.700000000001
2024-04-01,8112,"Beryllium, Chromium, Germanium etc.",1764.75,1342.47,2062.2,1501.6999999999998
2024-05-01,8112,"Beryllium, Chromium, Germanium etc.",10156.13,11099.830000000002,11679.599999999999,12223.5
2024-06-01,8112,"Beryllium, Chromium, Germanium etc.",6398.3,6371.610000000001,7091.8,5904.8
2024-07-01,8112,"Beryllium, Chromium, Germanium etc.",15039.64,9158.779999999999,15827.300000000001,10597.4
2024-08-01,8112,"Beryllium, Chromium, Germanium etc.",17706.16,14638.289999999999,17776.3,15552.199999999999
2024-09-01,8112,"Beryllium, Chromium, Germanium etc.",16987.890000000003,13307.429999999998,21985.0,16188.1
2024-10-01,8112,"Beryllium, Chromium, Germanium etc.",10142.8,11009.87,9771.8,12411.8
2024-11-01,8112,"Beryllium, Chromium, Germanium etc.",6601.19,5092.96,7114.400000000001,5783.0
2024-12-01,8112,"Beryllium, Chromium, Germanium etc.",1806.66,1374.02,1926.6,1541.5
2025-01-01,8112,"Beryllium, Chromium, Germanium etc.",23633.03,15661.099999999999,26847.8,18135.3
2025-02-01,8112,"Beryllium, Chromium, Germanium etc.",6188.91,5985.36,7476.6,5715.7
2025-03-01,8112,"Beryllium, Chromium, Germanium etc.",4738.76,4118.92,5058.8,4284.5
2025-04-01,8112,"Beryllium, Chromium, Germanium etc.",22158.93,14474.6,22778.4,17133.5
2025-05-01,8112,"Beryllium, Chromium, Germanium etc.",9687.99,5714.92,11657.6,6549.799999999999
2025-06-01,8112,"Beryllium, Chromium, Germanium etc.",9194.91,8557.78,9036.4,8682.6
2025-07-01,8112,"Beryllium, Chromium, Germanium etc.",12285.48,10105.79,14106.4,10767.1
2025-08-01,8112,"Beryllium, Chromium, Germanium etc.",4727.509999999999,3049.3,5039.599999999999,3092.3
2025-09-01,8112,"Beryllium, Chromium, Germanium etc.",17815.14,13553.74,20168.9,16442.899999999998
2025-10-01,8112,"Beryllium, Chromium, Germanium etc.",6646.530000000001,6958.56,8033.0,8298.1
2025-11-01,8112,"Beryllium, Chromium, Germanium etc.",11024.54,9503.44,11985.2,12124.099999999999
2025-12-01,8112,"Beryllium, Chromium, Germanium etc.",6969.9400000000005,6276.7300000000005,6808.7,7839.7
2026-01-01,8112,"Beryllium, Chromium, Germanium etc.",3742.71,2619.62,4455.9,2772.2000000000003
2026-02-01,8112,"Beryllium, Chromium, Germanium etc.",10089.769999999999,8201.060000000001,11161.2,9996.2
2026-03-01,8112,"Beryllium, Chromium, Germanium etc.",4058.82,3670.58,4205.0,4208.4
2026-04-01,8112,"Beryllium, Chromium, Germanium etc.",13946.58,12436.14,13674.4,12879.3
2026-05-01,8112,"Beryllium, Chromium, Germanium etc.",7007.64,4681.28,8591.7,4608.8
2026-06-01,8112,"Beryllium, Chromium, Germanium etc.",20633.339999999997,13163.6,22038.600000000002,16713.3
2026-07-01,8112,"Beryllium, Chromium, Germanium etc.",9963.7,7001.0,10277.8,7285.400000000001
2026-08-01,8112,"Beryllium, Chromium, Germanium etc.",12149.92,11009.880000000001,12514.5,13114.699999999999
2021-09-01,8471,Automatic Data Processing Machines,28255.35,24457.71,30024.2,26914.6
2021-10-01,8471,Automatic Data Processing Machines,24846.940000000002,20633.5,26355.4,23417.8
2021-11-01,8471,Automatic Data Processing Machines,24015.72,18390.83,27841.7,20418.4
2021-12-01,8471,Automatic Data Processing Machines,34750.41,28250.25,37721.2,32627.3
2022-01-01,8471,Automatic Data Processing Machines,34510.12,27546.489999999998,39048.9,29807.7
2022-02-01,8471,Automatic Data Processing Machines,38632.92,34587.51,41581.2,38148.1
2022-03-01,8471,Automatic Data Processing Machines,18331.83,17620.32,19582.5,19957.7
2022-04-01,8471,Automatic Data Processing Machines,31443.0,25116.21,34022.2,29858.4
2022-05-01,8471,Automatic Data Processing Machines,28738.12,27050.760000000002,31264.800000000003,28303.399999999998
2022-06-01,8471,Automatic Data Processing Machines,27191.24,23231.37,29188.5,26164.2
2022-07-01,8471,Automatic Data Processing Machines,26288.03,26053.7,30954.5,26865.600000000002
2022-08-01,8471,Automatic Data Processing Machines,13115.6,10340.89,15394.3,11072.7
2022-09-01,8471,Automatic Data Processing Machines,10324.59,8020.099999999999,11062.2,8348.2
2022-10-01,8471,Automatic Data Processing Machines,31132.89,23240.33,32408.6,24582.6
2022-11-01,8471,Automatic Data Processing Machines,11865.0,8967.94,12561.7,11011.5
2022-12-01,8471,Automatic Data Processing Machines,32685.41,28103.67,37296.7,31758.2
2023-01-01,8471,Automatic Data Processing Machines,31477.54,28233.33,33945.1,31420.3
2023-02-01,8471,Automatic Data Processing Machines,6821.99,5438.2,7349.7,5856.5
2023-03-01,8471,Automatic Data Processing Machines,14150.99,12853.3,16536.1,13695.8
2023-04-01,8471,Automatic Data Processing Machines,21739.54,18466.59,23466.6,20046.2
2023-05-01,8471,Automatic Data Processing Machines,23436.59,22730.95,24418.600000000002,26370.2
2023-06-01,8471,Automatic Data Processing Machines,29692.63,23659.47,33986.3,24935.8
2023-07-01,8471,Automatic Data Processing Machines,26415.15,24911.93,28893.100000000002,25064.1
2023-08-01,8471,Automatic Data Processing Machines,10340.42,7457.33,11452.3,8603.2
2023-09-01,8471,Automatic Data Processing Machines,20344.98,15989.78,21576.8,16009.800000000001
2023-10-01,8471,Automatic Data Processing Machines,27950.68,25357.39,28464.6,27069.7
2023-11-01,8471,Automatic Data Processing Machines,6721.599999999999,5130.88,7466.5,5987.2
2023-12-01,8471,Automatic Data Processing Machines,40848.41,34276.39,42599.4,38174.799999999996
2024-01-01,8471,Automatic Data Processing Machines,41100.51,30390.45,46461.2,33842.3
2024-02-01,8471,Automatic Data Processing Machines,43955.22,40219.38,53969.5,44846.3
2024-03-01,8471,Automatic Data Processing Machines,35324.85,31933.73,39103.4,33662.3
2024-04-01,8471,Automatic Data Processing Machines,28334.989999999998,23314.55,32083.6,26888.5
2024-05-01,8471,Automatic Data Processing Machines,12664.539999999999,11722.7,14606.4,13229.6
2024-06-01,8471,Automatic Data Processing Machines,27346.19,24929.0,27784.3,28487.3
2024-07-01,8471,Automatic Data Processing Machines,17109.45,15425.25,19565.5,16778.6
2024-08-01,8471,Automatic Data Processing Machines,23431.37,20370.059999999998,26674.4,22446.7
2024-09-01,8471,Automatic Data Processing Machines,30162.5,26512.8,31376.3,29784.7
2024-10-01,8471,Automatic Data Processing Machines,39022.03,30236.809999999998,45879.3,33471.9
2024-11-01,8471,Automatic Data Processing Machines,36429.74,31982.03,38628.8,34283.5
2024-12-01,8471,Automatic Data Processing Machines,26509.08,21590.59,31154.7,24155.0
2025-01-01,8471,Automatic Data Processing Machines,42551.56,39892.12,47956.6,43935.0
2025-02-01,8471,Automatic Data Processing Machines,25329.02,22593.58,25811.8,25267.300000000003
2025-03-01,8471,Automatic Data Processing Machines,25045.37,20765.37,27181.4,22903.6
2025-04-01,8471,Automatic Data Processing Machines,6098.45,5051.79,6739.9,5102.2
2025-05-01,8471,Automatic Data Processing Machines,21945.56,19797.28,24072.0,23536.4
2025-06-01,8471,Automatic Data Processing Machines,10409.17,8670.99,11944.3,9198.5
2025-07-01,8471,Automatic Data Processing Machines,3924.99,3526.01,4184.3,3650.7
2025-08-01,8471,Automatic Data Processing Machines,41174.91,32159.51,43650.4,33738.4
2025-09-01,8471,Automatic Data Processing Machines,39133.6,33409.92,42035.4,35263.6
2025-10-01,8471,Automatic Data Processing Machines,13735.68,13690.84,16009.2,15376.2
2025-11-01,8471,Automatic Data Processing Machines,16656.69,13597.65,19309.9,14358.2
2025-12-01,8471,Automatic Data Processing Machines,34446.74,29069.44,37938.1,30949.7
2026-01-01,8471,Automatic Data Processing Machines,21081.39,17951.64,24463.6,19470.2
2026-02-01,8471,Automatic Data Processing Machines,10685.0,8300.07,12091.3,9338.5
2026-03-01,8471,Automatic Data Processing Machines,16622.27,13158.66,18345.6,14743.5
2026-04-01,8471,Automatic Data Processing Machines,5101.09,4108.66,5184.7,4501.8
2026-05-01,8471,Automatic Data Processing Machines,41948.909999999996,34337.16,45947.4,37924.9
2026-06-01,8471,Automatic Data Processing Machines,23168.87,20726.079999999998,25077.5,23350.0
2026-07-01,8471,Automatic Data Processing Machines,40748.41,29614.89,46044.7,30853.6
2026-08-01,8471,Automatic Data Processing Machines,16637.38,13383.83,16843.8,15357.9
2021-09-01,8504,Electrical Transformers,26650.43,21745.65,27884.5,21208.8
2021-10-01,8504,Electrical Transformers,20222.36,15670.43,21281.1,16815.8
2021-11-01,8504,Electrical Transformers,10703.95,9529.210000000001,11725.2,10257.7
2021-12-01,8504,Electrical Transformers,6463.72,5414.34,7111.1,6063.6
2022-01-01,8504,Electrical Transformers,24425.73,18905.44,28043.3,21348.6
2022-02-01,8504,Electrical Transformers,32542.86,28902.96,35059.6,30518.3
2022-03-01,8504,Electrical Transformers,21702.41,17924.48,24342.0,18212.1
2022-04-01,8504,Electrical Transformers,32331.36,27941.09,34919.9,28825.5
2022-05-01,8504,Electrical Transformers,28975.73,25785.93,33296.1,26670.9
2022-06-01,8504,Electrical Transformers,26854.63,24135.13,30972.8,25191.5
2022-07-01,8504,Electrical Transformers,7639.55,6145.08,8453.4,6713.8
2022-08-01,8504,Electrical Transformers,23353.14,19007.11,25412.0,20201.0
2022-09-01,8504,Electrical Transformers,10802.4,8541.12,12369.9,8855.3
2022-10-01,8504,Electrical Transformers,35719.81,32018.86,39565.2,34779.3
2022-11-01,8504,Electrical Transformers,21306.05,18277.66,23809.8,18428.3
2022-12-01,8504,Electrical Transformers,24566.07,18868.34,27448.2,21939.0
2023-01-01,8504,Electrical Transformers,29546.3,25773.56,33378.5,26759.8
2023-02-01,8504,Electrical Transformers,8258.54,6945.57,9568.9,8067.3
2023-03-01,8504,Electrical Transformers,20132.83,16335.88,22612.1,18697.2
2023-04-01,8504,Electrical Transformers,30346.62,23514.85,35007.9,25466.3
2023-05-01,8504,Electrical Transformers,18573.46,15853.01,21366.7,17715.4
2023-06-01,8504,Electrical Transformers,7587.9,5538.99,8330.6,6139.599999999999
2023-07-01,8504,Electrical Transformers,20821.54,16647.19,23392.3,18979.2
2023-08-01,8504,Electrical Transformers,12071.13,10712.44,13710.5,11617.3
2023-09-01,8504,Electrical Transformers,2937.62,2022.16,3282.3,2399.1
2023-10-01,8504,Electrical Transformers,17499.31,14955.26,19247.4,15915.7
2023-11-01,8504,Electrical Transformers,26714.71,23989.19,30054.0,27970.1
2023-12-01,8504,Electrical Transformers,11716.6,8966.86,13531.3,9564.5
2024-01-01,8504,Electrical Transformers,18398.8,16188.74,22259.5,17641.0
2024-02-01,8504,Electrical Transformers,22671.24,21219.91,24747.0,22850.7
2024-03-01,8504,Electrical Transformers,23381.58,16862.93,25813.1,18609.9
2024-04-01,8504,Electrical Transformers,35063.05,32321.27,39079.9,36149.8
2024-05-01,8504,Electrical Transformers,12334.63,10993.82,14106.1,12152.8
2024-06-01,8504,Electrical Transformers,34839.86,32283.82,36647.9,37742.4
2024-07-01,8504,Electrical Transformers,28170.52,24448.34,30337.1,27242.5
2024-08-01,8504,Electrical Transformers,25778.71,22680.09,26400.6,26115.6
2024-09-01,8504,Electrical Transformers,14459.74,13964.68,16504.7,14586.1
2024-10-01,8504,Electrical Transformers,13819.380000000001,13056.61,15042.2,14008.9
2024-11-01,8504,Electrical Transformers,35502.96,27879.28,38986.1,28291.3
2024-12-01,8504,Electrical Transformers,4880.47,4011.9,5363.7,4268.9
2025-01-01,8504,Electrical Transformers,6897.63,6020.74,7875.8,6326.8
2025-02-01,8504,Electrical Transformers,5839.79,4650.74,6213.8,5361.8
2025-03-01,8504,Electrical Transformers,7552.37,5825.18,8608.7,7304.3
2025-04-01,8504,Electrical Transformers,15485.63,14007.91,17015.7,15526.0
2025-05-01,8504,Electrical Transformers,18793.78,16526.06,21240.5,18362.5
2025-06-01,8504,Electrical Transformers,21446.64,19740.77,22655.9,20853.9
2025-07-01,8504,Electrical Transformers,5806.14,4695.63,6502.7,5243.5
2025-08-01,8504,Electrical Transformers,30753.51,28789.47,34865.5,31669.5
2025-09-01,8504,Electrical Transformers,39430.33,36615.44,43727.8,40436.8
2025-10-01,8504,Electrical Transformers,16005.82,13907.240000000002,16187.1,15930.3
2025-11-01,8504,Electrical Transformers,3516.83,2687.55,3899.6,3057.0
2025-12-01,8504,Electrical Transformers,44077.23,36891.73,45458.3,41918.3
2026-01-01,8504,Electrical Transformers,3533.14,3233.0,3952.0,3298.4
2026-02-01,8504,Electrical Transformers,38630.25,32554.46,43777.1,34027.0
2026-03-01,8504,Electrical Transformers,12394.49,9930.9,13064.0,11074.8
2026-04-01,8504,Electrical Transformers,20286.52,18561.68,22530.4,19684.6
2026-05-01,8504,Electrical Transformers,29952.84,23847.54,35360.3,26237.399999999998
2026-06-01,8504,Electrical Transformers,21961.31,20455.85,23683.4,22292.8
2026-07-01,8504,Electrical Transformers,8633.03,7021.71,9343.699999999999,7182.8
2026-08-01,8504,Electrical Transformers,20190.9,18391.239999999998,22339.600000000002,19903.4
2021-09-01,8507,Electric Accumulators,15861.750000000002,17331.71,17783.7,17489.5
2021-10-01,8507,Electric Accumulators,23591.11,18098.24,25152.399999999998,19203.6
2021-11-01,8507,Electric Accumulators,14130.589999999998,12015.839999999998,16671.3,12822.2
2021-12-01,8507,Electric Accumulators,2345.1600000000003,1904.5600000000002,2938.7,2399.8
2022-01-01,8507,Electric Accumulators,15373.93,13180.43,16372.400000000001,13935.4
2022-02-01,8507,Electric Accumulators,11024.11,6263.410000000001,12076.699999999999,6526.4
2022-03-01,8507,Electric Accumulators,9096.36,6495.0199999999995,9944.9,6563.2
2022-04-01,8507,Electric Accumulators,4388.5,3693.59,4582.8,4152.099999999999
2022-05-01,8507,Electric Accumulators,18185.94,15961.66,22528.4,17908.4
2022-06-01,8507,Electric Accumulators,22277.64,17809.67,20081.0,21970.100000000002
2022-07-01,8507,Electric Accumulators,18131.18,17770.87,21986.0,20408.5
2022-08-01,8507,Electric Accumulators,20487.81,18229.68,24802.8,20238.7
2022-09-01,8507,Electric Accumulators,11717.720000000001,8061.27,13134.6,7722.3
2022-10-01,8507,Electric Accumulators,26101.93,22720.46,28984.8,27024.5
2022-11-01,8507,Electric Accumulators,29666.15,24840.149999999998,35669.5,24845.2
2022-12-01,8507,Electric Accumulators,31210.86,19544.64,34401.899999999994,19419.3
2023-01-01,8507,Electric Accumulators,34933.89,33259.94,38456.5,32669.300000000003
2023-02-01,8507,Electric Accumulators,19325.27,17033.97,20357.5,16589.2
2023-03-01,8507,Electric Accumulators,22081.73,17418.52,21632.4,20529.0
2023-04-01,8507,Electric Accumulators,22490.94,16817.19,25799.600000000002,18915.2
2023-05-01,8507,Electric Accumulators,13227.939999999999,9306.93,13856.1,10688.6
2023-06-01,8507,Electric Accumulators,16986.41,16766.75,19908.1,16410.6
2023-07-01,8507,Electric Accumulators,7986.64,7144.9,9635.6,7469.1
2023-08-01,8507,Electric Accumulators,14763.84,15404.87,18147.3,17224.2
2023-09-01,8507,Electric Accumulators,7765.68,7235.06,7254.4,8240.5
2023-10-01,8507,Electric Accumulators,3518.29,2650.81,4005.1,2910.7000000000003
2023-11-01,8507,Electric Accumulators,22593.370000000003,18654.8,26413.0,22860.600000000002
2023-12-01,8507,Electric Accumulators,4689.75,3814.62,4614.7,4245.9
2024-01-01,8507,Electric Accumulators,22930.73,17846.86,26646.5,18516.8
2024-02-01,8507,Electric Accumulators,17116.899999999998,13858.029999999999,19008.7,15114.9
2024-03-01,8507,Electric Accumulators,12348.9,12423.41,14770.5,14410.800000000001
2024-04-01,8507,Electric Accumulators,18122.55,14982.560000000001,19228.4,15714.6
2024-05-01,8507,Electric Accumulators,25449.690000000002,23295.32,27892.0,27129.399999999998
2024-06-01,8507,Electric Accumulators,28761.66,28259.93,31366.800000000003,27606.2
2024-07-01,8507,Electric Accumulators,7121.55,4177.72,7297.3,4355.7
2024-08-01,8507,Electric Accumulators,14027.619999999999,12754.83,14257.6,13670.0
2024-09-01,8507,Electric Accumulators,18455.56,14198.099999999999,21719.3,14506.3
2024-10-01,8507,Electric Accumulators,19886.739999999998,17583.44,19500.100000000002,20610.5
2024-11-01,8507,Electric Accumulators,23079.010000000002,20257.98,25732.3,20876.2
2024-12-01,8507,Electric Accumulators,17228.989999999998,15579.390000000001,22482.8,16706.8
2025-01-01,8507,Electric Accumulators,20949.52,15156.250000000002,21704.2,19777.7
2025-02-01,8507,Electric Accumulators,20175.530000000002,14032.630000000001,22402.7,13910.5
2025-03-01,8507,Electric Accumulators,23386.91,23684.210000000003,27760.3,25683.5
2025-04-01,8507,Electric Accumulators,2841.95,2577.92,3000.9,2936.7
2025-05-01,8507,Electric Accumulators,27776.58,22858.02,32853.6,26699.100000000002
2025-06-01,8507,Electric Accumulators,34283.54,37353.47,37606.6,43388.2
2025-07-01,8507,Electric Accumulators,25784.67,22306.5,30424.1,24302.3
2025-08-01,8507,Electric Accumulators,32372.36,32775.49,30514.3,38150.299999999996
2025-09-01,8507,Electric Accumulators,3785.7200000000003,2564.85,4496.7,2400.8
2025-10-01,8507,Electric Accumulators,19260.23,14883.97,22423.7,17308.0
2025-11-01,8507,Electric Accumulators,11617.51,7747.22,13366.0,8379.800000000001
2025-12-01,8507,Electric Accumulators,9012.43,8142.53,8759.1,8617.2
2026-01-01,8507,Electric Accumulators,19638.86,12157.68,20287.9,13048.499999999998
2026-02-01,8507,Electric Accumulators,34248.05,28346.27,36388.9,29755.2
2026-03-01,8507,Electric Accumulators,17971.82,14273.23,16960.0,17362.3
2026-04-01,8507,Electric Accumulators,20086.28,16279.75,19126.5,19992.1
2026-05-01,8507,Electric Accumulators,34359.4,31864.17,39519.3,36507.9
2026-06-01,8507,Electric Accumulators,48738.96,46880.63,51761.5,58850.9
2026-07-01,8507,Electric Accumulators,13855.37,14816.710000000001,15328.4,16624.8
2026-08-01,8507,Electric Accumulators,22405.600000000002,18647.69,22989.8,22543.0
2021-09-01,8517,Telephone Sets & Network Equipment,28596.66,24530.55,30431.2,27378.7
2021-10-01,8517,Telephone Sets & Network Equipment,18832.82,16463.95,20620.1,17397.7
2021-11-01,8517,Telephone Sets & Network Equipment,14751.61,12714.699999999999,14709.9,13717.0
2021-12-01,8517,Telephone Sets & Network Equipment,27392.5,25038.72,29843.1,27799.8
2022-01-01,8517,Telephone Sets & Network Equipment,35234.29,29781.61,37349.5,32509.2
2022-02-01,8517,Telephone Sets & Network Equipment,12384.75,11131.42,13697.8,12503.5
2022-03-01,8517,Telephone Sets & Network Equipment,27872.329999999998,23714.48,28916.9,26014.5
2022-04-01,8517,Telephone Sets & Network Equipment,26231.77,22570.7,29361.5,25029.4
2022-05-01,8517,Telephone Sets & Network Equipment,37194.71,32530.059999999998,40810.5,34087.4
2022-06-01,8517,Telephone Sets & Network Equipment,20008.91,17389.760000000002,21050.4,19020.8
2022-07-01,8517,Telephone Sets & Network Equipment,18009.12,16223.47,19878.6,17891.1
2022-08-01,8517,Telephone Sets & Network Equipment,22304.39,17277.04,24636.8,19689.7
2022-09-01,8517,Telephone Sets & Network Equipment,13537.74,11334.039999999999,14966.4,12556.0
2022-10-01,8517,Telephone Sets & Network Equipment,13975.78,12611.41,15842.7,13380.3
2022-11-01,8517,Telephone Sets & Network Equipment,36514.37,29554.64,39287.1,32030.0
2022-12-01,8517,Telephone Sets & Network Equipment,31169.9,24183.91,32732.2,27878.8
2023-01-01,8517,Telephone Sets & Network Equipment,26941.329999999998,21574.37,30070.5,24812.8
2023-02-01,8517,Telephone Sets & Network Equipment,30967.66,27022.96,33658.8,31122.1
2023-03-01,8517,Telephone Sets & Network Equipment,26415.77,25096.31,29397.1,27084.3
2023-04-01,8517,Telephone Sets & Network Equipment,12466.57,11473.15,14700.2,11107.5
2023-05-01,8517,Telephone Sets & Network Equipment,9976.119999999999,8105.0599999999995,11021.8,9140.6
2023-06-01,8517,Telephone Sets & Network Equipment,9477.84,9077.47,9925.7,9586.2
2023-07-01,8517,Telephone Sets & Network Equipment,10085.51,8751.83,11259.5,9672.4
2023-08-01,8517,Telephone Sets & Network Equipment,16485.16,14166.69,17682.7,15207.6
2023-09-01,8517,Telephone Sets & Network Equipment,21452.14,18047.47,22538.8,18577.1
2023-10-01,8517,Telephone Sets & Network Equipment,12123.69,10687.34,12538.2,11326.4
2023-11-01,8517,Telephone Sets & Network Equipment,24968.18,18735.13,27191.899999999998,20852.8
2023-12-01,8517,Telephone Sets & Network Equipment,11506.97,10362.92,12075.8,11016.4
2024-01-01,8517,Telephone Sets & Network Equipment,25572.39,23079.73,27274.0,26605.5
2024-02-01,8517,Telephone Sets & Network Equipment,5960.51,5258.93,6829.5,5841.3
2024-03-01,8517,Telephone Sets & Network Equipment,33343.4,29296.06,36880.4,33965.5
2024-04-01,8517,Telephone Sets & Network Equipment,23849.27,19128.77,27219.5,19474.2
2024-05-01,8517,Telephone Sets & Network Equipment,41402.12,35107.53,46333.1,37338.1
2024-06-01,8517,Telephone Sets & Network Equipment,3587.96,3040.99,3860.4,3347.0
2024-07-01,8517,Telephone Sets & Network Equipment,24013.53,21165.05,26820.3,22742.6
2024-08-01,8517,Telephone Sets & Network Equipment,12985.5,12787.64,13495.1,15028.5
2024-09-01,8517,Telephone Sets & Network Equipment,30772.559999999998,25303.06,36549.3,27146.8
2024-10-01,8517,Telephone Sets & Network Equipment,34598.72,27052.100000000002,37826.9,29764.9
2024-11-01,8517,Telephone Sets & Network Equipment,37714.76,28404.58,42128.7,30280.7
2024-12-01,8517,Telephone Sets & Network Equipment,28482.8,27526.3,32602.9,30991.0
2025-01-01,8517,Telephone Sets & Network Equipment,22316.6,16711.55,24320.1,19823.3
2025-02-01,8517,Telephone Sets & Network Equipment,9945.2,8161.83,10691.4,9038.8
2025-03-01,8517,Telephone Sets & Network Equipment,43536.57,42085.799999999996,47871.5,44220.6
2025-04-01,8517,Telephone Sets & Network Equipment,34086.55,30149.05,38040.9,34787.2
2025-05-01,8517,Telephone Sets & Network Equipment,20269.15,18136.33,21968.8,20209.6
2025-06-01,8517,Telephone Sets & Network Equipment,32367.33,23844.75,34634.3,26567.4
2025-07-01,8517,Telephone Sets & Network Equipment,29921.45,27279.39,35376.6,31385.9
2025-08-01,8517,Telephone Sets & Network Equipment,16609.59,14310.02,17994.3,15222.2
2025-09-01,8517,Telephone Sets & Network Equipment,38517.58,32994.6,42926.1,36412.7
2025-10-01,8517,Telephone Sets & Network Equipment,32825.81,32964.409999999996,37024.6,37705.7
2025-11-01,8517,Telephone Sets & Network Equipment,33663.9,26434.22,35423.5,29418.8
2025-12-01,8517,Telephone Sets & Network Equipment,10597.78,9854.99,12443.4,10847.2
2026-01-01,8517,Telephone Sets & Network Equipment,10554.24,8468.380000000001,11877.4,9195.9
2026-02-01,8517,Telephone Sets & Network Equipment,7531.51,6493.92,8006.099999999999,7437.2
2026-03-01,8517,Telephone Sets & Network Equipment,37513.9,27684.920000000002,42384.2,29179.5
2026-04-01,8517,Telephone Sets & Network Equipment,30779.96,24472.06,34549.8,27502.2
2026-05-01,8517,Telephone Sets & Network Equipment,13476.49,12400.45,14962.2,13606.5
2026-06-01,8517,Telephone Sets & Network Equipment,37397.11,33491.1,40019.2,37047.5
2026-07-01,8517,Telephone Sets & Network Equipment,34823.4,32919.41,41026.7,33796.7
2026-08-01,8517,Telephone Sets & Network Equipment,13862.51,12970.09,15551.5,14041.4
2021-09-01,8542,Electronic Integrated Circuits,21104.72,22488.350000000002,23415.0,26695.0
2021-10-01,8542,Electronic Integrated Circuits,2870.87,2928.76,2801.0,3026.3
2021-11-01,8542,Electronic Integrated Circuits,12662.64,12330.789999999999,12188.199999999999,12014.1
2021-12-01,8542,Electronic Integrated Circuits,11594.65,7642.77,13411.1,7316.3
2022-01-01,8542,Electronic Integrated Circuits,12847.400000000001,10961.17,13000.400000000001,13463.7
2022-02-01,8542,Electronic Integrated Circuits,29070.83,24799.899999999998,34127.4,24976.0
2022-03-01,8542,Electronic Integrated Circuits,17996.26,11565.11,19096.9,13645.7
2022-04-01,8542,Electronic Integrated Circuits,25357.829999999998,21385.42,31787.399999999998,21082.399999999998
2022-05-01,8542,Electronic Integrated Circuits,9467.189999999999,8919.57,9679.0,9197.3
2022-06-01,8542,Electronic Integrated Circuits,24060.1,19231.97,26212.899999999998,20616.4
2022-07-01,8542,Electronic Integrated Circuits,22912.45,15983.48,21809.1,15701.0
2022-08-01,8542,Electronic Integrated Circuits,15966.210000000001,16074.54,16238.800000000001,17698.9
2022-09-01,8542,Electronic Integrated Circuits,8023.419999999999,8573.23,8931.4,8783.0
2022-10-01,8542,Electronic Integrated Circuits,25458.69,20624.41,24748.0,20289.0
2022-11-01,8542,Electronic Integrated Circuits,21880.0,20283.57,24822.7,23079.2
2022-12-01,8542,Electronic Integrated Circuits,4601.41,2784.74,4277.9,2922.2
2023-01-01,8542,Electronic Integrated Circuits,11252.25,9619.74,11587.0,8940.8
2023-02-01,8542,Electronic Integrated Circuits,22814.71,20717.16,26673.1,21782.5
2023-03-01,8542,Electronic Integrated Circuits,5359.5,4057.05,6442.4,4566.8
2023-04-01,8542,Electronic Integrated Circuits,10417.34,8426.91,11542.9,9944.7
2023-05-01,8542,Electronic Integrated Circuits,26731.239999999998,25914.06,26363.6,31443.2
2023-06-01,8542,Electronic Integrated Circuits,9929.03,9396.42,9997.0,11198.2
2023-07-01,8542,Electronic Integrated Circuits,22516.41,23284.53,25647.8,27401.9
2023-08-01,8542,Electronic Integrated Circuits,8410.98,7865.150000000001,9210.4,7095.7
2023-09-01,8542,Electronic Integrated Circuits,29689.0,26574.48,31294.8,29976.899999999998
2023-10-01,8542,Electronic Integrated Circuits,2127.19,1717.39,2310.8,2032.1
2023-11-01,8542,Electronic Integrated Circuits,29892.04,17956.5,35761.6,22686.5
2023-12-01,8542,Electronic Integrated Circuits,29936.079999999998,21806.04,37955.7,21353.899999999998
2024-01-01,8542,Electronic Integrated Circuits,19612.88,19035.69,21423.0,18077.5
2024-02-01,8542,Electronic Integrated Circuits,31473.559999999998,25178.03,36798.3,22850.600000000002
2024-03-01,8542,Electronic Integrated Circuits,25372.28,24736.89,26195.600000000002,27773.3
2024-04-01,8542,Electronic Integrated Circuits,22283.6,13564.31,24950.6,15425.800000000001
2024-05-01,8542,Electronic Integrated Circuits,14688.61,13836.980000000001,17896.8,14772.6
2024-06-01,8542,Electronic Integrated Circuits,22907.15,17305.11,28700.4,17887.7
2024-07-01,8542,Electronic Integrated Circuits,20089.16,14547.58,22169.5,15059.8
2024-08-01,8542,Electronic Integrated Circuits,13247.33,12636.72,15623.1,14078.599999999999
2024-09-01,8542,Electronic Integrated Circuits,6484.709999999999,5490.0199999999995,8257.7,6266.8
2024-10-01,8542,Electronic Integrated Circuits,13265.75,11577.470000000001,14639.5,10882.199999999999
2024-11-01,8542,Electronic Integrated Circuits,18759.45,14650.949999999999,19096.2,16256.0
2024-12-01,8542,Electronic Integrated Circuits,15684.509999999998,14129.21,16900.7,14762.900000000001
2025-01-01,8542,Electronic Integrated Circuits,3430.64,2883.48,3972.1000000000004,3215.5
2025-02-01,8542,Electronic Integrated Circuits,7807.56,4885.41,9279.4,4998.8
2025-03-01,8542,Electronic Integrated Circuits,39611.69,39150.119999999995,45926.0,45472.5
2025-04-01,8542,Electronic Integrated Circuits,34861.31,31319.26,39935.5,35268.6
2025-05-01,8542,Electronic Integrated Circuits,20822.34,17561.23,21655.8,18968.7
2025-06-01,8542,Electronic Integrated Circuits,16469.82,16616.81,18139.3,17013.8
2025-07-01,8542,Electronic Integrated Circuits,14488.12,10192.55,15380.3,11240.4
2025-08-01,8542,Electronic Integrated Circuits,6382.5199999999995,4588.1,6929.7,5042.3
2025-09-01,8542,Electronic Integrated Circuits,4375.42,4285.53,5269.3,5247.5
2025-10-01,8542,Electronic Integrated Circuits,17473.31,14200.949999999999,18579.8,15646.9
2025-11-01,8542,Electronic Integrated Circuits,3976.0,3050.16,4228.8,3261.5
2025-12-01,8542,Electronic Integrated Circuits,21633.6,17486.51,22551.4,20493.7
2026-01-01,8542,Electronic Integrated Circuits,2059.35,2047.8200000000002,2620.9,2260.5
2026-02-01,8542,Electronic Integrated Circuits,23476.06,25068.29,25289.5,29103.8
2026-03-01,8542,Electronic Integrated Circuits,20892.719999999998,21337.6,24441.7,21342.3
2026-04-01,8542,Electronic Integrated Circuits,24603.920000000002,24184.66,24575.0,24296.5
2026-05-01,8542,Electronic Integrated Circuits,17011.45,16485.33,22458.4,20305.2
2026-06-01,8542,Electronic Integrated Circuits,24456.420000000002,23263.27,28231.4,22623.8
2026-07-01,8542,Electronic Integrated Circuits,15398.42,12660.22,17342.4,13204.5
2026-08-01,8542,Electronic Integrated Circuits,20109.36,17144.6,24091.9,16682.1
2021-09-01,8703,Motor Cars & Vehicles,24210.5,21304.51,25299.0,24952.2
2021-10-01,8703,Motor Cars & Vehicles,13629.74,11641.11,15042.2,13550.3
2021-11-01,8703,Motor Cars & Vehicles,20831.94,17188.22,23234.7,17590.6
2021-12-01,8703,Motor Cars & Vehicles,26938.96,24360.45,28343.5,25743.6
2022-01-01,8703,Motor Cars & Vehicles,38919.92,29243.13,45211.0,32166.3
2022-02-01,8703,Motor Cars & Vehicles,31585.52,28080.07,33615.1,29608.0
2022-03-01,8703,Motor Cars & Vehicles,7732.34,5476.05,8564.8,6056.0
2022-04-01,8703,Motor Cars & Vehicles,28560.32,23597.690000000002,30933.7,26324.2
2022-05-01,8703,Motor Cars & Vehicles,28423.3,26056.73,32841.9,28892.6
2022-06-01,8703,Motor Cars & Vehicles,17244.2,12990.39,18707.7,13381.2
2022-07-01,8703,Motor Cars & Vehicles,19166.93,18354.42,20164.2,20694.4
2022-08-01,8703,Motor Cars & Vehicles,16875.75,13339.07,19776.4,14395.5
2022-09-01,8703,Motor Cars & Vehicles,3153.0099999999998,2851.46,3697.6,3171.9
2022-10-01,8703,Motor Cars & Vehicles,24711.7,19186.85,28296.4,22448.5
2022-11-01,8703,Motor Cars & Vehicles,12153.25,9755.85,12821.1,10554.6
2022-12-01,8703,Motor Cars & Vehicles,15988.2,14995.79,18758.6,16670.1
2023-01-01,8703,Motor Cars & Vehicles,38804.64,36749.11,40491.2,40398.5
2023-02-01,8703,Motor Cars & Vehicles,37592.88,30332.47,41945.5,34208.9
2023-03-01,8703,Motor Cars & Vehicles,29405.02,23438.329999999998,31905.5,25671.6
2023-04-01,8703,Motor Cars & Vehicles,3343.0,2645.87,3756.5,2941.4
2023-05-01,8703,Motor Cars & Vehicles,3748.65,3141.87,4272.2,3400.9
2023-06-01,8703,Motor Cars & Vehicles,32453.93,32554.06,34102.1,33186.0
2023-07-01,8703,Motor Cars & Vehicles,35719.36,31264.56,39621.0,35402.5
2023-08-01,8703,Motor Cars & Vehicles,30046.95,24723.05,32711.9,24953.9
2023-09-01,8703,Motor Cars & Vehicles,5278.14,4240.84,6035.1,4698.4
2023-10-01,8703,Motor Cars & Vehicles,5409.2,4745.84,5885.7,5324.7
2023-11-01,8703,Motor Cars & Vehicles,24481.91,22325.66,26364.2,26176.6
2023-12-01,8703,Motor Cars & Vehicles,9418.68,7895.54,10523.8,8739.2
2024-01-01,8703,Motor Cars & Vehicles,26017.47,25329.27,29191.6,27389.9
2024-02-01,8703,Motor Cars & Vehicles,21348.94,19785.41,23079.9,22050.1
2024-03-01,8703,Motor Cars & Vehicles,13202.380000000001,12870.62,15050.4,13797.5
2024-04-01,8703,Motor Cars & Vehicles,40460.42,34301.13,44281.0,36134.3
2024-05-01,8703,Motor Cars & Vehicles,23832.3,20350.65,26320.3,23031.8
2024-06-01,8703,Motor Cars & Vehicles,37223.35,28445.82,37902.0,30952.8
2024-07-01,8703,Motor Cars & Vehicles,41581.87,39595.06,49539.2,45825.3
2024-08-01,8703,Motor Cars & Vehicles,28917.53,26743.32,30430.2,29558.5
2024-09-01,8703,Motor Cars & Vehicles,25781.51,20263.98,29187.6,22583.5
2024-10-01,8703,Motor Cars & Vehicles,38951.56,29470.54,43284.3,31756.2
2024-11-01,8703,Motor Cars & Vehicles,40562.69,36385.89,43887.2,38445.0
2024-12-01,8703,Motor Cars & Vehicles,5774.17,5322.49,6456.6,5509.5
2025-01-01,8703,Motor Cars & Vehicles,42079.28,32398.21,46486.6,35440.5
2025-02-01,8703,Motor Cars & Vehicles,44197.04,36286.27,49328.4,39716.0
2025-03-01,8703,Motor Cars & Vehicles,31524.1,27506.09,34230.4,29291.4
2025-04-01,8703,Motor Cars & Vehicles,19986.65,13867.49,20685.6,14825.3
2025-05-01,8703,Motor Cars & Vehicles,42874.85,39424.41,45579.8,46208.1
2025-06-01,8703,Motor Cars & Vehicles,16741.63,13014.64,19447.3,14206.3
2025-07-01,8703,Motor Cars & Vehicles,19230.54,15858.4,20062.8,17899.8
2025-08-01,8703,Motor Cars & Vehicles,9377.56,7824.39,10635.3,8278.3
2025-09-01,8703,Motor Cars & Vehicles,21796.55,18832.17,23251.7,20986.4
2025-10-01,8703,Motor Cars & Vehicles,34597.63,29457.280000000002,36541.1,33484.7
2025-11-01,8703,Motor Cars & Vehicles,33501.14,28081.46,38319.1,31154.2
2025-12-01,8703,Motor Cars & Vehicles,13351.24,11429.67,14038.3,12950.0
2026-01-01,8703,Motor Cars & Vehicles,17883.0,14914.93,19118.0,16791.9
2026-02-01,8703,Motor Cars & Vehicles,46244.799999999996,40874.24,50830.7,45554.6
2026-03-01,8703,Motor Cars & Vehicles,29805.28,25862.11,35302.3,27465.4
2026-04-01,8703,Motor Cars & Vehicles,41922.78,36787.5,43151.2,41441.2
2026-05-01,8703,Motor Cars & Vehicles,36621.479999999996,34020.79,42388.2,37024.0
2026-06-01,8703,Motor Cars & Vehicles,62411.119999999995,54053.92,73011.8,60235.5
2026-07-01,8703,Motor Cars & Vehicles,7828.25,7041.04,8629.2,7961.1
2026-08-01,8703,Motor Cars & Vehicles,29774.69,25775.29,34036.7,29552.7
2021-09-01,8708,Motor Vehicle Parts,13504.08,12427.16,15014.2,13581.9
2021-10-01,8708,Motor Vehicle Parts,19281.63,17026.329999999998,21151.7,19424.3
2021-11-01,8708,Motor Vehicle Parts,26143.0,19145.37,29325.6,20331.1
2021-12-01,8708,Motor Vehicle Parts,7425.28,5978.46,8439.5,6588.2
2022-01-01,8708,Motor Vehicle Parts,11576.56,9435.54,12554.7,9747.2
2022-02-01,8708,Motor Vehicle Parts,22059.21,17648.98,24153.4,19827.7
2022-03-01,8708,Motor Vehicle Parts,39288.13,32175.25,45320.4,31329.6
2022-04-01,8708,Motor Vehicle Parts,23769.01,19565.36,26064.8,22412.9
2022-05-01,8708,Motor Vehicle Parts,3767.42,3194.75,4281.6,3586.2
2022-06-01,8708,Motor Vehicle Parts,34722.38,27516.5,39390.0,30571.0
2022-07-01,8708,Motor Vehicle Parts,21258.14,16327.45,22263.3,17766.2
2022-08-01,8708,Motor Vehicle Parts,30181.2,23989.5,31922.1,26002.6
2022-09-01,8708,Motor Vehicle Parts,28615.63,23418.82,29892.9,26239.8
2022-10-01,8708,Motor Vehicle Parts,31880.91,26440.99,36588.8,29313.3
2022-11-01,8708,Motor Vehicle Parts,27039.04,21866.28,30933.2,24598.0
2022-12-01,8708,Motor Vehicle Parts,25469.82,21445.77,27623.8,24039.8
2023-01-01,8708,Motor Vehicle Parts,25360.52,21082.33,25743.6,23862.3
2023-02-01,8708,Motor Vehicle Parts,7062.0,6325.17,7919.4,6835.5
2023-03-01,8708,Motor Vehicle Parts,15759.23,12875.9,17325.6,14143.5
2023-04-01,8708,Motor Vehicle Parts,16850.23,13871.5,18519.1,15732.3
2023-05-01,8708,Motor Vehicle Parts,38491.75,32704.14,42802.7,38585.5
2023-06-01,8708,Motor Vehicle Parts,14779.7,12060.67,15240.8,13342.5
2023-07-01,8708,Motor Vehicle Parts,9890.46,7737.5599999999995,10749.1,8262.3
2023-08-01,8708,Motor Vehicle Parts,6576.93,5703.59,7030.0,6281.8
2023-09-01,8708,Motor Vehicle Parts,27701.51,22998.98,28847.0,22572.2
2023-10-01,8708,Motor Vehicle Parts,35574.99,32863.98,39750.5,36320.8
2023-11-01,8708,Motor Vehicle Parts,16477.92,15089.23,17965.0,16677.8
2023-12-01,8708,Motor Vehicle Parts,23236.49,21583.19,25980.9,23801.5
2024-01-01,8708,Motor Vehicle Parts,21223.43,20076.37,23476.600000000002,21775.5
2024-02-01,8708,Motor Vehicle Parts,19977.66,14599.76,21828.1,15913.1
2024-03-01,8708,Motor Vehicle Parts,12974.16,10236.77,14293.2,11013.8
2024-04-01,8708,Motor Vehicle Parts,8653.28,7258.15,9448.3,7852.0
2024-05-01,8708,Motor Vehicle Parts,17384.67,14950.18,18562.4,16278.5
2024-06-01,8708,Motor Vehicle Parts,25222.55,20503.37,28025.4,23134.2
2024-07-01,8708,Motor Vehicle Parts,13634.34,12472.62,16197.8,13390.8
2024-08-01,8708,Motor Vehicle Parts,27413.58,23921.3,28512.3,26802.8
2024-09-01,8708,Motor Vehicle Parts,39386.46,34555.34,42815.1,36639.5
2024-10-01,8708,Motor Vehicle Parts,16495.62,14567.22,18435.5,15259.800000000001
2024-11-01,8708,Motor Vehicle Parts,27526.46,24056.16,29976.5,25159.0
2024-12-01,8708,Motor Vehicle Parts,35158.31,34471.1,41604.0,40477.7
2025-01-01,8708,Motor Vehicle Parts,12111.8,10282.72,13221.8,11463.9
2025-02-01,8708,Motor Vehicle Parts,46429.1,38780.84,49906.1,45553.2
2025-03-01,8708,Motor Vehicle Parts,44902.909999999996,36088.47,49957.9,37514.4
2025-04-01,8708,Motor Vehicle Parts,27536.12,27299.72,29938.6,28738.9
2025-05-01,8708,Motor Vehicle Parts,6171.6,5644.23,6437.2,6189.7
2025-06-01,8708,Motor Vehicle Parts,20027.86,16749.37,21420.8,18106.9
2025-07-01,8708,Motor Vehicle Parts,28214.82,26407.64,29762.6,29713.6
2025-08-01,8708,Motor Vehicle Parts,28425.54,19926.37,32205.3,22422.4
2025-09-01,8708,Motor Vehicle Parts,37719.19,32318.53,41838.4,36444.7
2025-10-01,8708,Motor Vehicle Parts,22781.0,18664.37,25576.2,20066.5
2025-11-01,8708,Motor Vehicle Parts,12107.51,9737.539999999999,13239.3,10636.1
2025-12-01,8708,Motor Vehicle Parts,30068.3,26272.66,33488.7,27658.4
2026-01-01,8708,Motor Vehicle Parts,19125.85,16461.44,21473.4,18596.2
2026-02-01,8708,Motor Vehicle Parts,31669.47,25381.42,34170.2,27041.2
2026-03-01,8708,Motor Vehicle Parts,38351.17,31467.11,42314.7,33674.5
2026-04-01,8708,Motor Vehicle Parts,32157.86,27412.39,35465.4,29596.7
2026-05-01,8708,Motor Vehicle Parts,26090.55,24333.61,29959.3,26239.9
2026-06-01,8708,Motor Vehicle Parts,32683.35,30239.07,35765.9,31516.5
2026-07-01,8708,Motor Vehicle Parts,38629.34,34158.57,44737.6,37370.799999999996
2026-08-01,8708,Motor Vehicle Parts,17674.05,14622.36,18939.7,15527.0
2021-09-01,8802,Aircraft & Spacecraft,25547.87,19908.25,28733.9,22238.7
2021-10-01,8802,Aircraft & Spacecraft,34004.46,28987.48,36290.9,32107.7
2021-11-01,8802,Aircraft & Spacecraft,6477.27,5680.34,6913.3,5839.5
2021-12-01,8802,Aircraft & Spacecraft,31978.98,26884.67,34873.2,31928.0
2022-01-01,8802,Aircraft & Spacecraft,24366.45,19885.58,26950.1,19914.6
2022-02-01,8802,Aircraft & Spacecraft,26361.94,22361.37,27417.9,24725.2
2022-03-01,8802,Aircraft & Spacecraft,18760.2,17948.2,21892.8,20199.8
2022-04-01,8802,Aircraft & Spacecraft,38474.97,28574.42,42267.8,31188.8
2022-05-01,8802,Aircraft & Spacecraft,12988.98,10962.26,14025.0,11578.5
2022-06-01,8802,Aircraft & Spacecraft,20058.52,20440.46,21702.7,23183.3
2022-07-01,8802,Aircraft & Spacecraft,7021.5,5888.53,8018.1,6035.9
2022-08-01,8802,Aircraft & Spacecraft,11260.61,8685.92,12687.5,9639.2
2022-09-01,8802,Aircraft & Spacecraft,14654.34,12938.35,15836.0,15405.6
2022-10-01,8802,Aircraft & Spacecraft,35189.62,28563.84,38756.0,30838.2
2022-11-01,8802,Aircraft & Spacecraft,2831.1,2445.38,3144.7,2721.0
2022-12-01,8802,Aircraft & Spacecraft,3319.56,2568.86,3808.4,2962.1
2023-01-01,8802,Aircraft & Spacecraft,21826.260000000002,17859.39,23906.7,20266.5
2023-02-01,8802,Aircraft & Spacecraft,8248.26,7429.67,8772.4,8154.7
2023-03-01,8802,Aircraft & Spacecraft,4817.42,3847.76,5412.0,4014.6000000000004
2023-04-01,8802,Aircraft & Spacecraft,4032.82,3409.75,4355.2,3578.1
2023-05-01,8802,Aircraft & Spacecraft,41254.18,37988.71,43169.9,42142.6
2023-06-01,8802,Aircraft & Spacecraft,25173.92,20305.56,28718.2,23266.7
2023-07-01,8802,Aircraft & Spacecraft,20757.4,16374.37,23190.5,17727.399999999998
2023-08-01,8802,Aircraft & Spacecraft,4515.51,3904.95,5135.0,4362.5
2023-09-01,8802,Aircraft & Spacecraft,9448.54,8030.46,9402.6,8533.0
2023-10-01,8802,Aircraft & Spacecraft,29417.04,24103.72,32923.5,25789.2
2023-11-01,8802,Aircraft & Spacecraft,28420.58,24159.23,30724.4,26619.4
2023-12-01,8802,Aircraft & Spacecraft,9662.66,8797.18,10588.4,9976.8
2024-01-01,8802,Aircraft & Spacecraft,4576.25,3834.28,5065.3,4008.3
2024-02-01,8802,Aircraft & Spacecraft,29448.48,25636.45,32264.1,30878.9
2024-03-01,8802,Aircraft & Spacecraft,7617.43,6429.84,8042.7,7619.2
2024-04-01,8802,Aircraft & Spacecraft,4434.4400000000005,3577.82,4938.2,3786.2
2024-05-01,8802,Aircraft & Spacecraft,22514.4,21222.59,27225.100000000002,23068.2
2024-06-01,8802,Aircraft & Spacecraft,29601.84,22939.29,30065.3,26483.2
2024-07-01,8802,Aircraft & Spacecraft,10330.56,8109.23,11350.8,9157.9
2024-08-01,8802,Aircraft & Spacecraft,4468.73,3791.73,4889.7,4374.8
2024-09-01,8802,Aircraft & Spacecraft,19373.53,15997.82,20480.9,18169.3
2024-10-01,8802,Aircraft & Spacecraft,26483.27,24056.28,28702.8,25040.2
2024-11-01,8802,Aircraft & Spacecraft,29494.56,21968.41,31237.3,24879.1
2024-12-01,8802,Aircraft & Spacecraft,37415.04,31211.87,41884.8,35848.8
2025-01-01,8802,Aircraft & Spacecraft,26014.29,20440.27,27737.3,22982.5
2025-02-01,8802,Aircraft & Spacecraft,36020.67,30014.09,41414.3,33127.5
2025-03-01,8802,Aircraft & Spacecraft,4613.25,3827.41,4979.6,4292.7
2025-04-01,8802,Aircraft & Spacecraft,25334.12,23802.89,26051.0,27417.4
2025-05-01,8802,Aircraft & Spacecraft,18237.25,15709.87,21071.9,16224.8
2025-06-01,8802,Aircraft & Spacecraft,12323.1,10756.77,14108.199999999999,11835.6
2025-07-01,8802,Aircraft & Spacecraft,23944.11,18916.51,27407.5,21038.3
2025-08-01,8802,Aircraft & Spacecraft,20665.54,17067.4,23469.9,19002.7
2025-09-01,8802,Aircraft & Spacecraft,35426.67,26732.46,40364.2,30628.2
2025-10-01,8802,Aircraft & Spacecraft,18591.22,16323.7,21475.8,16788.0
2025-11-01,8802,Aircraft & Spacecraft,26969.52,21278.6,29754.2,23046.8
2025-12-01,8802,Aircraft & Spacecraft,43673.48,35398.68,45559.7,34675.4
2026-01-01,8802,Aircraft & Spacecraft,7181.58,5744.93,8435.2,6029.2
2026-02-01,8802,Aircraft & Spacecraft,46849.13,41455.36,50288.1,45895.9
2026-03-01,8802,Aircraft & Spacecraft,23629.77,18687.51,26725.1,20760.4
2026-04-01,8802,Aircraft & Spacecraft,25981.4,22763.49,29081.8,27227.600000000002
2026-05-01,8802,Aircraft & Spacecraft,29967.32,26597.44,31889.8,30407.5
2026-06-01,8802,Aircraft & Spacecraft,62480.31,55718.93,62146.3,63445.4
2026-07-01,8802,Aircraft & Spacecraft,30275.88,25615.36,34978.1,27932.8
2026-08-01,8802,Aircraft & Spacecraft,12440.97,10946.119999999999,13448.4,11452.199999999999
2021-09-01,9018,Medical Instruments,11588.61,9296.36,12844.0,10273.5
2021-10-01,9018,Medical Instruments,34243.42,28776.7,37989.1,33323.5
2021-11-01,9018,Medical Instruments,19330.63,14265.369999999999,20618.9,15504.4
2021-12-01,9018,Medical Instruments,2890.17,2731.35,3106.4,2801.8
2022-01-01,9018,Medical Instruments,24217.05,22389.06,27737.9,25656.6
2022-02-01,9018,Medical Instruments,38285.85,26891.76,42718.5,31002.3
2022-03-01,9018,Medical Instruments,14236.119999999999,10467.94,15286.2,11788.9
2022-04-01,9018,Medical Instruments,26247.66,20196.75,28269.2,22139.1
2022-05-01,9018,Medical Instruments,4942.68,4537.4,5445.0,4795.3
2022-06-01,9018,Medical Instruments,6908.65,5587.14,7448.1,5990.0
2022-07-01,9018,Medical Instruments,9263.59,8076.63,10098.1,9697.9
2022-08-01,9018,Medical Instruments,22040.92,18871.16,24330.1,20465.5
2022-09-01,9018,Medical Instruments,29041.5,23184.22,32350.0,26695.0
2022-10-01,9018,Medical Instruments,31088.41,29376.13,36851.5,33777.9
2022-11-01,9018,Medical Instruments,8017.78,7154.07,8819.2,7972.5
2022-12-01,9018,Medical Instruments,32360.43,26149.39,35835.2,29315.5
2023-01-01,9018,Medical Instruments,31295.04,25016.22,32026.7,26680.2
2023-02-01,9018,Medical Instruments,33102.18,29147.9,34021.9,31855.6
2023-03-01,9018,Medical Instruments,4465.21,3664.51,4905.5,4291.1
2023-04-01,9018,Medical Instruments,30213.4,28374.14,33000.2,31927.6
2023-05-01,9018,Medical Instruments,28196.0,22732.96,30292.9,24400.4
2023-06-01,9018,Medical Instruments,20134.66,17204.29,22612.9,19232.5
2023-07-01,9018,Medical Instruments,29469.15,26389.15,30346.2,28497.0
2023-08-01,9018,Medical Instruments,9309.42,8368.08,10603.4,9641.7
2023-09-01,9018,Medical Instruments,25843.33,18206.95,28976.6,20365.3
2023-10-01,9018,Medical Instruments,21053.91,19813.62,23003.899999999998,22746.8
2023-11-01,9018,Medical Instruments,17513.35,14764.11,19811.0,15583.6
2023-12-01,9018,Medical Instruments,5483.41,4707.26,5959.3,5198.1
2024-01-01,9018,Medical Instruments,4366.33,3237.9500000000003,5102.6,3441.7
2024-02-01,9018,Medical Instruments,43339.28,36166.0,46225.5,40319.9
2024-03-01,9018,Medical Instruments,40866.4,33538.41,47910.6,37455.3
2024-04-01,9018,Medical Instruments,11175.79,9591.28,13017.8,10919.8
2024-05-01,9018,Medical Instruments,41865.7,38660.06,46999.0,38766.3
2024-06-01,9018,Medical Instruments,40926.81,32887.52,44635.3,37325.1
2024-07-01,9018,Medical Instruments,7069.31,5741.97,7621.9,6210.4
2024-08-01,9018,Medical Instruments,24699.82,20091.33,28445.2,23319.8
2024-09-01,9018,Medical Instruments,3873.85,2991.63,4115.9,3455.2
2024-10-01,9018,Medical Instruments,27158.02,23897.31,29876.9,27488.2
2024-11-01,9018,Medical Instruments,19384.22,15219.7,20867.5,17110.5
2024-12-01,9018,Medical Instruments,34266.69,28232.66,38025.9,28911.3
2025-01-01,9018,Medical Instruments,41770.59,34136.020000000004,48023.0,38165.5
2025-02-01,9018,Medical Instruments,15642.95,12738.47,18261.9,13974.0
2025-03-01,9018,Medical Instruments,30538.77,26004.71,35341.4,28199.9
2025-04-01,9018,Medical Instruments,5536.77,4349.75,5970.9,4625.8
2025-05-01,9018,Medical Instruments,13899.91,13443.82,14640.7,14638.199999999999
2025-06-01,9018,Medical Instruments,39949.71,35951.33,40131.6,39006.3
2025-07-01,9018,Medical Instruments,28529.11,23958.99,33658.4,25786.399999999998
2025-08-01,9018,Medical Instruments,7656.43,6559.84,8542.2,7874.2
2025-09-01,9018,Medical Instruments,35352.46,26673.69,40107.2,29957.5
2025-10-01,9018,Medical Instruments,28169.21,22967.69,28892.3,25112.4
2025-11-01,9018,Medical Instruments,5112.95,4809.01,5438.7,5366.1
2025-12-01,9018,Medical Instruments,9065.9,7919.43,10111.1,8532.3
2026-01-01,9018,Medical Instruments,43969.9,35491.630000000005,48873.6,40603.8
2026-02-01,9018,Medical Instruments,10630.68,7605.93,12194.3,8492.9
2026-03-01,9018,Medical Instruments,4917.1,3657.2799999999997,5315.7,4021.8
2026-04-01,9018,Medical Instruments,35010.62,29900.24,37697.5,33481.7
2026-05-01,9018,Medical Instruments,37710.93,32644.5,41251.9,33170.5
2026-06-01,9018,Medical Instruments,24594.739999999998,23296.01,27151.7,25127.1
2026-07-01,9018,Medical Instruments,41759.42,40853.8,44135.9,44310.1
2026-08-01,9018,Medical Instruments,20702.57,18108.83,24314.0,20906.7
2021-09-01,9401,Seats,32920.76,26950.41,36516.0,30059.8
2021-10-01,9401,Seats,24354.06,21361.84,28037.1,22813.0
2021-11-01,9401,Seats,14310.14,10875.710000000001,14803.6,11472.9
2021-12-01,9401,Seats,14878.18,12804.59,15792.4,13132.6
2022-01-01,9401,Seats,6568.85,4782.05,7598.8,5146.1
2022-02-01,9401,Seats,34824.119999999995,28685.54,38803.2,31926.6
2022-03-01,9401,Seats,14016.03,13069.07,16054.4,14496.6
2022-04-01,9401,Seats,12817.04,10758.76,13517.6,11862.0
2022-05-01,9401,Seats,38131.53,33407.72,40951.1,36627.7
2022-06-01,9401,Seats,31523.9,25008.19,33330.9,27720.0
2022-07-01,9401,Seats,4182.46,3623.15,4598.6,4280.8
2022-08-01,9401,Seats,26334.3,22495.53,26450.8,26087.8
2022-09-01,9401,Seats,26787.0,23438.11,28703.2,25197.8
2022-10-01,9401,Seats,3517.0099999999998,2880.7200000000003,3643.2,3303.0
2022-11-01,9401,Seats,7036.39,5717.04,7913.7,6349.3
2022-12-01,9401,Seats,25371.94,22325.91,27974.7,24849.899999999998
2023-01-01,9401,Seats,39369.62,36534.22,41772.7,35411.4
2023-02-01,9401,Seats,26789.49,19939.37,29858.2,24320.100000000002
2023-03-01,9401,Seats,17413.47,14014.869999999999,20211.5,14439.9
2023-04-01,9401,Seats,19676.75,17227.97,22633.7,19174.899999999998
2023-05-01,9401,Seats,28296.66,27340.53,30812.7,28963.5
2023-06-01,9401,Seats,18865.69,16354.2,20569.0,19326.1
2023-07-01,9401,Seats,25679.73,19464.87,28115.5,22473.2
2023-08-01,9401,Seats,13342.05,11420.65,14890.2,13872.5
2023-09-01,9401,Seats,37104.41,30758.34,40767.2,32485.9
2023-10-01,9401,Seats,19006.37,17715.22,20242.0,20045.8
2023-11-01,9401,Seats,15771.69,12733.85,17682.3,13067.2
2023-12-01,9401,Seats,36674.64,29261.850000000002,41595.299999999996,33225.3
2024-01-01,9401,Seats,36619.409999999996,29669.38,38771.3,31957.7
2024-02-01,9401,Seats,18049.22,16670.18,21158.2,18156.2
2024-03-01,9401,Seats,3925.3,3619.88,4193.4,3930.9
2024-04-01,9401,Seats,8600.72,6748.52,9988.6,7499.2
2024-05-01,9401,Seats,28582.46,24294.21,32237.2,27901.0
2024-06-01,9401,Seats,22788.33,21625.46,23120.8,22873.3
2024-07-01,9401,Seats,38485.47,32779.11,43014.1,37037.6
2024-08-01,9401,Seats,31861.75,26962.63,35363.0,29970.8
2024-09-01,9401,Seats,31896.2,24715.36,34190.5,27181.6
2024-10-01,9401,Seats,15581.11,13169.88,17872.3,14441.1
2024-11-01,9401,Seats,10028.17,8753.43,11245.7,10259.8
2024-12-01,9401,Seats,40943.69,32025.57,46022.8,36732.8
2025-01-01,9401,Seats,19371.85,16072.01,23169.1,16892.3
2025-02-01,9401,Seats,27523.0,23309.35,29807.1,25679.899999999998
2025-03-01,9401,Seats,5880.88,5305.349999999999,6703.1,5795.2
2025-04-01,9401,Seats,36156.26,30486.87,38779.3,35491.7
2025-05-01,9401,Seats,42185.27,38385.87,47870.6,42420.6
2025-06-01,9401,Seats,10905.619999999999,8731.98,11777.8,9607.1
2025-07-01,9401,Seats,38410.24,37691.32,40629.8,45306.7
2025-08-01,9401,Seats,21043.89,18188.29,22380.5,20103.3
2025-09-01,9401,Seats,27220.96,23806.510000000002,30348.8,27695.0
2025-10-01,9401,Seats,14639.25,12900.91,15868.5,14478.5
2025-11-01,9401,Seats,31609.4,24384.93,36337.799999999996,25627.8
2025-12-01,9401,Seats,10627.78,8757.34,11600.4,9881.6
2026-01-01,9401,Seats,25769.81,25667.53,29598.8,29216.6
2026-02-01,9401,Seats,29062.52,26759.83,32918.3,31460.0
2026-03-01,9401,Seats,41575.94,33605.6,45922.1,36233.3
2026-04-01,9401,Seats,46511.05,41486.24,49544.1,43814.4
2026-05-01,9401,Seats,5778.91,4467.93,6232.7,5013.599999999999
2026-06-01,9401,Seats,29467.03,23390.7,32114.0,26166.4
2026-07-01,9401,Seats,34432.13,34219.2,38327.6,37940.8
2026-08-01,9401,Seats,25395.47,20742.55,28779.7,21093.2
