date,country,hs_code,commodity,critical,import_value_usd_m,export_value_usd_m,year,month,import_volume_teu,export_volume_teu
2026-03-01,AFRICA,2709,Crude Petroleum Oils,True,533.427577,163.67813,2026,3,586.8,180.0
2026-03-01,ALGERIA,2709,Crude Petroleum Oils,True,0.0,0.0,2026,3,0.0,0.0
2026-03-01,ANGOLA,2709,Crude Petroleum Oils,True,14.132499,0.0,2026,3,15.5,0.0
2026-03-01,APEC,2709,Crude Petroleum Oils,True,7791.384082,5077.150958,2026,3,8570.5,5584.9
2026-03-01,ARGENTINA,2709,Crude Petroleum Oils,True,252.277721,0.0,2026,3,277.5,0.0
2026-03-01,ASEAN,2709,Crude Petroleum Oils,True,0.0,615.64502,2026,3,0.0,677.2
2026-03-01,ASIA,2709,Crude Petroleum Oils,True,1500.811191,4447.775077,2026,3,1650.9,4892.6
2026-03-01,AUSTRALIA,2709,Crude Petroleum Oils,True,0.0,73.754201,2026,3,0.0,81.1
2026-03-01,AUSTRALIA AND OCEANIA,2709,Crude Petroleum Oils,True,0.0,73.754201,2026,3,0.0,81.1
2026-03-01,BRAZIL,2709,Crude Petroleum Oils,True,222.245621,105.494847,2026,3,244.5,116.0
2026-03-01,CACM,2709,Crude Petroleum Oils,True,0.0,21.137645,2026,3,0.0,23.3
2026-03-01,CAFTA-DR,2709,Crude Petroleum Oils,True,0.0,115.103209,2026,3,0.0,126.6
2026-03-01,CAMEROON,2709,Crude Petroleum Oils,True,0.0,0.0,2026,3,0.0,0.0
2026-03-01,CANADA,2709,Crude Petroleum Oils,True,7076.908655,929.467774,2026,3,7784.6,1022.4
2026-03-01,CENTRAL AMERICA,2709,Crude Petroleum Oils,True,34.666591,115.103209,2026,3,38.1,126.6
2026-03-01,CHINA,2709,Crude Petroleum Oils,True,0.0,0.0,2026,3,0.0,0.0
2026-03-01,COLOMBIA,2709,Crude Petroleum Oils,True,356.167195,197.853404,2026,3,391.8,217.6
2026-03-01,COTE D'IVOIRE,2709,Crude Petroleum Oils,True,1.983806,0.0,2026,3,2.2,0.0
2026-03-01,DEMOCRATIC REPUBLIC OF THE CONGO,2709,Crude Petroleum Oils,True,33.611,0.0,2026,3,37.0,0.0
2026-03-01,DENMARK,2709,Crude Petroleum Oils,True,0.0,73.94835,2026,3,0.0,81.3
2026-03-01,DOMINICAN REPUBLIC,2709,Crude Petroleum Oils,True,0.0,93.965564,2026,3,0.0,103.4
2026-03-01,ECUADOR,2709,Crude Petroleum Oils,True,273.991858,0.0,2026,3,301.4,0.0
2026-03-01,EURO AREA,2709,Crude Petroleum Oils,True,0.0,3680.299667,2026,3,0.0,4048.3
2026-03-01,EUROPE,2709,Crude Petroleum Oils,True,138.068771,4572.783363,2026,3,151.9,5030.1
2026-03-01,EUROPEAN UNION,2709,Crude Petroleum Oils,True,0.0,3969.293831,2026,3,0.0,4366.2
2026-03-01,FINLAND,2709,Crude Petroleum Oils,True,0.0,65.089845,2026,3,0.0,71.6
2026-03-01,FRANCE,2709,Crude Petroleum Oils,True,0.0,402.048646,2026,3,0.0,442.3
2026-03-01,GABON,2709,Crude Petroleum Oils,True,29.524251,0.0,2026,3,32.5,0.0
2026-03-01,GERMANY,2709,Crude Petroleum Oils,True,0.0,255.297737,2026,3,0.0,280.8
2026-03-01,GHANA,2709,Crude Petroleum Oils,True,230.746469,0.0,2026,3,253.8,0.0
2026-03-01,GUYANA,2709,Crude Petroleum Oils,True,499.213729,0.0,2026,3,549.1,0.0
2026-03-01,INDIA,2709,Crude Petroleum Oils,True,0.1686,413.811014,2026,3,0.2,455.2
2026-03-01,IRAQ,2709,Crude Petroleum Oils,True,362.458456,0.0,2026,3,398.7,0.0
2026-03-01,IRELAND,2709,Crude Petroleum Oils,True,0.0,57.49044,2026,3,0.0,63.2
2026-03-01,ISRAEL,2709,Crude Petroleum Oils,True,0.0,0.0,2026,3,0.0,0.0
2026-03-01,ITALY,2709,Crude Petroleum Oils,True,0.0,295.596616,2026,3,0.0,325.2
2026-03-01,JAPAN,2709,Crude Petroleum Oils,True,0.0,872.837919,2026,3,0.0,960.1
2026-03-01,KUWAIT,2709,Crude Petroleum Oils,True,0.0,0.0,2026,3,0.0,0.0
2026-03-01,LAFTA,2709,Crude Petroleum Oils,True,2676.780951,408.72954,2026,3,2944.5,449.6
2026-03-01,LIBYA,2709,Crude Petroleum Oils,True,112.005219,0.0,2026,3,123.2,0.0
2026-03-01,MALAYSIA,2709,Crude Petroleum Oils,True,0.0,0.0,2026,3,0.0,0.0
2026-03-01,MEXICO,2709,Crude Petroleum Oils,True,714.475427,0.0,2026,3,785.9,0.0
2026-03-01,NATO,2709,Crude Petroleum Oils,True,7214.977426,5444.760697,2026,3,7936.5,5989.2
2026-03-01,NETHERLANDS,2709,Crude Petroleum Oils,True,0.0,2327.934949,2026,3,0.0,2560.7
2026-03-01,NICARAGUA,2709,Crude Petroleum Oils,True,0.0,21.137645,2026,3,0.0,23.3
2026-03-01,NIGERIA,2709,Crude Petroleum Oils,True,111.424333,163.67813,2026,3,122.6,180.0
2026-03-01,NORTH AMERICA,2709,Crude Petroleum Oils,True,7791.384082,929.467774,2026,3,8570.5,1022.4
2026-03-01,NORWAY,2709,Crude Petroleum Oils,True,1.262306,122.75017,2026,3,1.4,135.0
2026-03-01,OECD,2709,Crude Petroleum Oils,True,8285.620048,8625.232752,2026,3,9114.2,9487.8
2026-03-01,PACIFIC RIM COUNTRIES,2709,Crude Petroleum Oils,True,0.0,3585.313954,2026,3,0.0,3943.8
2026-03-01,PAKISTAN,2709,Crude Petroleum Oils,True,0.0,0.0,2026,3,0.0,0.0
2026-03-01,PERU,2709,Crude Petroleum Oils,True,0.0,39.96492,2026,3,0.0,44.0
2026-03-01,SAUDI ARABIA,2709,Crude Petroleum Oils,True,1138.184135,0.0,2026,3,1252.0,0.0
2026-03-01,SINGAPORE,2709,Crude Petroleum Oils,True,0.0,93.24071,2026,3,0.0,102.6
2026-03-01,SOUTH AMERICA,2709,Crude Petroleum Oils,True,2461.519253,408.72954,2026,3,2707.7,449.6
2026-03-01,SPAIN,2709,Crude Petroleum Oils,True,0.0,276.841434,2026,3,0.0,304.5
2026-03-01,SWEDEN,2709,Crude Petroleum Oils,True,0.0,215.045814,2026,3,0.0,236.6
2026-03-01,South Korea,2709,Crude Petroleum Oils,True,0.0,1978.536091,2026,3,0.0,2176.4
2026-03-01,TAIWAN,2709,Crude Petroleum Oils,True,0.0,566.945033,2026,3,0.0,623.6
2026-03-01,THAILAND,2709,Crude Petroleum Oils,True,0.0,522.40431,2026,3,0.0,574.6
2026-03-01,TOTAL FOR ALL COUNTRIES,2709,Crude Petroleum Oils,True,12459.877465,10711.291294,2026,3,13705.9,11782.4
2026-03-01,TRINIDAD AND TOBAGO,2709,Crude Petroleum Oils,True,34.666591,0.0,2026,3,38.1,0.0
2026-03-01,TWENTY LATIN AMERICAN REPUBLICS,2709,Crude Petroleum Oils,True,2676.780951,523.832749,2026,3,2944.5,576.2
2026-03-01,UNITED KINGDOM,2709,Crude Petroleum Oils,True,136.806465,480.739362,2026,3,150.5,528.8
2026-03-01,URUGUAY,2709,Crude Petroleum Oils,True,0.0,65.416369,2026,3,0.0,72.0
2026-03-01,USMCA (NAFTA),2709,Crude Petroleum Oils,True,7791.384082,929.467774,2026,3,8570.5,1022.4
2026-03-01,VENEZUELA,2709,Crude Petroleum Oils,True,857.623129,0.0,2026,3,943.4,0.0
2026-03-01,VIETNAM,2709,Crude Petroleum Oils,True,0.0,0.0,2026,3,0.0,0.0
2026-03-01,AFRICA,2711,Petroleum Gases,True,7.822529,573.524432,2026,3,8.6,630.9
2026-03-01,ALBANIA,2711,Petroleum Gases,True,0.0,0.0,2026,3,0.0,0.0
2026-03-01,ALGERIA,2711,Petroleum Gases,True,0.0,0.0,2026,3,0.0,0.0
2026-03-01,ANGOLA,2711,Petroleum Gases,True,0.0,0.002789,2026,3,0.0,0.0
2026-03-01,ANGUILLA,2711,Petroleum Gases,True,0.0,0.06258,2026,3,0.0,0.1
2026-03-01,ANTIGUA AND BARBUDA,2711,Petroleum Gases,True,0.0,0.021135,2026,3,0.0,0.0
2026-03-01,APEC,2711,Petroleum Gases,True,1329.810479,3245.675925,2026,3,1462.8,3570.2
2026-03-01,ARGENTINA,2711,Petroleum Gases,True,0.0,0.0,2026,3,0.0,0.0
2026-03-01,ARUBA,2711,Petroleum Gases,True,0.0,0.476112,2026,3,0.0,0.5
2026-03-01,ASEAN,2711,Petroleum Gases,True,0.041051,319.379602,2026,3,0.0,351.3
2026-03-01,ASIA,2711,Petroleum Gases,True,2.240835,2571.024791,2026,3,2.5,2828.1
2026-03-01,AUSTRALIA,2711,Petroleum Gases,True,0.0,0.062285,2026,3,0.0,0.1
2026-03-01,AUSTRALIA AND OCEANIA,2711,Petroleum Gases,True,0.0,0.062285,2026,3,0.0,0.1
2026-03-01,AUSTRIA,2711,Petroleum Gases,True,0.0,0.00252,2026,3,0.0,0.0
2026-03-01,BAHAMAS,2711,Petroleum Gases,True,0.0,2.740512,2026,3,0.0,3.0
2026-03-01,BANGLADESH,2711,Petroleum Gases,True,0.0,68.00104,2026,3,0.0,74.8
2026-03-01,BARBADOS,2711,Petroleum Gases,True,0.0,0.931893,2026,3,0.0,1.0
2026-03-01,BELGIUM,2711,Petroleum Gases,True,0.0,105.932667,2026,3,0.0,116.5
2026-03-01,BELIZE,2711,Petroleum Gases,True,0.0,1.854403,2026,3,0.0,2.0
2026-03-01,BOLIVIA,2711,Petroleum Gases,True,0.0,0.0,2026,3,0.0,0.0
2026-03-01,BRAZIL,2711,Petroleum Gases,True,0.0,84.650109,2026,3,0.0,93.1
2026-03-01,BRITISH VIRGIN ISLANDS,2711,Petroleum Gases,True,0.0,0.058614,2026,3,0.0,0.1
2026-03-01,CACM,2711,Petroleum Gases,True,0.0,98.759374,2026,3,0.0,108.6
2026-03-01,CAFTA-DR,2711,Petroleum Gases,True,0.0,189.868085,2026,3,0.0,208.9
2026-03-01,CAMEROON,2711,Petroleum Gases,True,0.0,0.0,2026,3,0.0,0.0
2026-03-01,CANADA,2711,Petroleum Gases,True,1312.713397,479.919715,2026,3,1444.0,527.9
2026-03-01,CAYMAN ISLANDS,2711,Petroleum Gases,True,0.0,0.875398,2026,3,0.0,1.0
2026-03-01,CENTRAL AMERICA,2711,Petroleum Gases,True,23.912512,227.573901,2026,3,26.3,250.3
2026-03-01,CHAD,2711,Petroleum Gases,True,0.0,0.0,2026,3,0.0,0.0
2026-03-01,CHILE,2711,Petroleum Gases,True,0.0,72.470851,2026,3,0.0,79.7
2026-03-01,CHINA,2711,Petroleum Gases,True,0.209536,220.642988,2026,3,0.2,242.7
2026-03-01,COLOMBIA,2711,Petroleum Gases,True,0.0,33.984024,2026,3,0.0,37.4
2026-03-01,CONGO,2711,Petroleum Gases,True,0.0,0.200474,2026,3,0.0,0.2
2026-03-01,COSTA RICA,2711,Petroleum Gases,True,0.0,3.102618,2026,3,0.0,3.4
2026-03-01,COTE D'IVOIRE,2711,Petroleum Gases,True,0.0,9.689946,2026,3,0.0,10.7
2026-03-01,CROATIA,2711,Petroleum Gases,True,0.0,20.792606,2026,3,0.0,22.9
2026-03-01,CZECH REPUBLIC,2711,Petroleum Gases,True,0.0,0.015853,2026,3,0.0,0.0
2026-03-01,DOMINICAN REPUBLIC,2711,Petroleum Gases,True,0.0,91.108711,2026,3,0.0,100.2
2026-03-01,ECUADOR,2711,Petroleum Gases,True,0.0,48.504528,2026,3,0.0,53.4
2026-03-01,EGYPT,2711,Petroleum Gases,True,0.0,463.387513,2026,3,0.0,509.7
2026-03-01,EL SALVADOR,2711,Petroleum Gases,True,0.0,59.792134,2026,3,0.0,65.8
2026-03-01,EQUATORIAL GUINEA,2711,Petroleum Gases,True,7.822529,0.0,2026,3,8.6,0.0
2026-03-01,EURO AREA,2711,Petroleum Gases,True,0.39892,2518.180792,2026,3,0.4,2770.0
2026-03-01,EUROPE,2711,Petroleum Gases,True,0.548031,3117.199714,2026,3,0.6,3428.9
2026-03-01,EUROPEAN UNION,2711,Petroleum Gases,True,0.414504,2664.587586,2026,3,0.5,2931.0
2026-03-01,FINLAND,2711,Petroleum Gases,True,0.0,24.237448,2026,3,0.0,26.7
2026-03-01,FRANCE,2711,Petroleum Gases,True,0.217352,501.720763,2026,3,0.2,551.9
2026-03-01,GABON,2711,Petroleum Gases,True,0.0,0.0,2026,3,0.0,0.0
2026-03-01,GERMANY,2711,Petroleum Gases,True,0.018884,398.621566,2026,3,0.0,438.5
2026-03-01,GHANA,2711,Petroleum Gases,True,0.0,5.978587,2026,3,0.0,6.6
2026-03-01,GIBRALTAR,2711,Petroleum Gases,True,0.0,0.0,2026,3,0.0,0.0
2026-03-01,GREECE,2711,Petroleum Gases,True,0.0,63.472537,2026,3,0.0,69.8
2026-03-01,GUATEMALA,2711,Petroleum Gases,True,0.0,12.456138,2026,3,0.0,13.7
2026-03-01,GUYANA,2711,Petroleum Gases,True,0.0,0.0,2026,3,0.0,0.0
2026-03-01,HAITI,2711,Petroleum Gases,True,0.0,1.808636,2026,3,0.0,2.0
2026-03-01,HONDURAS,2711,Petroleum Gases,True,0.0,23.408484,2026,3,0.0,25.7
2026-03-01,HONG KONG,2711,Petroleum Gases,True,0.0,0.029993,2026,3,0.0,0.0
2026-03-01,INDIA,2711,Petroleum Gases,True,0.0,476.314836,2026,3,0.0,523.9
2026-03-01,INDONESIA,2711,Petroleum Gases,True,0.041051,143.578496,2026,3,0.0,157.9
2026-03-01,IRAQ,2711,Petroleum Gases,True,0.0,0.0,2026,3,0.0,0.0
2026-03-01,IRELAND,2711,Petroleum Gases,True,0.0,0.0,2026,3,0.0,0.0
2026-03-01,ISRAEL,2711,Petroleum Gases,True,0.0,0.068517,2026,3,0.0,0.1
2026-03-01,ITALY,2711,Petroleum Gases,True,0.157396,338.822484,2026,3,0.2,372.7
2026-03-01,JAMAICA,2711,Petroleum Gases,True,0.0,16.668997,2026,3,0.0,18.3
2026-03-01,JAPAN,2711,Petroleum Gases,True,0.0,701.765656,2026,3,0.0,771.9
2026-03-01,JORDAN,2711,Petroleum Gases,True,0.0,31.41991,2026,3,0.0,34.6
2026-03-01,KENYA,2711,Petroleum Gases,True,0.0,24.085547,2026,3,0.0,26.5
2026-03-01,LAFTA,2711,Petroleum Gases,True,17.696965,937.612098,2026,3,19.5,1031.4
2026-03-01,LATVIA,2711,Petroleum Gases,True,0.0,9.356,2026,3,0.0,10.3
2026-03-01,LIBYA,2711,Petroleum Gases,True,0.0,0.0,2026,3,0.0,0.0
2026-03-01,LITHUANIA,2711,Petroleum Gases,True,0.0,40.0,2026,3,0.0,44.0
2026-03-01,MALAYSIA,2711,Petroleum Gases,True,0.0,0.0,2026,3,0.0,0.0
2026-03-01,MALDIVES,2711,Petroleum Gases,True,0.0,0.0,2026,3,0.0,0.0
2026-03-01,MEXICO,2711,Petroleum Gases,True,14.994713,667.53635,2026,3,16.5,734.3
2026-03-01,MOROCCO,2711,Petroleum Gases,True,0.0,52.598307,2026,3,0.0,57.9
2026-03-01,NATO,2711,Petroleum Gases,True,1313.261428,3597.099983,2026,3,1444.6,3956.8
2026-03-01,NETHERLANDS,2711,Petroleum Gases,True,0.0,530.427661,2026,3,0.0,583.5
2026-03-01,NIGERIA,2711,Petroleum Gases,True,0.0,0.0,2026,3,0.0,0.0
2026-03-01,NORTH AMERICA,2711,Petroleum Gases,True,1327.70811,1147.456065,2026,3,1460.5,1262.2
2026-03-01,NORWAY,2711,Petroleum Gases,True,0.0,4.006562,2026,3,0.0,4.4
2026-03-01,OECD,2711,Petroleum Gases,True,1330.107923,5534.154966,2026,3,1463.1,6087.6
2026-03-01,OMAN,2711,Petroleum Gases,True,0.0,0.0,2026,3,0.0,0.0
2026-03-01,PACIFIC RIM COUNTRIES,2711,Petroleum Gases,True,2.102369,1878.162045,2026,3,2.3,2066.0
2026-03-01,PANAMA,2711,Petroleum Gases,True,0.0,11.999852,2026,3,0.0,13.2
2026-03-01,PERU,2711,Petroleum Gases,True,0.0,30.466236,2026,3,0.0,33.5
2026-03-01,PHILIPPINES,2711,Petroleum Gases,True,0.0,9.2901,2026,3,0.0,10.2
2026-03-01,POLAND,2711,Petroleum Gases,True,0.0,84.358862,2026,3,0.0,92.8
2026-03-01,PORTUGAL,2711,Petroleum Gases,True,0.0,79.766513,2026,3,0.0,87.7
2026-03-01,ROMANIA,2711,Petroleum Gases,True,0.0,0.0,2026,3,0.0,0.0
2026-03-01,SAUDI ARABIA,2711,Petroleum Gases,True,0.0,0.0,2026,3,0.0,0.0
2026-03-01,SENEGAL,2711,Petroleum Gases,True,0.0,11.734612,2026,3,0.0,12.9
2026-03-01,SINGAPORE,2711,Petroleum Gases,True,0.0,49.390278,2026,3,0.0,54.3
2026-03-01,SINT MAARTEN,2711,Petroleum Gases,True,0.0,0.130232,2026,3,0.0,0.1
2026-03-01,SLOVENIA,2711,Petroleum Gases,True,0.005288,0.0,2026,3,0.0,0.0
2026-03-01,SOUTH AFRICA,2711,Petroleum Gases,True,0.0,2.33437,2026,3,0.0,2.6
2026-03-01,SOUTH AMERICA,2711,Petroleum Gases,True,2.702252,270.075748,2026,3,3.0,297.1
2026-03-01,SPAIN,2711,Petroleum Gases,True,0.0,405.028027,2026,3,0.0,445.5
2026-03-01,SWEDEN,2711,Petroleum Gases,True,0.015584,62.032079,2026,3,0.0,68.2
2026-03-01,SWITZERLAND,2711,Petroleum Gases,True,0.0,0.016926,2026,3,0.0,0.0
2026-03-01,South Korea,2711,Petroleum Gases,True,1.851782,478.837842,2026,3,2.0,526.7
2026-03-01,TAIWAN,2711,Petroleum Gases,True,0.0,274.564407,2026,3,0.0,302.0
2026-03-01,TANZANIA,2711,Petroleum Gases,True,0.0,3.512287,2026,3,0.0,3.9
2026-03-01,THAILAND,2711,Petroleum Gases,True,0.0,96.790036,2026,3,0.0,106.5
2026-03-01,TOGO,2711,Petroleum Gases,True,0.0,0.0,2026,3,0.0,0.0
2026-03-01,TOTAL FOR ALL COUNTRIES,2711,Petroleum Gases,True,1364.934269,7906.916936,2026,3,1501.4,8697.6
2026-03-01,TRINIDAD AND TOBAGO,2711,Petroleum Gases,True,23.912512,0.0,2026,3,26.3,0.0
2026-03-01,TUNISIA,2711,Petroleum Gases,True,0.0,0.0,2026,3,0.0,0.0
2026-03-01,TURKEY,2711,Petroleum Gases,True,0.0,177.666784,2026,3,0.0,195.4
2026-03-01,TURKS AND CAICOS ISLANDS,2711,Petroleum Gases,True,0.0,0.077452,2026,3,0.0,0.1
2026-03-01,TWENTY LATIN AMERICAN REPUBLICS,2711,Petroleum Gases,True,17.696965,1141.288671,2026,3,19.5,1255.4
2026-03-01,UNITED ARAB EMIRATES,2711,Petroleum Gases,True,0.138466,0.0,2026,3,0.2,0.0
2026-03-01,UNITED KINGDOM,2711,Petroleum Gases,True,0.133527,270.921856,2026,3,0.1,298.0
2026-03-01,URUGUAY,2711,Petroleum Gases,True,0.0,0.0,2026,3,0.0,0.0
2026-03-01,USMCA (NAFTA),2711,Petroleum Gases,True,1327.70811,1147.456065,2026,3,1460.5,1262.2
2026-03-01,VENEZUELA,2711,Petroleum Gases,True,2.702252,0.0,2026,3,3.0,0.0
2026-03-01,VIETNAM,2711,Petroleum Gases,True,0.0,20.330692,2026,3,0.0,22.4
2026-03-01,AFGHANISTAN,3004,Medicaments Packaged,True,0.0,0.0,2026,3,0.0,0.0
2026-03-01,AFRICA,3004,Medicaments Packaged,True,0.436009,13.204664,2026,3,0.5,14.5
2026-03-01,ALBANIA,3004,Medicaments Packaged,True,0.0,0.016089,2026,3,0.0,0.0
2026-03-01,ALGERIA,3004,Medicaments Packaged,True,0.0,1.818135,2026,3,0.0,2.0
2026-03-01,ANDORRA,3004,Medicaments Packaged,True,0.0,0.048553,2026,3,0.0,0.1
2026-03-01,ANGUILLA,3004,Medicaments Packaged,True,0.0,0.0,2026,3,0.0,0.0
2026-03-01,ANTIGUA AND BARBUDA,3004,Medicaments Packaged,True,0.0,0.05981,2026,3,0.0,0.1
2026-03-01,APEC,3004,Medicaments Packaged,True,1080.663179,1138.754481,2026,3,1188.7,1252.6
2026-03-01,ARGENTINA,3004,Medicaments Packaged,True,0.473408,19.620242,2026,3,0.5,21.6
2026-03-01,ARMENIA,3004,Medicaments Packaged,True,0.0,0.019728,2026,3,0.0,0.0
2026-03-01,ARUBA,3004,Medicaments Packaged,True,0.0,0.073103,2026,3,0.0,0.1
2026-03-01,ASEAN,3004,Medicaments Packaged,True,327.654175,59.692166,2026,3,360.4,65.7
2026-03-01,ASIA,3004,Medicaments Packaged,True,1806.311309,709.875746,2026,3,1986.9,780.9
2026-03-01,AUSTRALIA,3004,Medicaments Packaged,True,7.575142,101.413924,2026,3,8.3,111.6
2026-03-01,AUSTRALIA AND OCEANIA,3004,Medicaments Packaged,True,8.343174,105.696911,2026,3,9.2,116.3
2026-03-01,AUSTRIA,3004,Medicaments Packaged,True,39.299838,0.071772,2026,3,43.2,0.1
2026-03-01,AZERBAIJAN,3004,Medicaments Packaged,True,0.0,0.031985,2026,3,0.0,0.0
2026-03-01,BAHAMAS,3004,Medicaments Packaged,True,0.0,0.605121,2026,3,0.0,0.7
2026-03-01,BAHRAIN,3004,Medicaments Packaged,True,0.0,0.272213,2026,3,0.0,0.3
2026-03-01,BANGLADESH,3004,Medicaments Packaged,True,1.971517,0.290588,2026,3,2.2,0.3
2026-03-01,BARBADOS,3004,Medicaments Packaged,True,0.0,0.400186,2026,3,0.0,0.4
2026-03-01,BELGIUM,3004,Medicaments Packaged,True,81.368297,172.273641,2026,3,89.5,189.5
2026-03-01,BELIZE,3004,Medicaments Packaged,True,0.0,0.956517,2026,3,0.0,1.1
2026-03-01,BERMUDA,3004,Medicaments Packaged,True,0.0,0.24361,2026,3,0.0,0.3
2026-03-01,BOLIVIA,3004,Medicaments Packaged,True,0.0,0.054974,2026,3,0.0,0.1
2026-03-01,BOSNIA AND HERZEGOVINA,3004,Medicaments Packaged,True,0.0,0.0,2026,3,0.0,0.0
2026-03-01,BOTSWANA,3004,Medicaments Packaged,True,0.0,0.00793,2026,3,0.0,0.0
2026-03-01,BRAZIL,3004,Medicaments Packaged,True,6.03829,408.207688,2026,3,6.6,449.0
2026-03-01,BRITISH VIRGIN ISLANDS,3004,Medicaments Packaged,True,0.0,0.024551,2026,3,0.0,0.0
2026-03-01,BRUNEI,3004,Medicaments Packaged,True,0.0,0.0,2026,3,0.0,0.0
2026-03-01,BULGARIA,3004,Medicaments Packaged,True,0.186256,0.24962,2026,3,0.2,0.3
2026-03-01,BURMA,3004,Medicaments Packaged,True,0.0,0.0,2026,3,0.0,0.0
2026-03-01,CACM,3004,Medicaments Packaged,True,1.817109,3.059024,2026,3,2.0,3.4
2026-03-01,CAFTA-DR,3004,Medicaments Packaged,True,1.817109,5.308439,2026,3,2.0,5.8
2026-03-01,CAMBODIA,3004,Medicaments Packaged,True,0.0,0.045,2026,3,0.0,0.0
2026-03-01,CANADA,3004,Medicaments Packaged,True,321.294767,326.16503,2026,3,353.4,358.8
2026-03-01,CAYMAN ISLANDS,3004,Medicaments Packaged,True,0.0,0.445638,2026,3,0.0,0.5
2026-03-01,CENTRAL AFRICAN REPUBLIC,3004,Medicaments Packaged,True,0.0,0.0,2026,3,0.0,0.0
2026-03-01,CENTRAL AMERICA,3004,Medicaments Packaged,True,1.817109,23.173051,2026,3,2.0,25.5
2026-03-01,CHAD,3004,Medicaments Packaged,True,0.0,0.0,2026,3,0.0,0.0
2026-03-01,CHILE,3004,Medicaments Packaged,True,0.0,7.419211,2026,3,0.0,8.2
2026-03-01,CHINA,3004,Medicaments Packaged,True,267.133289,151.395449,2026,3,293.8,166.5
2026-03-01,CHRISTMAS ISLAND,3004,Medicaments Packaged,True,0.0,0.0,2026,3,0.0,0.0
2026-03-01,COLOMBIA,3004,Medicaments Packaged,True,0.320526,32.150278,2026,3,0.4,35.4
2026-03-01,CONGO,3004,Medicaments Packaged,True,0.0,0.0,2026,3,0.0,0.0
2026-03-01,COSTA RICA,3004,Medicaments Packaged,True,0.00648,0.893175,2026,3,0.0,1.0
2026-03-01,CROATIA,3004,Medicaments Packaged,True,16.220433,0.164435,2026,3,17.8,0.2
2026-03-01,CURACAO,3004,Medicaments Packaged,True,0.0,0.029316,2026,3,0.0,0.0
2026-03-01,CYPRUS,3004,Medicaments Packaged,True,0.0,0.135841,2026,3,0.0,0.1
2026-03-01,CZECH REPUBLIC,3004,Medicaments Packaged,True,24.482356,19.854942,2026,3,26.9,21.8
2026-03-01,DENMARK,3004,Medicaments Packaged,True,38.518668,5.926959,2026,3,42.4,6.5
2026-03-01,DOMINICA,3004,Medicaments Packaged,True,0.0,0.059672,2026,3,0.0,0.1
2026-03-01,DOMINICAN REPUBLIC,3004,Medicaments Packaged,True,0.0,2.249415,2026,3,0.0,2.5
2026-03-01,ECUADOR,3004,Medicaments Packaged,True,0.0,0.848928,2026,3,0.0,0.9
2026-03-01,EGYPT,3004,Medicaments Packaged,True,0.0,1.102208,2026,3,0.0,1.2
2026-03-01,EL SALVADOR,3004,Medicaments Packaged,True,0.971663,0.242881,2026,3,1.1,0.3
2026-03-01,ESTONIA,3004,Medicaments Packaged,True,0.0,0.008443,2026,3,0.0,0.0
2026-03-01,ETHIOPIA,3004,Medicaments Packaged,True,0.0,0.0,2026,3,0.0,0.0
2026-03-01,EURO AREA,3004,Medicaments Packaged,True,2487.588438,935.221651,2026,3,2736.3,1028.7
2026-03-01,EUROPE,3004,Medicaments Packaged,True,3954.672943,1213.253889,2026,3,4350.1,1334.6
2026-03-01,EUROPEAN UNION,3004,Medicaments Packaged,True,2835.699614,969.603069,2026,3,3119.3,1066.6
2026-03-01,FINLAND,3004,Medicaments Packaged,True,214.463432,0.456095,2026,3,235.9,0.5
2026-03-01,FRANCE,3004,Medicaments Packaged,True,497.567268,24.221012,2026,3,547.3,26.6
2026-03-01,GABON,3004,Medicaments Packaged,True,0.0,0.0,2026,3,0.0,0.0
2026-03-01,GAMBIA,3004,Medicaments Packaged,True,0.0,0.0,2026,3,0.0,0.0
2026-03-01,GEORGIA,3004,Medicaments Packaged,True,0.0,0.0,2026,3,0.0,0.0
2026-03-01,GERMANY,3004,Medicaments Packaged,True,238.513791,392.081413,2026,3,262.4,431.3
2026-03-01,GHANA,3004,Medicaments Packaged,True,0.0,0.0,2026,3,0.0,0.0
2026-03-01,GREECE,3004,Medicaments Packaged,True,1.115145,3.092418,2026,3,1.2,3.4
2026-03-01,GRENADA,3004,Medicaments Packaged,True,0.0,0.0,2026,3,0.0,0.0
2026-03-01,GUATEMALA,3004,Medicaments Packaged,True,0.006185,0.561735,2026,3,0.0,0.6
2026-03-01,GUYANA,3004,Medicaments Packaged,True,0.0,0.0185,2026,3,0.0,0.0
2026-03-01,HAITI,3004,Medicaments Packaged,True,0.0,0.005973,2026,3,0.0,0.0
2026-03-01,HONDURAS,3004,Medicaments Packaged,True,0.832781,1.310934,2026,3,0.9,1.4
2026-03-01,HONG KONG,3004,Medicaments Packaged,True,0.183564,7.456151,2026,3,0.2,8.2
2026-03-01,HUNGARY,3004,Medicaments Packaged,True,248.310786,1.020506,2026,3,273.1,1.1
2026-03-01,ICELAND,3004,Medicaments Packaged,True,0.0,0.140473,2026,3,0.0,0.2
2026-03-01,INDIA,3004,Medicaments Packaged,True,977.841184,16.951527,2026,3,1075.6,18.6
2026-03-01,INDONESIA,3004,Medicaments Packaged,True,0.0022,2.540965,2026,3,0.0,2.8
2026-03-01,IRAN,3004,Medicaments Packaged,True,0.0,0.0,2026,3,0.0,0.0
2026-03-01,IRAQ,3004,Medicaments Packaged,True,0.0,0.0,2026,3,0.0,0.0
2026-03-01,IRELAND,3004,Medicaments Packaged,True,839.60006,113.571364,2026,3,923.6,124.9
2026-03-01,ISRAEL,3004,Medicaments Packaged,True,116.054947,36.892178,2026,3,127.7,40.6
2026-03-01,ITALY,3004,Medicaments Packaged,True,366.462991,36.975465,2026,3,403.1,40.7
2026-03-01,JAMAICA,3004,Medicaments Packaged,True,0.0,0.232925,2026,3,0.0,0.3
2026-03-01,JAPAN,3004,Medicaments Packaged,True,77.018599,163.442329,2026,3,84.7,179.8
2026-03-01,JORDAN,3004,Medicaments Packaged,True,3.227729,0.476852,2026,3,3.6,0.5
2026-03-01,KAZAKHSTAN,3004,Medicaments Packaged,True,0.0,0.119005,2026,3,0.0,0.1
2026-03-01,KENYA,3004,Medicaments Packaged,True,0.0,0.123419,2026,3,0.0,0.1
2026-03-01,KOSOVO,3004,Medicaments Packaged,True,0.0,0.0,2026,3,0.0,0.0
2026-03-01,KUWAIT,3004,Medicaments Packaged,True,0.0,13.574465,2026,3,0.0,14.9
2026-03-01,KYRGYZSTAN,3004,Medicaments Packaged,True,0.0,0.00955,2026,3,0.0,0.0
2026-03-01,LAFTA,3004,Medicaments Packaged,True,51.603783,577.096461,2026,3,56.8,634.8
2026-03-01,LATVIA,3004,Medicaments Packaged,True,0.0,0.449945,2026,3,0.0,0.5
2026-03-01,LEBANON,3004,Medicaments Packaged,True,0.0,0.031612,2026,3,0.0,0.0
2026-03-01,LIBYA,3004,Medicaments Packaged,True,0.0,0.0,2026,3,0.0,0.0
2026-03-01,LITHUANIA,3004,Medicaments Packaged,True,0.007024,0.376804,2026,3,0.0,0.4
2026-03-01,LUXEMBOURG,3004,Medicaments Packaged,True,0.0,0.087964,2026,3,0.0,0.1
2026-03-01,MACAU,3004,Medicaments Packaged,True,0.955859,0.023406,2026,3,1.1,0.0
2026-03-01,MACEDONIA,3004,Medicaments Packaged,True,0.0,0.003378,2026,3,0.0,0.0
2026-03-01,MALAWI,3004,Medicaments Packaged,True,0.0,1.175061,2026,3,0.0,1.3
2026-03-01,MALAYSIA,3004,Medicaments Packaged,True,8.930976,6.560488,2026,3,9.8,7.2
2026-03-01,MALDIVES,3004,Medicaments Packaged,True,0.0,0.0,2026,3,0.0,0.0
2026-03-01,MALTA,3004,Medicaments Packaged,True,0.055761,0.0,2026,3,0.1,0.0
2026-03-01,MARSHALL ISLANDS,3004,Medicaments Packaged,True,0.0,0.095188,2026,3,0.0,0.1
2026-03-01,MAURITIUS,3004,Medicaments Packaged,True,0.0,0.0,2026,3,0.0,0.0
2026-03-01,MEXICO,3004,Medicaments Packaged,True,44.771559,84.908236,2026,3,49.2,93.4
2026-03-01,MOLDOVA,3004,Medicaments Packaged,True,0.0,0.018846,2026,3,0.0,0.0
2026-03-01,MONGOLIA,3004,Medicaments Packaged,True,0.0,0.175375,2026,3,0.0,0.2
2026-03-01,MOROCCO,3004,Medicaments Packaged,True,0.0,1.449741,2026,3,0.0,1.6
2026-03-01,MOZAMBIQUE,3004,Medicaments Packaged,True,0.0,0.007104,2026,3,0.0,0.0
2026-03-01,NAMIBIA,3004,Medicaments Packaged,True,0.0,0.0,2026,3,0.0,0.0
2026-03-01,NATO,3004,Medicaments Packaged,True,2548.703891,1369.082538,2026,3,2803.6,1506.0
2026-03-01,NEPAL,3004,Medicaments Packaged,True,0.0,0.027545,2026,3,0.0,0.0
2026-03-01,NETHERLANDS,3004,Medicaments Packaged,True,52.83624,149.700024,2026,3,58.1,164.7
2026-03-01,NEW ZEALAND,3004,Medicaments Packaged,True,0.768032,4.177062,2026,3,0.8,4.6
2026-03-01,NICARAGUA,3004,Medicaments Packaged,True,0.0,0.050299,2026,3,0.0,0.1
2026-03-01,NIGERIA,3004,Medicaments Packaged,True,0.0,0.635683,2026,3,0.0,0.7
2026-03-01,NORTH AMERICA,3004,Medicaments Packaged,True,366.066326,411.073266,2026,3,402.7,452.2
2026-03-01,NORWAY,3004,Medicaments Packaged,True,0.143626,0.785645,2026,3,0.2,0.9
2026-03-01,OECD,3004,Medicaments Packaged,True,4527.495532,2178.383801,2026,3,4980.2,2396.2
2026-03-01,OMAN,3004,Medicaments Packaged,True,0.0,0.333688,2026,3,0.0,0.4
2026-03-01,PACIFIC RIM COUNTRIES,3004,Medicaments Packaged,True,713.967563,706.150168,2026,3,785.4,776.8
2026-03-01,PAKISTAN,3004,Medicaments Packaged,True,0.006394,0.092023,2026,3,0.0,0.1
2026-03-01,PALAU,3004,Medicaments Packaged,True,0.0,0.010737,2026,3,0.0,0.0
2026-03-01,PANAMA,3004,Medicaments Packaged,True,0.0,14.136991,2026,3,0.0,15.6
2026-03-01,PARAGUAY,3004,Medicaments Packaged,True,0.0,0.566516,2026,3,0.0,0.6
2026-03-01,PERU,3004,Medicaments Packaged,True,0.0,1.271618,2026,3,0.0,1.4
2026-03-01,PHILIPPINES,3004,Medicaments Packaged,True,0.0,5.214966,2026,3,0.0,5.7
2026-03-01,POLAND,3004,Medicaments Packaged,True,1.252107,0.46104,2026,3,1.4,0.5
2026-03-01,PORTUGAL,3004,Medicaments Packaged,True,24.915435,0.150858,2026,3,27.4,0.2
2026-03-01,QATAR,3004,Medicaments Packaged,True,0.0,0.998593,2026,3,0.0,1.1
2026-03-01,ROMANIA,3004,Medicaments Packaged,True,0.789343,0.921264,2026,3,0.9,1.0
2026-03-01,RUSSIA,3004,Medicaments Packaged,True,0.0,3.405034,2026,3,0.0,3.7
2026-03-01,RWANDA,3004,Medicaments Packaged,True,0.0,0.0,2026,3,0.0,0.0
2026-03-01,SAUDI ARABIA,3004,Medicaments Packaged,True,0.0,14.157161,2026,3,0.0,15.6
2026-03-01,SENEGAL,3004,Medicaments Packaged,True,0.0,0.0,2026,3,0.0,0.0
2026-03-01,SERBIA,3004,Medicaments Packaged,True,0.0,0.0,2026,3,0.0,0.0
2026-03-01,SINGAPORE,3004,Medicaments Packaged,True,317.13585,35.872157,2026,3,348.8,39.5
2026-03-01,SINT MAARTEN,3004,Medicaments Packaged,True,0.0,0.029252,2026,3,0.0,0.0
2026-03-01,SLOVAKIA,3004,Medicaments Packaged,True,0.0,0.05942,2026,3,0.0,0.1
2026-03-01,SLOVENIA,3004,Medicaments Packaged,True,64.086394,0.883249,2026,3,70.5,1.0
2026-03-01,SOUTH AFRICA,3004,Medicaments Packaged,True,0.436009,6.288642,2026,3,0.5,6.9
2026-03-01,SOUTH AMERICA,3004,Medicaments Packaged,True,6.832224,492.206725,2026,3,7.5,541.4
2026-03-01,SPAIN,3004,Medicaments Packaged,True,50.890073,40.211868,2026,3,56.0,44.2
2026-03-01,SRI LANKA,3004,Medicaments Packaged,True,0.0,0.737674,2026,3,0.0,0.8
2026-03-01,ST KITTS AND NEVIS,3004,Medicaments Packaged,True,0.0,0.011997,2026,3,0.0,0.0
2026-03-01,ST LUCIA,3004,Medicaments Packaged,True,0.0,0.034576,2026,3,0.0,0.0
2026-03-01,ST VINCENT AND THE GRENADINES,3004,Medicaments Packaged,True,0.0,0.0,2026,3,0.0,0.0
2026-03-01,SUDAN,3004,Medicaments Packaged,True,0.0,0.02432,2026,3,0.0,0.0
2026-03-01,SURINAME,3004,Medicaments Packaged,True,0.0,0.0,2026,3,0.0,0.0
2026-03-01,SWEDEN,3004,Medicaments Packaged,True,34.757916,6.196707,2026,3,38.2,6.8
2026-03-01,SWITZERLAND,3004,Medicaments Packaged,True,848.30816,52.854255,2026,3,933.1,58.1
2026-03-01,South Korea,3004,Medicaments Packaged,True,22.26433,212.862265,2026,3,24.5,234.1
2026-03-01,TAIWAN,3004,Medicaments Packaged,True,11.999722,15.191006,2026,3,13.2,16.7
2026-03-01,TANZANIA,3004,Medicaments Packaged,True,0.0,0.0,2026,3,0.0,0.0
2026-03-01,THAILAND,3004,Medicaments Packaged,True,0.977363,4.0663,2026,3,1.1,4.5
2026-03-01,TOTAL FOR ALL COUNTRIES,3004,Medicaments Packaged,True,6144.479094,2968.484252,2026,3,6758.9,3265.3
2026-03-01,TRINIDAD AND TOBAGO,3004,Medicaments Packaged,True,0.0,0.334662,2026,3,0.0,0.4
2026-03-01,TUNISIA,3004,Medicaments Packaged,True,0.0,0.092184,2026,3,0.0,0.1
2026-03-01,TURKEY,3004,Medicaments Packaged,True,1.778502,8.191741,2026,3,2.0,9.0
2026-03-01,TURKS AND CAICOS ISLANDS,3004,Medicaments Packaged,True,0.0,0.180712,2026,3,0.0,0.2
2026-03-01,TWENTY LATIN AMERICAN REPUBLICS,3004,Medicaments Packaged,True,53.420892,596.547864,2026,3,58.8,656.2
2026-03-01,UGANDA,3004,Medicaments Packaged,True,0.0,0.474663,2026,3,0.0,0.5
2026-03-01,UKRAINE,3004,Medicaments Packaged,True,0.0,0.050448,2026,3,0.0,0.1
2026-03-01,UNITED ARAB EMIRATES,3004,Medicaments Packaged,True,0.0,14.80148,2026,3,0.0,16.3
2026-03-01,UNITED KINGDOM,3004,Medicaments Packaged,True,268.743041,177.95609,2026,3,295.6,195.8
2026-03-01,URUGUAY,3004,Medicaments Packaged,True,0.0,21.814113,2026,3,0.0,24.0
2026-03-01,USMCA (NAFTA),3004,Medicaments Packaged,True,366.066326,411.073266,2026,3,402.7,452.2
2026-03-01,VANUATU,3004,Medicaments Packaged,True,0.0,0.0,2026,3,0.0,0.0
2026-03-01,VENEZUELA,3004,Medicaments Packaged,True,0.0,0.234657,2026,3,0.0,0.3
2026-03-01,VIETNAM,3004,Medicaments Packaged,True,0.607786,5.39229,2026,3,0.7,5.9
2026-03-01,WEST BANK ADMINISTERED BY ISRAEL,3004,Medicaments Packaged,True,0.0,0.0,2026,3,0.0,0.0
2026-03-01,ZAMBIA,3004,Medicaments Packaged,True,0.0,0.0,2026,3,0.0,0.0
2026-03-01,ZIMBABWE,3004,Medicaments Packaged,True,0.0,0.005574,2026,3,0.0,0.0
2026-03-01,AFGHANISTAN,8471,Automatic Data Processing Machines,True,0.0,0.0,2026,3,0.0,0.0
2026-03-01,AFRICA,8471,Automatic Data Processing Machines,True,0.08669,24.610513,2026,3,0.1,27.1
2026-03-01,ALBANIA,8471,Automatic Data Processing Machines,True,0.0,0.334827,2026,3,0.0,0.4
2026-03-01,ALGERIA,8471,Automatic Data Processing Machines,True,0.0,0.141476,2026,3,0.0,0.2
2026-03-01,ANGOLA,8471,Automatic Data Processing Machines,True,0.0,0.428969,2026,3,0.0,0.5
2026-03-01,ANGUILLA,8471,Automatic Data Processing Machines,True,0.0,0.086692,2026,3,0.0,0.1
2026-03-01,ANTIGUA AND BARBUDA,8471,Automatic Data Processing Machines,True,0.0,0.237973,2026,3,0.0,0.3
2026-03-01,APEC,8471,Automatic Data Processing Machines,True,31879.28158,5485.63073,2026,3,35067.2,6034.2
2026-03-01,ARGENTINA,8471,Automatic Data Processing Machines,True,0.024,30.320234,2026,3,0.0,33.4
2026-03-01,ARMENIA,8471,Automatic Data Processing Machines,True,0.0,1.089848,2026,3,0.0,1.2
2026-03-01,ARUBA,8471,Automatic Data Processing Machines,True,0.0,0.690675,2026,3,0.0,0.8
2026-03-01,ASEAN,8471,Automatic Data Processing Machines,True,8218.278578,578.314721,2026,3,9040.1,636.1
2026-03-01,ASIA,8471,Automatic Data Processing Machines,True,21920.545804,1639.89031,2026,3,24112.6,1803.9
2026-03-01,AUSTRALIA,8471,Automatic Data Processing Machines,True,1.851257,434.109603,2026,3,2.0,477.5
2026-03-01,AUSTRALIA AND OCEANIA,8471,Automatic Data Processing Machines,True,2.394498,441.98471,2026,3,2.6,486.2
2026-03-01,AUSTRIA,8471,Automatic Data Processing Machines,True,5.438698,2.930891,2026,3,6.0,3.2
2026-03-01,AZERBAIJAN,8471,Automatic Data Processing Machines,True,0.0,0.024788,2026,3,0.0,0.0
2026-03-01,BAHAMAS,8471,Automatic Data Processing Machines,True,0.0,1.336184,2026,3,0.0,1.5
2026-03-01,BAHRAIN,8471,Automatic Data Processing Machines,True,0.0,0.098569,2026,3,0.0,0.1
2026-03-01,BANGLADESH,8471,Automatic Data Processing Machines,True,0.00201,0.091267,2026,3,0.0,0.1
2026-03-01,BARBADOS,8471,Automatic Data Processing Machines,True,0.0,1.723273,2026,3,0.0,1.9
2026-03-01,BELARUS,8471,Automatic Data Processing Machines,True,0.0,0.0,2026,3,0.0,0.0
2026-03-01,BELGIUM,8471,Automatic Data Processing Machines,True,0.321482,38.724212,2026,3,0.4,42.6
2026-03-01,BELIZE,8471,Automatic Data Processing Machines,True,0.0,0.600155,2026,3,0.0,0.7
2026-03-01,BENIN,8471,Automatic Data Processing Machines,True,0.0,0.024109,2026,3,0.0,0.0
2026-03-01,BERMUDA,8471,Automatic Data Processing Machines,True,0.0,0.921457,2026,3,0.0,1.0
2026-03-01,BOLIVIA,8471,Automatic Data Processing Machines,True,0.0,3.415476,2026,3,0.0,3.8
2026-03-01,BOSNIA AND HERZEGOVINA,8471,Automatic Data Processing Machines,True,0.003028,0.703961,2026,3,0.0,0.8
2026-03-01,BOTSWANA,8471,Automatic Data Processing Machines,True,0.0,0.002975,2026,3,0.0,0.0
2026-03-01,BRAZIL,8471,Automatic Data Processing Machines,True,0.100751,98.472631,2026,3,0.1,108.3
2026-03-01,BRITISH INDIAN OCEAN TERRITORIES,8471,Automatic Data Processing Machines,True,0.0,0.0,2026,3,0.0,0.0
2026-03-01,BRITISH VIRGIN ISLANDS,8471,Automatic Data Processing Machines,True,0.027411,0.285221,2026,3,0.0,0.3
2026-03-01,BRUNEI,8471,Automatic Data Processing Machines,True,0.0,0.024407,2026,3,0.0,0.0
2026-03-01,BULGARIA,8471,Automatic Data Processing Machines,True,1.903047,2.401415,2026,3,2.1,2.6
2026-03-01,BURKINA FASO,8471,Automatic Data Processing Machines,True,0.0,0.01871,2026,3,0.0,0.0
2026-03-01,BURMA,8471,Automatic Data Processing Machines,True,0.0,0.0,2026,3,0.0,0.0
2026-03-01,BURUNDI,8471,Automatic Data Processing Machines,True,0.0,0.0,2026,3,0.0,0.0
2026-03-01,CACM,8471,Automatic Data Processing Machines,True,0.324686,41.084608,2026,3,0.4,45.2
2026-03-01,CAFTA-DR,8471,Automatic Data Processing Machines,True,0.548119,51.064098,2026,3,0.6,56.2
2026-03-01,CAMBODIA,8471,Automatic Data Processing Machines,True,1.027154,0.006561,2026,3,1.1,0.0
2026-03-01,CAMEROON,8471,Automatic Data Processing Machines,True,0.0,0.022258,2026,3,0.0,0.0
2026-03-01,CANADA,8471,Automatic Data Processing Machines,True,45.79716,819.94259,2026,3,50.4,901.9
2026-03-01,CAYMAN ISLANDS,8471,Automatic Data Processing Machines,True,0.0,0.801183,2026,3,0.0,0.9
2026-03-01,CENTRAL AFRICAN REPUBLIC,8471,Automatic Data Processing Machines,True,0.0,0.0,2026,3,0.0,0.0
2026-03-01,CENTRAL AMERICA,8471,Automatic Data Processing Machines,True,0.591691,78.604527,2026,3,0.7,86.5
2026-03-01,CHAD,8471,Automatic Data Processing Machines,True,0.0,0.0,2026,3,0.0,0.0
2026-03-01,CHILE,8471,Automatic Data Processing Machines,True,0.018907,39.529137,2026,3,0.0,43.5
2026-03-01,CHINA,8471,Automatic Data Processing Machines,True,284.279247,64.380596,2026,3,312.7,70.8
2026-03-01,COLOMBIA,8471,Automatic Data Processing Machines,True,0.092,24.874572,2026,3,0.1,27.4
2026-03-01,COMOROS,8471,Automatic Data Processing Machines,True,0.0,0.0,2026,3,0.0,0.0
2026-03-01,CONGO,8471,Automatic Data Processing Machines,True,0.0,0.014315,2026,3,0.0,0.0
2026-03-01,COOK ISLANDS,8471,Automatic Data Processing Machines,True,0.0,0.0555,2026,3,0.0,0.1
2026-03-01,COSTA RICA,8471,Automatic Data Processing Machines,True,0.322124,14.781488,2026,3,0.4,16.3
2026-03-01,COTE D'IVOIRE,8471,Automatic Data Processing Machines,True,0.0,0.141081,2026,3,0.0,0.2
2026-03-01,CROATIA,8471,Automatic Data Processing Machines,True,0.025136,0.304424,2026,3,0.0,0.3
2026-03-01,CURACAO,8471,Automatic Data Processing Machines,True,0.0,0.745574,2026,3,0.0,0.8
2026-03-01,CYPRUS,8471,Automatic Data Processing Machines,True,0.0,0.38256,2026,3,0.0,0.4
2026-03-01,CZECH REPUBLIC,8471,Automatic Data Processing Machines,True,124.455014,23.178141,2026,3,136.9,25.5
2026-03-01,DEMOCRATIC REPUBLIC OF THE CONGO,8471,Automatic Data Processing Machines,True,0.0,0.007594,2026,3,0.0,0.0
2026-03-01,DENMARK,8471,Automatic Data Processing Machines,True,3.651898,7.692345,2026,3,4.0,8.5
2026-03-01,DJIBOUTI,8471,Automatic Data Processing Machines,True,0.0,0.069136,2026,3,0.0,0.1
2026-03-01,DOMINICA,8471,Automatic Data Processing Machines,True,0.0,0.151239,2026,3,0.0,0.2
2026-03-01,DOMINICAN REPUBLIC,8471,Automatic Data Processing Machines,True,0.223433,9.97949,2026,3,0.2,11.0
2026-03-01,ECUADOR,8471,Automatic Data Processing Machines,True,0.0,12.799724,2026,3,0.0,14.1
2026-03-01,EGYPT,8471,Automatic Data Processing Machines,True,0.002439,2.227668,2026,3,0.0,2.5
2026-03-01,EL SALVADOR,8471,Automatic Data Processing Machines,True,0.002562,5.580053,2026,3,0.0,6.1
2026-03-01,EQUATORIAL GUINEA,8471,Automatic Data Processing Machines,True,0.0,0.085897,2026,3,0.0,0.1
2026-03-01,ESTONIA,8471,Automatic Data Processing Machines,True,0.632809,0.048479,2026,3,0.7,0.1
2026-03-01,ESWATINI,8471,Automatic Data Processing Machines,True,0.0,0.0,2026,3,0.0,0.0
2026-03-01,ETHIOPIA,8471,Automatic Data Processing Machines,True,0.0,0.544373,2026,3,0.0,0.6
2026-03-01,EURO AREA,8471,Automatic Data Processing Machines,True,222.004438,789.430149,2026,3,244.2,868.4
2026-03-01,EUROPE,8471,Automatic Data Processing Machines,True,699.506695,1315.60915,2026,3,769.5,1447.2
2026-03-01,EUROPEAN UNION,8471,Automatic Data Processing Machines,True,654.944724,995.323297,2026,3,720.4,1094.9
2026-03-01,FAROE ISLANDS,8471,Automatic Data Processing Machines,True,0.0,0.0,2026,3,0.0,0.0
2026-03-01,FIJI,8471,Automatic Data Processing Machines,True,0.0,0.765503,2026,3,0.0,0.8
2026-03-01,FINLAND,8471,Automatic Data Processing Machines,True,0.734146,31.617618,2026,3,0.8,34.8
2026-03-01,FRANCE,8471,Automatic Data Processing Machines,True,7.778933,62.030915,2026,3,8.6,68.2
2026-03-01,FRENCH GUIANA,8471,Automatic Data Processing Machines,True,0.0,0.014388,2026,3,0.0,0.0
2026-03-01,FRENCH POLYNESIA,8471,Automatic Data Processing Machines,True,0.0,0.17744,2026,3,0.0,0.2
2026-03-01,GABON,8471,Automatic Data Processing Machines,True,0.0,0.0,2026,3,0.0,0.0
2026-03-01,GAMBIA,8471,Automatic Data Processing Machines,True,0.0,0.015531,2026,3,0.0,0.0
2026-03-01,GEORGIA,8471,Automatic Data Processing Machines,True,0.003923,1.040944,2026,3,0.0,1.1
2026-03-01,GERMANY,8471,Automatic Data Processing Machines,True,57.50533,117.756397,2026,3,63.3,129.5
2026-03-01,GHANA,8471,Automatic Data Processing Machines,True,0.0,1.77278,2026,3,0.0,2.0
2026-03-01,GIBRALTAR,8471,Automatic Data Processing Machines,True,0.0,0.027269,2026,3,0.0,0.0
2026-03-01,GREECE,8471,Automatic Data Processing Machines,True,0.005952,3.015168,2026,3,0.0,3.3
2026-03-01,GREENLAND,8471,Automatic Data Processing Machines,True,0.0,0.00456,2026,3,0.0,0.0
2026-03-01,GRENADA,8471,Automatic Data Processing Machines,True,0.0,0.196341,2026,3,0.0,0.2
2026-03-01,GUADELOUPE,8471,Automatic Data Processing Machines,True,0.009163,0.118859,2026,3,0.0,0.1
2026-03-01,GUATEMALA,8471,Automatic Data Processing Machines,True,0.0,14.13245,2026,3,0.0,15.5
2026-03-01,GUINEA,8471,Automatic Data Processing Machines,True,0.0,0.294553,2026,3,0.0,0.3
2026-03-01,GUYANA,8471,Automatic Data Processing Machines,True,0.0,2.262733,2026,3,0.0,2.5
2026-03-01,HAITI,8471,Automatic Data Processing Machines,True,0.0028,0.174664,2026,3,0.0,0.2
2026-03-01,HONDURAS,8471,Automatic Data Processing Machines,True,0.0,5.022573,2026,3,0.0,5.5
2026-03-01,HONG KONG,8471,Automatic Data Processing Machines,True,0.694749,137.3861,2026,3,0.8,151.1
2026-03-01,HUNGARY,8471,Automatic Data Processing Machines,True,269.169347,19.88866,2026,3,296.1,21.9
2026-03-01,ICELAND,8471,Automatic Data Processing Machines,True,0.235735,0.665057,2026,3,0.3,0.7
2026-03-01,INDIA,8471,Automatic Data Processing Machines,True,9.976689,54.925,2026,3,11.0,60.4
2026-03-01,INDONESIA,8471,Automatic Data Processing Machines,True,47.625216,21.775207,2026,3,52.4,24.0
2026-03-01,IRAN,8471,Automatic Data Processing Machines,True,0.0,0.0,2026,3,0.0,0.0
2026-03-01,IRAQ,8471,Automatic Data Processing Machines,True,0.0,0.125207,2026,3,0.0,0.1
2026-03-01,IRELAND,8471,Automatic Data Processing Machines,True,131.809692,96.743485,2026,3,145.0,106.4
2026-03-01,ISRAEL,8471,Automatic Data Processing Machines,True,21.219517,41.651257,2026,3,23.3,45.8
2026-03-01,ITALY,8471,Automatic Data Processing Machines,True,8.888782,14.904889,2026,3,9.8,16.4
2026-03-01,JAMAICA,8471,Automatic Data Processing Machines,True,0.0,2.959423,2026,3,0.0,3.3
2026-03-01,JAPAN,8471,Automatic Data Processing Machines,True,48.82326,162.135288,2026,3,53.7,178.3
2026-03-01,JORDAN,8471,Automatic Data Processing Machines,True,0.0,0.452454,2026,3,0.0,0.5
2026-03-01,KAZAKHSTAN,8471,Automatic Data Processing Machines,True,0.0,0.973045,2026,3,0.0,1.1
2026-03-01,KENYA,8471,Automatic Data Processing Machines,True,0.0,0.300079,2026,3,0.0,0.3
2026-03-01,KIRIBATI,8471,Automatic Data Processing Machines,True,0.0,0.00275,2026,3,0.0,0.0
2026-03-01,KOSOVO,8471,Automatic Data Processing Machines,True,0.0,0.623602,2026,3,0.0,0.7
2026-03-01,KUWAIT,8471,Automatic Data Processing Machines,True,0.0,0.575453,2026,3,0.0,0.6
2026-03-01,KYRGYZSTAN,8471,Automatic Data Processing Machines,True,0.0,0.420094,2026,3,0.0,0.5
2026-03-01,LAFTA,8471,Automatic Data Processing Machines,True,9944.236085,3017.73201,2026,3,10938.7,3319.5
2026-03-01,LAOS,8471,Automatic Data Processing Machines,True,0.04229,0.0,2026,3,0.0,0.0
2026-03-01,LATVIA,8471,Automatic Data Processing Machines,True,0.270582,1.289354,2026,3,0.3,1.4
2026-03-01,LEBANON,8471,Automatic Data Processing Machines,True,0.002184,0.899212,2026,3,0.0,1.0
2026-03-01,LESOTHO,8471,Automatic Data Processing Machines,True,0.0,0.0,2026,3,0.0,0.0
2026-03-01,LIBERIA,8471,Automatic Data Processing Machines,True,0.0,0.117614,2026,3,0.0,0.1
2026-03-01,LIBYA,8471,Automatic Data Processing Machines,True,0.0,0.488275,2026,3,0.0,0.5
2026-03-01,LIECHTENSTEIN,8471,Automatic Data Processing Machines,True,0.0,0.01,2026,3,0.0,0.0
2026-03-01,LITHUANIA,8471,Automatic Data Processing Machines,True,0.190745,1.90773,2026,3,0.2,2.1
2026-03-01,LUXEMBOURG,8471,Automatic Data Processing Machines,True,0.264319,0.17013,2026,3,0.3,0.2
2026-03-01,MACAU,8471,Automatic Data Processing Machines,True,0.0,0.121069,2026,3,0.0,0.1
2026-03-01,MACEDONIA,8471,Automatic Data Processing Machines,True,0.0,0.589108,2026,3,0.0,0.6
2026-03-01,MADAGASCAR,8471,Automatic Data Processing Machines,True,0.0,0.0,2026,3,0.0,0.0
2026-03-01,MALAWI,8471,Automatic Data Processing Machines,True,0.00872,0.154906,2026,3,0.0,0.2
2026-03-01,MALAYSIA,8471,Automatic Data Processing Machines,True,90.099862,221.665954,2026,3,99.1,243.8
2026-03-01,MALDIVES,8471,Automatic Data Processing Machines,True,0.0,0.123284,2026,3,0.0,0.1
2026-03-01,MALI,8471,Automatic Data Processing Machines,True,0.0,0.0,2026,3,0.0,0.0
2026-03-01,MALTA,8471,Automatic Data Processing Machines,True,0.0,0.103467,2026,3,0.0,0.1
2026-03-01,MARSHALL ISLANDS,8471,Automatic Data Processing Machines,True,0.0,0.0,2026,3,0.0,0.0
2026-03-01,MARTINIQUE,8471,Automatic Data Processing Machines,True,0.0,0.04151,2026,3,0.0,0.0
2026-03-01,MAURITANIA,8471,Automatic Data Processing Machines,True,0.0,0.269045,2026,3,0.0,0.3
2026-03-01,MAURITIUS,8471,Automatic Data Processing Machines,True,0.0,0.161742,2026,3,0.0,0.2
2026-03-01,MAYOTTE,8471,Automatic Data Processing Machines,True,0.0,0.0,2026,3,0.0,0.0
2026-03-01,MEXICO,8471,Automatic Data Processing Machines,True,9943.937427,2717.18769,2026,3,10938.3,2988.9
2026-03-01,MICRONESIA,8471,Automatic Data Processing Machines,True,0.0,0.041125,2026,3,0.0,0.0
2026-03-01,MOLDOVA,8471,Automatic Data Processing Machines,True,0.006165,0.173768,2026,3,0.0,0.2
2026-03-01,MONACO,8471,Automatic Data Processing Machines,True,0.0,0.023402,2026,3,0.0,0.0
2026-03-01,MONGOLIA,8471,Automatic Data Processing Machines,True,0.0,0.340904,2026,3,0.0,0.4
2026-03-01,MONTENEGRO,8471,Automatic Data Processing Machines,True,0.0,0.034352,2026,3,0.0,0.0
2026-03-01,MONTSERRAT,8471,Automatic Data Processing Machines,True,0.0,0.227887,2026,3,0.0,0.3
2026-03-01,MOROCCO,8471,Automatic Data Processing Machines,True,0.029817,1.339237,2026,3,0.0,1.5
2026-03-01,MOZAMBIQUE,8471,Automatic Data Processing Machines,True,0.0,0.0054,2026,3,0.0,0.0
2026-03-01,NAMIBIA,8471,Automatic Data Processing Machines,True,0.0,0.068392,2026,3,0.0,0.1
2026-03-01,NATO,8471,Automatic Data Processing Machines,True,602.655189,2000.671773,2026,3,662.9,2200.7
2026-03-01,NAURU,8471,Automatic Data Processing Machines,True,0.0,0.0,2026,3,0.0,0.0
2026-03-01,NEPAL,8471,Automatic Data Processing Machines,True,0.0087,0.660604,2026,3,0.0,0.7
2026-03-01,NETHERLANDS,8471,Automatic Data Processing Machines,True,3.662051,378.97146,2026,3,4.0,416.9
2026-03-01,NEW CALEDONIA,8471,Automatic Data Processing Machines,True,0.0,0.006589,2026,3,0.0,0.0
2026-03-01,NEW ZEALAND,8471,Automatic Data Processing Machines,True,0.543241,6.610993,2026,3,0.6,7.3
2026-03-01,NICARAGUA,8471,Automatic Data Processing Machines,True,0.0,1.568044,2026,3,0.0,1.7
2026-03-01,NIGERIA,8471,Automatic Data Processing Machines,True,0.0,2.36551,2026,3,0.0,2.6
2026-03-01,NORTH AMERICA,8471,Automatic Data Processing Machines,True,9989.734587,3537.13484,2026,3,10988.7,3890.8
2026-03-01,NORWAY,8471,Automatic Data Processing Machines,True,5.651445,55.074397,2026,3,6.2,60.6
2026-03-01,OECD,8471,Automatic Data Processing Machines,True,10784.343452,5588.411012,2026,3,11862.8,6147.3
2026-03-01,OMAN,8471,Automatic Data Processing Machines,True,0.0,1.009801,2026,3,0.0,1.1
2026-03-01,PACIFIC RIM COUNTRIES,8471,Automatic Data Processing Machines,True,14129.633662,1812.321018,2026,3,15542.6,1993.6
2026-03-01,PAKISTAN,8471,Automatic Data Processing Machines,True,0.0,1.266013,2026,3,0.0,1.4
2026-03-01,PALAU,8471,Automatic Data Processing Machines,True,0.0,0.011526,2026,3,0.0,0.0
2026-03-01,PANAMA,8471,Automatic Data Processing Machines,True,0.0,12.503154,2026,3,0.0,13.8
2026-03-01,PAPUA NEW GUINEA,8471,Automatic Data Processing Machines,True,0.0,0.058185,2026,3,0.0,0.1
2026-03-01,PARAGUAY,8471,Automatic Data Processing Machines,True,0.0,63.706543,2026,3,0.0,70.1
2026-03-01,PERU,8471,Automatic Data Processing Machines,True,0.06,19.221712,2026,3,0.1,21.1
2026-03-01,PHILIPPINES,8471,Automatic Data Processing Machines,True,166.043561,9.316997,2026,3,182.6,10.2
2026-03-01,POLAND,8471,Automatic Data Processing Machines,True,29.668023,37.641351,2026,3,32.6,41.4
2026-03-01,PORTUGAL,8471,Automatic Data Processing Machines,True,0.207767,0.308074,2026,3,0.2,0.3
2026-03-01,QATAR,8471,Automatic Data Processing Machines,True,0.0,1.720301,2026,3,0.0,1.9
2026-03-01,REUNION,8471,Automatic Data Processing Machines,True,0.0,0.0,2026,3,0.0,0.0
2026-03-01,ROMANIA,8471,Automatic Data Processing Machines,True,1.774783,9.60289,2026,3,2.0,10.6
2026-03-01,RUSSIA,8471,Automatic Data Processing Machines,True,0.0,0.525101,2026,3,0.0,0.6
2026-03-01,RWANDA,8471,Automatic Data Processing Machines,True,0.0,0.159963,2026,3,0.0,0.2
2026-03-01,SAMOA,8471,Automatic Data Processing Machines,True,0.0,0.010335,2026,3,0.0,0.0
2026-03-01,SAUDI ARABIA,8471,Automatic Data Processing Machines,True,0.00872,12.22943,2026,3,0.0,13.5
2026-03-01,SENEGAL,8471,Automatic Data Processing Machines,True,0.023073,0.374355,2026,3,0.0,0.4
2026-03-01,SERBIA,8471,Automatic Data Processing Machines,True,0.068178,2.006287,2026,3,0.1,2.2
2026-03-01,SEYCHELLES,8471,Automatic Data Processing Machines,True,0.0,0.008642,2026,3,0.0,0.0
2026-03-01,SIERRA LEONE,8471,Automatic Data Processing Machines,True,0.0,0.00295,2026,3,0.0,0.0
2026-03-01,SINGAPORE,8471,Automatic Data Processing Machines,True,153.606071,248.501044,2026,3,169.0,273.4
2026-03-01,SINT MAARTEN,8471,Automatic Data Processing Machines,True,0.0,0.26182,2026,3,0.0,0.3
2026-03-01,SLOVAKIA,8471,Automatic Data Processing Machines,True,0.595084,0.303267,2026,3,0.7,0.3
2026-03-01,SLOVENIA,8471,Automatic Data Processing Machines,True,0.153995,0.24501,2026,3,0.2,0.3
2026-03-01,SOLOMON ISLANDS,8471,Automatic Data Processing Machines,True,0.0,0.022827,2026,3,0.0,0.0
2026-03-01,SOMALIA,8471,Automatic Data Processing Machines,True,0.0,0.636111,2026,3,0.0,0.7
2026-03-01,SOUTH AFRICA,8471,Automatic Data Processing Machines,True,0.005183,10.937622,2026,3,0.0,12.0
2026-03-01,SOUTH AMERICA,8471,Automatic Data Processing Machines,True,0.298658,303.842121,2026,3,0.3,334.2
2026-03-01,SPAIN,8471,Automatic Data Processing Machines,True,1.615888,35.271204,2026,3,1.8,38.8
2026-03-01,SRI LANKA,8471,Automatic Data Processing Machines,True,0.007345,0.30497,2026,3,0.0,0.3
2026-03-01,ST HELENA,8471,Automatic Data Processing Machines,True,0.0,0.0,2026,3,0.0,0.0
2026-03-01,ST KITTS AND NEVIS,8471,Automatic Data Processing Machines,True,0.0,0.181128,2026,3,0.0,0.2
2026-03-01,ST LUCIA,8471,Automatic Data Processing Machines,True,0.0,0.572248,2026,3,0.0,0.6
2026-03-01,ST VINCENT AND THE GRENADINES,8471,Automatic Data Processing Machines,True,0.004198,0.088964,2026,3,0.0,0.1
2026-03-01,SURINAME,8471,Automatic Data Processing Machines,True,0.0,1.02068,2026,3,0.0,1.1
2026-03-01,SWEDEN,8471,Automatic Data Processing Machines,True,4.221221,107.889761,2026,3,4.6,118.7
2026-03-01,SWITZERLAND,8471,Automatic Data Processing Machines,True,5.239308,20.279448,2026,3,5.8,22.3
2026-03-01,South Korea,8471,Automatic Data Processing Machines,True,26.095798,40.172403,2026,3,28.7,44.2
2026-03-01,TAIWAN,8471,Automatic Data Processing Machines,True,13309.9714,466.063172,2026,3,14641.0,512.7
2026-03-01,TANZANIA,8471,Automatic Data Processing Machines,True,0.0,0.193813,2026,3,0.0,0.2
2026-03-01,THAILAND,8471,Automatic Data Processing Machines,True,4076.753392,51.741886,2026,3,4484.4,56.9
2026-03-01,TIMOR-LESTE,8471,Automatic Data Processing Machines,True,0.0,0.0,2026,3,0.0,0.0
2026-03-01,TOGO,8471,Automatic Data Processing Machines,True,0.0,0.07928,2026,3,0.0,0.1
2026-03-01,TOTAL FOR ALL COUNTRIES,8471,Automatic Data Processing Machines,True,32613.158623,7341.676171,2026,3,35874.5,8075.8
2026-03-01,TRINIDAD AND TOBAGO,8471,Automatic Data Processing Machines,True,0.0,2.533361,2026,3,0.0,2.8
2026-03-01,TUNISIA,8471,Automatic Data Processing Machines,True,0.012422,0.150632,2026,3,0.0,0.2
2026-03-01,TURKEY,8471,Automatic Data Processing Machines,True,0.115933,9.287855,2026,3,0.1,10.2
2026-03-01,TURKS AND CAICOS ISLANDS,8471,Automatic Data Processing Machines,True,0.0,0.101444,2026,3,0.0,0.1
2026-03-01,TWENTY LATIN AMERICAN REPUBLICS,8471,Automatic Data Processing Machines,True,9944.787004,3081.473926,2026,3,10939.3,3389.6
2026-03-01,UGANDA,8471,Automatic Data Processing Machines,True,0.0,0.071391,2026,3,0.0,0.1
2026-03-01,UKRAINE,8471,Automatic Data Processing Machines,True,0.079674,2.793194,2026,3,0.1,3.1
2026-03-01,UNITED ARAB EMIRATES,8471,Automatic Data Processing Machines,True,1.177607,74.843235,2026,3,1.3,82.3
2026-03-01,UNITED KINGDOM,8471,Automatic Data Processing Machines,True,33.158582,219.580693,2026,3,36.5,241.5
2026-03-01,URUGUAY,8471,Automatic Data Processing Machines,True,0.0,4.744967,2026,3,0.0,5.2
2026-03-01,USMCA (NAFTA),8471,Automatic Data Processing Machines,True,9989.734587,3537.13028,2026,3,10988.7,3890.8
2026-03-01,UZBEKISTAN,8471,Automatic Data Processing Machines,True,0.0,4.004813,2026,3,0.0,4.4
2026-03-01,VANUATU,8471,Automatic Data Processing Machines,True,0.0,0.112334,2026,3,0.0,0.1
2026-03-01,VENEZUELA,8471,Automatic Data Processing Machines,True,0.003,3.459324,2026,3,0.0,3.8
2026-03-01,VIETNAM,8471,Automatic Data Processing Machines,True,3683.081032,25.282665,2026,3,4051.4,27.8
2026-03-01,ZAMBIA,8471,Automatic Data Processing Machines,True,0.0,0.902393,2026,3,0.0,1.0
2026-03-01,ZIMBABWE,8471,Automatic Data Processing Machines,True,0.005036,0.011736,2026,3,0.0,0.0
2026-03-01,AFGHANISTAN,8517,Telephone Sets & Network Equipment,True,0.0055,0.0,2026,3,0.0,0.0
2026-03-01,AFRICA,8517,Telephone Sets & Network Equipment,True,2.36121,35.855674,2026,3,2.6,39.4
2026-03-01,ALBANIA,8517,Telephone Sets & Network Equipment,True,0.006371,0.039831,2026,3,0.0,0.0
2026-03-01,ALGERIA,8517,Telephone Sets & Network Equipment,True,0.0,1.296407,2026,3,0.0,1.4
2026-03-01,ANGOLA,8517,Telephone Sets & Network Equipment,True,0.0,0.270386,2026,3,0.0,0.3
2026-03-01,ANGUILLA,8517,Telephone Sets & Network Equipment,True,0.0,0.040321,2026,3,0.0,0.0
2026-03-01,ANTIGUA AND BARBUDA,8517,Telephone Sets & Network Equipment,True,0.0,0.184109,2026,3,0.0,0.2
2026-03-01,APEC,8517,Telephone Sets & Network Equipment,True,11494.427307,2273.490311,2026,3,12643.9,2500.8
2026-03-01,ARGENTINA,8517,Telephone Sets & Network Equipment,True,0.01472,69.132307,2026,3,0.0,76.0
2026-03-01,ARMENIA,8517,Telephone Sets & Network Equipment,True,0.0,0.237487,2026,3,0.0,0.3
2026-03-01,ARUBA,8517,Telephone Sets & Network Equipment,True,0.0,1.18868,2026,3,0.0,1.3
2026-03-01,ASEAN,8517,Telephone Sets & Network Equipment,True,6990.630906,388.114553,2026,3,7689.7,426.9
2026-03-01,ASIA,8517,Telephone Sets & Network Equipment,True,12492.728529,1413.302822,2026,3,13742.0,1554.6
2026-03-01,AUSTRALIA,8517,Telephone Sets & Network Equipment,True,7.895301,119.896211,2026,3,8.7,131.9
2026-03-01,AUSTRALIA AND OCEANIA,8517,Telephone Sets & Network Equipment,True,10.44946,126.988772,2026,3,11.5,139.7
2026-03-01,AUSTRIA,8517,Telephone Sets & Network Equipment,True,2.162045,2.610807,2026,3,2.4,2.9
2026-03-01,AZERBAIJAN,8517,Telephone Sets & Network Equipment,True,0.0,0.194556,2026,3,0.0,0.2
2026-03-01,BAHAMAS,8517,Telephone Sets & Network Equipment,True,0.0025,1.088614,2026,3,0.0,1.2
2026-03-01,BAHRAIN,8517,Telephone Sets & Network Equipment,True,0.0,0.479848,2026,3,0.0,0.5
2026-03-01,BANGLADESH,8517,Telephone Sets & Network Equipment,True,0.0,0.013355,2026,3,0.0,0.0
2026-03-01,BARBADOS,8517,Telephone Sets & Network Equipment,True,0.0,0.835933,2026,3,0.0,0.9
2026-03-01,BELARUS,8517,Telephone Sets & Network Equipment,True,0.0,0.0,2026,3,0.0,0.0
2026-03-01,BELGIUM,8517,Telephone Sets & Network Equipment,True,3.578137,12.917119,2026,3,3.9,14.2
2026-03-01,BELIZE,8517,Telephone Sets & Network Equipment,True,0.0,0.32143,2026,3,0.0,0.4
2026-03-01,BENIN,8517,Telephone Sets & Network Equipment,True,0.0,0.0,2026,3,0.0,0.0
2026-03-01,BERMUDA,8517,Telephone Sets & Network Equipment,True,0.0,1.204143,2026,3,0.0,1.3
2026-03-01,BHUTAN,8517,Telephone Sets & Network Equipment,True,0.0,0.0,2026,3,0.0,0.0
2026-03-01,BOLIVIA,8517,Telephone Sets & Network Equipment,True,0.0,1.920006,2026,3,0.0,2.1
2026-03-01,BOSNIA AND HERZEGOVINA,8517,Telephone Sets & Network Equipment,True,0.00209,0.02435,2026,3,0.0,0.0
2026-03-01,BOTSWANA,8517,Telephone Sets & Network Equipment,True,0.0,0.235383,2026,3,0.0,0.3
2026-03-01,BRAZIL,8517,Telephone Sets & Network Equipment,True,22.647253,85.43505,2026,3,24.9,94.0
2026-03-01,BRITISH INDIAN OCEAN TERRITORIES,8517,Telephone Sets & Network Equipment,True,0.0,0.210504,2026,3,0.0,0.2
2026-03-01,BRITISH VIRGIN ISLANDS,8517,Telephone Sets & Network Equipment,True,0.0,0.463681,2026,3,0.0,0.5
2026-03-01,BRUNEI,8517,Telephone Sets & Network Equipment,True,0.0,0.018881,2026,3,0.0,0.0
2026-03-01,BULGARIA,8517,Telephone Sets & Network Equipment,True,3.15598,0.872194,2026,3,3.5,1.0
2026-03-01,BURKINA FASO,8517,Telephone Sets & Network Equipment,True,0.0,0.006899,2026,3,0.0,0.0
2026-03-01,BURMA,8517,Telephone Sets & Network Equipment,True,0.0,0.009,2026,3,0.0,0.0
2026-03-01,BURUNDI,8517,Telephone Sets & Network Equipment,True,0.0,0.0,2026,3,0.0,0.0
2026-03-01,CABO VERDE,8517,Telephone Sets & Network Equipment,True,0.0,0.0194,2026,3,0.0,0.0
2026-03-01,CACM,8517,Telephone Sets & Network Equipment,True,0.537121,60.723279,2026,3,0.6,66.8
2026-03-01,CAFTA-DR,8517,Telephone Sets & Network Equipment,True,1.900586,86.469796,2026,3,2.1,95.1
2026-03-01,CAMBODIA,8517,Telephone Sets & Network Equipment,True,0.553575,0.005,2026,3,0.6,0.0
2026-03-01,CAMEROON,8517,Telephone Sets & Network Equipment,True,0.136531,0.002703,2026,3,0.2,0.0
2026-03-01,CANADA,8517,Telephone Sets & Network Equipment,True,87.30349,486.082225,2026,3,96.0,534.7
2026-03-01,CAYMAN ISLANDS,8517,Telephone Sets & Network Equipment,True,1.823795,1.106696,2026,3,2.0,1.2
2026-03-01,CENTRAL AFRICAN REPUBLIC,8517,Telephone Sets & Network Equipment,True,0.0,0.0,2026,3,0.0,0.0
2026-03-01,CENTRAL AMERICA,8517,Telephone Sets & Network Equipment,True,3.800683,116.989238,2026,3,4.2,128.7
2026-03-01,CHAD,8517,Telephone Sets & Network Equipment,True,0.0,0.0,2026,3,0.0,0.0
2026-03-01,CHILE,8517,Telephone Sets & Network Equipment,True,1.060645,41.71054,2026,3,1.2,45.9
2026-03-01,CHINA,8517,Telephone Sets & Network Equipment,True,1555.558956,91.351555,2026,3,1711.1,100.5
2026-03-01,CHRISTMAS ISLAND,8517,Telephone Sets & Network Equipment,True,0.0,0.0,2026,3,0.0,0.0
2026-03-01,COLOMBIA,8517,Telephone Sets & Network Equipment,True,0.063847,52.098589,2026,3,0.1,57.3
2026-03-01,COMOROS,8517,Telephone Sets & Network Equipment,True,0.0,0.027199,2026,3,0.0,0.0
2026-03-01,CONGO,8517,Telephone Sets & Network Equipment,True,0.0,0.0,2026,3,0.0,0.0
2026-03-01,COSTA RICA,8517,Telephone Sets & Network Equipment,True,0.513949,26.770799,2026,3,0.6,29.4
2026-03-01,COTE D'IVOIRE,8517,Telephone Sets & Network Equipment,True,0.0,0.240291,2026,3,0.0,0.3
2026-03-01,CROATIA,8517,Telephone Sets & Network Equipment,True,0.876867,0.419537,2026,3,1.0,0.5
2026-03-01,CUBA,8517,Telephone Sets & Network Equipment,True,0.0,0.00464,2026,3,0.0,0.0
2026-03-01,CURACAO,8517,Telephone Sets & Network Equipment,True,0.0,5.468725,2026,3,0.0,6.0
2026-03-01,CYPRUS,8517,Telephone Sets & Network Equipment,True,0.156951,0.219532,2026,3,0.2,0.2
2026-03-01,CZECH REPUBLIC,8517,Telephone Sets & Network Equipment,True,42.338812,9.57302,2026,3,46.6,10.5
2026-03-01,DEMOCRATIC REPUBLIC OF THE CONGO,8517,Telephone Sets & Network Equipment,True,0.0,2.640124,2026,3,0.0,2.9
2026-03-01,DENMARK,8517,Telephone Sets & Network Equipment,True,3.426171,17.919493,2026,3,3.8,19.7
2026-03-01,DJIBOUTI,8517,Telephone Sets & Network Equipment,True,0.0,0.038995,2026,3,0.0,0.0
2026-03-01,DOMINICA,8517,Telephone Sets & Network Equipment,True,0.0,0.037758,2026,3,0.0,0.0
2026-03-01,DOMINICAN REPUBLIC,8517,Telephone Sets & Network Equipment,True,1.363465,25.746517,2026,3,1.5,28.3
2026-03-01,ECUADOR,8517,Telephone Sets & Network Equipment,True,0.0025,15.295512,2026,3,0.0,16.8
2026-03-01,EGYPT,8517,Telephone Sets & Network Equipment,True,0.0,2.138478,2026,3,0.0,2.4
2026-03-01,EL SALVADOR,8517,Telephone Sets & Network Equipment,True,0.017222,8.104135,2026,3,0.0,8.9
2026-03-01,EQUATORIAL GUINEA,8517,Telephone Sets & Network Equipment,True,0.0,0.0,2026,3,0.0,0.0
2026-03-01,ESTONIA,8517,Telephone Sets & Network Equipment,True,44.045432,6.644439,2026,3,48.4,7.3
2026-03-01,ESWATINI,8517,Telephone Sets & Network Equipment,True,0.0,0.0,2026,3,0.0,0.0
2026-03-01,ETHIOPIA,8517,Telephone Sets & Network Equipment,True,0.0,0.874528,2026,3,0.0,1.0
2026-03-01,EURO AREA,8517,Telephone Sets & Network Equipment,True,167.336617,572.588304,2026,3,184.1,629.8
2026-03-01,EUROPE,8517,Telephone Sets & Network Equipment,True,353.066785,876.058216,2026,3,388.4,963.7
2026-03-01,EUROPEAN UNION,8517,Telephone Sets & Network Equipment,True,303.495882,690.967911,2026,3,333.8,760.1
2026-03-01,FAROE ISLANDS,8517,Telephone Sets & Network Equipment,True,0.0,0.0,2026,3,0.0,0.0
2026-03-01,FIJI,8517,Telephone Sets & Network Equipment,True,0.0,0.749049,2026,3,0.0,0.8
2026-03-01,FINLAND,8517,Telephone Sets & Network Equipment,True,3.8912,13.185205,2026,3,4.3,14.5
2026-03-01,FRANCE,8517,Telephone Sets & Network Equipment,True,13.901876,32.30739,2026,3,15.3,35.5
2026-03-01,FRENCH GUIANA,8517,Telephone Sets & Network Equipment,True,0.0,0.111448,2026,3,0.0,0.1
2026-03-01,FRENCH POLYNESIA,8517,Telephone Sets & Network Equipment,True,0.0,0.735059,2026,3,0.0,0.8
2026-03-01,GABON,8517,Telephone Sets & Network Equipment,True,0.0,0.015394,2026,3,0.0,0.0
2026-03-01,GAMBIA,8517,Telephone Sets & Network Equipment,True,0.0,0.05,2026,3,0.0,0.1
2026-03-01,GEORGIA,8517,Telephone Sets & Network Equipment,True,0.031371,1.99114,2026,3,0.0,2.2
2026-03-01,GERMANY,8517,Telephone Sets & Network Equipment,True,51.562425,75.155076,2026,3,56.7,82.7
2026-03-01,GHANA,8517,Telephone Sets & Network Equipment,True,0.002554,0.536162,2026,3,0.0,0.6
2026-03-01,GIBRALTAR,8517,Telephone Sets & Network Equipment,True,0.008856,0.019078,2026,3,0.0,0.0
2026-03-01,GREECE,8517,Telephone Sets & Network Equipment,True,0.010122,1.850446,2026,3,0.0,2.0
2026-03-01,GREENLAND,8517,Telephone Sets & Network Equipment,True,0.0,0.0,2026,3,0.0,0.0
2026-03-01,GRENADA,8517,Telephone Sets & Network Equipment,True,0.0,0.233576,2026,3,0.0,0.3
2026-03-01,GUADELOUPE,8517,Telephone Sets & Network Equipment,True,0.0,0.139907,2026,3,0.0,0.2
2026-03-01,GUATEMALA,8517,Telephone Sets & Network Equipment,True,0.00595,9.132959,2026,3,0.0,10.0
2026-03-01,GUINEA,8517,Telephone Sets & Network Equipment,True,0.0,0.020169,2026,3,0.0,0.0
2026-03-01,GUINEA-BISSAU,8517,Telephone Sets & Network Equipment,True,0.0,0.0,2026,3,0.0,0.0
2026-03-01,GUYANA,8517,Telephone Sets & Network Equipment,True,0.0,8.291054,2026,3,0.0,9.1
2026-03-01,HAITI,8517,Telephone Sets & Network Equipment,True,0.00567,0.540175,2026,3,0.0,0.6
2026-03-01,HONDURAS,8517,Telephone Sets & Network Equipment,True,0.0,9.063235,2026,3,0.0,10.0
2026-03-01,HONG KONG,8517,Telephone Sets & Network Equipment,True,24.167265,472.083602,2026,3,26.6,519.3
2026-03-01,HUNGARY,8517,Telephone Sets & Network Equipment,True,6.413414,21.536009,2026,3,7.1,23.7
2026-03-01,ICELAND,8517,Telephone Sets & Network Equipment,True,0.030768,0.982781,2026,3,0.0,1.1
2026-03-01,INDIA,8517,Telephone Sets & Network Equipment,True,2727.056223,98.223456,2026,3,2999.8,108.0
2026-03-01,INDONESIA,8517,Telephone Sets & Network Equipment,True,132.718988,7.643111,2026,3,146.0,8.4
2026-03-01,IRAN,8517,Telephone Sets & Network Equipment,True,0.0,0.0,2026,3,0.0,0.0
2026-03-01,IRAQ,8517,Telephone Sets & Network Equipment,True,0.0,0.077893,2026,3,0.0,0.1
2026-03-01,IRELAND,8517,Telephone Sets & Network Equipment,True,1.314742,57.978501,2026,3,1.4,63.8
2026-03-01,ISRAEL,8517,Telephone Sets & Network Equipment,True,65.808072,30.043587,2026,3,72.4,33.0
2026-03-01,ITALY,8517,Telephone Sets & Network Equipment,True,10.75829,26.285065,2026,3,11.8,28.9
2026-03-01,JAMAICA,8517,Telephone Sets & Network Equipment,True,0.0,2.574669,2026,3,0.0,2.8
2026-03-01,JAPAN,8517,Telephone Sets & Network Equipment,True,57.114635,91.447982,2026,3,62.8,100.6
2026-03-01,JORDAN,8517,Telephone Sets & Network Equipment,True,0.0,0.240366,2026,3,0.0,0.3
2026-03-01,KAZAKHSTAN,8517,Telephone Sets & Network Equipment,True,0.0,1.337886,2026,3,0.0,1.5
2026-03-01,KENYA,8517,Telephone Sets & Network Equipment,True,0.0,1.048536,2026,3,0.0,1.2
2026-03-01,KOSOVO,8517,Telephone Sets & Network Equipment,True,0.0,0.010133,2026,3,0.0,0.0
2026-03-01,KUWAIT,8517,Telephone Sets & Network Equipment,True,0.0,0.430415,2026,3,0.0,0.5
2026-03-01,KYRGYZSTAN,8517,Telephone Sets & Network Equipment,True,0.0,0.16699,2026,3,0.0,0.2
2026-03-01,LAFTA,8517,Telephone Sets & Network Equipment,True,1721.562958,1144.717076,2026,3,1893.7,1259.2
2026-03-01,LAOS,8517,Telephone Sets & Network Equipment,True,0.897248,0.040317,2026,3,1.0,0.0
2026-03-01,LATVIA,8517,Telephone Sets & Network Equipment,True,5.058303,0.692793,2026,3,5.6,0.8
2026-03-01,LEBANON,8517,Telephone Sets & Network Equipment,True,0.416175,0.171682,2026,3,0.5,0.2
2026-03-01,LESOTHO,8517,Telephone Sets & Network Equipment,True,0.0,0.0,2026,3,0.0,0.0
2026-03-01,LIBERIA,8517,Telephone Sets & Network Equipment,True,0.0,0.024412,2026,3,0.0,0.0
2026-03-01,LIBYA,8517,Telephone Sets & Network Equipment,True,0.0,0.118347,2026,3,0.0,0.1
2026-03-01,LIECHTENSTEIN,8517,Telephone Sets & Network Equipment,True,0.01459,0.119076,2026,3,0.0,0.1
2026-03-01,LITHUANIA,8517,Telephone Sets & Network Equipment,True,5.076927,0.26284,2026,3,5.6,0.3
2026-03-01,LUXEMBOURG,8517,Telephone Sets & Network Equipment,True,0.009218,1.466358,2026,3,0.0,1.6
2026-03-01,MACAU,8517,Telephone Sets & Network Equipment,True,0.0,0.51416,2026,3,0.0,0.6
2026-03-01,MACEDONIA,8517,Telephone Sets & Network Equipment,True,0.039642,0.033114,2026,3,0.0,0.0
2026-03-01,MADAGASCAR,8517,Telephone Sets & Network Equipment,True,0.0,0.408007,2026,3,0.0,0.4
2026-03-01,MALAWI,8517,Telephone Sets & Network Equipment,True,0.0,1.800253,2026,3,0.0,2.0
2026-03-01,MALAYSIA,8517,Telephone Sets & Network Equipment,True,665.438622,50.212087,2026,3,732.0,55.2
2026-03-01,MALDIVES,8517,Telephone Sets & Network Equipment,True,0.0,0.246616,2026,3,0.0,0.3
2026-03-01,MALI,8517,Telephone Sets & Network Equipment,True,0.0,0.092092,2026,3,0.0,0.1
2026-03-01,MALTA,8517,Telephone Sets & Network Equipment,True,0.0,0.173903,2026,3,0.0,0.2
2026-03-01,MARSHALL ISLANDS,8517,Telephone Sets & Network Equipment,True,0.0,0.235575,2026,3,0.0,0.3
2026-03-01,MARTINIQUE,8517,Telephone Sets & Network Equipment,True,0.0,0.093832,2026,3,0.0,0.1
2026-03-01,MAURITANIA,8517,Telephone Sets & Network Equipment,True,0.0,0.0069,2026,3,0.0,0.0
2026-03-01,MAURITIUS,8517,Telephone Sets & Network Equipment,True,0.0,0.096273,2026,3,0.0,0.1
2026-03-01,MEXICO,8517,Telephone Sets & Network Equipment,True,1697.763744,448.574261,2026,3,1867.5,493.4
2026-03-01,MICRONESIA,8517,Telephone Sets & Network Equipment,True,0.0,0.15629,2026,3,0.0,0.2
2026-03-01,MOLDOVA,8517,Telephone Sets & Network Equipment,True,0.00261,0.028651,2026,3,0.0,0.0
2026-03-01,MONACO,8517,Telephone Sets & Network Equipment,True,0.0,0.012529,2026,3,0.0,0.0
2026-03-01,MONGOLIA,8517,Telephone Sets & Network Equipment,True,0.0,0.396373,2026,3,0.0,0.4
2026-03-01,MONTENEGRO,8517,Telephone Sets & Network Equipment,True,0.0,0.010594,2026,3,0.0,0.0
2026-03-01,MONTSERRAT,8517,Telephone Sets & Network Equipment,True,0.0,0.065798,2026,3,0.0,0.1
2026-03-01,MOROCCO,8517,Telephone Sets & Network Equipment,True,0.168251,0.989641,2026,3,0.2,1.1
2026-03-01,MOZAMBIQUE,8517,Telephone Sets & Network Equipment,True,0.152929,0.145519,2026,3,0.2,0.2
2026-03-01,NAMIBIA,8517,Telephone Sets & Network Equipment,True,0.0,0.283567,2026,3,0.0,0.3
2026-03-01,NATO,8517,Telephone Sets & Network Equipment,True,429.863636,1270.478096,2026,3,472.8,1397.5
2026-03-01,NEPAL,8517,Telephone Sets & Network Equipment,True,0.0,0.00942,2026,3,0.0,0.0
2026-03-01,NETHERLANDS,8517,Telephone Sets & Network Equipment,True,7.622429,313.380887,2026,3,8.4,344.7
2026-03-01,NEW CALEDONIA,8517,Telephone Sets & Network Equipment,True,0.0,0.097571,2026,3,0.0,0.1
2026-03-01,NEW ZEALAND,8517,Telephone Sets & Network Equipment,True,2.548737,4.8503,2026,3,2.8,5.3
2026-03-01,NICARAGUA,8517,Telephone Sets & Network Equipment,True,0.0,7.652151,2026,3,0.0,8.4
2026-03-01,NIGER,8517,Telephone Sets & Network Equipment,True,0.0,0.334848,2026,3,0.0,0.4
2026-03-01,NIGERIA,8517,Telephone Sets & Network Equipment,True,0.0,3.432817,2026,3,0.0,3.8
2026-03-01,NORTH AMERICA,8517,Telephone Sets & Network Equipment,True,1785.067234,934.656486,2026,3,1963.6,1028.1
2026-03-01,NORWAY,8517,Telephone Sets & Network Equipment,True,5.954468,12.80594,2026,3,6.5,14.1
2026-03-01,OECD,8517,Telephone Sets & Network Equipment,True,2253.125771,2167.881291,2026,3,2478.4,2384.7
2026-03-01,OMAN,8517,Telephone Sets & Network Equipment,True,0.0,0.20882,2026,3,0.0,0.2
2026-03-01,PACIFIC RIM COUNTRIES,8517,Telephone Sets & Network Equipment,True,3719.469098,1075.292788,2026,3,4091.4,1182.8
2026-03-01,PAKISTAN,8517,Telephone Sets & Network Equipment,True,0.0,0.593207,2026,3,0.0,0.7
2026-03-01,PALAU,8517,Telephone Sets & Network Equipment,True,0.0,0.115597,2026,3,0.0,0.1
2026-03-01,PANAMA,8517,Telephone Sets & Network Equipment,True,0.048733,10.381822,2026,3,0.1,11.4
2026-03-01,PAPUA NEW GUINEA,8517,Telephone Sets & Network Equipment,True,0.005422,0.03013,2026,3,0.0,0.0
2026-03-01,PARAGUAY,8517,Telephone Sets & Network Equipment,True,0.0,343.089629,2026,3,0.0,377.4
2026-03-01,PERU,8517,Telephone Sets & Network Equipment,True,0.00234,32.294027,2026,3,0.0,35.5
2026-03-01,PHILIPPINES,8517,Telephone Sets & Network Equipment,True,125.383086,37.033061,2026,3,137.9,40.7
2026-03-01,POLAND,8517,Telephone Sets & Network Equipment,True,32.396938,20.894054,2026,3,35.6,23.0
2026-03-01,PORTUGAL,8517,Telephone Sets & Network Equipment,True,11.145482,1.043173,2026,3,12.3,1.1
2026-03-01,QATAR,8517,Telephone Sets & Network Equipment,True,0.0,8.218353,2026,3,0.0,9.0
2026-03-01,REUNION,8517,Telephone Sets & Network Equipment,True,0.0,0.00814,2026,3,0.0,0.0
2026-03-01,ROMANIA,8517,Telephone Sets & Network Equipment,True,41.576313,7.583594,2026,3,45.7,8.3
2026-03-01,RUSSIA,8517,Telephone Sets & Network Equipment,True,0.0,0.112253,2026,3,0.0,0.1
2026-03-01,RWANDA,8517,Telephone Sets & Network Equipment,True,0.0,0.080054,2026,3,0.0,0.1
2026-03-01,SAN MARINO,8517,Telephone Sets & Network Equipment,True,0.0,0.0,2026,3,0.0,0.0
2026-03-01,SAO TOME AND PRINCIPE,8517,Telephone Sets & Network Equipment,True,0.0,0.0,2026,3,0.0,0.0
2026-03-01,SAUDI ARABIA,8517,Telephone Sets & Network Equipment,True,0.0,9.165452,2026,3,0.0,10.1
2026-03-01,SENEGAL,8517,Telephone Sets & Network Equipment,True,0.0,6.540831,2026,3,0.0,7.2
2026-03-01,SERBIA,8517,Telephone Sets & Network Equipment,True,0.002808,0.298155,2026,3,0.0,0.3
2026-03-01,SEYCHELLES,8517,Telephone Sets & Network Equipment,True,0.005891,0.0,2026,3,0.0,0.0
2026-03-01,SIERRA LEONE,8517,Telephone Sets & Network Equipment,True,0.0,0.156226,2026,3,0.0,0.2
2026-03-01,SINGAPORE,8517,Telephone Sets & Network Equipment,True,76.811397,103.214719,2026,3,84.5,113.5
2026-03-01,SINT MAARTEN,8517,Telephone Sets & Network Equipment,True,0.0,0.831477,2026,3,0.0,0.9
2026-03-01,SLOVAKIA,8517,Telephone Sets & Network Equipment,True,0.219934,1.109741,2026,3,0.2,1.2
2026-03-01,SLOVENIA,8517,Telephone Sets & Network Equipment,True,0.451656,0.824074,2026,3,0.5,0.9
2026-03-01,SOLOMON ISLANDS,8517,Telephone Sets & Network Equipment,True,0.0,0.11478,2026,3,0.0,0.1
2026-03-01,SOMALIA,8517,Telephone Sets & Network Equipment,True,0.0,0.24434,2026,3,0.0,0.3
2026-03-01,SOUTH AFRICA,8517,Telephone Sets & Network Equipment,True,1.622768,10.748139,2026,3,1.8,11.8
2026-03-01,SOUTH AMERICA,8517,Telephone Sets & Network Equipment,True,23.799214,706.087735,2026,3,26.2,776.7
2026-03-01,SOUTH SUDAN,8517,Telephone Sets & Network Equipment,True,0.0,0.017362,2026,3,0.0,0.0
2026-03-01,SPAIN,8517,Telephone Sets & Network Equipment,True,2.338601,23.189224,2026,3,2.6,25.5
2026-03-01,SRI LANKA,8517,Telephone Sets & Network Equipment,True,0.0281,0.139804,2026,3,0.0,0.2
2026-03-01,ST HELENA,8517,Telephone Sets & Network Equipment,True,0.0,0.0,2026,3,0.0,0.0
2026-03-01,ST KITTS AND NEVIS,8517,Telephone Sets & Network Equipment,True,0.0,0.067557,2026,3,0.0,0.1
2026-03-01,ST LUCIA,8517,Telephone Sets & Network Equipment,True,0.016899,0.399373,2026,3,0.0,0.4
2026-03-01,ST VINCENT AND THE GRENADINES,8517,Telephone Sets & Network Equipment,True,0.0,0.120989,2026,3,0.0,0.1
2026-03-01,SURINAME,8517,Telephone Sets & Network Equipment,True,0.0,1.542418,2026,3,0.0,1.7
2026-03-01,SWEDEN,8517,Telephone Sets & Network Equipment,True,10.007617,40.873437,2026,3,11.0,45.0
2026-03-01,SWITZERLAND,8517,Telephone Sets & Network Equipment,True,3.505433,8.996117,2026,3,3.9,9.9
2026-03-01,South Korea,8517,Telephone Sets & Network Equipment,True,29.166158,21.384365,2026,3,32.1,23.5
2026-03-01,TAIWAN,8517,Telephone Sets & Network Equipment,True,1042.660531,75.612624,2026,3,1146.9,83.2
2026-03-01,TAJIKISTAN,8517,Telephone Sets & Network Equipment,True,0.0,0.0,2026,3,0.0,0.0
2026-03-01,TANZANIA,8517,Telephone Sets & Network Equipment,True,0.0,0.105637,2026,3,0.0,0.1
2026-03-01,THAILAND,8517,Telephone Sets & Network Equipment,True,2626.478145,91.547421,2026,3,2889.1,100.7
2026-03-01,TIMOR-LESTE,8517,Telephone Sets & Network Equipment,True,0.0,0.144963,2026,3,0.0,0.2
2026-03-01,TOGO,8517,Telephone Sets & Network Equipment,True,0.0,0.0,2026,3,0.0,0.0
2026-03-01,TONGA,8517,Telephone Sets & Network Equipment,True,0.0,0.00468,2026,3,0.0,0.0
2026-03-01,TOTAL FOR ALL COUNTRIES,8517,Telephone Sets & Network Equipment,True,14671.273115,4209.938943,2026,3,16138.4,4630.9
2026-03-01,TRINIDAD AND TOBAGO,8517,Telephone Sets & Network Equipment,True,0.0025,3.033939,2026,3,0.0,3.3
2026-03-01,TUNISIA,8517,Telephone Sets & Network Equipment,True,0.272286,0.058112,2026,3,0.3,0.1
2026-03-01,TURKEY,8517,Telephone Sets & Network Equipment,True,2.473206,7.040559,2026,3,2.7,7.7
2026-03-01,TURKMENISTAN,8517,Telephone Sets & Network Equipment,True,0.0,0.0,2026,3,0.0,0.0
2026-03-01,TURKS AND CAICOS ISLANDS,8517,Telephone Sets & Network Equipment,True,0.0,0.091598,2026,3,0.0,0.1
2026-03-01,TWENTY LATIN AMERICAN REPUBLICS,8517,Telephone Sets & Network Equipment,True,1723.517947,1242.113509,2026,3,1895.9,1366.3
2026-03-01,UGANDA,8517,Telephone Sets & Network Equipment,True,0.0,0.016865,2026,3,0.0,0.0
2026-03-01,UKRAINE,8517,Telephone Sets & Network Equipment,True,3.305143,16.421553,2026,3,3.6,18.1
2026-03-01,UNITED ARAB EMIRATES,8517,Telephone Sets & Network Equipment,True,0.116008,123.967101,2026,3,0.1,136.4
2026-03-01,UNITED KINGDOM,8517,Telephone Sets & Network Equipment,True,34.193547,133.497884,2026,3,37.6,146.8
2026-03-01,URUGUAY,8517,Telephone Sets & Network Equipment,True,0.007909,29.119354,2026,3,0.0,32.0
2026-03-01,USMCA (NAFTA),8517,Telephone Sets & Network Equipment,True,1785.067234,934.656486,2026,3,1963.6,1028.1
2026-03-01,UZBEKISTAN,8517,Telephone Sets & Network Equipment,True,0.0,0.709648,2026,3,0.0,0.8
2026-03-01,VANUATU,8517,Telephone Sets & Network Equipment,True,0.0,0.00353,2026,3,0.0,0.0
2026-03-01,VENEZUELA,8517,Telephone Sets & Network Equipment,True,0.0,26.047801,2026,3,0.0,28.7
2026-03-01,VIETNAM,8517,Telephone Sets & Network Equipment,True,3362.349845,98.390956,2026,3,3698.6,108.2
2026-03-01,YEMEN,8517,Telephone Sets & Network Equipment,True,0.0,0.02327,2026,3,0.0,0.0
2026-03-01,ZAMBIA,8517,Telephone Sets & Network Equipment,True,0.0,0.161566,2026,3,0.0,0.2
2026-03-01,ZIMBABWE,8517,Telephone Sets & Network Equipment,True,0.0,0.314168,2026,3,0.0,0.3
2026-03-01,AFGHANISTAN,8542,Electronic Integrated Circuits,True,0.0,0.0,2026,3,0.0,0.0
2026-03-01,AFRICA,8542,Electronic Integrated Circuits,True,0.226179,7.045601,2026,3,0.2,7.8
2026-03-01,ALBANIA,8542,Electronic Integrated Circuits,True,0.010102,0.0,2026,3,0.0,0.0
2026-03-01,ALGERIA,8542,Electronic Integrated Circuits,True,0.0,0.003447,2026,3,0.0,0.0
2026-03-01,ANGOLA,8542,Electronic Integrated Circuits,True,0.0,0.0,2026,3,0.0,0.0
2026-03-01,ANGUILLA,8542,Electronic Integrated Circuits,True,0.0,0.003622,2026,3,0.0,0.0
2026-03-01,ANTIGUA AND BARBUDA,8542,Electronic Integrated Circuits,True,0.0,0.0,2026,3,0.0,0.0
2026-03-01,APEC,8542,Electronic Integrated Circuits,True,3766.446599,4231.431636,2026,3,4143.1,4654.6
2026-03-01,ARGENTINA,8542,Electronic Integrated Circuits,True,0.0,4.45241,2026,3,0.0,4.9
2026-03-01,ARUBA,8542,Electronic Integrated Circuits,True,0.0,0.002622,2026,3,0.0,0.0
2026-03-01,ASEAN,8542,Electronic Integrated Circuits,True,1364.777888,1173.506476,2026,3,1501.3,1290.9
2026-03-01,ASIA,8542,Electronic Integrated Circuits,True,4183.342431,3005.785131,2026,3,4601.7,3306.4
2026-03-01,AUSTRALIA,8542,Electronic Integrated Circuits,True,0.547412,6.737811,2026,3,0.6,7.4
2026-03-01,AUSTRALIA AND OCEANIA,8542,Electronic Integrated Circuits,True,0.629782,7.007192,2026,3,0.7,7.7
2026-03-01,AUSTRIA,8542,Electronic Integrated Circuits,True,10.648589,1.886468,2026,3,11.7,2.1
2026-03-01,BAHAMAS,8542,Electronic Integrated Circuits,True,0.0,0.026167,2026,3,0.0,0.0
2026-03-01,BAHRAIN,8542,Electronic Integrated Circuits,True,0.0,0.00749,2026,3,0.0,0.0
2026-03-01,BARBADOS,8542,Electronic Integrated Circuits,True,0.0,0.013162,2026,3,0.0,0.0
2026-03-01,BELGIUM,8542,Electronic Integrated Circuits,True,0.662818,4.798396,2026,3,0.7,5.3
2026-03-01,BELIZE,8542,Electronic Integrated Circuits,True,0.0,0.0354,2026,3,0.0,0.0
2026-03-01,BERMUDA,8542,Electronic Integrated Circuits,True,0.0,0.012659,2026,3,0.0,0.0
2026-03-01,BOLIVIA,8542,Electronic Integrated Circuits,True,0.0,0.342876,2026,3,0.0,0.4
2026-03-01,BOSNIA AND HERZEGOVINA,8542,Electronic Integrated Circuits,True,0.0,0.021799,2026,3,0.0,0.0
2026-03-01,BRAZIL,8542,Electronic Integrated Circuits,True,2.298134,105.687179,2026,3,2.5,116.3
2026-03-01,BRITISH INDIAN OCEAN TERRITORIES,8542,Electronic Integrated Circuits,True,0.0,0.025196,2026,3,0.0,0.0
2026-03-01,BRUNEI,8542,Electronic Integrated Circuits,True,0.0,0.0,2026,3,0.0,0.0
2026-03-01,BULGARIA,8542,Electronic Integrated Circuits,True,0.017275,1.174397,2026,3,0.0,1.3
2026-03-01,BURUNDI,8542,Electronic Integrated Circuits,True,0.0,0.0,2026,3,0.0,0.0
2026-03-01,CACM,8542,Electronic Integrated Circuits,True,69.472709,13.448409,2026,3,76.4,14.8
2026-03-01,CAFTA-DR,8542,Electronic Integrated Circuits,True,69.523422,15.018226,2026,3,76.5,16.5
2026-03-01,CAMBODIA,8542,Electronic Integrated Circuits,True,0.061181,0.0,2026,3,0.1,0.0
2026-03-01,CAMEROON,8542,Electronic Integrated Circuits,True,0.0,0.0,2026,3,0.0,0.0
2026-03-01,CANADA,8542,Electronic Integrated Circuits,True,10.077725,60.143764,2026,3,11.1,66.2
2026-03-01,CAYMAN ISLANDS,8542,Electronic Integrated Circuits,True,0.0,0.0,2026,3,0.0,0.0
2026-03-01,CENTRAL AMERICA,8542,Electronic Integrated Circuits,True,69.523422,15.448699,2026,3,76.5,17.0
2026-03-01,CHILE,8542,Electronic Integrated Circuits,True,0.0,1.890856,2026,3,0.0,2.1
2026-03-01,CHINA,8542,Electronic Integrated Circuits,True,106.650511,1005.53295,2026,3,117.3,1106.1
2026-03-01,COLOMBIA,8542,Electronic Integrated Circuits,True,0.070834,1.361296,2026,3,0.1,1.5
2026-03-01,COSTA RICA,8542,Electronic Integrated Circuits,True,68.906092,11.029691,2026,3,75.8,12.1
2026-03-01,CROATIA,8542,Electronic Integrated Circuits,True,0.009749,0.07546,2026,3,0.0,0.1
2026-03-01,CURACAO,8542,Electronic Integrated Circuits,True,0.0,0.028003,2026,3,0.0,0.0
2026-03-01,CYPRUS,8542,Electronic Integrated Circuits,True,0.0,0.0,2026,3,0.0,0.0
2026-03-01,CZECH REPUBLIC,8542,Electronic Integrated Circuits,True,1.022904,34.255199,2026,3,1.1,37.7
2026-03-01,DENMARK,8542,Electronic Integrated Circuits,True,0.53131,2.966572,2026,3,0.6,3.3
2026-03-01,DOMINICAN REPUBLIC,8542,Electronic Integrated Circuits,True,0.050713,1.569817,2026,3,0.1,1.7
2026-03-01,ECUADOR,8542,Electronic Integrated Circuits,True,0.155673,0.470457,2026,3,0.2,0.5
2026-03-01,EGYPT,8542,Electronic Integrated Circuits,True,0.0,0.028291,2026,3,0.0,0.0
2026-03-01,EL SALVADOR,8542,Electronic Integrated Circuits,True,0.0,0.756035,2026,3,0.0,0.8
2026-03-01,ESTONIA,8542,Electronic Integrated Circuits,True,0.002223,0.261062,2026,3,0.0,0.3
2026-03-01,ESWATINI,8542,Electronic Integrated Circuits,True,0.0,1.161,2026,3,0.0,1.3
2026-03-01,EURO AREA,8542,Electronic Integrated Circuits,True,388.206533,333.790816,2026,3,427.0,367.2
2026-03-01,EUROPE,8542,Electronic Integrated Circuits,True,406.634987,587.194325,2026,3,447.3,645.9
2026-03-01,EUROPEAN UNION,8542,Electronic Integrated Circuits,True,394.620948,511.609451,2026,3,434.1,562.8
2026-03-01,FINLAND,8542,Electronic Integrated Circuits,True,0.100395,2.141817,2026,3,0.1,2.4
2026-03-01,FRANCE,8542,Electronic Integrated Circuits,True,76.911736,10.417626,2026,3,84.6,11.5
2026-03-01,FRENCH GUIANA,8542,Electronic Integrated Circuits,True,0.0,0.018928,2026,3,0.0,0.0
2026-03-01,GEORGIA,8542,Electronic Integrated Circuits,True,0.0,0.003166,2026,3,0.0,0.0
2026-03-01,GERMANY,8542,Electronic Integrated Circuits,True,84.306076,64.590363,2026,3,92.7,71.0
2026-03-01,GHANA,8542,Electronic Integrated Circuits,True,0.0,0.0,2026,3,0.0,0.0
2026-03-01,GREECE,8542,Electronic Integrated Circuits,True,0.949392,2.825359,2026,3,1.0,3.1
2026-03-01,GRENADA,8542,Electronic Integrated Circuits,True,0.0,0.0,2026,3,0.0,0.0
2026-03-01,GUADELOUPE,8542,Electronic Integrated Circuits,True,0.0,0.031141,2026,3,0.0,0.0
2026-03-01,GUATEMALA,8542,Electronic Integrated Circuits,True,0.346369,1.348885,2026,3,0.4,1.5
2026-03-01,GUYANA,8542,Electronic Integrated Circuits,True,0.0,0.117435,2026,3,0.0,0.1
2026-03-01,HAITI,8542,Electronic Integrated Circuits,True,0.0,0.028774,2026,3,0.0,0.0
2026-03-01,HONDURAS,8542,Electronic Integrated Circuits,True,0.220248,0.276653,2026,3,0.2,0.3
2026-03-01,HONG KONG,8542,Electronic Integrated Circuits,True,1.153542,189.276801,2026,3,1.3,208.2
2026-03-01,HUNGARY,8542,Electronic Integrated Circuits,True,1.197212,71.547378,2026,3,1.3,78.7
2026-03-01,ICELAND,8542,Electronic Integrated Circuits,True,0.085032,0.0,2026,3,0.1,0.0
2026-03-01,INDIA,8542,Electronic Integrated Circuits,True,0.777002,15.037979,2026,3,0.9,16.5
2026-03-01,INDONESIA,8542,Electronic Integrated Circuits,True,1.047586,0.324163,2026,3,1.2,0.4
2026-03-01,IRELAND,8542,Electronic Integrated Circuits,True,197.67818,176.214724,2026,3,217.4,193.8
2026-03-01,ISRAEL,8542,Electronic Integrated Circuits,True,437.242968,16.250775,2026,3,481.0,17.9
2026-03-01,ITALY,8542,Electronic Integrated Circuits,True,10.520784,12.244022,2026,3,11.6,13.5
2026-03-01,JAMAICA,8542,Electronic Integrated Circuits,True,0.0,0.141687,2026,3,0.0,0.2
2026-03-01,JAPAN,8542,Electronic Integrated Circuits,True,147.257769,58.604106,2026,3,162.0,64.5
2026-03-01,JORDAN,8542,Electronic Integrated Circuits,True,0.0,0.0,2026,3,0.0,0.0
2026-03-01,KAZAKHSTAN,8542,Electronic Integrated Circuits,True,0.0,0.0,2026,3,0.0,0.0
2026-03-01,KENYA,8542,Electronic Integrated Circuits,True,0.0,0.013898,2026,3,0.0,0.0
2026-03-01,KUWAIT,8542,Electronic Integrated Circuits,True,0.0,0.076263,2026,3,0.0,0.1
2026-03-01,KYRGYZSTAN,8542,Electronic Integrated Circuits,True,0.0,0.0,2026,3,0.0,0.0
2026-03-01,LAFTA,8542,Electronic Integrated Circuits,True,14.266103,1306.09835,2026,3,15.7,1436.7
2026-03-01,LATVIA,8542,Electronic Integrated Circuits,True,0.06693,0.412515,2026,3,0.1,0.5
2026-03-01,LEBANON,8542,Electronic Integrated Circuits,True,0.0,0.095857,2026,3,0.0,0.1
2026-03-01,LIBERIA,8542,Electronic Integrated Circuits,True,0.0,0.0,2026,3,0.0,0.0
2026-03-01,LIBYA,8542,Electronic Integrated Circuits,True,0.0,0.0,2026,3,0.0,0.0
2026-03-01,LIECHTENSTEIN,8542,Electronic Integrated Circuits,True,0.0,0.0,2026,3,0.0,0.0
2026-03-01,LITHUANIA,8542,Electronic Integrated Circuits,True,0.12724,1.287057,2026,3,0.1,1.4
2026-03-01,LUXEMBOURG,8542,Electronic Integrated Circuits,True,0.0,0.118746,2026,3,0.0,0.1
2026-03-01,MACAU,8542,Electronic Integrated Circuits,True,0.02948,0.271298,2026,3,0.0,0.3
2026-03-01,MACEDONIA,8542,Electronic Integrated Circuits,True,0.0,0.00882,2026,3,0.0,0.0
2026-03-01,MALAWI,8542,Electronic Integrated Circuits,True,0.0,0.0,2026,3,0.0,0.0
2026-03-01,MALAYSIA,8542,Electronic Integrated Circuits,True,920.616818,668.134445,2026,3,1012.7,734.9
2026-03-01,MALDIVES,8542,Electronic Integrated Circuits,True,0.04455,0.0,2026,3,0.0,0.0
2026-03-01,MALI,8542,Electronic Integrated Circuits,True,0.0,0.0,2026,3,0.0,0.0
2026-03-01,MALTA,8542,Electronic Integrated Circuits,True,0.478699,0.037157,2026,3,0.5,0.0
2026-03-01,MARTINIQUE,8542,Electronic Integrated Circuits,True,0.0,0.0,2026,3,0.0,0.0
2026-03-01,MAURITANIA,8542,Electronic Integrated Circuits,True,0.0,0.0,2026,3,0.0,0.0
2026-03-01,MEXICO,8542,Electronic Integrated Circuits,True,10.98086,1187.069108,2026,3,12.1,1305.8
2026-03-01,MOLDOVA,8542,Electronic Integrated Circuits,True,0.0,0.004139,2026,3,0.0,0.0
2026-03-01,MONGOLIA,8542,Electronic Integrated Circuits,True,0.0,0.0041,2026,3,0.0,0.0
2026-03-01,MONTENEGRO,8542,Electronic Integrated Circuits,True,0.0,0.0,2026,3,0.0,0.0
2026-03-01,MOROCCO,8542,Electronic Integrated Circuits,True,0.17593,0.050249,2026,3,0.2,0.1
2026-03-01,NAMIBIA,8542,Electronic Integrated Circuits,True,0.0,0.0,2026,3,0.0,0.0
2026-03-01,NATO,8542,Electronic Integrated Circuits,True,205.277693,462.92555,2026,3,225.8,509.2
2026-03-01,NEPAL,8542,Electronic Integrated Circuits,True,0.0,0.0,2026,3,0.0,0.0
2026-03-01,NETHERLANDS,8542,Electronic Integrated Circuits,True,4.992998,40.246422,2026,3,5.5,44.3
2026-03-01,NEW ZEALAND,8542,Electronic Integrated Circuits,True,0.08237,0.269381,2026,3,0.1,0.3
2026-03-01,NICARAGUA,8542,Electronic Integrated Circuits,True,0.0,0.037145,2026,3,0.0,0.0
2026-03-01,NIGER,8542,Electronic Integrated Circuits,True,0.004614,0.0,2026,3,0.0,0.0
2026-03-01,NIGERIA,8542,Electronic Integrated Circuits,True,0.0,0.0633,2026,3,0.0,0.1
2026-03-01,NORTH AMERICA,8542,Electronic Integrated Circuits,True,21.058585,1247.212872,2026,3,23.2,1371.9
2026-03-01,NORWAY,8542,Electronic Integrated Circuits,True,0.408061,1.218462,2026,3,0.4,1.3
2026-03-01,OECD,8542,Electronic Integrated Circuits,True,1372.716137,2120.180676,2026,3,1510.0,2332.2
2026-03-01,OMAN,8542,Electronic Integrated Circuits,True,0.0,0.033328,2026,3,0.0,0.0
2026-03-01,PACIFIC RIM COUNTRIES,8542,Electronic Integrated Circuits,True,3432.117814,2718.364507,2026,3,3775.3,2990.2
2026-03-01,PAKISTAN,8542,Electronic Integrated Circuits,True,0.0,0.253231,2026,3,0.0,0.3
2026-03-01,PANAMA,8542,Electronic Integrated Circuits,True,0.0,0.026964,2026,3,0.0,0.0
2026-03-01,PARAGUAY,8542,Electronic Integrated Circuits,True,0.0,0.877568,2026,3,0.0,1.0
2026-03-01,PERU,8542,Electronic Integrated Circuits,True,0.0,3.375252,2026,3,0.0,3.7
2026-03-01,PHILIPPINES,8542,Electronic Integrated Circuits,True,74.058718,120.468499,2026,3,81.5,132.5
2026-03-01,POLAND,8542,Electronic Integrated Circuits,True,2.812457,58.509784,2026,3,3.1,64.4
2026-03-01,PORTUGAL,8542,Electronic Integrated Circuits,True,0.031985,2.373371,2026,3,0.0,2.6
2026-03-01,QATAR,8542,Electronic Integrated Circuits,True,0.0,0.052738,2026,3,0.0,0.1
2026-03-01,ROMANIA,8542,Electronic Integrated Circuits,True,0.11932,2.395903,2026,3,0.1,2.6
2026-03-01,RWANDA,8542,Electronic Integrated Circuits,True,0.0,0.0,2026,3,0.0,0.0
2026-03-01,SAN MARINO,8542,Electronic Integrated Circuits,True,0.0,0.0,2026,3,0.0,0.0
2026-03-01,SAUDI ARABIA,8542,Electronic Integrated Circuits,True,0.0,0.593332,2026,3,0.0,0.7
2026-03-01,SENEGAL,8542,Electronic Integrated Circuits,True,0.002655,0.0,2026,3,0.0,0.0
2026-03-01,SERBIA,8542,Electronic Integrated Circuits,True,0.010011,0.388365,2026,3,0.0,0.4
2026-03-01,SIERRA LEONE,8542,Electronic Integrated Circuits,True,0.0,0.0,2026,3,0.0,0.0
2026-03-01,SINGAPORE,8542,Electronic Integrated Circuits,True,55.693905,123.719922,2026,3,61.3,136.1
2026-03-01,SINT MAARTEN,8542,Electronic Integrated Circuits,True,0.0,0.002695,2026,3,0.0,0.0
2026-03-01,SLOVAKIA,8542,Electronic Integrated Circuits,True,0.07128,0.862817,2026,3,0.1,0.9
2026-03-01,SLOVENIA,8542,Electronic Integrated Circuits,True,0.021493,0.29242,2026,3,0.0,0.3
2026-03-01,SOUTH AFRICA,8542,Electronic Integrated Circuits,True,0.04298,5.586868,2026,3,0.0,6.1
2026-03-01,SOUTH AMERICA,8542,Electronic Integrated Circuits,True,3.285243,119.170085,2026,3,3.6,131.1
2026-03-01,SPAIN,8542,Electronic Integrated Circuits,True,0.608691,11.530617,2026,3,0.7,12.7
2026-03-01,SRI LANKA,8542,Electronic Integrated Circuits,True,0.429018,0.163566,2026,3,0.5,0.2
2026-03-01,ST KITTS AND NEVIS,8542,Electronic Integrated Circuits,True,0.0,0.052788,2026,3,0.0,0.1
2026-03-01,ST LUCIA,8542,Electronic Integrated Circuits,True,0.0,0.005572,2026,3,0.0,0.0
2026-03-01,SURINAME,8542,Electronic Integrated Circuits,True,0.0,0.00448,2026,3,0.0,0.0
2026-03-01,SWEDEN,8542,Electronic Integrated Circuits,True,0.731212,8.143799,2026,3,0.8,9.0
2026-03-01,SWITZERLAND,8542,Electronic Integrated Circuits,True,2.615567,3.967501,2026,3,2.9,4.4
2026-03-01,South Korea,8542,Electronic Integrated Circuits,True,291.564249,195.627989,2026,3,320.7,215.2
2026-03-01,TAIWAN,8542,Electronic Integrated Circuits,True,1833.415454,349.397142,2026,3,2016.8,384.3
2026-03-01,TANZANIA,8542,Electronic Integrated Circuits,True,0.0,0.005781,2026,3,0.0,0.0
2026-03-01,THAILAND,8542,Electronic Integrated Circuits,True,83.997686,99.46916,2026,3,92.4,109.4
2026-03-01,TOTAL FOR ALL COUNTRIES,8542,Electronic Integrated Circuits,True,4684.700629,4988.863905,2026,3,5153.2,5487.8
2026-03-01,TRINIDAD AND TOBAGO,8542,Electronic Integrated Circuits,True,0.0,0.019217,2026,3,0.0,0.0
2026-03-01,TUNISIA,8542,Electronic Integrated Circuits,True,0.0,0.107571,2026,3,0.0,0.1
2026-03-01,TURKEY,8542,Electronic Integrated Circuits,True,0.450614,7.646005,2026,3,0.5,8.4
2026-03-01,TURKS AND CAICOS ISLANDS,8542,Electronic Integrated Circuits,True,0.0,0.0,2026,3,0.0,0.0
2026-03-01,TWENTY LATIN AMERICAN REPUBLICS,8542,Electronic Integrated Circuits,True,83.789525,1321.172314,2026,3,92.2,1453.3
2026-03-01,UKRAINE,8542,Electronic Integrated Circuits,True,0.003973,1.83918,2026,3,0.0,2.0
2026-03-01,UNITED ARAB EMIRATES,8542,Electronic Integrated Circuits,True,0.0,0.99971,2026,3,0.0,1.1
2026-03-01,UNITED KINGDOM,8542,Electronic Integrated Circuits,True,8.430679,60.437397,2026,3,9.3,66.5
2026-03-01,URUGUAY,8542,Electronic Integrated Circuits,True,0.0,0.558814,2026,3,0.0,0.6
2026-03-01,USMCA (NAFTA),8542,Electronic Integrated Circuits,True,21.058585,1247.212872,2026,3,23.2,1371.9
2026-03-01,UZBEKISTAN,8542,Electronic Integrated Circuits,True,0.0,0.05004,2026,3,0.0,0.1
2026-03-01,VENEZUELA,8542,Electronic Integrated Circuits,True,0.760602,0.012534,2026,3,0.8,0.0
2026-03-01,VIETNAM,8542,Electronic Integrated Circuits,True,229.301994,161.390287,2026,3,252.2,177.5
2026-03-01,AFGHANISTAN,8703,Motor Cars & Vehicles,False,0.0,0.003,2026,3,0.0,0.0
2026-03-01,AFRICA,8703,Motor Cars & Vehicles,False,55.218293,237.962088,2026,3,60.7,261.8
2026-03-01,ALBANIA,8703,Motor Cars & Vehicles,False,0.0,8.21948,2026,3,0.0,9.0
2026-03-01,ALGERIA,8703,Motor Cars & Vehicles,False,0.0,1.366715,2026,3,0.0,1.5
2026-03-01,ANGOLA,8703,Motor Cars & Vehicles,False,0.0,0.1695,2026,3,0.0,0.2
2026-03-01,ANGUILLA,8703,Motor Cars & Vehicles,False,0.0,0.014,2026,3,0.0,0.0
2026-03-01,ANTIGUA AND BARBUDA,8703,Motor Cars & Vehicles,False,0.0,0.275936,2026,3,0.0,0.3
2026-03-01,APEC,8703,Motor Cars & Vehicles,False,12183.294937,2307.001722,2026,3,13401.6,2537.7
2026-03-01,ARGENTINA,8703,Motor Cars & Vehicles,False,0.0,5.025638,2026,3,0.0,5.5
2026-03-01,ARMENIA,8703,Motor Cars & Vehicles,False,0.0111,6.860122,2026,3,0.0,7.5
2026-03-01,ARUBA,8703,Motor Cars & Vehicles,False,0.0,1.349423,2026,3,0.0,1.5
2026-03-01,ASEAN,8703,Motor Cars & Vehicles,False,30.590563,25.484072,2026,3,33.6,28.0
2026-03-01,ASIA,8703,Motor Cars & Vehicles,False,6143.4862,955.270542,2026,3,6757.8,1050.8
2026-03-01,AUSTRALIA,8703,Motor Cars & Vehicles,False,0.0,49.419045,2026,3,0.0,54.4
2026-03-01,AUSTRALIA AND OCEANIA,8703,Motor Cars & Vehicles,False,0.0,64.264372,2026,3,0.0,70.7
2026-03-01,AUSTRIA,8703,Motor Cars & Vehicles,False,218.385716,26.60019,2026,3,240.2,29.3
2026-03-01,AZERBAIJAN,8703,Motor Cars & Vehicles,False,0.0,0.466208,2026,3,0.0,0.5
2026-03-01,BAHAMAS,8703,Motor Cars & Vehicles,False,0.0,9.475274,2026,3,0.0,10.4
2026-03-01,BAHRAIN,8703,Motor Cars & Vehicles,False,0.0,1.706818,2026,3,0.0,1.9
2026-03-01,BANGLADESH,8703,Motor Cars & Vehicles,False,0.0,0.10181,2026,3,0.0,0.1
2026-03-01,BARBADOS,8703,Motor Cars & Vehicles,False,0.0,0.117375,2026,3,0.0,0.1
2026-03-01,BELGIUM,8703,Motor Cars & Vehicles,False,106.730145,174.613842,2026,3,117.4,192.1
2026-03-01,BELIZE,8703,Motor Cars & Vehicles,False,0.0,3.851801,2026,3,0.0,4.2
2026-03-01,BENIN,8703,Motor Cars & Vehicles,False,0.0,24.444749,2026,3,0.0,26.9
2026-03-01,BERMUDA,8703,Motor Cars & Vehicles,False,0.0,0.028135,2026,3,0.0,0.0
2026-03-01,BOLIVIA,8703,Motor Cars & Vehicles,False,0.0,3.001866,2026,3,0.0,3.3
2026-03-01,BOSNIA AND HERZEGOVINA,8703,Motor Cars & Vehicles,False,0.0,0.498773,2026,3,0.0,0.5
2026-03-01,BOTSWANA,8703,Motor Cars & Vehicles,False,0.0,0.0,2026,3,0.0,0.0
2026-03-01,BRAZIL,8703,Motor Cars & Vehicles,False,0.178277,50.514177,2026,3,0.2,55.6
2026-03-01,BRITISH VIRGIN ISLANDS,8703,Motor Cars & Vehicles,False,0.0,1.311108,2026,3,0.0,1.4
2026-03-01,BRUNEI,8703,Motor Cars & Vehicles,False,0.0,0.0,2026,3,0.0,0.0
2026-03-01,BULGARIA,8703,Motor Cars & Vehicles,False,0.0,2.324438,2026,3,0.0,2.6
2026-03-01,BURKINA FASO,8703,Motor Cars & Vehicles,False,0.0,1.290004,2026,3,0.0,1.4
2026-03-01,CABO VERDE,8703,Motor Cars & Vehicles,False,0.0,0.06843,2026,3,0.0,0.1
2026-03-01,CACM,8703,Motor Cars & Vehicles,False,0.0,92.092104,2026,3,0.0,101.3
2026-03-01,CAFTA-DR,8703,Motor Cars & Vehicles,False,0.0,167.755697,2026,3,0.0,184.5
2026-03-01,CAMBODIA,8703,Motor Cars & Vehicles,False,0.0,15.961038,2026,3,0.0,17.6
2026-03-01,CAMEROON,8703,Motor Cars & Vehicles,False,0.0,1.441603,2026,3,0.0,1.6
2026-03-01,CANADA,8703,Motor Cars & Vehicles,False,2204.064018,1260.505203,2026,3,2424.5,1386.6
2026-03-01,CAYMAN ISLANDS,8703,Motor Cars & Vehicles,False,0.0,1.945884,2026,3,0.0,2.1
2026-03-01,CENTRAL AMERICA,8703,Motor Cars & Vehicles,False,0.0,211.047783,2026,3,0.0,232.2
2026-03-01,CHILE,8703,Motor Cars & Vehicles,False,0.0,34.232829,2026,3,0.0,37.7
2026-03-01,CHINA,8703,Motor Cars & Vehicles,False,185.550573,202.388174,2026,3,204.1,222.6
2026-03-01,COLOMBIA,8703,Motor Cars & Vehicles,False,0.0423,32.897017,2026,3,0.0,36.2
2026-03-01,COMOROS,8703,Motor Cars & Vehicles,False,0.0,0.0,2026,3,0.0,0.0
2026-03-01,CONGO,8703,Motor Cars & Vehicles,False,0.0,0.241278,2026,3,0.0,0.3
2026-03-01,COSTA RICA,8703,Motor Cars & Vehicles,False,0.0,18.79274,2026,3,0.0,20.7
2026-03-01,COTE D'IVOIRE,8703,Motor Cars & Vehicles,False,0.0,2.70596,2026,3,0.0,3.0
2026-03-01,CROATIA,8703,Motor Cars & Vehicles,False,0.0,2.589087,2026,3,0.0,2.8
2026-03-01,CUBA,8703,Motor Cars & Vehicles,False,0.0,10.429273,2026,3,0.0,11.5
2026-03-01,CURACAO,8703,Motor Cars & Vehicles,False,0.0,2.212153,2026,3,0.0,2.4
2026-03-01,CYPRUS,8703,Motor Cars & Vehicles,False,0.0,1.268201,2026,3,0.0,1.4
2026-03-01,CZECH REPUBLIC,8703,Motor Cars & Vehicles,False,0.047,1.700519,2026,3,0.1,1.9
2026-03-01,DEMOCRATIC REPUBLIC OF THE CONGO,8703,Motor Cars & Vehicles,False,0.0,0.254726,2026,3,0.0,0.3
2026-03-01,DENMARK,8703,Motor Cars & Vehicles,False,0.0,2.612748,2026,3,0.0,2.9
2026-03-01,DJIBOUTI,8703,Motor Cars & Vehicles,False,0.0,0.167892,2026,3,0.0,0.2
2026-03-01,DOMINICA,8703,Motor Cars & Vehicles,False,0.0,0.104685,2026,3,0.0,0.1
2026-03-01,DOMINICAN REPUBLIC,8703,Motor Cars & Vehicles,False,0.0,75.663593,2026,3,0.0,83.2
2026-03-01,ECUADOR,8703,Motor Cars & Vehicles,False,0.0,6.23088,2026,3,0.0,6.9
2026-03-01,EGYPT,8703,Motor Cars & Vehicles,False,0.0,2.871197,2026,3,0.0,3.2
2026-03-01,EL SALVADOR,8703,Motor Cars & Vehicles,False,0.0,20.457421,2026,3,0.0,22.5
2026-03-01,EQUATORIAL GUINEA,8703,Motor Cars & Vehicles,False,0.0,0.05843,2026,3,0.0,0.1
2026-03-01,ESTONIA,8703,Motor Cars & Vehicles,False,0.0,0.504218,2026,3,0.0,0.6
2026-03-01,ETHIOPIA,8703,Motor Cars & Vehicles,False,0.0,0.066539,2026,3,0.0,0.1
2026-03-01,EURO AREA,8703,Motor Cars & Vehicles,False,2837.866522,1164.962265,2026,3,3121.7,1281.5
2026-03-01,EUROPE,8703,Motor Cars & Vehicles,False,4248.276517,1525.751147,2026,3,4673.1,1678.3
2026-03-01,EUROPEAN UNION,8703,Motor Cars & Vehicles,False,3426.240377,1198.167412,2026,3,3768.9,1318.0
2026-03-01,FINLAND,8703,Motor Cars & Vehicles,False,0.28561,0.504359,2026,3,0.3,0.6
2026-03-01,FRANCE,8703,Motor Cars & Vehicles,False,41.086026,4.756377,2026,3,45.2,5.2
2026-03-01,FRENCH GUIANA,8703,Motor Cars & Vehicles,False,0.0,0.0,2026,3,0.0,0.0
2026-03-01,FRENCH POLYNESIA,8703,Motor Cars & Vehicles,False,0.0,0.08255,2026,3,0.0,0.1
2026-03-01,GABON,8703,Motor Cars & Vehicles,False,0.0,0.205343,2026,3,0.0,0.2
2026-03-01,GAMBIA,8703,Motor Cars & Vehicles,False,0.0,1.107384,2026,3,0.0,1.2
2026-03-01,GEORGIA,8703,Motor Cars & Vehicles,False,0.0,183.211242,2026,3,0.0,201.5
2026-03-01,GERMANY,8703,Motor Cars & Vehicles,False,1911.466388,713.448069,2026,3,2102.6,784.8
2026-03-01,GHANA,8703,Motor Cars & Vehicles,False,0.0,40.18023,2026,3,0.0,44.2
2026-03-01,GREECE,8703,Motor Cars & Vehicles,False,0.0,1.549826,2026,3,0.0,1.7
2026-03-01,GREENLAND,8703,Motor Cars & Vehicles,False,0.0,0.0,2026,3,0.0,0.0
2026-03-01,GRENADA,8703,Motor Cars & Vehicles,False,0.0,0.096935,2026,3,0.0,0.1
2026-03-01,GUADELOUPE,8703,Motor Cars & Vehicles,False,0.0,0.03075,2026,3,0.0,0.0
2026-03-01,GUATEMALA,8703,Motor Cars & Vehicles,False,0.0,27.706823,2026,3,0.0,30.5
2026-03-01,GUINEA,8703,Motor Cars & Vehicles,False,0.0,2.423589,2026,3,0.0,2.7
2026-03-01,GUYANA,8703,Motor Cars & Vehicles,False,0.0,1.734685,2026,3,0.0,1.9
2026-03-01,HAITI,8703,Motor Cars & Vehicles,False,0.0,2.322634,2026,3,0.0,2.6
2026-03-01,HONDURAS,8703,Motor Cars & Vehicles,False,0.0,24.62643,2026,3,0.0,27.1
2026-03-01,HONG KONG,8703,Motor Cars & Vehicles,False,0.0,2.935789,2026,3,0.0,3.2
2026-03-01,HUNGARY,8703,Motor Cars & Vehicles,False,41.02948,0.460189,2026,3,45.1,0.5
2026-03-01,ICELAND,8703,Motor Cars & Vehicles,False,0.0,1.701329,2026,3,0.0,1.9
2026-03-01,INDIA,8703,Motor Cars & Vehicles,False,0.682301,0.1175,2026,3,0.8,0.1
2026-03-01,INDONESIA,8703,Motor Cars & Vehicles,False,0.0,0.610721,2026,3,0.0,0.7
2026-03-01,IRAQ,8703,Motor Cars & Vehicles,False,0.0,3.555875,2026,3,0.0,3.9
2026-03-01,IRELAND,8703,Motor Cars & Vehicles,False,0.070657,1.420063,2026,3,0.1,1.6
2026-03-01,ISRAEL,8703,Motor Cars & Vehicles,False,0.0,56.892423,2026,3,0.0,62.6
2026-03-01,ITALY,8703,Motor Cars & Vehicles,False,186.029501,6.959426,2026,3,204.6,7.7
2026-03-01,JAMAICA,8703,Motor Cars & Vehicles,False,0.0,1.291635,2026,3,0.0,1.4
2026-03-01,JAPAN,8703,Motor Cars & Vehicles,False,3362.298445,85.096563,2026,3,3698.5,93.6
2026-03-01,JORDAN,8703,Motor Cars & Vehicles,False,0.0,41.758201,2026,3,0.0,45.9
2026-03-01,KAZAKHSTAN,8703,Motor Cars & Vehicles,False,0.0,5.631078,2026,3,0.0,6.2
2026-03-01,KENYA,8703,Motor Cars & Vehicles,False,0.0,0.081,2026,3,0.0,0.1
2026-03-01,KUWAIT,8703,Motor Cars & Vehicles,False,0.0,11.490567,2026,3,0.0,12.6
2026-03-01,KYRGYZSTAN,8703,Motor Cars & Vehicles,False,0.0,4.628734,2026,3,0.0,5.1
2026-03-01,LAFTA,8703,Motor Cars & Vehicles,False,3836.75882,566.873876,2026,3,4220.4,623.6
2026-03-01,LAOS,8703,Motor Cars & Vehicles,False,0.0,0.084902,2026,3,0.0,0.1
2026-03-01,LATVIA,8703,Motor Cars & Vehicles,False,0.018353,0.312445,2026,3,0.0,0.3
2026-03-01,LEBANON,8703,Motor Cars & Vehicles,False,0.0,25.56902,2026,3,0.0,28.1
2026-03-01,LIBERIA,8703,Motor Cars & Vehicles,False,0.0,1.638734,2026,3,0.0,1.8
2026-03-01,LIBYA,8703,Motor Cars & Vehicles,False,0.0,7.499903,2026,3,0.0,8.2
2026-03-01,LITHUANIA,8703,Motor Cars & Vehicles,False,0.0,104.889091,2026,3,0.0,115.4
2026-03-01,LUXEMBOURG,8703,Motor Cars & Vehicles,False,0.0,0.0388,2026,3,0.0,0.0
2026-03-01,MADAGASCAR,8703,Motor Cars & Vehicles,False,0.0,0.0,2026,3,0.0,0.0
2026-03-01,MALAYSIA,8703,Motor Cars & Vehicles,False,0.197239,0.091616,2026,3,0.2,0.1
2026-03-01,MALI,8703,Motor Cars & Vehicles,False,0.0,0.363175,2026,3,0.0,0.4
2026-03-01,MALTA,8703,Motor Cars & Vehicles,False,0.0,0.0,2026,3,0.0,0.0
2026-03-01,MARSHALL ISLANDS,8703,Motor Cars & Vehicles,False,0.0,0.019,2026,3,0.0,0.0
2026-03-01,MARTINIQUE,8703,Motor Cars & Vehicles,False,0.0,0.0059,2026,3,0.0,0.0
2026-03-01,MAURITANIA,8703,Motor Cars & Vehicles,False,0.0,2.271095,2026,3,0.0,2.5
2026-03-01,MAYOTTE,8703,Motor Cars & Vehicles,False,0.0,0.0063,2026,3,0.0,0.0
2026-03-01,MEXICO,8703,Motor Cars & Vehicles,False,3836.538243,396.955738,2026,3,4220.2,436.7
2026-03-01,MOLDOVA,8703,Motor Cars & Vehicles,False,0.0,1.59464,2026,3,0.0,1.8
2026-03-01,MONGOLIA,8703,Motor Cars & Vehicles,False,0.0,3.972661,2026,3,0.0,4.4
2026-03-01,MONTENEGRO,8703,Motor Cars & Vehicles,False,0.0,0.1777,2026,3,0.0,0.2
2026-03-01,MONTSERRAT,8703,Motor Cars & Vehicles,False,0.0,0.0,2026,3,0.0,0.0
2026-03-01,MOROCCO,8703,Motor Cars & Vehicles,False,0.025845,2.890641,2026,3,0.0,3.2
2026-03-01,MOZAMBIQUE,8703,Motor Cars & Vehicles,False,0.0,0.069192,2026,3,0.0,0.1
2026-03-01,NAMIBIA,8703,Motor Cars & Vehicles,False,0.012,0.16,2026,3,0.0,0.2
2026-03-01,NATO,8703,Motor Cars & Vehicles,False,6233.851771,2525.019698,2026,3,6857.2,2777.5
2026-03-01,NETHERLANDS,8703,Motor Cars & Vehicles,False,0.056679,119.344677,2026,3,0.1,131.3
2026-03-01,NEW CALEDONIA,8703,Motor Cars & Vehicles,False,0.0,0.0,2026,3,0.0,0.0
2026-03-01,NEW ZEALAND,8703,Motor Cars & Vehicles,False,0.0,14.723777,2026,3,0.0,16.2
2026-03-01,NICARAGUA,8703,Motor Cars & Vehicles,False,0.0,0.50869,2026,3,0.0,0.6
2026-03-01,NIGER,8703,Motor Cars & Vehicles,False,0.0,0.623433,2026,3,0.0,0.7
2026-03-01,NIGERIA,8703,Motor Cars & Vehicles,False,0.0,119.465746,2026,3,0.0,131.4
2026-03-01,NORTH AMERICA,8703,Motor Cars & Vehicles,False,6040.602261,1657.460941,2026,3,6644.7,1823.2
2026-03-01,NORWAY,8703,Motor Cars & Vehicles,False,0.0,4.014062,2026,3,0.0,4.4
2026-03-01,OECD,8703,Motor Cars & Vehicles,False,16204.907776,3397.223532,2026,3,17825.4,3736.9
2026-03-01,OMAN,8703,Motor Cars & Vehicles,False,0.013,33.535257,2026,3,0.0,36.9
2026-03-01,PACIFIC RIM COUNTRIES,8703,Motor Cars & Vehicles,False,6116.743752,593.949105,2026,3,6728.4,653.3
2026-03-01,PAKISTAN,8703,Motor Cars & Vehicles,False,0.0,0.062,2026,3,0.0,0.1
2026-03-01,PANAMA,8703,Motor Cars & Vehicles,False,0.0,5.977916,2026,3,0.0,6.6
2026-03-01,PARAGUAY,8703,Motor Cars & Vehicles,False,0.0,2.613682,2026,3,0.0,2.9
2026-03-01,PERU,8703,Motor Cars & Vehicles,False,0.0,16.975329,2026,3,0.0,18.7
2026-03-01,PHILIPPINES,8703,Motor Cars & Vehicles,False,0.0,1.900155,2026,3,0.0,2.1
2026-03-01,POLAND,8703,Motor Cars & Vehicles,False,0.114189,14.68712,2026,3,0.1,16.2
2026-03-01,PORTUGAL,8703,Motor Cars & Vehicles,False,0.0,0.467152,2026,3,0.0,0.5
2026-03-01,QATAR,8703,Motor Cars & Vehicles,False,0.0,2.564631,2026,3,0.0,2.8
2026-03-01,REUNION,8703,Motor Cars & Vehicles,False,0.0,0.0,2026,3,0.0,0.0
2026-03-01,ROMANIA,8703,Motor Cars & Vehicles,False,0.0,6.127351,2026,3,0.0,6.7
2026-03-01,RUSSIA,8703,Motor Cars & Vehicles,False,0.0,0.0,2026,3,0.0,0.0
2026-03-01,RWANDA,8703,Motor Cars & Vehicles,False,0.0,0.0,2026,3,0.0,0.0
2026-03-01,SAMOA,8703,Motor Cars & Vehicles,False,0.0,0.02,2026,3,0.0,0.0
2026-03-01,SAUDI ARABIA,8703,Motor Cars & Vehicles,False,0.078723,109.231294,2026,3,0.1,120.2
2026-03-01,SENEGAL,8703,Motor Cars & Vehicles,False,0.0,7.285247,2026,3,0.0,8.0
2026-03-01,SERBIA,8703,Motor Cars & Vehicles,False,0.021291,1.063486,2026,3,0.0,1.2
2026-03-01,SIERRA LEONE,8703,Motor Cars & Vehicles,False,0.0,2.996018,2026,3,0.0,3.3
2026-03-01,SINGAPORE,8703,Motor Cars & Vehicles,False,4.4444,2.452122,2026,3,4.9,2.7
2026-03-01,SINT MAARTEN,8703,Motor Cars & Vehicles,False,0.0,0.742646,2026,3,0.0,0.8
2026-03-01,SLOVAKIA,8703,Motor Cars & Vehicles,False,373.397378,0.732621,2026,3,410.7,0.8
2026-03-01,SLOVENIA,8703,Motor Cars & Vehicles,False,0.0,0.126842,2026,3,0.0,0.1
2026-03-01,SOUTH AFRICA,8703,Motor Cars & Vehicles,False,55.180448,6.158834,2026,3,60.7,6.8
2026-03-01,SOUTH AMERICA,8703,Motor Cars & Vehicles,False,0.220577,171.968303,2026,3,0.2,189.2
2026-03-01,SPAIN,8703,Motor Cars & Vehicles,False,0.340069,2.512541,2026,3,0.4,2.8
2026-03-01,SRI LANKA,8703,Motor Cars & Vehicles,False,0.0,0.384798,2026,3,0.0,0.4
2026-03-01,ST KITTS AND NEVIS,8703,Motor Cars & Vehicles,False,0.0,0.172029,2026,3,0.0,0.2
2026-03-01,ST LUCIA,8703,Motor Cars & Vehicles,False,0.0,0.136813,2026,3,0.0,0.2
2026-03-01,ST VINCENT AND THE GRENADINES,8703,Motor Cars & Vehicles,False,0.0,0.088621,2026,3,0.0,0.1
2026-03-01,SURINAME,8703,Motor Cars & Vehicles,False,0.0,0.31548,2026,3,0.0,0.3
2026-03-01,SWEDEN,8703,Motor Cars & Vehicles,False,547.183186,7.61722,2026,3,601.9,8.4
2026-03-01,SWITZERLAND,8703,Motor Cars & Vehicles,False,0.0,1.401669,2026,3,0.0,1.5
2026-03-01,South Korea,8703,Motor Cars & Vehicles,False,2553.720644,173.209836,2026,3,2809.1,190.5
2026-03-01,TAIWAN,8703,Motor Cars & Vehicles,False,10.532451,61.121307,2026,3,11.6,67.2
2026-03-01,TAJIKISTAN,8703,Motor Cars & Vehicles,False,0.0,0.084979,2026,3,0.0,0.1
2026-03-01,TANZANIA,8703,Motor Cars & Vehicles,False,0.0,0.0635,2026,3,0.0,0.1
2026-03-01,THAILAND,8703,Motor Cars & Vehicles,False,6.173215,0.669634,2026,3,6.8,0.7
2026-03-01,TIMOR-LESTE,8703,Motor Cars & Vehicles,False,0.0,0.0,2026,3,0.0,0.0
2026-03-01,TOGO,8703,Motor Cars & Vehicles,False,0.0,6.853367,2026,3,0.0,7.5
2026-03-01,TOTAL FOR ALL COUNTRIES,8703,Motor Cars & Vehicles,False,16487.803848,4823.725176,2026,3,18136.6,5306.1
2026-03-01,TRINIDAD AND TOBAGO,8703,Motor Cars & Vehicles,False,0.0,0.118773,2026,3,0.0,0.1
2026-03-01,TUNISIA,8703,Motor Cars & Vehicles,False,0.0,0.248971,2026,3,0.0,0.3
2026-03-01,TURKEY,8703,Motor Cars & Vehicles,False,0.37232,22.547157,2026,3,0.4,24.8
2026-03-01,TURKMENISTAN,8703,Motor Cars & Vehicles,False,0.0,0.067203,2026,3,0.0,0.1
2026-03-01,TURKS AND CAICOS ISLANDS,8703,Motor Cars & Vehicles,False,0.0,1.192387,2026,3,0.0,1.3
2026-03-01,TWENTY LATIN AMERICAN REPUBLICS,8703,Motor Cars & Vehicles,False,3836.75882,753.359396,2026,3,4220.4,828.7
2026-03-01,UGANDA,8703,Motor Cars & Vehicles,False,0.0,0.0125,2026,3,0.0,0.0
2026-03-01,UKRAINE,8703,Motor Cars & Vehicles,False,0.0,25.389305,2026,3,0.0,27.9
2026-03-01,UNITED ARAB EMIRATES,8703,Motor Cars & Vehicles,False,0.0195,113.820335,2026,3,0.0,125.2
2026-03-01,UNITED KINGDOM,8703,Motor Cars & Vehicles,False,821.631429,58.975809,2026,3,903.8,64.9
2026-03-01,URUGUAY,8703,Motor Cars & Vehicles,False,0.0,0.912135,2026,3,0.0,1.0
2026-03-01,USMCA (NAFTA),8703,Motor Cars & Vehicles,False,6040.602261,1657.460941,2026,3,6644.7,1823.2
2026-03-01,UZBEKISTAN,8703,Motor Cars & Vehicles,False,0.0,1.050759,2026,3,0.0,1.2
2026-03-01,VENEZUELA,8703,Motor Cars & Vehicles,False,0.0,17.514585,2026,3,0.0,19.3
2026-03-01,VIETNAM,8703,Motor Cars & Vehicles,False,19.775709,3.713884,2026,3,21.8,4.1
2026-03-01,WEST BANK ADMINISTERED BY ISRAEL,8703,Motor Cars & Vehicles,False,0.0,0.137,2026,3,0.0,0.2
2026-03-01,YEMEN,8703,Motor Cars & Vehicles,False,0.0,0.131611,2026,3,0.0,0.1
2026-03-01,ZAMBIA,8703,Motor Cars & Vehicles,False,0.0,0.0,2026,3,0.0,0.0
2026-03-01,ZIMBABWE,8703,Motor Cars & Vehicles,False,0.0,0.210863,2026,3,0.0,0.2
2026-03-01,AFRICA,8708,Motor Vehicle Parts,False,27.57134,100.125983,2026,3,30.3,110.1
2026-03-01,ALBANIA,8708,Motor Vehicle Parts,False,0.039134,0.784089,2026,3,0.0,0.9
2026-03-01,ALGERIA,8708,Motor Vehicle Parts,False,0.0,0.112725,2026,3,0.0,0.1
2026-03-01,ANGOLA,8708,Motor Vehicle Parts,False,0.0,0.139704,2026,3,0.0,0.2
2026-03-01,ANGUILLA,8708,Motor Vehicle Parts,False,0.0,0.010888,2026,3,0.0,0.0
2026-03-01,ANTIGUA AND BARBUDA,8708,Motor Vehicle Parts,False,0.0,0.065986,2026,3,0.0,0.1
2026-03-01,APEC,8708,Motor Vehicle Parts,False,6326.284847,3342.41596,2026,3,6958.9,3676.7
2026-03-01,ARGENTINA,8708,Motor Vehicle Parts,False,0.444698,11.06204,2026,3,0.5,12.2
2026-03-01,ARMENIA,8708,Motor Vehicle Parts,False,0.0,3.544061,2026,3,0.0,3.9
2026-03-01,ARUBA,8708,Motor Vehicle Parts,False,0.0,0.134293,2026,3,0.0,0.1
2026-03-01,ASEAN,8708,Motor Vehicle Parts,False,272.879159,73.47314,2026,3,300.2,80.8
2026-03-01,ASIA,8708,Motor Vehicle Parts,False,2235.683641,259.744962,2026,3,2459.3,285.7
2026-03-01,AUSTRALIA,8708,Motor Vehicle Parts,False,4.210398,78.003096,2026,3,4.6,85.8
2026-03-01,AUSTRALIA AND OCEANIA,8708,Motor Vehicle Parts,False,4.608639,81.306613,2026,3,5.1,89.4
2026-03-01,AUSTRIA,8708,Motor Vehicle Parts,False,16.065317,4.244397,2026,3,17.7,4.7
2026-03-01,AZERBAIJAN,8708,Motor Vehicle Parts,False,0.0,0.151616,2026,3,0.0,0.2
2026-03-01,BAHAMAS,8708,Motor Vehicle Parts,False,0.0,1.006895,2026,3,0.0,1.1
2026-03-01,BAHRAIN,8708,Motor Vehicle Parts,False,0.0026,0.003071,2026,3,0.0,0.0
2026-03-01,BANGLADESH,8708,Motor Vehicle Parts,False,0.021067,0.0,2026,3,0.0,0.0
2026-03-01,BARBADOS,8708,Motor Vehicle Parts,False,0.0,0.16595,2026,3,0.0,0.2
2026-03-01,BELARUS,8708,Motor Vehicle Parts,False,0.0,0.0,2026,3,0.0,0.0
2026-03-01,BELGIUM,8708,Motor Vehicle Parts,False,3.695577,14.456735,2026,3,4.1,15.9
2026-03-01,BELIZE,8708,Motor Vehicle Parts,False,0.0,0.813862,2026,3,0.0,0.9
2026-03-01,BENIN,8708,Motor Vehicle Parts,False,0.0,9.626469,2026,3,0.0,10.6
2026-03-01,BERMUDA,8708,Motor Vehicle Parts,False,0.0,0.102103,2026,3,0.0,0.1
2026-03-01,BOLIVIA,8708,Motor Vehicle Parts,False,0.0,0.755624,2026,3,0.0,0.8
2026-03-01,BOSNIA AND HERZEGOVINA,8708,Motor Vehicle Parts,False,0.26515,0.08959,2026,3,0.3,0.1
2026-03-01,BOTSWANA,8708,Motor Vehicle Parts,False,0.096474,0.0,2026,3,0.1,0.0
2026-03-01,BRAZIL,8708,Motor Vehicle Parts,False,20.128592,72.841704,2026,3,22.1,80.1
2026-03-01,BRITISH VIRGIN ISLANDS,8708,Motor Vehicle Parts,False,0.0,0.066811,2026,3,0.0,0.1
2026-03-01,BRUNEI,8708,Motor Vehicle Parts,False,0.0,0.00736,2026,3,0.0,0.0
2026-03-01,BULGARIA,8708,Motor Vehicle Parts,False,2.209642,0.355703,2026,3,2.4,0.4
2026-03-01,BURKINA FASO,8708,Motor Vehicle Parts,False,0.0,0.106558,2026,3,0.0,0.1
2026-03-01,BURMA,8708,Motor Vehicle Parts,False,0.051606,0.0,2026,3,0.1,0.0
2026-03-01,CABO VERDE,8708,Motor Vehicle Parts,False,0.0,0.107956,2026,3,0.0,0.1
2026-03-01,CACM,8708,Motor Vehicle Parts,False,3.705198,31.732328,2026,3,4.1,34.9
2026-03-01,CAFTA-DR,8708,Motor Vehicle Parts,False,7.152421,42.081119,2026,3,7.9,46.3
2026-03-01,CAMBODIA,8708,Motor Vehicle Parts,False,3.084749,1.478792,2026,3,3.4,1.6
2026-03-01,CAMEROON,8708,Motor Vehicle Parts,False,0.0,0.57635,2026,3,0.0,0.6
2026-03-01,CANADA,8708,Motor Vehicle Parts,False,1002.104801,1484.798289,2026,3,1102.3,1633.3
2026-03-01,CAYMAN ISLANDS,8708,Motor Vehicle Parts,False,0.0,0.092339,2026,3,0.0,0.1
2026-03-01,CENTRAL AFRICAN REPUBLIC,8708,Motor Vehicle Parts,False,0.0,0.00474,2026,3,0.0,0.0
2026-03-01,CENTRAL AMERICA,8708,Motor Vehicle Parts,False,7.161927,49.235576,2026,3,7.9,54.2
2026-03-01,CHAD,8708,Motor Vehicle Parts,False,0.0,0.005,2026,3,0.0,0.0
2026-03-01,CHILE,8708,Motor Vehicle Parts,False,2.450134,19.678632,2026,3,2.7,21.6
2026-03-01,CHINA,8708,Motor Vehicle Parts,False,586.185549,68.740928,2026,3,644.8,75.6
2026-03-01,COLOMBIA,8708,Motor Vehicle Parts,False,1.486936,8.455235,2026,3,1.6,9.3
2026-03-01,CONGO,8708,Motor Vehicle Parts,False,0.0,0.170639,2026,3,0.0,0.2
2026-03-01,COOK ISLANDS,8708,Motor Vehicle Parts,False,0.0,0.0027,2026,3,0.0,0.0
2026-03-01,COSTA RICA,8708,Motor Vehicle Parts,False,1.158176,4.176796,2026,3,1.3,4.6
2026-03-01,COTE D'IVOIRE,8708,Motor Vehicle Parts,False,0.0,0.239252,2026,3,0.0,0.3
2026-03-01,CROATIA,8708,Motor Vehicle Parts,False,0.293038,0.188546,2026,3,0.3,0.2
2026-03-01,CUBA,8708,Motor Vehicle Parts,False,0.0,0.031383,2026,3,0.0,0.0
2026-03-01,CURACAO,8708,Motor Vehicle Parts,False,0.0,0.297293,2026,3,0.0,0.3
2026-03-01,CYPRUS,8708,Motor Vehicle Parts,False,0.0,0.012634,2026,3,0.0,0.0
2026-03-01,CZECH REPUBLIC,8708,Motor Vehicle Parts,False,31.583256,1.578011,2026,3,34.7,1.7
2026-03-01,DEMOCRATIC REPUBLIC OF THE CONGO,8708,Motor Vehicle Parts,False,0.0,0.108412,2026,3,0.0,0.1
2026-03-01,DENMARK,8708,Motor Vehicle Parts,False,1.45554,0.448188,2026,3,1.6,0.5
2026-03-01,DJIBOUTI,8708,Motor Vehicle Parts,False,0.0,0.05,2026,3,0.0,0.1
2026-03-01,DOMINICA,8708,Motor Vehicle Parts,False,0.0,0.094553,2026,3,0.0,0.1
2026-03-01,DOMINICAN REPUBLIC,8708,Motor Vehicle Parts,False,3.447223,10.348791,2026,3,3.8,11.4
2026-03-01,ECUADOR,8708,Motor Vehicle Parts,False,0.055941,3.546973,2026,3,0.1,3.9
2026-03-01,EGYPT,8708,Motor Vehicle Parts,False,0.037333,2.375031,2026,3,0.0,2.6
2026-03-01,EL SALVADOR,8708,Motor Vehicle Parts,False,0.016338,3.391279,2026,3,0.0,3.7
2026-03-01,EQUATORIAL GUINEA,8708,Motor Vehicle Parts,False,0.0,0.007395,2026,3,0.0,0.0
2026-03-01,ESTONIA,8708,Motor Vehicle Parts,False,0.300764,0.121515,2026,3,0.3,0.1
2026-03-01,ETHIOPIA,8708,Motor Vehicle Parts,False,0.0,0.008407,2026,3,0.0,0.0
2026-03-01,EURO AREA,8708,Motor Vehicle Parts,False,618.907992,177.336104,2026,3,680.8,195.1
2026-03-01,EUROPE,8708,Motor Vehicle Parts,False,868.201273,319.098675,2026,3,955.0,351.0
2026-03-01,EUROPEAN UNION,8708,Motor Vehicle Parts,False,766.341233,214.625823,2026,3,843.0,236.1
2026-03-01,FINLAND,8708,Motor Vehicle Parts,False,0.822149,0.645896,2026,3,0.9,0.7
2026-03-01,FRANCE,8708,Motor Vehicle Parts,False,26.639734,5.69129,2026,3,29.3,6.3
2026-03-01,FRENCH GUIANA,8708,Motor Vehicle Parts,False,0.0,0.006807,2026,3,0.0,0.0
2026-03-01,FRENCH POLYNESIA,8708,Motor Vehicle Parts,False,0.0,0.045519,2026,3,0.0,0.1
2026-03-01,GABON,8708,Motor Vehicle Parts,False,0.0,0.128708,2026,3,0.0,0.1
2026-03-01,GAMBIA,8708,Motor Vehicle Parts,False,0.0,0.249505,2026,3,0.0,0.3
2026-03-01,GEORGIA,8708,Motor Vehicle Parts,False,0.201489,16.475481,2026,3,0.2,18.1
2026-03-01,GERMANY,8708,Motor Vehicle Parts,False,450.122099,75.352266,2026,3,495.1,82.9
2026-03-01,GHANA,8708,Motor Vehicle Parts,False,0.0,3.761227,2026,3,0.0,4.1
2026-03-01,GIBRALTAR,8708,Motor Vehicle Parts,False,0.0,0.043758,2026,3,0.0,0.0
2026-03-01,GREECE,8708,Motor Vehicle Parts,False,0.115061,0.26532,2026,3,0.1,0.3
2026-03-01,GRENADA,8708,Motor Vehicle Parts,False,0.0,0.102718,2026,3,0.0,0.1
2026-03-01,GUADELOUPE,8708,Motor Vehicle Parts,False,0.0,0.0,2026,3,0.0,0.0
2026-03-01,GUATEMALA,8708,Motor Vehicle Parts,False,0.008518,13.934184,2026,3,0.0,15.3
2026-03-01,GUINEA,8708,Motor Vehicle Parts,False,0.0,0.652291,2026,3,0.0,0.7
2026-03-01,GUYANA,8708,Motor Vehicle Parts,False,0.0,1.27643,2026,3,0.0,1.4
2026-03-01,HAITI,8708,Motor Vehicle Parts,False,0.0,0.798125,2026,3,0.0,0.9
2026-03-01,HONDURAS,8708,Motor Vehicle Parts,False,2.522166,8.909022,2026,3,2.8,9.8
2026-03-01,HONG KONG,8708,Motor Vehicle Parts,False,0.051969,3.324418,2026,3,0.1,3.7
2026-03-01,HUNGARY,8708,Motor Vehicle Parts,False,22.909572,15.31147,2026,3,25.2,16.8
2026-03-01,ICELAND,8708,Motor Vehicle Parts,False,0.03479,0.122918,2026,3,0.0,0.1
2026-03-01,INDIA,8708,Motor Vehicle Parts,False,150.545416,33.81757,2026,3,165.6,37.2
2026-03-01,INDONESIA,8708,Motor Vehicle Parts,False,16.047224,1.414525,2026,3,17.7,1.6
2026-03-01,IRAQ,8708,Motor Vehicle Parts,False,0.0,0.780101,2026,3,0.0,0.9
2026-03-01,IRELAND,8708,Motor Vehicle Parts,False,0.621233,0.159982,2026,3,0.7,0.2
2026-03-01,ISRAEL,8708,Motor Vehicle Parts,False,2.131149,1.849539,2026,3,2.3,2.0
2026-03-01,ITALY,8708,Motor Vehicle Parts,False,72.980585,9.305702,2026,3,80.3,10.2
2026-03-01,JAMAICA,8708,Motor Vehicle Parts,False,0.0,0.470019,2026,3,0.0,0.5
2026-03-01,JAPAN,8708,Motor Vehicle Parts,False,572.685759,42.564717,2026,3,630.0,46.8
2026-03-01,JORDAN,8708,Motor Vehicle Parts,False,0.786563,1.587506,2026,3,0.9,1.7
2026-03-01,KAZAKHSTAN,8708,Motor Vehicle Parts,False,0.050813,0.896403,2026,3,0.1,1.0
2026-03-01,KENYA,8708,Motor Vehicle Parts,False,0.0,0.012395,2026,3,0.0,0.0
2026-03-01,KOSOVO,8708,Motor Vehicle Parts,False,0.002806,0.0,2026,3,0.0,0.0
2026-03-01,KUWAIT,8708,Motor Vehicle Parts,False,0.0,0.985708,2026,3,0.0,1.1
2026-03-01,KYRGYZSTAN,8708,Motor Vehicle Parts,False,0.130087,2.786182,2026,3,0.1,3.1
2026-03-01,LAFTA,8708,Motor Vehicle Parts,False,3266.158461,1675.722423,2026,3,3592.8,1843.3
2026-03-01,LAOS,8708,Motor Vehicle Parts,False,0.0,0.0,2026,3,0.0,0.0
2026-03-01,LATVIA,8708,Motor Vehicle Parts,False,0.276215,0.173942,2026,3,0.3,0.2
2026-03-01,LEBANON,8708,Motor Vehicle Parts,False,0.005201,1.249503,2026,3,0.0,1.4
2026-03-01,LIBERIA,8708,Motor Vehicle Parts,False,0.008563,0.334315,2026,3,0.0,0.4
2026-03-01,LIBYA,8708,Motor Vehicle Parts,False,0.0,1.348875,2026,3,0.0,1.5
2026-03-01,LIECHTENSTEIN,8708,Motor Vehicle Parts,False,1.003275,0.062437,2026,3,1.1,0.1
2026-03-01,LITHUANIA,8708,Motor Vehicle Parts,False,0.189613,11.003089,2026,3,0.2,12.1
2026-03-01,LUXEMBOURG,8708,Motor Vehicle Parts,False,0.42912,0.010856,2026,3,0.5,0.0
2026-03-01,MACAU,8708,Motor Vehicle Parts,False,0.0,0.096604,2026,3,0.0,0.1
2026-03-01,MACEDONIA,8708,Motor Vehicle Parts,False,2.14217,0.154464,2026,3,2.4,0.2
2026-03-01,MADAGASCAR,8708,Motor Vehicle Parts,False,0.0,0.0,2026,3,0.0,0.0
2026-03-01,MALAWI,8708,Motor Vehicle Parts,False,0.0,0.1125,2026,3,0.0,0.1
2026-03-01,MALAYSIA,8708,Motor Vehicle Parts,False,28.892635,8.050159,2026,3,31.8,8.9
2026-03-01,MALDIVES,8708,Motor Vehicle Parts,False,0.0,0.040336,2026,3,0.0,0.0
2026-03-01,MALI,8708,Motor Vehicle Parts,False,0.0,0.05471,2026,3,0.0,0.1
2026-03-01,MALTA,8708,Motor Vehicle Parts,False,0.0,0.005941,2026,3,0.0,0.0
2026-03-01,MARSHALL ISLANDS,8708,Motor Vehicle Parts,False,0.0,0.00649,2026,3,0.0,0.0
2026-03-01,MARTINIQUE,8708,Motor Vehicle Parts,False,0.0,0.0,2026,3,0.0,0.0
2026-03-01,MAURITANIA,8708,Motor Vehicle Parts,False,0.0,0.230817,2026,3,0.0,0.3
2026-03-01,MAURITIUS,8708,Motor Vehicle Parts,False,0.0,0.0,2026,3,0.0,0.0
2026-03-01,MAYOTTE,8708,Motor Vehicle Parts,False,0.0,0.007781,2026,3,0.0,0.0
2026-03-01,MEXICO,8708,Motor Vehicle Parts,False,3241.297936,1543.482039,2026,3,3565.4,1697.8
2026-03-01,MICRONESIA,8708,Motor Vehicle Parts,False,0.0,0.0,2026,3,0.0,0.0
2026-03-01,MOLDOVA,8708,Motor Vehicle Parts,False,0.003498,0.182933,2026,3,0.0,0.2
2026-03-01,MONACO,8708,Motor Vehicle Parts,False,0.003839,0.0,2026,3,0.0,0.0
2026-03-01,MONGOLIA,8708,Motor Vehicle Parts,False,0.104235,0.200419,2026,3,0.1,0.2
2026-03-01,MONTENEGRO,8708,Motor Vehicle Parts,False,0.0,0.047,2026,3,0.0,0.1
2026-03-01,MONTSERRAT,8708,Motor Vehicle Parts,False,0.0,0.0,2026,3,0.0,0.0
2026-03-01,MOROCCO,8708,Motor Vehicle Parts,False,21.616726,2.1678,2026,3,23.8,2.4
2026-03-01,MOZAMBIQUE,8708,Motor Vehicle Parts,False,0.083012,0.0,2026,3,0.1,0.0
2026-03-01,NAMIBIA,8708,Motor Vehicle Parts,False,0.0,0.027976,2026,3,0.0,0.0
2026-03-01,NATO,8708,Motor Vehicle Parts,False,1841.52425,1767.010863,2026,3,2025.7,1943.7
2026-03-01,NEPAL,8708,Motor Vehicle Parts,False,0.0,0.0,2026,3,0.0,0.0
2026-03-01,NETHERLANDS,8708,Motor Vehicle Parts,False,5.575416,18.340258,2026,3,6.1,20.2
2026-03-01,NEW CALEDONIA,8708,Motor Vehicle Parts,False,0.0,0.025397,2026,3,0.0,0.0
2026-03-01,NEW ZEALAND,8708,Motor Vehicle Parts,False,0.381909,3.120541,2026,3,0.4,3.4
2026-03-01,NICARAGUA,8708,Motor Vehicle Parts,False,0.0,1.321047,2026,3,0.0,1.5
2026-03-01,NIGER,8708,Motor Vehicle Parts,False,0.0,0.954199,2026,3,0.0,1.0
2026-03-01,NIGERIA,8708,Motor Vehicle Parts,False,0.0,28.913796,2026,3,0.0,31.8
2026-03-01,NORTH AMERICA,8708,Motor Vehicle Parts,False,4243.402737,3028.280328,2026,3,4667.7,3331.1
2026-03-01,NORWAY,8708,Motor Vehicle Parts,False,1.023946,0.737118,2026,3,1.1,0.8
2026-03-01,OECD,8708,Motor Vehicle Parts,False,6147.332677,3485.016703,2026,3,6762.1,3833.5
2026-03-01,OMAN,8708,Motor Vehicle Parts,False,0.409768,0.837963,2026,3,0.5,0.9
2026-03-01,PACIFIC RIM COUNTRIES,8708,Motor Vehicle Parts,False,1859.798017,226.480042,2026,3,2045.8,249.1
2026-03-01,PAKISTAN,8708,Motor Vehicle Parts,False,0.329443,0.02695,2026,3,0.4,0.0
2026-03-01,PALAU,8708,Motor Vehicle Parts,False,0.0,0.065862,2026,3,0.0,0.1
2026-03-01,PANAMA,8708,Motor Vehicle Parts,False,0.009506,2.296205,2026,3,0.0,2.5
2026-03-01,PAPUA NEW GUINEA,8708,Motor Vehicle Parts,False,0.016332,0.0,2026,3,0.0,0.0
2026-03-01,PARAGUAY,8708,Motor Vehicle Parts,False,0.0,0.59025,2026,3,0.0,0.6
2026-03-01,PERU,8708,Motor Vehicle Parts,False,0.294224,12.072206,2026,3,0.3,13.3
2026-03-01,PHILIPPINES,8708,Motor Vehicle Parts,False,2.936737,0.283727,2026,3,3.2,0.3
2026-03-01,POLAND,8708,Motor Vehicle Parts,False,55.652922,13.986154,2026,3,61.2,15.4
2026-03-01,PORTUGAL,8708,Motor Vehicle Parts,False,1.146931,0.235448,2026,3,1.3,0.3
2026-03-01,QATAR,8708,Motor Vehicle Parts,False,0.0,0.238406,2026,3,0.0,0.3
2026-03-01,ROMANIA,8708,Motor Vehicle Parts,False,23.939303,0.65762,2026,3,26.3,0.7
2026-03-01,RUSSIA,8708,Motor Vehicle Parts,False,0.006565,0.0,2026,3,0.0,0.0
2026-03-01,RWANDA,8708,Motor Vehicle Parts,False,0.0,0.008836,2026,3,0.0,0.0
2026-03-01,SAUDI ARABIA,8708,Motor Vehicle Parts,False,0.059055,2.672072,2026,3,0.1,2.9
2026-03-01,SENEGAL,8708,Motor Vehicle Parts,False,0.09117,1.364176,2026,3,0.1,1.5
2026-03-01,SERBIA,8708,Motor Vehicle Parts,False,8.254735,0.006,2026,3,9.1,0.0
2026-03-01,SEYCHELLES,8708,Motor Vehicle Parts,False,0.0,0.0,2026,3,0.0,0.0
2026-03-01,SIERRA LEONE,8708,Motor Vehicle Parts,False,0.0,0.3169,2026,3,0.0,0.3
2026-03-01,SINGAPORE,8708,Motor Vehicle Parts,False,1.533038,6.237221,2026,3,1.7,6.9
2026-03-01,SINT MAARTEN,8708,Motor Vehicle Parts,False,0.0,0.108784,2026,3,0.0,0.1
2026-03-01,SLOVAKIA,8708,Motor Vehicle Parts,False,13.899502,0.726679,2026,3,15.3,0.8
2026-03-01,SLOVENIA,8708,Motor Vehicle Parts,False,2.198947,0.007044,2026,3,2.4,0.0
2026-03-01,SOUTH AFRICA,8708,Motor Vehicle Parts,False,4.042619,42.899135,2026,3,4.4,47.2
2026-03-01,SOUTH AMERICA,8708,Motor Vehicle Parts,False,25.081486,134.433934,2026,3,27.6,147.9
2026-03-01,SPAIN,8708,Motor Vehicle Parts,False,21.327049,36.032861,2026,3,23.5,39.6
2026-03-01,SRI LANKA,8708,Motor Vehicle Parts,False,0.215924,0.018467,2026,3,0.2,0.0
2026-03-01,ST KITTS AND NEVIS,8708,Motor Vehicle Parts,False,0.0,0.027306,2026,3,0.0,0.0
2026-03-01,ST LUCIA,8708,Motor Vehicle Parts,False,0.0,0.110106,2026,3,0.0,0.1
2026-03-01,ST VINCENT AND THE GRENADINES,8708,Motor Vehicle Parts,False,0.0,0.031163,2026,3,0.0,0.0
2026-03-01,SURINAME,8708,Motor Vehicle Parts,False,0.220961,0.910313,2026,3,0.2,1.0
2026-03-01,SWEDEN,8708,Motor Vehicle Parts,False,11.892648,5.308276,2026,3,13.1,5.8
2026-03-01,SWITZERLAND,8708,Motor Vehicle Parts,False,2.134524,0.450598,2026,3,2.3,0.5
2026-03-01,South Korea,8708,Motor Vehicle Parts,False,489.808243,14.00769,2026,3,538.8,15.4
2026-03-01,TAIWAN,8708,Motor Vehicle Parts,False,157.048224,0.629056,2026,3,172.8,0.7
2026-03-01,TAJIKISTAN,8708,Motor Vehicle Parts,False,0.0,0.029,2026,3,0.0,0.0
2026-03-01,TANZANIA,8708,Motor Vehicle Parts,False,0.0,0.021422,2026,3,0.0,0.0
2026-03-01,THAILAND,8708,Motor Vehicle Parts,False,153.833103,49.96959,2026,3,169.2,55.0
2026-03-01,TOGO,8708,Motor Vehicle Parts,False,0.0,2.374737,2026,3,0.0,2.6
2026-03-01,TOTAL FOR ALL COUNTRIES,8708,Motor Vehicle Parts,False,7411.711043,3972.226071,2026,3,8152.9,4369.4
2026-03-01,TRINIDAD AND TOBAGO,8708,Motor Vehicle Parts,False,0.0,0.148114,2026,3,0.0,0.2
2026-03-01,TUNISIA,8708,Motor Vehicle Parts,False,1.58517,0.222441,2026,3,1.7,0.2
2026-03-01,TURKEY,8708,Motor Vehicle Parts,False,54.220713,53.114394,2026,3,59.6,58.4
2026-03-01,TURKMENISTAN,8708,Motor Vehicle Parts,False,0.0,0.0929,2026,3,0.0,0.1
2026-03-01,TURKS AND CAICOS ISLANDS,8708,Motor Vehicle Parts,False,0.0,0.179561,2026,3,0.0,0.2
2026-03-01,TWENTY LATIN AMERICAN REPUBLICS,8708,Motor Vehicle Parts,False,3273.320388,1720.929255,2026,3,3600.7,1893.0
2026-03-01,UGANDA,8708,Motor Vehicle Parts,False,0.0,0.0,2026,3,0.0,0.0
2026-03-01,UKRAINE,8708,Motor Vehicle Parts,False,0.038493,7.51271,2026,3,0.0,8.3
2026-03-01,UNITED ARAB EMIRATES,8708,Motor Vehicle Parts,False,2.414317,12.578553,2026,3,2.7,13.8
2026-03-01,UNITED KINGDOM,8708,Motor Vehicle Parts,False,32.304013,17.049722,2026,3,35.5,18.8
2026-03-01,URUGUAY,8708,Motor Vehicle Parts,False,0.0,0.74936,2026,3,0.0,0.8
2026-03-01,USMCA (NAFTA),8708,Motor Vehicle Parts,False,4243.402737,3028.280328,2026,3,4667.7,3331.1
2026-03-01,UZBEKISTAN,8708,Motor Vehicle Parts,False,0.0,0.139478,2026,3,0.0,0.2
2026-03-01,VENEZUELA,8708,Motor Vehicle Parts,False,0.0,2.48836,2026,3,0.0,2.7
2026-03-01,VIETNAM,8708,Motor Vehicle Parts,False,66.500067,6.031766,2026,3,73.2,6.6
2026-03-01,WALLIS AND FUTUNA,8708,Motor Vehicle Parts,False,0.0,0.037008,2026,3,0.0,0.0
2026-03-01,YEMEN,8708,Motor Vehicle Parts,False,0.0,0.022245,2026,3,0.0,0.0
2026-03-01,ZAMBIA,8708,Motor Vehicle Parts,False,0.010273,0.148435,2026,3,0.0,0.2
2026-03-01,ZIMBABWE,8708,Motor Vehicle Parts,False,0.0,0.174368,2026,3,0.0,0.2
2026-04-01,AFRICA,2709,Crude Petroleum Oils,True,514.20633,64.377564,2026,4,565.6,70.8
2026-04-01,ALGERIA,2709,Crude Petroleum Oils,True,81.496873,0.0,2026,4,89.6,0.0
2026-04-01,ANGOLA,2709,Crude Petroleum Oils,True,16.60937,0.0,2026,4,18.3,0.0
2026-04-01,APEC,2709,Crude Petroleum Oils,True,9417.621678,8406.360656,2026,4,10359.4,9247.0
2026-04-01,ARGENTINA,2709,Crude Petroleum Oils,True,156.830063,0.0,2026,4,172.5,0.0
2026-04-01,ASEAN,2709,Crude Petroleum Oils,True,0.0,1703.180607,2026,4,0.0,1873.5
2026-04-01,ASIA,2709,Crude Petroleum Oils,True,1025.040007,7455.966546,2026,4,1127.5,8201.6
2026-04-01,AUSTRALIA,2709,Crude Petroleum Oils,True,0.0,177.933449,2026,4,0.0,195.7
2026-04-01,AUSTRALIA AND OCEANIA,2709,Crude Petroleum Oils,True,0.0,177.933449,2026,4,0.0,195.7
2026-04-01,BRAZIL,2709,Crude Petroleum Oils,True,180.562421,309.760549,2026,4,198.6,340.7
2026-04-01,CACM,2709,Crude Petroleum Oils,True,0.0,21.479822,2026,4,0.0,23.6
2026-04-01,CAFTA-DR,2709,Crude Petroleum Oils,True,0.0,67.479822,2026,4,0.0,74.2
2026-04-01,CAMEROON,2709,Crude Petroleum Oils,True,82.646684,0.0,2026,4,90.9,0.0
2026-04-01,CANADA,2709,Crude Petroleum Oils,True,8824.326547,1182.737169,2026,4,9706.8,1301.0
2026-04-01,CENTRAL AMERICA,2709,Crude Petroleum Oils,True,158.837941,405.265984,2026,4,174.7,445.8
2026-04-01,CHINA,2709,Crude Petroleum Oils,True,0.0,0.0,2026,4,0.0,0.0
2026-04-01,COLOMBIA,2709,Crude Petroleum Oils,True,561.367308,104.078117,2026,4,617.5,114.5
2026-04-01,COTE D'IVOIRE,2709,Crude Petroleum Oils,True,0.0,0.0,2026,4,0.0,0.0
2026-04-01,CROATIA,2709,Crude Petroleum Oils,True,0.0,83.6264,2026,4,0.0,92.0
2026-04-01,DEMOCRATIC REPUBLIC OF THE CONGO,2709,Crude Petroleum Oils,True,0.0,0.0,2026,4,0.0,0.0
2026-04-01,DENMARK,2709,Crude Petroleum Oils,True,0.0,73.948042,2026,4,0.0,81.3
2026-04-01,DOMINICAN REPUBLIC,2709,Crude Petroleum Oils,True,0.0,46.0,2026,4,0.0,50.6
2026-04-01,ECUADOR,2709,Crude Petroleum Oils,True,219.791335,0.0,2026,4,241.8,0.0
2026-04-01,EURO AREA,2709,Crude Petroleum Oils,True,0.0,6241.30017,2026,4,0.0,6865.4
2026-04-01,EUROPE,2709,Crude Petroleum Oils,True,4.119201,7322.011701,2026,4,4.5,8054.2
2026-04-01,EUROPEAN UNION,2709,Crude Petroleum Oils,True,0.0,6402.399127,2026,4,0.0,7042.6
2026-04-01,FINLAND,2709,Crude Petroleum Oils,True,0.0,112.859109,2026,4,0.0,124.1
2026-04-01,FRANCE,2709,Crude Petroleum Oils,True,0.0,188.969996,2026,4,0.0,207.9
2026-04-01,GABON,2709,Crude Petroleum Oils,True,0.0,0.0,2026,4,0.0,0.0
2026-04-01,GERMANY,2709,Crude Petroleum Oils,True,0.0,464.519153,2026,4,0.0,511.0
2026-04-01,GHANA,2709,Crude Petroleum Oils,True,113.938558,0.0,2026,4,125.3,0.0
2026-04-01,GREECE,2709,Crude Petroleum Oils,True,0.0,193.75585,2026,4,0.0,213.1
2026-04-01,GUYANA,2709,Crude Petroleum Oils,True,555.958502,0.0,2026,4,611.6,0.0
2026-04-01,INDIA,2709,Crude Petroleum Oils,True,0.0,372.962168,2026,4,0.0,410.3
2026-04-01,IRAQ,2709,Crude Petroleum Oils,True,175.26848,0.0,2026,4,192.8,0.0
2026-04-01,IRELAND,2709,Crude Petroleum Oils,True,0.0,136.518843,2026,4,0.0,150.2
2026-04-01,ISRAEL,2709,Crude Petroleum Oils,True,0.0,0.0,2026,4,0.0,0.0
2026-04-01,ITALY,2709,Crude Petroleum Oils,True,0.0,832.979841,2026,4,0.0,916.3
2026-04-01,JAPAN,2709,Crude Petroleum Oils,True,0.0,2179.985806,2026,4,0.0,2398.0
2026-04-01,KUWAIT,2709,Crude Petroleum Oils,True,14.637714,0.0,2026,4,16.1,0.0
2026-04-01,LAFTA,2709,Crude Petroleum Oils,True,2811.170958,538.736029,2026,4,3092.3,592.6
2026-04-01,LIBERIA,2709,Crude Petroleum Oils,True,0.0,64.377564,2026,4,0.0,70.8
2026-04-01,LIBYA,2709,Crude Petroleum Oils,True,134.364379,0.0,2026,4,147.8,0.0
2026-04-01,MALAYSIA,2709,Crude Petroleum Oils,True,0.0,265.720069,2026,4,0.0,292.3
2026-04-01,MEXICO,2709,Crude Petroleum Oils,True,588.235794,0.0,2026,4,647.1,0.0
2026-04-01,NATO,2709,Crude Petroleum Oils,True,8828.445748,8315.779258,2026,4,9711.3,9147.4
2026-04-01,NETHERLANDS,2709,Crude Petroleum Oils,True,0.0,3847.209292,2026,4,0.0,4231.9
2026-04-01,NICARAGUA,2709,Crude Petroleum Oils,True,0.0,21.479822,2026,4,0.0,23.6
2026-04-01,NIGERIA,2709,Crude Petroleum Oils,True,85.150466,0.0,2026,4,93.7,0.0
2026-04-01,NORTH AMERICA,2709,Crude Petroleum Oils,True,9412.562341,1182.737169,2026,4,10353.8,1301.0
2026-04-01,NORWAY,2709,Crude Petroleum Oils,True,0.0,0.0,2026,4,0.0,0.0
2026-04-01,OECD,2709,Crude Petroleum Oils,True,9978.04885,13363.138685,2026,4,10975.9,14699.5
2026-04-01,PACIFIC RIM COUNTRIES,2709,Crude Petroleum Oils,True,0.0,6608.446952,2026,4,0.0,7269.3
2026-04-01,PAKISTAN,2709,Crude Petroleum Oils,True,0.0,70.347375,2026,4,0.0,77.4
2026-04-01,PANAMA,2709,Crude Petroleum Oils,True,0.0,337.786162,2026,4,0.0,371.6
2026-04-01,PERU,2709,Crude Petroleum Oils,True,5.059337,124.897363,2026,4,5.6,137.4
2026-04-01,SAUDI ARABIA,2709,Crude Petroleum Oils,True,835.133813,0.0,2026,4,918.6,0.0
2026-04-01,SINGAPORE,2709,Crude Petroleum Oils,True,0.0,947.181366,2026,4,0.0,1041.9
2026-04-01,SOUTH AMERICA,2709,Crude Petroleum Oils,True,2778.893666,538.736029,2026,4,3056.8,592.6
2026-04-01,SPAIN,2709,Crude Petroleum Oils,True,0.0,380.861686,2026,4,0.0,418.9
2026-04-01,SRI LANKA,2709,Crude Petroleum Oils,True,0.0,91.864328,2026,4,0.0,101.1
2026-04-01,SWEDEN,2709,Crude Petroleum Oils,True,0.0,87.150915,2026,4,0.0,95.9
2026-04-01,SWITZERLAND,2709,Crude Petroleum Oils,True,0.0,52.450769,2026,4,0.0,57.7
2026-04-01,South Korea,2709,Crude Petroleum Oils,True,0.0,2480.018843,2026,4,0.0,2728.0
2026-04-01,TAIWAN,2709,Crude Petroleum Oils,True,0.0,557.607419,2026,4,0.0,613.4
2026-04-01,THAILAND,2709,Crude Petroleum Oils,True,0.0,490.279172,2026,4,0.0,539.3
2026-04-01,TOTAL FOR ALL COUNTRIES,2709,Crude Petroleum Oils,True,13893.659486,17147.028442,2026,4,15283.0,18861.7
2026-04-01,TRINIDAD AND TOBAGO,2709,Crude Petroleum Oils,True,158.837941,0.0,2026,4,174.7,0.0
2026-04-01,TURKEY,2709,Crude Petroleum Oils,True,0.0,405.51072,2026,4,0.0,446.1
2026-04-01,TWENTY LATIN AMERICAN REPUBLICS,2709,Crude Petroleum Oils,True,2811.170958,944.002013,2026,4,3092.3,1038.4
2026-04-01,UNITED KINGDOM,2709,Crude Petroleum Oils,True,4.119201,461.651085,2026,4,4.5,507.8
2026-04-01,URUGUAY,2709,Crude Petroleum Oils,True,0.0,0.0,2026,4,0.0,0.0
2026-04-01,USMCA (NAFTA),2709,Crude Petroleum Oils,True,9412.562341,1182.737169,2026,4,10353.8,1301.0
2026-04-01,VENEZUELA,2709,Crude Petroleum Oils,True,1099.3247,0.0,2026,4,1209.3,0.0
2026-04-01,VIETNAM,2709,Crude Petroleum Oils,True,0.0,0.0,2026,4,0.0,0.0
2026-04-01,AFRICA,2711,Petroleum Gases,True,2.02391,676.900505,2026,4,2.2,744.6
2026-04-01,ALBANIA,2711,Petroleum Gases,True,0.0,0.0,2026,4,0.0,0.0
2026-04-01,ALGERIA,2711,Petroleum Gases,True,0.0,0.029346,2026,4,0.0,0.0
2026-04-01,ANGOLA,2711,Petroleum Gases,True,0.0,11.187933,2026,4,0.0,12.3
2026-04-01,ANGUILLA,2711,Petroleum Gases,True,0.0,0.055789,2026,4,0.0,0.1
2026-04-01,ANTIGUA AND BARBUDA,2711,Petroleum Gases,True,0.0,0.012,2026,4,0.0,0.0
2026-04-01,APEC,2711,Petroleum Gases,True,901.521879,3728.874377,2026,4,991.7,4101.8
2026-04-01,ARGENTINA,2711,Petroleum Gases,True,0.0,0.009865,2026,4,0.0,0.0
2026-04-01,ARUBA,2711,Petroleum Gases,True,0.0,0.40632,2026,4,0.0,0.4
2026-04-01,ASEAN,2711,Petroleum Gases,True,0.0,503.786657,2026,4,0.0,554.2
2026-04-01,ASIA,2711,Petroleum Gases,True,11.126072,3033.458807,2026,4,12.2,3336.8
2026-04-01,AUSTRALIA,2711,Petroleum Gases,True,0.0,0.03114,2026,4,0.0,0.0
2026-04-01,AUSTRALIA AND OCEANIA,2711,Petroleum Gases,True,0.0,0.03114,2026,4,0.0,0.0
2026-04-01,AUSTRIA,2711,Petroleum Gases,True,0.0,0.0,2026,4,0.0,0.0
2026-04-01,BAHAMAS,2711,Petroleum Gases,True,0.0,2.336101,2026,4,0.0,2.6
2026-04-01,BANGLADESH,2711,Petroleum Gases,True,0.0,10.5839,2026,4,0.0,11.6
2026-04-01,BARBADOS,2711,Petroleum Gases,True,0.0,0.896984,2026,4,0.0,1.0
2026-04-01,BELGIUM,2711,Petroleum Gases,True,0.0,227.548102,2026,4,0.0,250.3
2026-04-01,BELIZE,2711,Petroleum Gases,True,0.0,2.110382,2026,4,0.0,2.3
2026-04-01,BERMUDA,2711,Petroleum Gases,True,0.0,0.008453,2026,4,0.0,0.0
2026-04-01,BOLIVIA,2711,Petroleum Gases,True,0.0,0.0,2026,4,0.0,0.0
2026-04-01,BRAZIL,2711,Petroleum Gases,True,0.0,51.123568,2026,4,0.0,56.2
2026-04-01,BRITISH VIRGIN ISLANDS,2711,Petroleum Gases,True,0.0,0.03256,2026,4,0.0,0.0
2026-04-01,CACM,2711,Petroleum Gases,True,0.0,52.533963,2026,4,0.0,57.8
2026-04-01,CAFTA-DR,2711,Petroleum Gases,True,0.0,147.676409,2026,4,0.0,162.4
2026-04-01,CAMEROON,2711,Petroleum Gases,True,0.0,0.0,2026,4,0.0,0.0
2026-04-01,CANADA,2711,Petroleum Gases,True,875.462594,298.237114,2026,4,963.0,328.1
2026-04-01,CAYMAN ISLANDS,2711,Petroleum Gases,True,0.0,0.51888,2026,4,0.0,0.6
2026-04-01,CENTRAL AMERICA,2711,Petroleum Gases,True,23.872874,201.100483,2026,4,26.3,221.2
2026-04-01,CHAD,2711,Petroleum Gases,True,0.0,0.0,2026,4,0.0,0.0
2026-04-01,CHILE,2711,Petroleum Gases,True,0.0,98.567417,2026,4,0.0,108.4
2026-04-01,CHINA,2711,Petroleum Gases,True,0.09498,363.093673,2026,4,0.1,399.4
2026-04-01,COLOMBIA,2711,Petroleum Gases,True,0.0,41.068857,2026,4,0.0,45.2
2026-04-01,CONGO,2711,Petroleum Gases,True,0.0,0.360584,2026,4,0.0,0.4
2026-04-01,COSTA RICA,2711,Petroleum Gases,True,0.0,0.046729,2026,4,0.0,0.1
2026-04-01,COTE D'IVOIRE,2711,Petroleum Gases,True,0.0,22.405223,2026,4,0.0,24.6
2026-04-01,CROATIA,2711,Petroleum Gases,True,0.0,70.744486,2026,4,0.0,77.8
2026-04-01,CUBA,2711,Petroleum Gases,True,0.0,0.012354,2026,4,0.0,0.0
2026-04-01,CURACAO,2711,Petroleum Gases,True,0.0,0.009022,2026,4,0.0,0.0
2026-04-01,CZECH REPUBLIC,2711,Petroleum Gases,True,0.0,0.004959,2026,4,0.0,0.0
2026-04-01,DOMINICAN REPUBLIC,2711,Petroleum Gases,True,0.0,95.142446,2026,4,0.0,104.7
2026-04-01,ECUADOR,2711,Petroleum Gases,True,0.0,58.134797,2026,4,0.0,63.9
2026-04-01,EGYPT,2711,Petroleum Gases,True,0.0,518.155332,2026,4,0.0,570.0
2026-04-01,EL SALVADOR,2711,Petroleum Gases,True,0.0,16.243645,2026,4,0.0,17.9
2026-04-01,EQUATORIAL GUINEA,2711,Petroleum Gases,True,2.02391,0.004489,2026,4,2.2,0.0
2026-04-01,EURO AREA,2711,Petroleum Gases,True,0.390644,2484.189301,2026,4,0.4,2732.6
2026-04-01,EUROPE,2711,Petroleum Gases,True,0.465682,3152.996001,2026,4,0.5,3468.3
2026-04-01,EUROPEAN UNION,2711,Petroleum Gases,True,0.390644,2899.122783,2026,4,0.4,3189.0
2026-04-01,FINLAND,2711,Petroleum Gases,True,0.0,48.120167,2026,4,0.0,52.9
2026-04-01,FRANCE,2711,Petroleum Gases,True,0.180228,408.108822,2026,4,0.2,448.9
2026-04-01,GABON,2711,Petroleum Gases,True,0.0,0.0,2026,4,0.0,0.0
2026-04-01,GERMANY,2711,Petroleum Gases,True,0.005307,349.701705,2026,4,0.0,384.7
2026-04-01,GHANA,2711,Petroleum Gases,True,0.0,0.0,2026,4,0.0,0.0
2026-04-01,GIBRALTAR,2711,Petroleum Gases,True,0.0,0.0,2026,4,0.0,0.0
2026-04-01,GREECE,2711,Petroleum Gases,True,0.0,22.69349,2026,4,0.0,25.0
2026-04-01,GUATEMALA,2711,Petroleum Gases,True,0.0,10.478569,2026,4,0.0,11.5
2026-04-01,GUYANA,2711,Petroleum Gases,True,0.0,0.0,2026,4,0.0,0.0
2026-04-01,HAITI,2711,Petroleum Gases,True,0.0,2.058492,2026,4,0.0,2.3
2026-04-01,HONDURAS,2711,Petroleum Gases,True,0.0,25.76502,2026,4,0.0,28.3
2026-04-01,HONG KONG,2711,Petroleum Gases,True,0.0,0.0,2026,4,0.0,0.0
2026-04-01,INDIA,2711,Petroleum Gases,True,0.0,672.525991,2026,4,0.0,739.8
2026-04-01,INDONESIA,2711,Petroleum Gases,True,0.0,137.585403,2026,4,0.0,151.3
2026-04-01,IRAQ,2711,Petroleum Gases,True,0.0,0.0,2026,4,0.0,0.0
2026-04-01,IRELAND,2711,Petroleum Gases,True,0.0,0.007582,2026,4,0.0,0.0
2026-04-01,ISRAEL,2711,Petroleum Gases,True,0.0,0.003791,2026,4,0.0,0.0
2026-04-01,ITALY,2711,Petroleum Gases,True,0.196087,370.584227,2026,4,0.2,407.6
2026-04-01,JAMAICA,2711,Petroleum Gases,True,0.0,1.973567,2026,4,0.0,2.2
2026-04-01,JAPAN,2711,Petroleum Gases,True,0.0,808.67799,2026,4,0.0,889.5
2026-04-01,JORDAN,2711,Petroleum Gases,True,0.0,0.0,2026,4,0.0,0.0
2026-04-01,KENYA,2711,Petroleum Gases,True,0.0,13.239812,2026,4,0.0,14.6
2026-04-01,LAFTA,2711,Petroleum Gases,True,17.751811,1240.07369,2026,4,19.5,1364.1
2026-04-01,LATVIA,2711,Petroleum Gases,True,0.0,17.372524,2026,4,0.0,19.1
2026-04-01,LIBYA,2711,Petroleum Gases,True,0.0,0.0,2026,4,0.0,0.0
2026-04-01,LITHUANIA,2711,Petroleum Gases,True,0.0,0.0,2026,4,0.0,0.0
2026-04-01,MALAYSIA,2711,Petroleum Gases,True,0.0,42.179683,2026,4,0.0,46.4
2026-04-01,MALDIVES,2711,Petroleum Gases,True,0.0,9.475605,2026,4,0.0,10.4
2026-04-01,MALTA,2711,Petroleum Gases,True,0.0,12.163952,2026,4,0.0,13.4
2026-04-01,MEXICO,2711,Petroleum Gases,True,14.933213,975.062449,2026,4,16.4,1072.6
2026-04-01,MOROCCO,2711,Petroleum Gases,True,0.0,64.141231,2026,4,0.0,70.6
2026-04-01,NATO,2711,Petroleum Gases,True,875.928276,3439.061581,2026,4,963.5,3783.0
2026-04-01,NETHERLANDS,2711,Petroleum Gases,True,0.0,697.900491,2026,4,0.0,767.7
2026-04-01,NIGERIA,2711,Petroleum Gases,True,0.0,0.01438,2026,4,0.0,0.0
2026-04-01,NORTH AMERICA,2711,Petroleum Gases,True,890.395807,1273.299563,2026,4,979.4,1400.6
2026-04-01,NORWAY,2711,Petroleum Gases,True,0.0,0.017884,2026,4,0.0,0.0
2026-04-01,OECD,2711,Petroleum Gases,True,901.886799,5641.26959,2026,4,992.1,6205.4
2026-04-01,OMAN,2711,Petroleum Gases,True,0.0,0.0,2026,4,0.0,0.0
2026-04-01,PACIFIC RIM COUNTRIES,2711,Petroleum Gases,True,11.126072,2123.655244,2026,4,12.2,2336.0
2026-04-01,PANAMA,2711,Petroleum Gases,True,0.0,42.602354,2026,4,0.0,46.9
2026-04-01,PERU,2711,Petroleum Gases,True,0.0,16.106737,2026,4,0.0,17.7
2026-04-01,PHILIPPINES,2711,Petroleum Gases,True,0.0,9.497473,2026,4,0.0,10.4
2026-04-01,POLAND,2711,Petroleum Gases,True,0.0,394.322715,2026,4,0.0,433.8
2026-04-01,PORTUGAL,2711,Petroleum Gases,True,0.0,56.434058,2026,4,0.0,62.1
2026-04-01,ROMANIA,2711,Petroleum Gases,True,0.0,0.0,2026,4,0.0,0.0
2026-04-01,SAUDI ARABIA,2711,Petroleum Gases,True,0.0,0.0,2026,4,0.0,0.0
2026-04-01,SENEGAL,2711,Petroleum Gases,True,0.0,3.915,2026,4,0.0,4.3
2026-04-01,SINGAPORE,2711,Petroleum Gases,True,0.0,97.278682,2026,4,0.0,107.0
2026-04-01,SINT MAARTEN,2711,Petroleum Gases,True,0.0,0.205385,2026,4,0.0,0.2
2026-04-01,SLOVENIA,2711,Petroleum Gases,True,0.009022,0.0,2026,4,0.0,0.0
2026-04-01,SOUTH AFRICA,2711,Petroleum Gases,True,0.0,43.447175,2026,4,0.0,47.8
2026-04-01,SOUTH AMERICA,2711,Petroleum Gases,True,2.818598,265.011241,2026,4,3.1,291.5
2026-04-01,SPAIN,2711,Petroleum Gases,True,0.0,202.809695,2026,4,0.0,223.1
2026-04-01,SWEDEN,2711,Petroleum Gases,True,0.0,20.605808,2026,4,0.0,22.7
2026-04-01,SWITZERLAND,2711,Petroleum Gases,True,0.0,0.0,2026,4,0.0,0.0
2026-04-01,South Korea,2711,Petroleum Gases,True,11.02531,349.48654,2026,4,12.1,384.4
2026-04-01,TAIWAN,2711,Petroleum Gases,True,0.005782,315.82466,2026,4,0.0,347.4
2026-04-01,TANZANIA,2711,Petroleum Gases,True,0.0,0.0,2026,4,0.0,0.0
2026-04-01,THAILAND,2711,Petroleum Gases,True,0.0,147.850087,2026,4,0.0,162.6
2026-04-01,TOGO,2711,Petroleum Gases,True,0.0,0.0,2026,4,0.0,0.0
2026-04-01,TOTAL FOR ALL COUNTRIES,2711,Petroleum Gases,True,930.702943,8602.79774,2026,4,1023.8,9463.1
2026-04-01,TRINIDAD AND TOBAGO,2711,Petroleum Gases,True,23.872874,0.041422,2026,4,26.3,0.0
2026-04-01,TUNISIA,2711,Petroleum Gases,True,0.0,0.0,2026,4,0.0,0.0
2026-04-01,TURKEY,2711,Petroleum Gases,True,0.0,160.049883,2026,4,0.0,176.1
2026-04-01,TURKS AND CAICOS ISLANDS,2711,Petroleum Gases,True,0.0,0.144009,2026,4,0.0,0.2
2026-04-01,TWENTY LATIN AMERICAN REPUBLICS,2711,Petroleum Gases,True,17.751811,1432.423299,2026,4,19.5,1575.7
2026-04-01,UNITED ARAB EMIRATES,2711,Petroleum Gases,True,0.0,0.0,2026,4,0.0,0.0
2026-04-01,UNITED KINGDOM,2711,Petroleum Gases,True,0.075038,93.805451,2026,4,0.1,103.2
2026-04-01,URUGUAY,2711,Petroleum Gases,True,0.0,0.0,2026,4,0.0,0.0
2026-04-01,USMCA (NAFTA),2711,Petroleum Gases,True,890.395807,1273.299563,2026,4,979.4,1400.6
2026-04-01,VENEZUELA,2711,Petroleum Gases,True,2.818598,0.0,2026,4,3.1,0.0
2026-04-01,VIETNAM,2711,Petroleum Gases,True,0.0,69.395329,2026,4,0.0,76.3
2026-04-01,AFGHANISTAN,3004,Medicaments Packaged,True,0.0,0.0,2026,4,0.0,0.0
2026-04-01,AFRICA,3004,Medicaments Packaged,True,0.008112,15.975755,2026,4,0.0,17.6
2026-04-01,ALBANIA,3004,Medicaments Packaged,True,0.0,0.003259,2026,4,0.0,0.0
2026-04-01,ALGERIA,3004,Medicaments Packaged,True,0.0,0.025412,2026,4,0.0,0.0
2026-04-01,ANDORRA,3004,Medicaments Packaged,True,0.0,0.021903,2026,4,0.0,0.0
2026-04-01,ANGUILLA,3004,Medicaments Packaged,True,0.0,0.0,2026,4,0.0,0.0
2026-04-01,ANTIGUA AND BARBUDA,3004,Medicaments Packaged,True,0.0,0.040804,2026,4,0.0,0.0
2026-04-01,APEC,3004,Medicaments Packaged,True,1044.710997,1016.651822,2026,4,1149.2,1118.3
2026-04-01,ARGENTINA,3004,Medicaments Packaged,True,0.483837,35.823458,2026,4,0.5,39.4
2026-04-01,ARMENIA,3004,Medicaments Packaged,True,0.0,0.140515,2026,4,0.0,0.2
2026-04-01,ARUBA,3004,Medicaments Packaged,True,0.0,0.0819,2026,4,0.0,0.1
2026-04-01,ASEAN,3004,Medicaments Packaged,True,280.249331,38.577656,2026,4,308.3,42.4
2026-04-01,ASIA,3004,Medicaments Packaged,True,1642.202871,658.226126,2026,4,1806.4,724.0
2026-04-01,AUSTRALIA,3004,Medicaments Packaged,True,10.256354,85.005257,2026,4,11.3,93.5
2026-04-01,AUSTRALIA AND OCEANIA,3004,Medicaments Packaged,True,11.075782,89.935982,2026,4,12.2,98.9
2026-04-01,AUSTRIA,3004,Medicaments Packaged,True,72.604311,0.67472,2026,4,79.9,0.7
2026-04-01,AZERBAIJAN,3004,Medicaments Packaged,True,0.0,0.0,2026,4,0.0,0.0
2026-04-01,BAHAMAS,3004,Medicaments Packaged,True,0.0,0.403064,2026,4,0.0,0.4
2026-04-01,BAHRAIN,3004,Medicaments Packaged,True,0.0,0.929062,2026,4,0.0,1.0
2026-04-01,BANGLADESH,3004,Medicaments Packaged,True,0.907886,0.293002,2026,4,1.0,0.3
2026-04-01,BARBADOS,3004,Medicaments Packaged,True,0.0,0.693425,2026,4,0.0,0.8
2026-04-01,BELGIUM,3004,Medicaments Packaged,True,28.575953,128.743333,2026,4,31.4,141.6
2026-04-01,BELIZE,3004,Medicaments Packaged,True,0.0,1.750356,2026,4,0.0,1.9
2026-04-01,BERMUDA,3004,Medicaments Packaged,True,0.0,0.348822,2026,4,0.0,0.4
2026-04-01,BOLIVIA,3004,Medicaments Packaged,True,0.0,0.073463,2026,4,0.0,0.1
2026-04-01,BOSNIA AND HERZEGOVINA,3004,Medicaments Packaged,True,0.0,0.0,2026,4,0.0,0.0
2026-04-01,BOTSWANA,3004,Medicaments Packaged,True,0.0,0.003244,2026,4,0.0,0.0
2026-04-01,BRAZIL,3004,Medicaments Packaged,True,3.532942,265.334751,2026,4,3.9,291.9
2026-04-01,BRITISH VIRGIN ISLANDS,3004,Medicaments Packaged,True,0.0,0.044112,2026,4,0.0,0.0
2026-04-01,BRUNEI,3004,Medicaments Packaged,True,0.0,0.0,2026,4,0.0,0.0
2026-04-01,BULGARIA,3004,Medicaments Packaged,True,0.248458,0.272784,2026,4,0.3,0.3
2026-04-01,BURMA,3004,Medicaments Packaged,True,0.0,0.064474,2026,4,0.0,0.1
2026-04-01,CACM,3004,Medicaments Packaged,True,1.744967,3.815288,2026,4,1.9,4.2
2026-04-01,CAFTA-DR,3004,Medicaments Packaged,True,1.744967,4.256613,2026,4,1.9,4.7
2026-04-01,CAMBODIA,3004,Medicaments Packaged,True,0.0,0.045,2026,4,0.0,0.0
2026-04-01,CANADA,3004,Medicaments Packaged,True,188.702935,276.658485,2026,4,207.6,304.3
2026-04-01,CAYMAN ISLANDS,3004,Medicaments Packaged,True,0.0,0.530219,2026,4,0.0,0.6
2026-04-01,CENTRAL AFRICAN REPUBLIC,3004,Medicaments Packaged,True,0.0,0.0,2026,4,0.0,0.0
2026-04-01,CENTRAL AMERICA,3004,Medicaments Packaged,True,1.744967,14.993759,2026,4,1.9,16.5
2026-04-01,CHAD,3004,Medicaments Packaged,True,0.0,0.0,2026,4,0.0,0.0
2026-04-01,CHILE,3004,Medicaments Packaged,True,0.002275,12.107141,2026,4,0.0,13.3
2026-04-01,CHINA,3004,Medicaments Packaged,True,262.091156,159.941795,2026,4,288.3,175.9
2026-04-01,CHRISTMAS ISLAND,3004,Medicaments Packaged,True,0.0,0.0108,2026,4,0.0,0.0
2026-04-01,COLOMBIA,3004,Medicaments Packaged,True,2.160877,29.029147,2026,4,2.4,31.9
2026-04-01,CONGO,3004,Medicaments Packaged,True,0.0,0.059899,2026,4,0.0,0.1
2026-04-01,COSTA RICA,3004,Medicaments Packaged,True,0.0,1.571615,2026,4,0.0,1.7
2026-04-01,CROATIA,3004,Medicaments Packaged,True,17.040655,0.266725,2026,4,18.7,0.3
2026-04-01,CURACAO,3004,Medicaments Packaged,True,0.0,0.065625,2026,4,0.0,0.1
2026-04-01,CYPRUS,3004,Medicaments Packaged,True,0.0,0.003528,2026,4,0.0,0.0
2026-04-01,CZECH REPUBLIC,3004,Medicaments Packaged,True,15.649305,7.165493,2026,4,17.2,7.9
2026-04-01,DENMARK,3004,Medicaments Packaged,True,20.694778,8.576036,2026,4,22.8,9.4
2026-04-01,DOMINICA,3004,Medicaments Packaged,True,0.0,0.023819,2026,4,0.0,0.0
2026-04-01,DOMINICAN REPUBLIC,3004,Medicaments Packaged,True,0.0,0.441325,2026,4,0.0,0.5
2026-04-01,ECUADOR,3004,Medicaments Packaged,True,0.0,8.394424,2026,4,0.0,9.2
2026-04-01,EGYPT,3004,Medicaments Packaged,True,0.003972,8.769903,2026,4,0.0,9.6
2026-04-01,EL SALVADOR,3004,Medicaments Packaged,True,0.943125,0.245103,2026,4,1.0,0.3
2026-04-01,ESTONIA,3004,Medicaments Packaged,True,0.0,0.221943,2026,4,0.0,0.2
2026-04-01,ETHIOPIA,3004,Medicaments Packaged,True,0.0,0.0,2026,4,0.0,0.0
2026-04-01,EURO AREA,3004,Medicaments Packaged,True,2940.753975,854.20625,2026,4,3234.8,939.6
2026-04-01,EUROPE,3004,Medicaments Packaged,True,4594.162651,1115.57212,2026,4,5053.6,1227.1
2026-04-01,EUROPEAN UNION,3004,Medicaments Packaged,True,2997.519558,877.145129,2026,4,3297.3,964.9
2026-04-01,FINLAND,3004,Medicaments Packaged,True,195.958061,0.839651,2026,4,215.6,0.9
2026-04-01,FRANCE,3004,Medicaments Packaged,True,646.904175,27.809438,2026,4,711.6,30.6
2026-04-01,GABON,3004,Medicaments Packaged,True,0.0,0.0,2026,4,0.0,0.0
2026-04-01,GAMBIA,3004,Medicaments Packaged,True,0.0,0.0,2026,4,0.0,0.0
2026-04-01,GEORGIA,3004,Medicaments Packaged,True,0.0,0.05676,2026,4,0.0,0.1
2026-04-01,GERMANY,3004,Medicaments Packaged,True,247.164106,421.572587,2026,4,271.9,463.7
2026-04-01,GHANA,3004,Medicaments Packaged,True,0.0,0.0,2026,4,0.0,0.0
2026-04-01,GREECE,3004,Medicaments Packaged,True,0.272119,1.803007,2026,4,0.3,2.0
2026-04-01,GRENADA,3004,Medicaments Packaged,True,0.0,0.005977,2026,4,0.0,0.0
2026-04-01,GUATEMALA,3004,Medicaments Packaged,True,0.078733,0.434386,2026,4,0.1,0.5
2026-04-01,GUYANA,3004,Medicaments Packaged,True,0.0,0.082613,2026,4,0.0,0.1
2026-04-01,HAITI,3004,Medicaments Packaged,True,0.0,0.0,2026,4,0.0,0.0
2026-04-01,HONDURAS,3004,Medicaments Packaged,True,0.723109,1.467459,2026,4,0.8,1.6
2026-04-01,HONG KONG,3004,Medicaments Packaged,True,0.0,5.743743,2026,4,0.0,6.3
2026-04-01,HUNGARY,3004,Medicaments Packaged,True,3.731706,2.770856,2026,4,4.1,3.0
2026-04-01,ICELAND,3004,Medicaments Packaged,True,0.0,0.058162,2026,4,0.0,0.1
2026-04-01,INDIA,3004,Medicaments Packaged,True,634.536439,23.854009,2026,4,698.0,26.2
2026-04-01,INDONESIA,3004,Medicaments Packaged,True,0.0,2.226445,2026,4,0.0,2.4
2026-04-01,IRAN,3004,Medicaments Packaged,True,0.0,0.0,2026,4,0.0,0.0
2026-04-01,IRAQ,3004,Medicaments Packaged,True,0.0,4.868913,2026,4,0.0,5.4
2026-04-01,IRELAND,3004,Medicaments Packaged,True,893.763949,78.524746,2026,4,983.1,86.4
2026-04-01,ISRAEL,3004,Medicaments Packaged,True,199.391393,30.616993,2026,4,219.3,33.7
2026-04-01,ITALY,3004,Medicaments Packaged,True,421.760614,21.775436,2026,4,463.9,24.0
2026-04-01,JAMAICA,3004,Medicaments Packaged,True,0.0,0.132073,2026,4,0.0,0.1
2026-04-01,JAPAN,3004,Medicaments Packaged,True,201.791511,101.756132,2026,4,222.0,111.9
2026-04-01,JORDAN,3004,Medicaments Packaged,True,4.763664,1.636942,2026,4,5.2,1.8
2026-04-01,KAZAKHSTAN,3004,Medicaments Packaged,True,0.0,0.050494,2026,4,0.0,0.1
2026-04-01,KENYA,3004,Medicaments Packaged,True,0.0,0.112572,2026,4,0.0,0.1
2026-04-01,KOSOVO,3004,Medicaments Packaged,True,0.0,0.0,2026,4,0.0,0.0
2026-04-01,KUWAIT,3004,Medicaments Packaged,True,0.0,1.92355,2026,4,0.0,2.1
2026-04-01,KYRGYZSTAN,3004,Medicaments Packaged,True,0.0,0.258801,2026,4,0.0,0.3
2026-04-01,LAFTA,3004,Medicaments Packaged,True,48.420282,435.31888,2026,4,53.3,478.9
2026-04-01,LATVIA,3004,Medicaments Packaged,True,0.0,0.250387,2026,4,0.0,0.3
2026-04-01,LEBANON,3004,Medicaments Packaged,True,0.0,0.386059,2026,4,0.0,0.4
2026-04-01,LIBYA,3004,Medicaments Packaged,True,0.0,0.0,2026,4,0.0,0.0
2026-04-01,LITHUANIA,3004,Medicaments Packaged,True,0.0,0.057838,2026,4,0.0,0.1
2026-04-01,LUXEMBOURG,3004,Medicaments Packaged,True,0.0,0.040384,2026,4,0.0,0.0
2026-04-01,MACAU,3004,Medicaments Packaged,True,0.0,0.0,2026,4,0.0,0.0
2026-04-01,MACEDONIA,3004,Medicaments Packaged,True,0.0,0.0,2026,4,0.0,0.0
2026-04-01,MALAWI,3004,Medicaments Packaged,True,0.0,0.0,2026,4,0.0,0.0
2026-04-01,MALAYSIA,3004,Medicaments Packaged,True,7.773545,4.856809,2026,4,8.6,5.3
2026-04-01,MALDIVES,3004,Medicaments Packaged,True,0.0,0.0,2026,4,0.0,0.0
2026-04-01,MALTA,3004,Medicaments Packaged,True,0.106811,0.07327,2026,4,0.1,0.1
2026-04-01,MARSHALL ISLANDS,3004,Medicaments Packaged,True,0.0,0.0,2026,4,0.0,0.0
2026-04-01,MAURITIUS,3004,Medicaments Packaged,True,0.0,0.086699,2026,4,0.0,0.1
2026-04-01,MEXICO,3004,Medicaments Packaged,True,42.240351,79.603594,2026,4,46.5,87.6
2026-04-01,MOLDOVA,3004,Medicaments Packaged,True,0.0,0.058892,2026,4,0.0,0.1
2026-04-01,MONGOLIA,3004,Medicaments Packaged,True,0.0,0.252089,2026,4,0.0,0.3
2026-04-01,MOROCCO,3004,Medicaments Packaged,True,0.0,0.399574,2026,4,0.0,0.4
2026-04-01,MOZAMBIQUE,3004,Medicaments Packaged,True,0.0,0.0,2026,4,0.0,0.0
2026-04-01,NAMIBIA,3004,Medicaments Packaged,True,0.0,0.0,2026,4,0.0,0.0
2026-04-01,NATO,3004,Medicaments Packaged,True,2478.870157,1272.617084,2026,4,2726.8,1399.9
2026-04-01,NEPAL,3004,Medicaments Packaged,True,0.0,0.008472,2026,4,0.0,0.0
2026-04-01,NETHERLANDS,3004,Medicaments Packaged,True,19.692447,122.72186,2026,4,21.7,135.0
2026-04-01,NEW ZEALAND,3004,Medicaments Packaged,True,0.819428,4.33697,2026,4,0.9,4.8
2026-04-01,NICARAGUA,3004,Medicaments Packaged,True,0.0,0.096725,2026,4,0.0,0.1
2026-04-01,NIGER,3004,Medicaments Packaged,True,0.0,0.038065,2026,4,0.0,0.0
2026-04-01,NIGERIA,3004,Medicaments Packaged,True,0.0,0.087001,2026,4,0.0,0.1
2026-04-01,NORTH AMERICA,3004,Medicaments Packaged,True,230.943286,356.262079,2026,4,254.0,391.9
2026-04-01,NORWAY,3004,Medicaments Packaged,True,0.040788,0.404832,2026,4,0.0,0.4
2026-04-01,OECD,3004,Medicaments Packaged,True,5267.134314,1963.570728,2026,4,5793.8,2159.9
2026-04-01,OMAN,3004,Medicaments Packaged,True,0.0,1.337081,2026,4,0.0,1.5
2026-04-01,PACIFIC RIM COUNTRIES,3004,Medicaments Packaged,True,812.306589,629.210207,2026,4,893.5,692.1
2026-04-01,PAKISTAN,3004,Medicaments Packaged,True,0.043111,0.006534,2026,4,0.0,0.0
2026-04-01,PALAU,3004,Medicaments Packaged,True,0.0,0.020814,2026,4,0.0,0.0
2026-04-01,PANAMA,3004,Medicaments Packaged,True,0.0,5.898685,2026,4,0.0,6.5
2026-04-01,PAPUA NEW GUINEA,3004,Medicaments Packaged,True,0.0,0.527402,2026,4,0.0,0.6
2026-04-01,PARAGUAY,3004,Medicaments Packaged,True,0.0,0.1701,2026,4,0.0,0.2
2026-04-01,PERU,3004,Medicaments Packaged,True,0.0,1.954368,2026,4,0.0,2.1
2026-04-01,PHILIPPINES,3004,Medicaments Packaged,True,0.0,2.920264,2026,4,0.0,3.2
2026-04-01,POLAND,3004,Medicaments Packaged,True,1.281151,0.832829,2026,4,1.4,0.9
2026-04-01,PORTUGAL,3004,Medicaments Packaged,True,36.891313,2.951563,2026,4,40.6,3.2
2026-04-01,QATAR,3004,Medicaments Packaged,True,0.0,0.916767,2026,4,0.0,1.0
2026-04-01,ROMANIA,3004,Medicaments Packaged,True,0.605799,0.403826,2026,4,0.7,0.4
2026-04-01,RUSSIA,3004,Medicaments Packaged,True,0.1408,3.58322,2026,4,0.2,3.9
2026-04-01,RWANDA,3004,Medicaments Packaged,True,0.0,0.025175,2026,4,0.0,0.0
2026-04-01,SAMOA,3004,Medicaments Packaged,True,0.0,0.009364,2026,4,0.0,0.0
2026-04-01,SAUDI ARABIA,3004,Medicaments Packaged,True,0.0,24.94742,2026,4,0.0,27.4
2026-04-01,SENEGAL,3004,Medicaments Packaged,True,0.0,0.0,2026,4,0.0,0.0
2026-04-01,SERBIA,3004,Medicaments Packaged,True,0.0,0.506288,2026,4,0.0,0.6
2026-04-01,SEYCHELLES,3004,Medicaments Packaged,True,0.0,0.006105,2026,4,0.0,0.0
2026-04-01,SIERRA LEONE,3004,Medicaments Packaged,True,0.0,0.02277,2026,4,0.0,0.0
2026-04-01,SINGAPORE,3004,Medicaments Packaged,True,271.157739,14.929857,2026,4,298.3,16.4
2026-04-01,SINT MAARTEN,3004,Medicaments Packaged,True,0.0,0.01018,2026,4,0.0,0.0
2026-04-01,SLOVAKIA,3004,Medicaments Packaged,True,0.0,0.034718,2026,4,0.0,0.0
2026-04-01,SLOVENIA,3004,Medicaments Packaged,True,259.020513,0.521604,2026,4,284.9,0.6
2026-04-01,SOMALIA,3004,Medicaments Packaged,True,0.0,0.021117,2026,4,0.0,0.0
2026-04-01,SOUTH AFRICA,3004,Medicaments Packaged,True,0.0,6.084575,2026,4,0.0,6.7
2026-04-01,SOUTH AMERICA,3004,Medicaments Packaged,True,6.179931,355.797899,2026,4,6.8,391.4
2026-04-01,SPAIN,3004,Medicaments Packaged,True,100.75049,45.046728,2026,4,110.8,49.6
2026-04-01,SRI LANKA,3004,Medicaments Packaged,True,0.0,1.058329,2026,4,0.0,1.2
2026-04-01,ST KITTS AND NEVIS,3004,Medicaments Packaged,True,0.0,0.026364,2026,4,0.0,0.0
2026-04-01,ST LUCIA,3004,Medicaments Packaged,True,0.0,0.078202,2026,4,0.0,0.1
2026-04-01,ST VINCENT AND THE GRENADINES,3004,Medicaments Packaged,True,0.0,0.009809,2026,4,0.0,0.0
2026-04-01,SUDAN,3004,Medicaments Packaged,True,0.0,0.0,2026,4,0.0,0.0
2026-04-01,SURINAME,3004,Medicaments Packaged,True,0.0,0.0,2026,4,0.0,0.0
2026-04-01,SWEDEN,3004,Medicaments Packaged,True,14.802844,3.189839,2026,4,16.3,3.5
2026-04-01,SWITZERLAND,3004,Medicaments Packaged,True,1337.379558,35.55495,2026,4,1471.1,39.1
2026-04-01,South Korea,3004,Medicaments Packaged,True,45.749062,233.118973,2026,4,50.3,256.4
2026-04-01,TAIWAN,3004,Medicaments Packaged,True,12.667794,13.84656,2026,4,13.9,15.2
2026-04-01,TANZANIA,3004,Medicaments Packaged,True,0.0,0.0,2026,4,0.0,0.0
2026-04-01,THAILAND,3004,Medicaments Packaged,True,0.904492,4.474508,2026,4,1.0,4.9
2026-04-01,TOTAL FOR ALL COUNTRIES,3004,Medicaments Packaged,True,6486.3176,2606.76372,2026,4,7134.9,2867.4
2026-04-01,TRINIDAD AND TOBAGO,3004,Medicaments Packaged,True,0.0,0.50224,2026,4,0.0,0.6
2026-04-01,TUNISIA,3004,Medicaments Packaged,True,0.0,0.233644,2026,4,0.0,0.3
2026-04-01,TURKEY,3004,Medicaments Packaged,True,1.194306,6.675535,2026,4,1.3,7.3
2026-04-01,TURKS AND CAICOS ISLANDS,3004,Medicaments Packaged,True,0.0,0.09147,2026,4,0.0,0.1
2026-04-01,TWENTY LATIN AMERICAN REPUBLICS,3004,Medicaments Packaged,True,50.165249,445.474178,2026,4,55.2,490.0
2026-04-01,UGANDA,3004,Medicaments Packaged,True,0.0,0.0,2026,4,0.0,0.0
2026-04-01,UKRAINE,3004,Medicaments Packaged,True,0.0,0.098463,2026,4,0.0,0.1
2026-04-01,UNITED ARAB EMIRATES,3004,Medicaments Packaged,True,0.011524,12.206045,2026,4,0.0,13.4
2026-04-01,UNITED KINGDOM,3004,Medicaments Packaged,True,257.887641,190.947946,2026,4,283.7,210.0
2026-04-01,URUGUAY,3004,Medicaments Packaged,True,0.0,2.786219,2026,4,0.0,3.1
2026-04-01,USMCA (NAFTA),3004,Medicaments Packaged,True,230.943286,356.262079,2026,4,254.0,391.9
2026-04-01,UZBEKISTAN,3004,Medicaments Packaged,True,0.0,0.006971,2026,4,0.0,0.0
2026-04-01,VANUATU,3004,Medicaments Packaged,True,0.0,0.025375,2026,4,0.0,0.0
2026-04-01,VENEZUELA,3004,Medicaments Packaged,True,0.0,0.042215,2026,4,0.0,0.0
2026-04-01,VIETNAM,3004,Medicaments Packaged,True,0.413555,9.060299,2026,4,0.5,10.0
2026-04-01,WEST BANK ADMINISTERED BY ISRAEL,3004,Medicaments Packaged,True,0.0,0.0,2026,4,0.0,0.0
2026-04-01,ZAMBIA,3004,Medicaments Packaged,True,0.0,0.0,2026,4,0.0,0.0
2026-04-01,ZIMBABWE,3004,Medicaments Packaged,True,0.00414,0.0,2026,4,0.0,0.0
2026-04-01,AFGHANISTAN,8471,Automatic Data Processing Machines,True,0.0,0.0,2026,4,0.0,0.0
2026-04-01,AFRICA,8471,Automatic Data Processing Machines,True,1.147939,32.971842,2026,4,1.3,36.3
2026-04-01,ALBANIA,8471,Automatic Data Processing Machines,True,0.0,0.44584,2026,4,0.0,0.5
2026-04-01,ALGERIA,8471,Automatic Data Processing Machines,True,0.0,0.0,2026,4,0.0,0.0
2026-04-01,ANDORRA,8471,Automatic Data Processing Machines,True,0.0,0.004679,2026,4,0.0,0.0
2026-04-01,ANGOLA,8471,Automatic Data Processing Machines,True,0.0,0.427896,2026,4,0.0,0.5
2026-04-01,ANGUILLA,8471,Automatic Data Processing Machines,True,0.0,0.020063,2026,4,0.0,0.0
2026-04-01,ANTIGUA AND BARBUDA,8471,Automatic Data Processing Machines,True,0.0,0.155801,2026,4,0.0,0.2
2026-04-01,APEC,8471,Automatic Data Processing Machines,True,34280.735161,6255.923378,2026,4,37708.8,6881.5
2026-04-01,ARGENTINA,8471,Automatic Data Processing Machines,True,0.022885,26.630622,2026,4,0.0,29.3
2026-04-01,ARMENIA,8471,Automatic Data Processing Machines,True,0.0,0.757074,2026,4,0.0,0.8
2026-04-01,ARUBA,8471,Automatic Data Processing Machines,True,0.0,0.629889,2026,4,0.0,0.7
2026-04-01,ASEAN,8471,Automatic Data Processing Machines,True,9155.160437,1411.355596,2026,4,10070.7,1552.5
2026-04-01,ASIA,8471,Automatic Data Processing Machines,True,22567.663884,2859.543863,2026,4,24824.4,3145.5
2026-04-01,AUSTRALIA,8471,Automatic Data Processing Machines,True,1.939264,417.495855,2026,4,2.1,459.2
2026-04-01,AUSTRALIA AND OCEANIA,8471,Automatic Data Processing Machines,True,2.436306,423.836191,2026,4,2.7,466.2
2026-04-01,AUSTRIA,8471,Automatic Data Processing Machines,True,5.738551,9.115817,2026,4,6.3,10.0
2026-04-01,AZERBAIJAN,8471,Automatic Data Processing Machines,True,0.0,0.05937,2026,4,0.0,0.1
2026-04-01,BAHAMAS,8471,Automatic Data Processing Machines,True,0.0,1.802808,2026,4,0.0,2.0
2026-04-01,BAHRAIN,8471,Automatic Data Processing Machines,True,0.0,0.072884,2026,4,0.0,0.1
2026-04-01,BANGLADESH,8471,Automatic Data Processing Machines,True,0.006507,0.272088,2026,4,0.0,0.3
2026-04-01,BARBADOS,8471,Automatic Data Processing Machines,True,0.005,2.387193,2026,4,0.0,2.6
2026-04-01,BELARUS,8471,Automatic Data Processing Machines,True,0.0,0.0,2026,4,0.0,0.0
2026-04-01,BELGIUM,8471,Automatic Data Processing Machines,True,0.545317,55.664112,2026,4,0.6,61.2
2026-04-01,BELIZE,8471,Automatic Data Processing Machines,True,0.0,0.528618,2026,4,0.0,0.6
2026-04-01,BENIN,8471,Automatic Data Processing Machines,True,0.0,0.118163,2026,4,0.0,0.1
2026-04-01,BERMUDA,8471,Automatic Data Processing Machines,True,0.0,1.109174,2026,4,0.0,1.2
2026-04-01,BOLIVIA,8471,Automatic Data Processing Machines,True,0.0,3.042085,2026,4,0.0,3.3
2026-04-01,BOSNIA AND HERZEGOVINA,8471,Automatic Data Processing Machines,True,0.01632,0.208735,2026,4,0.0,0.2
2026-04-01,BOTSWANA,8471,Automatic Data Processing Machines,True,0.0,0.0,2026,4,0.0,0.0
2026-04-01,BRAZIL,8471,Automatic Data Processing Machines,True,0.300743,108.610105,2026,4,0.3,119.5
2026-04-01,BRITISH INDIAN OCEAN TERRITORIES,8471,Automatic Data Processing Machines,True,0.0,0.0,2026,4,0.0,0.0
2026-04-01,BRITISH VIRGIN ISLANDS,8471,Automatic Data Processing Machines,True,0.0,0.101943,2026,4,0.0,0.1
2026-04-01,BRUNEI,8471,Automatic Data Processing Machines,True,0.0,0.117643,2026,4,0.0,0.1
2026-04-01,BULGARIA,8471,Automatic Data Processing Machines,True,2.453105,3.729828,2026,4,2.7,4.1
2026-04-01,BURKINA FASO,8471,Automatic Data Processing Machines,True,0.0,0.0,2026,4,0.0,0.0
2026-04-01,BURMA,8471,Automatic Data Processing Machines,True,0.0,0.00315,2026,4,0.0,0.0
2026-04-01,BURUNDI,8471,Automatic Data Processing Machines,True,0.0,0.0,2026,4,0.0,0.0
2026-04-01,CACM,8471,Automatic Data Processing Machines,True,0.007784,52.269528,2026,4,0.0,57.5
2026-04-01,CAFTA-DR,8471,Automatic Data Processing Machines,True,0.107288,69.88422,2026,4,0.1,76.9
2026-04-01,CAMBODIA,8471,Automatic Data Processing Machines,True,0.609672,0.03105,2026,4,0.7,0.0
2026-04-01,CAMEROON,8471,Automatic Data Processing Machines,True,0.0,0.126713,2026,4,0.0,0.1
2026-04-01,CANADA,8471,Automatic Data Processing Machines,True,43.584083,515.145916,2026,4,47.9,566.7
2026-04-01,CAYMAN ISLANDS,8471,Automatic Data Processing Machines,True,0.0,1.442837,2026,4,0.0,1.6
2026-04-01,CENTRAL AFRICAN REPUBLIC,8471,Automatic Data Processing Machines,True,0.0,0.0,2026,4,0.0,0.0
2026-04-01,CENTRAL AMERICA,8471,Automatic Data Processing Machines,True,0.169308,100.411376,2026,4,0.2,110.5
2026-04-01,CHAD,8471,Automatic Data Processing Machines,True,0.0,0.0,2026,4,0.0,0.0
2026-04-01,CHILE,8471,Automatic Data Processing Machines,True,0.0,49.2489,2026,4,0.0,54.2
2026-04-01,CHINA,8471,Automatic Data Processing Machines,True,517.356576,66.000016,2026,4,569.1,72.6
2026-04-01,COLOMBIA,8471,Automatic Data Processing Machines,True,0.01417,26.021597,2026,4,0.0,28.6
2026-04-01,COMOROS,8471,Automatic Data Processing Machines,True,0.0,0.0,2026,4,0.0,0.0
2026-04-01,CONGO,8471,Automatic Data Processing Machines,True,0.0,0.006966,2026,4,0.0,0.0
2026-04-01,COOK ISLANDS,8471,Automatic Data Processing Machines,True,0.0,0.0,2026,4,0.0,0.0
2026-04-01,COSTA RICA,8471,Automatic Data Processing Machines,True,0.0,21.602844,2026,4,0.0,23.8
2026-04-01,COTE D'IVOIRE,8471,Automatic Data Processing Machines,True,0.0,0.234186,2026,4,0.0,0.3
2026-04-01,CROATIA,8471,Automatic Data Processing Machines,True,0.287657,0.053123,2026,4,0.3,0.1
2026-04-01,CUBA,8471,Automatic Data Processing Machines,True,0.0,0.0035,2026,4,0.0,0.0
2026-04-01,CURACAO,8471,Automatic Data Processing Machines,True,0.05192,0.661258,2026,4,0.1,0.7
2026-04-01,CYPRUS,8471,Automatic Data Processing Machines,True,0.0,0.781287,2026,4,0.0,0.9
2026-04-01,CZECH REPUBLIC,8471,Automatic Data Processing Machines,True,253.712085,152.214708,2026,4,279.1,167.4
2026-04-01,DEMOCRATIC REPUBLIC OF THE CONGO,8471,Automatic Data Processing Machines,True,0.0,0.0,2026,4,0.0,0.0
2026-04-01,DENMARK,8471,Automatic Data Processing Machines,True,2.821983,15.930345,2026,4,3.1,17.5
2026-04-01,DJIBOUTI,8471,Automatic Data Processing Machines,True,0.0,0.061612,2026,4,0.0,0.1
2026-04-01,DOMINICA,8471,Automatic Data Processing Machines,True,0.0,0.028888,2026,4,0.0,0.0
2026-04-01,DOMINICAN REPUBLIC,8471,Automatic Data Processing Machines,True,0.099504,17.614692,2026,4,0.1,19.4
2026-04-01,ECUADOR,8471,Automatic Data Processing Machines,True,0.0,11.372859,2026,4,0.0,12.5
2026-04-01,EGYPT,8471,Automatic Data Processing Machines,True,0.007,3.460157,2026,4,0.0,3.8
2026-04-01,EL SALVADOR,8471,Automatic Data Processing Machines,True,0.003284,3.5116,2026,4,0.0,3.9
2026-04-01,EQUATORIAL GUINEA,8471,Automatic Data Processing Machines,True,0.0,0.008615,2026,4,0.0,0.0
2026-04-01,ESTONIA,8471,Automatic Data Processing Machines,True,0.781334,0.351739,2026,4,0.9,0.4
2026-04-01,ESWATINI,8471,Automatic Data Processing Machines,True,0.0,0.029925,2026,4,0.0,0.0
2026-04-01,ETHIOPIA,8471,Automatic Data Processing Machines,True,0.0,0.924502,2026,4,0.0,1.0
2026-04-01,EURO AREA,8471,Automatic Data Processing Machines,True,338.057061,754.56693,2026,4,371.9,830.0
2026-04-01,EUROPE,8471,Automatic Data Processing Machines,True,947.951673,1193.849651,2026,4,1042.7,1313.2
2026-04-01,EUROPEAN UNION,8471,Automatic Data Processing Machines,True,900.746627,1029.606003,2026,4,990.8,1132.6
2026-04-01,FAROE ISLANDS,8471,Automatic Data Processing Machines,True,0.0,0.0,2026,4,0.0,0.0
2026-04-01,FIJI,8471,Automatic Data Processing Machines,True,0.0,0.060909,2026,4,0.0,0.1
2026-04-01,FINLAND,8471,Automatic Data Processing Machines,True,0.479732,28.141448,2026,4,0.5,31.0
2026-04-01,FRANCE,8471,Automatic Data Processing Machines,True,11.693251,31.857572,2026,4,12.9,35.0
2026-04-01,FRENCH GUIANA,8471,Automatic Data Processing Machines,True,0.0,0.01722,2026,4,0.0,0.0
2026-04-01,FRENCH POLYNESIA,8471,Automatic Data Processing Machines,True,0.0,0.047884,2026,4,0.0,0.1
2026-04-01,GABON,8471,Automatic Data Processing Machines,True,0.0,0.422493,2026,4,0.0,0.5
2026-04-01,GAMBIA,8471,Automatic Data Processing Machines,True,0.0,0.024474,2026,4,0.0,0.0
2026-04-01,GEORGIA,8471,Automatic Data Processing Machines,True,0.002402,0.758329,2026,4,0.0,0.8
2026-04-01,GERMANY,8471,Automatic Data Processing Machines,True,92.193638,103.560148,2026,4,101.4,113.9
2026-04-01,GHANA,8471,Automatic Data Processing Machines,True,0.0,2.433074,2026,4,0.0,2.7
2026-04-01,GIBRALTAR,8471,Automatic Data Processing Machines,True,0.0,0.005818,2026,4,0.0,0.0
2026-04-01,GREECE,8471,Automatic Data Processing Machines,True,0.061333,5.337588,2026,4,0.1,5.9
2026-04-01,GREENLAND,8471,Automatic Data Processing Machines,True,0.0,0.0,2026,4,0.0,0.0
2026-04-01,GRENADA,8471,Automatic Data Processing Machines,True,0.0,0.126064,2026,4,0.0,0.1
2026-04-01,GUADELOUPE,8471,Automatic Data Processing Machines,True,0.0,0.046283,2026,4,0.0,0.1
2026-04-01,GUATEMALA,8471,Automatic Data Processing Machines,True,0.0045,19.247502,2026,4,0.0,21.2
2026-04-01,GUINEA,8471,Automatic Data Processing Machines,True,0.0,0.167804,2026,4,0.0,0.2
2026-04-01,GUINEA-BISSAU,8471,Automatic Data Processing Machines,True,0.0,0.320178,2026,4,0.0,0.4
2026-04-01,GUYANA,8471,Automatic Data Processing Machines,True,0.0,1.359349,2026,4,0.0,1.5
2026-04-01,HAITI,8471,Automatic Data Processing Machines,True,0.0,0.13033,2026,4,0.0,0.1
2026-04-01,HONDURAS,8471,Automatic Data Processing Machines,True,0.0,6.188761,2026,4,0.0,6.8
2026-04-01,HONG KONG,8471,Automatic Data Processing Machines,True,1.165839,139.608873,2026,4,1.3,153.6
2026-04-01,HUNGARY,8471,Automatic Data Processing Machines,True,291.505537,23.362098,2026,4,320.7,25.7
2026-04-01,ICELAND,8471,Automatic Data Processing Machines,True,0.17298,1.709471,2026,4,0.2,1.9
2026-04-01,INDIA,8471,Automatic Data Processing Machines,True,8.964961,288.373112,2026,4,9.9,317.2
2026-04-01,INDONESIA,8471,Automatic Data Processing Machines,True,63.95484,11.097569,2026,4,70.4,12.2
2026-04-01,IRAN,8471,Automatic Data Processing Machines,True,0.004467,0.026792,2026,4,0.0,0.0
2026-04-01,IRAQ,8471,Automatic Data Processing Machines,True,0.0,0.118306,2026,4,0.0,0.1
2026-04-01,IRELAND,8471,Automatic Data Processing Machines,True,208.046417,31.932338,2026,4,228.9,35.1
2026-04-01,ISRAEL,8471,Automatic Data Processing Machines,True,21.440465,73.935156,2026,4,23.6,81.3
2026-04-01,ITALY,8471,Automatic Data Processing Machines,True,7.470217,19.462812,2026,4,8.2,21.4
2026-04-01,JAMAICA,8471,Automatic Data Processing Machines,True,0.0024,3.040261,2026,4,0.0,3.3
2026-04-01,JAPAN,8471,Automatic Data Processing Machines,True,38.926666,246.578318,2026,4,42.8,271.2
2026-04-01,JORDAN,8471,Automatic Data Processing Machines,True,0.0,0.292606,2026,4,0.0,0.3
2026-04-01,KAZAKHSTAN,8471,Automatic Data Processing Machines,True,0.0,0.680069,2026,4,0.0,0.7
2026-04-01,KENYA,8471,Automatic Data Processing Machines,True,0.0,0.444702,2026,4,0.0,0.5
2026-04-01,KIRIBATI,8471,Automatic Data Processing Machines,True,0.0,0.01872,2026,4,0.0,0.0
2026-04-01,KOSOVO,8471,Automatic Data Processing Machines,True,0.0,0.119174,2026,4,0.0,0.1
2026-04-01,KUWAIT,8471,Automatic Data Processing Machines,True,0.0,0.477093,2026,4,0.0,0.5
2026-04-01,KYRGYZSTAN,8471,Automatic Data Processing Machines,True,0.0,0.689963,2026,4,0.0,0.8
2026-04-01,LAFTA,8471,Automatic Data Processing Machines,True,11699.788432,3263.510791,2026,4,12869.8,3589.9
2026-04-01,LAOS,8471,Automatic Data Processing Machines,True,0.019988,0.0,2026,4,0.0,0.0
2026-04-01,LATVIA,8471,Automatic Data Processing Machines,True,0.00594,0.893833,2026,4,0.0,1.0
2026-04-01,LEBANON,8471,Automatic Data Processing Machines,True,0.0,0.517571,2026,4,0.0,0.6
2026-04-01,LESOTHO,8471,Automatic Data Processing Machines,True,0.0,0.0,2026,4,0.0,0.0
2026-04-01,LIBERIA,8471,Automatic Data Processing Machines,True,0.0,0.154408,2026,4,0.0,0.2
2026-04-01,LIBYA,8471,Automatic Data Processing Machines,True,0.0,0.002549,2026,4,0.0,0.0
2026-04-01,LIECHTENSTEIN,8471,Automatic Data Processing Machines,True,0.0,0.0,2026,4,0.0,0.0
2026-04-01,LITHUANIA,8471,Automatic Data Processing Machines,True,0.404112,1.174469,2026,4,0.4,1.3
2026-04-01,LUXEMBOURG,8471,Automatic Data Processing Machines,True,0.01276,0.230151,2026,4,0.0,0.3
2026-04-01,MACAU,8471,Automatic Data Processing Machines,True,0.0,0.242905,2026,4,0.0,0.3
2026-04-01,MACEDONIA,8471,Automatic Data Processing Machines,True,0.0,0.055216,2026,4,0.0,0.1
2026-04-01,MADAGASCAR,8471,Automatic Data Processing Machines,True,0.0,0.105138,2026,4,0.0,0.1
2026-04-01,MALAWI,8471,Automatic Data Processing Machines,True,0.01452,0.003957,2026,4,0.0,0.0
2026-04-01,MALAYSIA,8471,Automatic Data Processing Machines,True,159.707152,1035.969486,2026,4,175.7,1139.6
2026-04-01,MALDIVES,8471,Automatic Data Processing Machines,True,0.0,0.183027,2026,4,0.0,0.2
2026-04-01,MALI,8471,Automatic Data Processing Machines,True,0.0,0.003051,2026,4,0.0,0.0
2026-04-01,MALTA,8471,Automatic Data Processing Machines,True,0.002927,0.066351,2026,4,0.0,0.1
2026-04-01,MARSHALL ISLANDS,8471,Automatic Data Processing Machines,True,0.0,0.003236,2026,4,0.0,0.0
2026-04-01,MARTINIQUE,8471,Automatic Data Processing Machines,True,0.0,0.02745,2026,4,0.0,0.0
2026-04-01,MAURITANIA,8471,Automatic Data Processing Machines,True,0.0,0.069603,2026,4,0.0,0.1
2026-04-01,MAURITIUS,8471,Automatic Data Processing Machines,True,0.0,1.43718,2026,4,0.0,1.6
2026-04-01,MAYOTTE,8471,Automatic Data Processing Machines,True,0.0,0.0,2026,4,0.0,0.0
2026-04-01,MEXICO,8471,Automatic Data Processing Machines,True,11699.448473,2954.531581,2026,4,12869.4,3250.0
2026-04-01,MICRONESIA,8471,Automatic Data Processing Machines,True,0.0,0.007339,2026,4,0.0,0.0
2026-04-01,MOLDOVA,8471,Automatic Data Processing Machines,True,0.0,0.112613,2026,4,0.0,0.1
2026-04-01,MONACO,8471,Automatic Data Processing Machines,True,0.0,0.043866,2026,4,0.0,0.0
2026-04-01,MONGOLIA,8471,Automatic Data Processing Machines,True,0.0,0.352868,2026,4,0.0,0.4
2026-04-01,MONTENEGRO,8471,Automatic Data Processing Machines,True,0.0,0.0,2026,4,0.0,0.0
2026-04-01,MONTSERRAT,8471,Automatic Data Processing Machines,True,0.0,0.252961,2026,4,0.0,0.3
2026-04-01,MOROCCO,8471,Automatic Data Processing Machines,True,0.0,1.877659,2026,4,0.0,2.1
2026-04-01,MOZAMBIQUE,8471,Automatic Data Processing Machines,True,0.0,0.015033,2026,4,0.0,0.0
2026-04-01,NAMIBIA,8471,Automatic Data Processing Machines,True,0.0,0.037597,2026,4,0.0,0.0
2026-04-01,NATO,8471,Automatic Data Processing Machines,True,772.428597,1645.440441,2026,4,849.7,1810.0
2026-04-01,NAURU,8471,Automatic Data Processing Machines,True,0.0,0.0,2026,4,0.0,0.0
2026-04-01,NEPAL,8471,Automatic Data Processing Machines,True,0.0,0.487767,2026,4,0.0,0.5
2026-04-01,NETHERLANDS,8471,Automatic Data Processing Machines,True,5.54583,432.433815,2026,4,6.1,475.7
2026-04-01,NEW CALEDONIA,8471,Automatic Data Processing Machines,True,0.0,0.032684,2026,4,0.0,0.0
2026-04-01,NEW ZEALAND,8471,Automatic Data Processing Machines,True,0.483042,5.900154,2026,4,0.5,6.5
2026-04-01,NICARAGUA,8471,Automatic Data Processing Machines,True,0.0,1.718821,2026,4,0.0,1.9
2026-04-01,NIGERIA,8471,Automatic Data Processing Machines,True,0.0,2.314136,2026,4,0.0,2.5
2026-04-01,NORTH AMERICA,8471,Automatic Data Processing Machines,True,11743.032556,3469.677497,2026,4,12917.3,3816.6
2026-04-01,NORWAY,8471,Automatic Data Processing Machines,True,10.994837,15.146732,2026,4,12.1,16.7
2026-04-01,OECD,8471,Automatic Data Processing Machines,True,12794.195134,5525.209439,2026,4,14073.6,6077.7
2026-04-01,OMAN,8471,Automatic Data Processing Machines,True,0.0,0.446889,2026,4,0.0,0.5
2026-04-01,PACIFIC RIM COUNTRIES,8471,Automatic Data Processing Machines,True,13999.822946,2621.675104,2026,4,15399.8,2883.8
2026-04-01,PAKISTAN,8471,Automatic Data Processing Machines,True,0.0,2.209887,2026,4,0.0,2.4
2026-04-01,PALAU,8471,Automatic Data Processing Machines,True,0.0,0.0052,2026,4,0.0,0.0
2026-04-01,PANAMA,8471,Automatic Data Processing Machines,True,0.0,14.140931,2026,4,0.0,15.6
2026-04-01,PAPUA NEW GUINEA,8471,Automatic Data Processing Machines,True,0.0,0.051571,2026,4,0.0,0.1
2026-04-01,PARAGUAY,8471,Automatic Data Processing Machines,True,0.0,53.693957,2026,4,0.0,59.1
2026-04-01,PERU,8471,Automatic Data Processing Machines,True,0.002161,18.365102,2026,4,0.0,20.2
2026-04-01,PHILIPPINES,8471,Automatic Data Processing Machines,True,144.683185,11.249572,2026,4,159.2,12.4
2026-04-01,POLAND,8471,Automatic Data Processing Machines,True,11.091418,25.878621,2026,4,12.2,28.5
2026-04-01,PORTUGAL,8471,Automatic Data Processing Machines,True,0.296845,1.810037,2026,4,0.3,2.0
2026-04-01,QATAR,8471,Automatic Data Processing Machines,True,0.0,5.205482,2026,4,0.0,5.7
2026-04-01,REUNION,8471,Automatic Data Processing Machines,True,0.0,0.0,2026,4,0.0,0.0
2026-04-01,ROMANIA,8471,Automatic Data Processing Machines,True,2.006133,8.903419,2026,4,2.2,9.8
2026-04-01,RUSSIA,8471,Automatic Data Processing Machines,True,0.0,0.48531,2026,4,0.0,0.5
2026-04-01,RWANDA,8471,Automatic Data Processing Machines,True,1.109258,0.06855,2026,4,1.2,0.1
2026-04-01,SAMOA,8471,Automatic Data Processing Machines,True,0.0,0.042189,2026,4,0.0,0.0
2026-04-01,SAUDI ARABIA,8471,Automatic Data Processing Machines,True,0.00513,26.600415,2026,4,0.0,29.3
2026-04-01,SENEGAL,8471,Automatic Data Processing Machines,True,0.0,0.197187,2026,4,0.0,0.2
2026-04-01,SERBIA,8471,Automatic Data Processing Machines,True,0.074341,0.301302,2026,4,0.1,0.3
2026-04-01,SEYCHELLES,8471,Automatic Data Processing Machines,True,0.0,0.071167,2026,4,0.0,0.1
2026-04-01,SIERRA LEONE,8471,Automatic Data Processing Machines,True,0.0,0.0,2026,4,0.0,0.0
2026-04-01,SINGAPORE,8471,Automatic Data Processing Machines,True,248.308102,256.172756,2026,4,273.1,281.8
2026-04-01,SINT MAARTEN,8471,Automatic Data Processing Machines,True,0.0,0.595888,2026,4,0.0,0.7
2026-04-01,SLOVAKIA,8471,Automatic Data Processing Machines,True,0.987658,0.686827,2026,4,1.1,0.8
2026-04-01,SLOVENIA,8471,Automatic Data Processing Machines,True,0.195469,0.34064,2026,4,0.2,0.4
2026-04-01,SOLOMON ISLANDS,8471,Automatic Data Processing Machines,True,0.0,0.012796,2026,4,0.0,0.0
2026-04-01,SOMALIA,8471,Automatic Data Processing Machines,True,0.0,0.018458,2026,4,0.0,0.0
2026-04-01,SOUTH AFRICA,8471,Automatic Data Processing Machines,True,0.017161,15.508336,2026,4,0.0,17.1
2026-04-01,SOUTH AMERICA,8471,Automatic Data Processing Machines,True,0.339959,310.783469,2026,4,0.4,341.9
2026-04-01,SOUTH SUDAN,8471,Automatic Data Processing Machines,True,0.0,0.070499,2026,4,0.0,0.1
2026-04-01,SPAIN,8471,Automatic Data Processing Machines,True,0.854968,26.942995,2026,4,0.9,29.6
2026-04-01,SRI LANKA,8471,Automatic Data Processing Machines,True,0.04333,0.051191,2026,4,0.0,0.1
2026-04-01,ST HELENA,8471,Automatic Data Processing Machines,True,0.0,0.0,2026,4,0.0,0.0
2026-04-01,ST KITTS AND NEVIS,8471,Automatic Data Processing Machines,True,0.0,0.18999,2026,4,0.0,0.2
2026-04-01,ST LUCIA,8471,Automatic Data Processing Machines,True,0.0027,0.801352,2026,4,0.0,0.9
2026-04-01,ST VINCENT AND THE GRENADINES,8471,Automatic Data Processing Machines,True,0.0,0.041618,2026,4,0.0,0.0
2026-04-01,SURINAME,8471,Automatic Data Processing Machines,True,0.0,0.42769,2026,4,0.0,0.5
2026-04-01,SWEDEN,8471,Automatic Data Processing Machines,True,1.55241,48.749882,2026,4,1.7,53.6
2026-04-01,SWITZERLAND,8471,Automatic Data Processing Machines,True,5.222601,11.147217,2026,4,5.7,12.3
2026-04-01,South Korea,8471,Automatic Data Processing Machines,True,45.253783,45.446647,2026,4,49.8,50.0
2026-04-01,TAIWAN,8471,Automatic Data Processing Machines,True,12778.044497,385.743739,2026,4,14055.8,424.3
2026-04-01,TAJIKISTAN,8471,Automatic Data Processing Machines,True,0.0,0.003233,2026,4,0.0,0.0
2026-04-01,TANZANIA,8471,Automatic Data Processing Machines,True,0.0,1.334388,2026,4,0.0,1.5
2026-04-01,THAILAND,8471,Automatic Data Processing Machines,True,4949.771637,65.047615,2026,4,5444.7,71.6
2026-04-01,TIMOR-LESTE,8471,Automatic Data Processing Machines,True,0.0,0.0,2026,4,0.0,0.0
2026-04-01,TOGO,8471,Automatic Data Processing Machines,True,0.0,0.0,2026,4,0.0,0.0
2026-04-01,TONGA,8471,Automatic Data Processing Machines,True,0.014,0.0,2026,4,0.0,0.0
2026-04-01,TOTAL FOR ALL COUNTRIES,8471,Automatic Data Processing Machines,True,35262.741625,8391.073889,2026,4,38789.0,9230.2
2026-04-01,TRINIDAD AND TOBAGO,8471,Automatic Data Processing Machines,True,0.0,1.960717,2026,4,0.0,2.2
2026-04-01,TUNISIA,8471,Automatic Data Processing Machines,True,0.0,0.143277,2026,4,0.0,0.2
2026-04-01,TURKEY,8471,Automatic Data Processing Machines,True,0.45165,22.294711,2026,4,0.5,24.5
2026-04-01,TURKMENISTAN,8471,Automatic Data Processing Machines,True,0.0,0.102955,2026,4,0.0,0.1
2026-04-01,TURKS AND CAICOS ISLANDS,8471,Automatic Data Processing Machines,True,0.0,0.301339,2026,4,0.0,0.3
2026-04-01,TWENTY LATIN AMERICAN REPUBLICS,8471,Automatic Data Processing Machines,True,11699.89572,3347.669772,2026,4,12869.9,3682.4
2026-04-01,UGANDA,8471,Automatic Data Processing Machines,True,0.0,0.242762,2026,4,0.0,0.3
2026-04-01,UKRAINE,8471,Automatic Data Processing Machines,True,0.0036,5.963004,2026,4,0.0,6.6
2026-04-01,UNITED ARAB EMIRATES,8471,Automatic Data Processing Machines,True,1.291226,164.929456,2026,4,1.4,181.4
2026-04-01,UNITED KINGDOM,8471,Automatic Data Processing Machines,True,30.266315,102.932345,2026,4,33.3,113.2
2026-04-01,URUGUAY,8471,Automatic Data Processing Machines,True,0.0,6.167834,2026,4,0.0,6.8
2026-04-01,USMCA (NAFTA),8471,Automatic Data Processing Machines,True,11743.032556,3469.677497,2026,4,12917.3,3816.6
2026-04-01,UZBEKISTAN,8471,Automatic Data Processing Machines,True,0.0,0.216622,2026,4,0.0,0.2
2026-04-01,VANUATU,8471,Automatic Data Processing Machines,True,0.0,0.157654,2026,4,0.0,0.2
2026-04-01,VENEZUELA,8471,Automatic Data Processing Machines,True,0.0,5.826149,2026,4,0.0,6.4
2026-04-01,VIETNAM,8471,Automatic Data Processing Machines,True,3588.105861,31.666755,2026,4,3946.9,34.8
2026-04-01,YEMEN,8471,Automatic Data Processing Machines,True,0.0,0.015179,2026,4,0.0,0.0
2026-04-01,ZAMBIA,8471,Automatic Data Processing Machines,True,0.0,0.072185,2026,4,0.0,0.1
2026-04-01,ZIMBABWE,8471,Automatic Data Processing Machines,True,0.0,0.013262,2026,4,0.0,0.0
2026-04-01,AFGHANISTAN,8517,Telephone Sets & Network Equipment,True,0.0,0.00577,2026,4,0.0,0.0
2026-04-01,AFRICA,8517,Telephone Sets & Network Equipment,True,1.329772,33.218227,2026,4,1.5,36.5
2026-04-01,ALBANIA,8517,Telephone Sets & Network Equipment,True,0.0,0.03495,2026,4,0.0,0.0
2026-04-01,ALGERIA,8517,Telephone Sets & Network Equipment,True,0.0,0.253548,2026,4,0.0,0.3
2026-04-01,ANGOLA,8517,Telephone Sets & Network Equipment,True,0.0,0.144939,2026,4,0.0,0.2
2026-04-01,ANGUILLA,8517,Telephone Sets & Network Equipment,True,0.0,0.018488,2026,4,0.0,0.0
2026-04-01,ANTIGUA AND BARBUDA,8517,Telephone Sets & Network Equipment,True,0.0,0.314215,2026,4,0.0,0.3
2026-04-01,APEC,8517,Telephone Sets & Network Equipment,True,11819.545814,2213.057067,2026,4,13001.5,2434.4
2026-04-01,ARGENTINA,8517,Telephone Sets & Network Equipment,True,1.097065,37.349312,2026,4,1.2,41.1
2026-04-01,ARMENIA,8517,Telephone Sets & Network Equipment,True,0.0,0.157454,2026,4,0.0,0.2
2026-04-01,ARUBA,8517,Telephone Sets & Network Equipment,True,0.0,1.149008,2026,4,0.0,1.3
2026-04-01,ASEAN,8517,Telephone Sets & Network Equipment,True,7786.318574,425.758318,2026,4,8565.0,468.3
2026-04-01,ASIA,8517,Telephone Sets & Network Equipment,True,13333.118848,1467.964339,2026,4,14666.4,1614.8
2026-04-01,AUSTRALIA,8517,Telephone Sets & Network Equipment,True,5.301642,84.248737,2026,4,5.8,92.7
2026-04-01,AUSTRALIA AND OCEANIA,8517,Telephone Sets & Network Equipment,True,8.850238,90.535331,2026,4,9.7,99.6
2026-04-01,AUSTRIA,8517,Telephone Sets & Network Equipment,True,2.030485,2.738019,2026,4,2.2,3.0
2026-04-01,AZERBAIJAN,8517,Telephone Sets & Network Equipment,True,0.0,0.130789,2026,4,0.0,0.1
2026-04-01,BAHAMAS,8517,Telephone Sets & Network Equipment,True,0.0,1.282834,2026,4,0.0,1.4
2026-04-01,BAHRAIN,8517,Telephone Sets & Network Equipment,True,0.0,0.344877,2026,4,0.0,0.4
2026-04-01,BANGLADESH,8517,Telephone Sets & Network Equipment,True,0.0,8.348334,2026,4,0.0,9.2
2026-04-01,BARBADOS,8517,Telephone Sets & Network Equipment,True,0.0,1.012324,2026,4,0.0,1.1
2026-04-01,BELARUS,8517,Telephone Sets & Network Equipment,True,0.0,0.0,2026,4,0.0,0.0
2026-04-01,BELGIUM,8517,Telephone Sets & Network Equipment,True,2.863851,22.893019,2026,4,3.2,25.2
2026-04-01,BELIZE,8517,Telephone Sets & Network Equipment,True,0.0,0.337875,2026,4,0.0,0.4
2026-04-01,BENIN,8517,Telephone Sets & Network Equipment,True,0.0,0.144384,2026,4,0.0,0.2
2026-04-01,BERMUDA,8517,Telephone Sets & Network Equipment,True,0.118492,2.04867,2026,4,0.1,2.3
2026-04-01,BHUTAN,8517,Telephone Sets & Network Equipment,True,0.0,0.018623,2026,4,0.0,0.0
2026-04-01,BOLIVIA,8517,Telephone Sets & Network Equipment,True,0.0,3.343334,2026,4,0.0,3.7
2026-04-01,BOSNIA AND HERZEGOVINA,8517,Telephone Sets & Network Equipment,True,0.003739,0.012546,2026,4,0.0,0.0
2026-04-01,BOTSWANA,8517,Telephone Sets & Network Equipment,True,0.01,0.195653,2026,4,0.0,0.2
2026-04-01,BRAZIL,8517,Telephone Sets & Network Equipment,True,9.516476,85.51823,2026,4,10.5,94.1
2026-04-01,BRITISH INDIAN OCEAN TERRITORIES,8517,Telephone Sets & Network Equipment,True,0.0,0.004664,2026,4,0.0,0.0
2026-04-01,BRITISH VIRGIN ISLANDS,8517,Telephone Sets & Network Equipment,True,0.0,0.282364,2026,4,0.0,0.3
2026-04-01,BRUNEI,8517,Telephone Sets & Network Equipment,True,0.0,0.244206,2026,4,0.0,0.3
2026-04-01,BULGARIA,8517,Telephone Sets & Network Equipment,True,2.629214,0.857452,2026,4,2.9,0.9
2026-04-01,BURKINA FASO,8517,Telephone Sets & Network Equipment,True,0.0,0.0,2026,4,0.0,0.0
2026-04-01,BURMA,8517,Telephone Sets & Network Equipment,True,0.024144,0.014707,2026,4,0.0,0.0
2026-04-01,BURUNDI,8517,Telephone Sets & Network Equipment,True,0.0,0.0,2026,4,0.0,0.0
2026-04-01,CABO VERDE,8517,Telephone Sets & Network Equipment,True,0.0,0.020477,2026,4,0.0,0.0
2026-04-01,CACM,8517,Telephone Sets & Network Equipment,True,0.676076,64.261576,2026,4,0.7,70.7
2026-04-01,CAFTA-DR,8517,Telephone Sets & Network Equipment,True,0.952238,82.582543,2026,4,1.0,90.8
2026-04-01,CAMBODIA,8517,Telephone Sets & Network Equipment,True,3.127361,0.011321,2026,4,3.4,0.0
2026-04-01,CAMEROON,8517,Telephone Sets & Network Equipment,True,0.0,0.11592,2026,4,0.0,0.1
2026-04-01,CANADA,8517,Telephone Sets & Network Equipment,True,77.929108,338.085482,2026,4,85.7,371.9
2026-04-01,CAYMAN ISLANDS,8517,Telephone Sets & Network Equipment,True,1.6318,0.840389,2026,4,1.8,0.9
2026-04-01,CENTRAL AFRICAN REPUBLIC,8517,Telephone Sets & Network Equipment,True,0.0,0.0,2026,4,0.0,0.0
2026-04-01,CENTRAL AMERICA,8517,Telephone Sets & Network Equipment,True,2.979856,122.377849,2026,4,3.3,134.6
2026-04-01,CHAD,8517,Telephone Sets & Network Equipment,True,0.0,0.0,2026,4,0.0,0.0
2026-04-01,CHILE,8517,Telephone Sets & Network Equipment,True,0.458122,36.055091,2026,4,0.5,39.7
2026-04-01,CHINA,8517,Telephone Sets & Network Equipment,True,1230.109439,57.639511,2026,4,1353.1,63.4
2026-04-01,CHRISTMAS ISLAND,8517,Telephone Sets & Network Equipment,True,0.0,0.0,2026,4,0.0,0.0
2026-04-01,COLOMBIA,8517,Telephone Sets & Network Equipment,True,0.283237,39.44224,2026,4,0.3,43.4
2026-04-01,COMOROS,8517,Telephone Sets & Network Equipment,True,0.0,0.0,2026,4,0.0,0.0
2026-04-01,CONGO,8517,Telephone Sets & Network Equipment,True,0.0,0.0,2026,4,0.0,0.0
2026-04-01,COSTA RICA,8517,Telephone Sets & Network Equipment,True,0.676076,23.042054,2026,4,0.7,25.3
2026-04-01,COTE D'IVOIRE,8517,Telephone Sets & Network Equipment,True,0.0,0.098249,2026,4,0.0,0.1
2026-04-01,CROATIA,8517,Telephone Sets & Network Equipment,True,0.197946,0.194107,2026,4,0.2,0.2
2026-04-01,CUBA,8517,Telephone Sets & Network Equipment,True,0.0,0.142335,2026,4,0.0,0.2
2026-04-01,CURACAO,8517,Telephone Sets & Network Equipment,True,0.0,9.437017,2026,4,0.0,10.4
2026-04-01,CYPRUS,8517,Telephone Sets & Network Equipment,True,0.021065,0.083888,2026,4,0.0,0.1
2026-04-01,CZECH REPUBLIC,8517,Telephone Sets & Network Equipment,True,39.304378,18.154927,2026,4,43.2,20.0
2026-04-01,DEMOCRATIC REPUBLIC OF THE CONGO,8517,Telephone Sets & Network Equipment,True,0.0,2.064035,2026,4,0.0,2.3
2026-04-01,DENMARK,8517,Telephone Sets & Network Equipment,True,3.383893,7.604501,2026,4,3.7,8.4
2026-04-01,DJIBOUTI,8517,Telephone Sets & Network Equipment,True,0.0,0.56415,2026,4,0.0,0.6
2026-04-01,DOMINICA,8517,Telephone Sets & Network Equipment,True,0.0,0.119281,2026,4,0.0,0.1
2026-04-01,DOMINICAN REPUBLIC,8517,Telephone Sets & Network Equipment,True,0.276162,18.320967,2026,4,0.3,20.2
2026-04-01,ECUADOR,8517,Telephone Sets & Network Equipment,True,0.0,10.364659,2026,4,0.0,11.4
2026-04-01,EGYPT,8517,Telephone Sets & Network Equipment,True,0.0,3.922138,2026,4,0.0,4.3
2026-04-01,EL SALVADOR,8517,Telephone Sets & Network Equipment,True,0.0,12.959559,2026,4,0.0,14.3
2026-04-01,EQUATORIAL GUINEA,8517,Telephone Sets & Network Equipment,True,0.0,0.016151,2026,4,0.0,0.0
2026-04-01,ESTONIA,8517,Telephone Sets & Network Equipment,True,38.315168,0.87036,2026,4,42.1,1.0
2026-04-01,ESWATINI,8517,Telephone Sets & Network Equipment,True,0.0,0.020732,2026,4,0.0,0.0
2026-04-01,ETHIOPIA,8517,Telephone Sets & Network Equipment,True,0.0,0.194341,2026,4,0.0,0.2
2026-04-01,EURO AREA,8517,Telephone Sets & Network Equipment,True,141.631522,562.021064,2026,4,155.8,618.2
2026-04-01,EUROPE,8517,Telephone Sets & Network Equipment,True,293.318329,871.432902,2026,4,322.7,958.6
2026-04-01,EUROPEAN UNION,8517,Telephone Sets & Network Equipment,True,251.808345,684.94259,2026,4,277.0,753.4
2026-04-01,FAROE ISLANDS,8517,Telephone Sets & Network Equipment,True,0.0,0.0,2026,4,0.0,0.0
2026-04-01,FIJI,8517,Telephone Sets & Network Equipment,True,0.0,0.098331,2026,4,0.0,0.1
2026-04-01,FINLAND,8517,Telephone Sets & Network Equipment,True,1.881699,7.156336,2026,4,2.1,7.9
2026-04-01,FRANCE,8517,Telephone Sets & Network Equipment,True,10.752869,42.335464,2026,4,11.8,46.6
2026-04-01,FRENCH GUIANA,8517,Telephone Sets & Network Equipment,True,0.0,0.153172,2026,4,0.0,0.2
2026-04-01,FRENCH POLYNESIA,8517,Telephone Sets & Network Equipment,True,0.0,0.084337,2026,4,0.0,0.1
2026-04-01,GABON,8517,Telephone Sets & Network Equipment,True,0.0,0.06891,2026,4,0.0,0.1
2026-04-01,GAMBIA,8517,Telephone Sets & Network Equipment,True,0.0,0.004434,2026,4,0.0,0.0
2026-04-01,GEORGIA,8517,Telephone Sets & Network Equipment,True,0.0,0.761042,2026,4,0.0,0.8
2026-04-01,GERMANY,8517,Telephone Sets & Network Equipment,True,46.859007,111.207283,2026,4,51.5,122.3
2026-04-01,GHANA,8517,Telephone Sets & Network Equipment,True,0.0,0.640847,2026,4,0.0,0.7
2026-04-01,GIBRALTAR,8517,Telephone Sets & Network Equipment,True,0.0,0.0,2026,4,0.0,0.0
2026-04-01,GREECE,8517,Telephone Sets & Network Equipment,True,0.057616,1.292336,2026,4,0.1,1.4
2026-04-01,GREENLAND,8517,Telephone Sets & Network Equipment,True,0.0,0.010497,2026,4,0.0,0.0
2026-04-01,GRENADA,8517,Telephone Sets & Network Equipment,True,0.0,0.350722,2026,4,0.0,0.4
2026-04-01,GUADELOUPE,8517,Telephone Sets & Network Equipment,True,0.0,0.328841,2026,4,0.0,0.4
2026-04-01,GUATEMALA,8517,Telephone Sets & Network Equipment,True,0.0,15.108223,2026,4,0.0,16.6
2026-04-01,GUINEA,8517,Telephone Sets & Network Equipment,True,0.0,0.0,2026,4,0.0,0.0
2026-04-01,GUINEA-BISSAU,8517,Telephone Sets & Network Equipment,True,0.0,0.0,2026,4,0.0,0.0
2026-04-01,GUYANA,8517,Telephone Sets & Network Equipment,True,0.0,6.613953,2026,4,0.0,7.3
2026-04-01,HAITI,8517,Telephone Sets & Network Equipment,True,0.0,0.786739,2026,4,0.0,0.9
2026-04-01,HONDURAS,8517,Telephone Sets & Network Equipment,True,0.0,7.245757,2026,4,0.0,8.0
2026-04-01,HONG KONG,8517,Telephone Sets & Network Equipment,True,18.540764,466.392311,2026,4,20.4,513.0
2026-04-01,HUNGARY,8517,Telephone Sets & Network Equipment,True,5.749314,36.094217,2026,4,6.3,39.7
2026-04-01,ICELAND,8517,Telephone Sets & Network Equipment,True,0.133956,10.29502,2026,4,0.1,11.3
2026-04-01,INDIA,8517,Telephone Sets & Network Equipment,True,2981.940106,42.300618,2026,4,3280.1,46.5
2026-04-01,INDONESIA,8517,Telephone Sets & Network Equipment,True,153.010342,11.714485,2026,4,168.3,12.9
2026-04-01,IRAN,8517,Telephone Sets & Network Equipment,True,0.0,0.0,2026,4,0.0,0.0
2026-04-01,IRAQ,8517,Telephone Sets & Network Equipment,True,0.0,0.230479,2026,4,0.0,0.3
2026-04-01,IRELAND,8517,Telephone Sets & Network Equipment,True,4.969158,19.404035,2026,4,5.5,21.3
2026-04-01,ISRAEL,8517,Telephone Sets & Network Equipment,True,106.949956,34.843861,2026,4,117.6,38.3
2026-04-01,ITALY,8517,Telephone Sets & Network Equipment,True,10.248951,26.070684,2026,4,11.3,28.7
2026-04-01,JAMAICA,8517,Telephone Sets & Network Equipment,True,0.0132,4.409529,2026,4,0.0,4.9
2026-04-01,JAPAN,8517,Telephone Sets & Network Equipment,True,34.333065,73.405953,2026,4,37.8,80.7
2026-04-01,JORDAN,8517,Telephone Sets & Network Equipment,True,0.0,1.844741,2026,4,0.0,2.0
2026-04-01,KAZAKHSTAN,8517,Telephone Sets & Network Equipment,True,0.0,1.404092,2026,4,0.0,1.5
2026-04-01,KENYA,8517,Telephone Sets & Network Equipment,True,0.0,1.217723,2026,4,0.0,1.3
2026-04-01,KOSOVO,8517,Telephone Sets & Network Equipment,True,0.0,0.004948,2026,4,0.0,0.0
2026-04-01,KUWAIT,8517,Telephone Sets & Network Equipment,True,0.0,0.791821,2026,4,0.0,0.9
2026-04-01,KYRGYZSTAN,8517,Telephone Sets & Network Equipment,True,0.0,0.172916,2026,4,0.0,0.2
2026-04-01,LAFTA,8517,Telephone Sets & Network Equipment,True,1506.389821,1177.602888,2026,4,1657.0,1295.4
2026-04-01,LAOS,8517,Telephone Sets & Network Equipment,True,2.58099,0.027052,2026,4,2.8,0.0
2026-04-01,LATVIA,8517,Telephone Sets & Network Equipment,True,3.633013,1.896635,2026,4,4.0,2.1
2026-04-01,LEBANON,8517,Telephone Sets & Network Equipment,True,0.604113,0.231971,2026,4,0.7,0.3
2026-04-01,LESOTHO,8517,Telephone Sets & Network Equipment,True,0.0,0.085033,2026,4,0.0,0.1
2026-04-01,LIBERIA,8517,Telephone Sets & Network Equipment,True,0.0,0.006475,2026,4,0.0,0.0
2026-04-01,LIBYA,8517,Telephone Sets & Network Equipment,True,0.0,1.072523,2026,4,0.0,1.2
2026-04-01,LIECHTENSTEIN,8517,Telephone Sets & Network Equipment,True,0.004441,0.0,2026,4,0.0,0.0
2026-04-01,LITHUANIA,8517,Telephone Sets & Network Equipment,True,3.21292,0.268021,2026,4,3.5,0.3
2026-04-01,LUXEMBOURG,8517,Telephone Sets & Network Equipment,True,0.009331,1.232571,2026,4,0.0,1.4
2026-04-01,MACAU,8517,Telephone Sets & Network Equipment,True,0.0,0.574766,2026,4,0.0,0.6
2026-04-01,MACEDONIA,8517,Telephone Sets & Network Equipment,True,0.084845,0.008273,2026,4,0.1,0.0
2026-04-01,MADAGASCAR,8517,Telephone Sets & Network Equipment,True,0.0,0.046175,2026,4,0.0,0.1
2026-04-01,MALAWI,8517,Telephone Sets & Network Equipment,True,0.0,0.012876,2026,4,0.0,0.0
2026-04-01,MALAYSIA,8517,Telephone Sets & Network Equipment,True,643.87077,50.139717,2026,4,708.3,55.2
2026-04-01,MALDIVES,8517,Telephone Sets & Network Equipment,True,0.0,0.026361,2026,4,0.0,0.0
2026-04-01,MALI,8517,Telephone Sets & Network Equipment,True,0.0,0.030773,2026,4,0.0,0.0
2026-04-01,MALTA,8517,Telephone Sets & Network Equipment,True,0.007624,0.317014,2026,4,0.0,0.3
2026-04-01,MARSHALL ISLANDS,8517,Telephone Sets & Network Equipment,True,0.0,0.057525,2026,4,0.0,0.1
2026-04-01,MARTINIQUE,8517,Telephone Sets & Network Equipment,True,0.0,0.124615,2026,4,0.0,0.1
2026-04-01,MAURITANIA,8517,Telephone Sets & Network Equipment,True,0.0,0.0,2026,4,0.0,0.0
2026-04-01,MAURITIUS,8517,Telephone Sets & Network Equipment,True,0.0,0.090112,2026,4,0.0,0.1
2026-04-01,MEXICO,8517,Telephone Sets & Network Equipment,True,1495.021256,560.774491,2026,4,1644.5,616.9
2026-04-01,MICRONESIA,8517,Telephone Sets & Network Equipment,True,0.0,0.03501,2026,4,0.0,0.0
2026-04-01,MOLDOVA,8517,Telephone Sets & Network Equipment,True,0.012318,0.056369,2026,4,0.0,0.1
2026-04-01,MONACO,8517,Telephone Sets & Network Equipment,True,0.0,0.0,2026,4,0.0,0.0
2026-04-01,MONGOLIA,8517,Telephone Sets & Network Equipment,True,0.0,0.541036,2026,4,0.0,0.6
2026-04-01,MONTENEGRO,8517,Telephone Sets & Network Equipment,True,0.0,0.0,2026,4,0.0,0.0
2026-04-01,MONTSERRAT,8517,Telephone Sets & Network Equipment,True,0.0,0.023338,2026,4,0.0,0.0
2026-04-01,MOROCCO,8517,Telephone Sets & Network Equipment,True,0.146731,0.829287,2026,4,0.2,0.9
2026-04-01,MOZAMBIQUE,8517,Telephone Sets & Network Equipment,True,0.0,0.863427,2026,4,0.0,0.9
2026-04-01,NAMIBIA,8517,Telephone Sets & Network Equipment,True,0.0,0.228914,2026,4,0.0,0.3
2026-04-01,NATO,8517,Telephone Sets & Network Equipment,True,358.466363,1151.60838,2026,4,394.3,1266.8
2026-04-01,NEPAL,8517,Telephone Sets & Network Equipment,True,0.0,0.028965,2026,4,0.0,0.0
2026-04-01,NETHERLANDS,8517,Telephone Sets & Network Equipment,True,3.626974,297.361491,2026,4,4.0,327.1
2026-04-01,NEW CALEDONIA,8517,Telephone Sets & Network Equipment,True,0.0,0.0,2026,4,0.0,0.0
2026-04-01,NEW ZEALAND,8517,Telephone Sets & Network Equipment,True,3.548596,5.849388,2026,4,3.9,6.4
2026-04-01,NICARAGUA,8517,Telephone Sets & Network Equipment,True,0.0,5.905983,2026,4,0.0,6.5
2026-04-01,NIGER,8517,Telephone Sets & Network Equipment,True,0.0,0.07194,2026,4,0.0,0.1
2026-04-01,NIGERIA,8517,Telephone Sets & Network Equipment,True,0.0,1.374582,2026,4,0.0,1.5
2026-04-01,NORTH AMERICA,8517,Telephone Sets & Network Equipment,True,1572.950364,898.87047,2026,4,1730.2,988.8
2026-04-01,NORWAY,8517,Telephone Sets & Network Equipment,True,4.148207,13.496066,2026,4,4.6,14.8
2026-04-01,OECD,8517,Telephone Sets & Network Equipment,True,2023.107982,2062.608701,2026,4,2225.4,2268.9
2026-04-01,OMAN,8517,Telephone Sets & Network Equipment,True,0.0,0.674734,2026,4,0.0,0.7
2026-04-01,PACIFIC RIM COUNTRIES,8517,Telephone Sets & Network Equipment,True,3385.125011,1051.722347,2026,4,3723.6,1156.9
2026-04-01,PAKISTAN,8517,Telephone Sets & Network Equipment,True,0.0,0.259828,2026,4,0.0,0.3
2026-04-01,PALAU,8517,Telephone Sets & Network Equipment,True,0.0,0.032401,2026,4,0.0,0.0
2026-04-01,PANAMA,8517,Telephone Sets & Network Equipment,True,0.264126,12.159417,2026,4,0.3,13.4
2026-04-01,PAPUA NEW GUINEA,8517,Telephone Sets & Network Equipment,True,0.0,0.071781,2026,4,0.0,0.1
2026-04-01,PARAGUAY,8517,Telephone Sets & Network Equipment,True,0.0,331.214146,2026,4,0.0,364.3
2026-04-01,PERU,8517,Telephone Sets & Network Equipment,True,0.0,44.296989,2026,4,0.0,48.7
2026-04-01,PHILIPPINES,8517,Telephone Sets & Network Equipment,True,93.579195,64.589227,2026,4,102.9,71.0
2026-04-01,POLAND,8517,Telephone Sets & Network Equipment,True,36.735877,22.505751,2026,4,40.4,24.8
2026-04-01,PORTUGAL,8517,Telephone Sets & Network Equipment,True,7.451853,3.171702,2026,4,8.2,3.5
2026-04-01,QATAR,8517,Telephone Sets & Network Equipment,True,0.0,11.310329,2026,4,0.0,12.4
2026-04-01,REUNION,8517,Telephone Sets & Network Equipment,True,0.0,0.197952,2026,4,0.0,0.2
2026-04-01,ROMANIA,8517,Telephone Sets & Network Equipment,True,18.649661,7.880159,2026,4,20.5,8.7
2026-04-01,RUSSIA,8517,Telephone Sets & Network Equipment,True,0.0,0.06702,2026,4,0.0,0.1
2026-04-01,RWANDA,8517,Telephone Sets & Network Equipment,True,0.0,0.024251,2026,4,0.0,0.0
2026-04-01,SAMOA,8517,Telephone Sets & Network Equipment,True,0.0,0.046466,2026,4,0.0,0.1
2026-04-01,SAN MARINO,8517,Telephone Sets & Network Equipment,True,0.0,0.0,2026,4,0.0,0.0
2026-04-01,SAO TOME AND PRINCIPE,8517,Telephone Sets & Network Equipment,True,0.0,0.0,2026,4,0.0,0.0
2026-04-01,SAUDI ARABIA,8517,Telephone Sets & Network Equipment,True,0.0033,14.033992,2026,4,0.0,15.4
2026-04-01,SENEGAL,8517,Telephone Sets & Network Equipment,True,0.0,3.245629,2026,4,0.0,3.6
2026-04-01,SERBIA,8517,Telephone Sets & Network Equipment,True,0.133748,0.271767,2026,4,0.1,0.3
2026-04-01,SEYCHELLES,8517,Telephone Sets & Network Equipment,True,0.0,0.0,2026,4,0.0,0.0
2026-04-01,SIERRA LEONE,8517,Telephone Sets & Network Equipment,True,0.002826,0.058674,2026,4,0.0,0.1
2026-04-01,SINGAPORE,8517,Telephone Sets & Network Equipment,True,29.113455,116.38719,2026,4,32.0,128.0
2026-04-01,SINT MAARTEN,8517,Telephone Sets & Network Equipment,True,0.0,0.710506,2026,4,0.0,0.8
2026-04-01,SLOVAKIA,8517,Telephone Sets & Network Equipment,True,0.236532,0.897197,2026,4,0.3,1.0
2026-04-01,SLOVENIA,8517,Telephone Sets & Network Equipment,True,0.652478,0.425301,2026,4,0.7,0.5
2026-04-01,SOLOMON ISLANDS,8517,Telephone Sets & Network Equipment,True,0.0,0.0,2026,4,0.0,0.0
2026-04-01,SOMALIA,8517,Telephone Sets & Network Equipment,True,0.0,0.2845,2026,4,0.0,0.3
2026-04-01,SOUTH AFRICA,8517,Telephone Sets & Network Equipment,True,0.811383,12.822897,2026,4,0.9,14.1
2026-04-01,SOUTH AMERICA,8517,Telephone Sets & Network Equipment,True,11.368565,624.714741,2026,4,12.5,687.2
2026-04-01,SOUTH SUDAN,8517,Telephone Sets & Network Equipment,True,0.0,0.0,2026,4,0.0,0.0
2026-04-01,SPAIN,8517,Telephone Sets & Network Equipment,True,1.973768,21.348149,2026,4,2.2,23.5
2026-04-01,SRI LANKA,8517,Telephone Sets & Network Equipment,True,0.015845,0.11648,2026,4,0.0,0.1
2026-04-01,ST HELENA,8517,Telephone Sets & Network Equipment,True,0.0,0.0,2026,4,0.0,0.0
2026-04-01,ST KITTS AND NEVIS,8517,Telephone Sets & Network Equipment,True,0.0,0.15652,2026,4,0.0,0.2
2026-04-01,ST LUCIA,8517,Telephone Sets & Network Equipment,True,0.0,0.483785,2026,4,0.0,0.5
2026-04-01,ST VINCENT AND THE GRENADINES,8517,Telephone Sets & Network Equipment,True,0.0,0.082732,2026,4,0.0,0.1
2026-04-01,SURINAME,8517,Telephone Sets & Network Equipment,True,0.0,1.119219,2026,4,0.0,1.2
2026-04-01,SWEDEN,8517,Telephone Sets & Network Equipment,True,6.3537,30.681971,2026,4,7.0,33.8
2026-04-01,SWITZERLAND,8517,Telephone Sets & Network Equipment,True,3.004092,8.162974,2026,4,3.3,9.0
2026-04-01,South Korea,8517,Telephone Sets & Network Equipment,True,29.6276,32.008419,2026,4,32.6,35.2
2026-04-01,TAIWAN,8517,Telephone Sets & Network Equipment,True,1144.090143,88.456656,2026,4,1258.5,97.3
2026-04-01,TAJIKISTAN,8517,Telephone Sets & Network Equipment,True,0.0,0.032547,2026,4,0.0,0.0
2026-04-01,TANZANIA,8517,Telephone Sets & Network Equipment,True,0.0,0.038875,2026,4,0.0,0.0
2026-04-01,THAILAND,8517,Telephone Sets & Network Equipment,True,3001.171347,40.073313,2026,4,3301.3,44.1
2026-04-01,TIMOR-LESTE,8517,Telephone Sets & Network Equipment,True,0.0,0.39312,2026,4,0.0,0.4
2026-04-01,TOGO,8517,Telephone Sets & Network Equipment,True,0.0,0.108822,2026,4,0.0,0.1
2026-04-01,TONGA,8517,Telephone Sets & Network Equipment,True,0.0,0.008766,2026,4,0.0,0.0
2026-04-01,TOTAL FOR ALL COUNTRIES,8517,Telephone Sets & Network Equipment,True,15223.915972,4109.113859,2026,4,16746.3,4520.0
2026-04-01,TRINIDAD AND TOBAGO,8517,Telephone Sets & Network Equipment,True,0.0,2.955668,2026,4,0.0,3.3
2026-04-01,TUNISIA,8517,Telephone Sets & Network Equipment,True,0.340057,0.00575,2026,4,0.4,0.0
2026-04-01,TURKEY,8517,Telephone Sets & Network Equipment,True,1.88347,10.692991,2026,4,2.1,11.8
2026-04-01,TURKMENISTAN,8517,Telephone Sets & Network Equipment,True,0.0,0.054276,2026,4,0.0,0.1
2026-04-01,TURKS AND CAICOS ISLANDS,8517,Telephone Sets & Network Equipment,True,0.0,0.238094,2026,4,0.0,0.3
2026-04-01,TWENTY LATIN AMERICAN REPUBLICS,8517,Telephone Sets & Network Equipment,True,1507.606185,1273.273922,2026,4,1658.4,1400.6
2026-04-01,UGANDA,8517,Telephone Sets & Network Equipment,True,0.0,0.86367,2026,4,0.0,1.0
2026-04-01,UKRAINE,8517,Telephone Sets & Network Equipment,True,2.594404,23.755758,2026,4,2.9,26.1
2026-04-01,UNITED ARAB EMIRATES,8517,Telephone Sets & Network Equipment,True,0.585943,207.382465,2026,4,0.6,228.1
2026-04-01,UNITED KINGDOM,8517,Telephone Sets & Network Equipment,True,29.506764,116.595964,2026,4,32.5,128.3
2026-04-01,URUGUAY,8517,Telephone Sets & Network Equipment,True,0.011045,13.932699,2026,4,0.0,15.3
2026-04-01,USMCA (NAFTA),8517,Telephone Sets & Network Equipment,True,1572.950364,898.859973,2026,4,1730.2,988.7
2026-04-01,UZBEKISTAN,8517,Telephone Sets & Network Equipment,True,0.0,0.32255,2026,4,0.0,0.4
2026-04-01,VANUATU,8517,Telephone Sets & Network Equipment,True,0.0,0.002589,2026,4,0.0,0.0
2026-04-01,VENEZUELA,8517,Telephone Sets & Network Equipment,True,0.00262,15.311697,2026,4,0.0,16.8
2026-04-01,VIETNAM,8517,Telephone Sets & Network Equipment,True,3859.84097,142.5571,2026,4,4245.8,156.8
2026-04-01,YEMEN,8517,Telephone Sets & Network Equipment,True,0.0,0.0,2026,4,0.0,0.0
2026-04-01,ZAMBIA,8517,Telephone Sets & Network Equipment,True,0.0058,0.10856,2026,4,0.0,0.1
2026-04-01,ZIMBABWE,8517,Telephone Sets & Network Equipment,True,0.012975,1.055235,2026,4,0.0,1.2
2026-04-01,AFGHANISTAN,8542,Electronic Integrated Circuits,True,0.0,0.0,2026,4,0.0,0.0
2026-04-01,AFRICA,8542,Electronic Integrated Circuits,True,0.112015,2.127371,2026,4,0.1,2.3
2026-04-01,ALBANIA,8542,Electronic Integrated Circuits,True,0.006402,0.0,2026,4,0.0,0.0
2026-04-01,ALGERIA,8542,Electronic Integrated Circuits,True,0.0,0.0,2026,4,0.0,0.0
2026-04-01,ANGOLA,8542,Electronic Integrated Circuits,True,0.0,0.0,2026,4,0.0,0.0
2026-04-01,ANGUILLA,8542,Electronic Integrated Circuits,True,0.0,0.0,2026,4,0.0,0.0
2026-04-01,ANTIGUA AND BARBUDA,8542,Electronic Integrated Circuits,True,0.0,0.00904,2026,4,0.0,0.0
2026-04-01,APEC,8542,Electronic Integrated Circuits,True,3601.291202,3839.666274,2026,4,3961.4,4223.6
2026-04-01,ARGENTINA,8542,Electronic Integrated Circuits,True,0.023153,5.18889,2026,4,0.0,5.7
2026-04-01,ARUBA,8542,Electronic Integrated Circuits,True,0.0,0.003873,2026,4,0.0,0.0
2026-04-01,ASEAN,8542,Electronic Integrated Circuits,True,1236.57143,1070.377743,2026,4,1360.2,1177.4
2026-04-01,ASIA,8542,Electronic Integrated Circuits,True,3918.65308,2727.90787,2026,4,4310.5,3000.7
2026-04-01,AUSTRALIA,8542,Electronic Integrated Circuits,True,0.202028,4.075371,2026,4,0.2,4.5
2026-04-01,AUSTRALIA AND OCEANIA,8542,Electronic Integrated Circuits,True,0.277006,4.385779,2026,4,0.3,4.8
2026-04-01,AUSTRIA,8542,Electronic Integrated Circuits,True,14.395253,1.53802,2026,4,15.8,1.7
2026-04-01,AZERBAIJAN,8542,Electronic Integrated Circuits,True,0.0,0.025,2026,4,0.0,0.0
2026-04-01,BAHAMAS,8542,Electronic Integrated Circuits,True,0.0,0.06689,2026,4,0.0,0.1
2026-04-01,BAHRAIN,8542,Electronic Integrated Circuits,True,0.0,0.00705,2026,4,0.0,0.0
2026-04-01,BANGLADESH,8542,Electronic Integrated Circuits,True,0.0,0.007988,2026,4,0.0,0.0
2026-04-01,BARBADOS,8542,Electronic Integrated Circuits,True,0.0,0.007035,2026,4,0.0,0.0
2026-04-01,BELGIUM,8542,Electronic Integrated Circuits,True,0.932976,11.775041,2026,4,1.0,13.0
2026-04-01,BELIZE,8542,Electronic Integrated Circuits,True,0.0,0.0,2026,4,0.0,0.0
2026-04-01,BENIN,8542,Electronic Integrated Circuits,True,0.003732,0.0,2026,4,0.0,0.0
2026-04-01,BERMUDA,8542,Electronic Integrated Circuits,True,0.0,0.090202,2026,4,0.0,0.1
2026-04-01,BOLIVIA,8542,Electronic Integrated Circuits,True,0.0,0.015647,2026,4,0.0,0.0
2026-04-01,BOSNIA AND HERZEGOVINA,8542,Electronic Integrated Circuits,True,0.0,0.0,2026,4,0.0,0.0
2026-04-01,BRAZIL,8542,Electronic Integrated Circuits,True,2.980779,80.188092,2026,4,3.3,88.2
2026-04-01,BRITISH INDIAN OCEAN TERRITORIES,8542,Electronic Integrated Circuits,True,0.0,0.0,2026,4,0.0,0.0
2026-04-01,BRUNEI,8542,Electronic Integrated Circuits,True,0.0,0.0091,2026,4,0.0,0.0
2026-04-01,BULGARIA,8542,Electronic Integrated Circuits,True,0.11327,0.488348,2026,4,0.1,0.5
2026-04-01,BURMA,8542,Electronic Integrated Circuits,True,0.00285,0.0,2026,4,0.0,0.0
2026-04-01,BURUNDI,8542,Electronic Integrated Circuits,True,0.0,0.004875,2026,4,0.0,0.0
2026-04-01,CACM,8542,Electronic Integrated Circuits,True,34.609115,8.831195,2026,4,38.1,9.7
2026-04-01,CAFTA-DR,8542,Electronic Integrated Circuits,True,34.708745,9.542575,2026,4,38.2,10.5
2026-04-01,CAMBODIA,8542,Electronic Integrated Circuits,True,0.0,0.027114,2026,4,0.0,0.0
2026-04-01,CAMEROON,8542,Electronic Integrated Circuits,True,0.0,0.0,2026,4,0.0,0.0
2026-04-01,CANADA,8542,Electronic Integrated Circuits,True,10.247858,73.817385,2026,4,11.3,81.2
2026-04-01,CAYMAN ISLANDS,8542,Electronic Integrated Circuits,True,0.01632,0.027554,2026,4,0.0,0.0
2026-04-01,CENTRAL AMERICA,8542,Electronic Integrated Circuits,True,34.732332,9.991234,2026,4,38.2,11.0
2026-04-01,CHILE,8542,Electronic Integrated Circuits,True,0.018137,2.997029,2026,4,0.0,3.3
2026-04-01,CHINA,8542,Electronic Integrated Circuits,True,96.952223,847.640593,2026,4,106.6,932.4
2026-04-01,COLOMBIA,8542,Electronic Integrated Circuits,True,0.381095,0.83096,2026,4,0.4,0.9
2026-04-01,COSTA RICA,8542,Electronic Integrated Circuits,True,34.490714,6.402762,2026,4,37.9,7.0
2026-04-01,CROATIA,8542,Electronic Integrated Circuits,True,0.116385,0.08614,2026,4,0.1,0.1
2026-04-01,CURACAO,8542,Electronic Integrated Circuits,True,0.0,0.004287,2026,4,0.0,0.0
2026-04-01,CYPRUS,8542,Electronic Integrated Circuits,True,0.0,0.025402,2026,4,0.0,0.0
2026-04-01,CZECH REPUBLIC,8542,Electronic Integrated Circuits,True,0.965374,26.731717,2026,4,1.1,29.4
2026-04-01,DENMARK,8542,Electronic Integrated Circuits,True,0.466689,1.974216,2026,4,0.5,2.2
2026-04-01,DOMINICAN REPUBLIC,8542,Electronic Integrated Circuits,True,0.09963,0.71138,2026,4,0.1,0.8
2026-04-01,ECUADOR,8542,Electronic Integrated Circuits,True,0.146009,0.697159,2026,4,0.2,0.8
2026-04-01,EGYPT,8542,Electronic Integrated Circuits,True,0.0,0.025373,2026,4,0.0,0.0
2026-04-01,EL SALVADOR,8542,Electronic Integrated Circuits,True,0.118401,0.900678,2026,4,0.1,1.0
2026-04-01,EQUATORIAL GUINEA,8542,Electronic Integrated Circuits,True,0.0,0.008831,2026,4,0.0,0.0
2026-04-01,ESTONIA,8542,Electronic Integrated Circuits,True,0.0,0.67254,2026,4,0.0,0.7
2026-04-01,ESWATINI,8542,Electronic Integrated Circuits,True,0.0,0.0,2026,4,0.0,0.0
2026-04-01,ETHIOPIA,8542,Electronic Integrated Circuits,True,0.0,0.0,2026,4,0.0,0.0
2026-04-01,EURO AREA,8542,Electronic Integrated Circuits,True,395.692192,221.017816,2026,4,435.3,243.1
2026-04-01,EUROPE,8542,Electronic Integrated Circuits,True,411.986412,409.249588,2026,4,453.2,450.2
2026-04-01,EUROPEAN UNION,8542,Electronic Integrated Circuits,True,400.095414,344.323485,2026,4,440.1,378.8
2026-04-01,FAROE ISLANDS,8542,Electronic Integrated Circuits,True,0.00306,0.0,2026,4,0.0,0.0
2026-04-01,FINLAND,8542,Electronic Integrated Circuits,True,0.037693,3.083945,2026,4,0.0,3.4
2026-04-01,FRANCE,8542,Electronic Integrated Circuits,True,58.298623,10.644192,2026,4,64.1,11.7
2026-04-01,FRENCH GUIANA,8542,Electronic Integrated Circuits,True,0.0,0.009,2026,4,0.0,0.0
2026-04-01,GABON,8542,Electronic Integrated Circuits,True,0.0,0.005,2026,4,0.0,0.0
2026-04-01,GEORGIA,8542,Electronic Integrated Circuits,True,0.0,0.007203,2026,4,0.0,0.0
2026-04-01,GERMANY,8542,Electronic Integrated Circuits,True,64.00731,44.369953,2026,4,70.4,48.8
2026-04-01,GHANA,8542,Electronic Integrated Circuits,True,0.0,0.0,2026,4,0.0,0.0
2026-04-01,GREECE,8542,Electronic Integrated Circuits,True,0.18419,0.522339,2026,4,0.2,0.6
2026-04-01,GRENADA,8542,Electronic Integrated Circuits,True,0.0,0.0,2026,4,0.0,0.0
2026-04-01,GUADELOUPE,8542,Electronic Integrated Circuits,True,0.0,0.0,2026,4,0.0,0.0
2026-04-01,GUATEMALA,8542,Electronic Integrated Circuits,True,0.0,1.271596,2026,4,0.0,1.4
2026-04-01,GUYANA,8542,Electronic Integrated Circuits,True,0.0,0.118206,2026,4,0.0,0.1
2026-04-01,HAITI,8542,Electronic Integrated Circuits,True,0.0,0.0,2026,4,0.0,0.0
2026-04-01,HONDURAS,8542,Electronic Integrated Circuits,True,0.0,0.21162,2026,4,0.0,0.2
2026-04-01,HONG KONG,8542,Electronic Integrated Circuits,True,0.897372,148.038574,2026,4,1.0,162.8
2026-04-01,HUNGARY,8542,Electronic Integrated Circuits,True,0.945828,63.445707,2026,4,1.0,69.8
2026-04-01,ICELAND,8542,Electronic Integrated Circuits,True,0.0,0.022008,2026,4,0.0,0.0
2026-04-01,INDIA,8542,Electronic Integrated Circuits,True,1.420711,20.681803,2026,4,1.6,22.7
2026-04-01,INDONESIA,8542,Electronic Integrated Circuits,True,1.14516,0.767714,2026,4,1.3,0.8
2026-04-01,IRELAND,8542,Electronic Integrated Circuits,True,234.842532,97.682445,2026,4,258.3,107.5
2026-04-01,ISRAEL,8542,Electronic Integrated Circuits,True,343.356946,23.69928,2026,4,377.7,26.1
2026-04-01,ITALY,8542,Electronic Integrated Circuits,True,12.13009,9.74265,2026,4,13.3,10.7
2026-04-01,JAMAICA,8542,Electronic Integrated Circuits,True,0.0,0.135448,2026,4,0.0,0.1
2026-04-01,JAPAN,8542,Electronic Integrated Circuits,True,147.798113,52.118084,2026,4,162.6,57.3
2026-04-01,JORDAN,8542,Electronic Integrated Circuits,True,0.0,0.0,2026,4,0.0,0.0
2026-04-01,KAZAKHSTAN,8542,Electronic Integrated Circuits,True,0.0,0.030436,2026,4,0.0,0.0
2026-04-01,KENYA,8542,Electronic Integrated Circuits,True,0.0,0.0,2026,4,0.0,0.0
2026-04-01,KUWAIT,8542,Electronic Integrated Circuits,True,0.0,0.127195,2026,4,0.0,0.1
2026-04-01,KYRGYZSTAN,8542,Electronic Integrated Circuits,True,0.0,0.0,2026,4,0.0,0.0
2026-04-01,LAFTA,8542,Electronic Integrated Circuits,True,20.713064,1174.269825,2026,4,22.8,1291.7
2026-04-01,LATVIA,8542,Electronic Integrated Circuits,True,0.068697,0.302811,2026,4,0.1,0.3
2026-04-01,LEBANON,8542,Electronic Integrated Circuits,True,0.0,0.0,2026,4,0.0,0.0
2026-04-01,LIBERIA,8542,Electronic Integrated Circuits,True,0.0,0.0,2026,4,0.0,0.0
2026-04-01,LIBYA,8542,Electronic Integrated Circuits,True,0.0,0.0,2026,4,0.0,0.0
2026-04-01,LIECHTENSTEIN,8542,Electronic Integrated Circuits,True,0.0,0.0,2026,4,0.0,0.0
2026-04-01,LITHUANIA,8542,Electronic Integrated Circuits,True,0.224,0.580582,2026,4,0.2,0.6
2026-04-01,LUXEMBOURG,8542,Electronic Integrated Circuits,True,0.0,0.297045,2026,4,0.0,0.3
2026-04-01,MACAU,8542,Electronic Integrated Circuits,True,0.0,0.091082,2026,4,0.0,0.1
2026-04-01,MACEDONIA,8542,Electronic Integrated Circuits,True,0.0,0.023982,2026,4,0.0,0.0
2026-04-01,MALAWI,8542,Electronic Integrated Circuits,True,0.0,0.0,2026,4,0.0,0.0
2026-04-01,MALAYSIA,8542,Electronic Integrated Circuits,True,768.689602,559.854387,2026,4,845.6,615.8
2026-04-01,MALDIVES,8542,Electronic Integrated Circuits,True,0.0,0.0,2026,4,0.0,0.0
2026-04-01,MALI,8542,Electronic Integrated Circuits,True,0.0,0.0,2026,4,0.0,0.0
2026-04-01,MALTA,8542,Electronic Integrated Circuits,True,1.49052,2.543251,2026,4,1.6,2.8
2026-04-01,MARSHALL ISLANDS,8542,Electronic Integrated Circuits,True,0.004238,0.0,2026,4,0.0,0.0
2026-04-01,MARTINIQUE,8542,Electronic Integrated Circuits,True,0.0,0.0,2026,4,0.0,0.0
2026-04-01,MAURITANIA,8542,Electronic Integrated Circuits,True,0.0,0.0,2026,4,0.0,0.0
2026-04-01,MAURITIUS,8542,Electronic Integrated Circuits,True,0.0,0.007338,2026,4,0.0,0.0
2026-04-01,MEXICO,8542,Electronic Integrated Circuits,True,17.163891,1077.323208,2026,4,18.9,1185.1
2026-04-01,MOLDOVA,8542,Electronic Integrated Circuits,True,0.0,0.0,2026,4,0.0,0.0
2026-04-01,MONGOLIA,8542,Electronic Integrated Circuits,True,0.0,0.0,2026,4,0.0,0.0
2026-04-01,MONTENEGRO,8542,Electronic Integrated Circuits,True,0.0,0.0,2026,4,0.0,0.0
2026-04-01,MOROCCO,8542,Electronic Integrated Circuits,True,0.069242,0.11866,2026,4,0.1,0.1
2026-04-01,NAMIBIA,8542,Electronic Integrated Circuits,True,0.0,0.0,2026,4,0.0,0.0
2026-04-01,NATO,8542,Electronic Integrated Circuits,True,168.367347,374.968724,2026,4,185.2,412.5
2026-04-01,NEPAL,8542,Electronic Integrated Circuits,True,0.0,0.0,2026,4,0.0,0.0
2026-04-01,NETHERLANDS,8542,Electronic Integrated Circuits,True,7.644021,20.54182,2026,4,8.4,22.6
2026-04-01,NEW ZEALAND,8542,Electronic Integrated Circuits,True,0.07074,0.310408,2026,4,0.1,0.3
2026-04-01,NICARAGUA,8542,Electronic Integrated Circuits,True,0.0,0.044539,2026,4,0.0,0.0
2026-04-01,NIGER,8542,Electronic Integrated Circuits,True,0.0,0.0,2026,4,0.0,0.0
2026-04-01,NIGERIA,8542,Electronic Integrated Circuits,True,0.0,0.026205,2026,4,0.0,0.0
2026-04-01,NORTH AMERICA,8542,Electronic Integrated Circuits,True,27.411749,1151.140593,2026,4,30.2,1266.3
2026-04-01,NORWAY,8542,Electronic Integrated Circuits,True,0.151202,1.293662,2026,4,0.2,1.4
2026-04-01,OECD,8542,Electronic Integrated Circuits,True,1487.057127,1791.84708,2026,4,1635.8,1971.0
2026-04-01,OMAN,8542,Electronic Integrated Circuits,True,0.0,0.368072,2026,4,0.0,0.4
2026-04-01,PACIFIC RIM COUNTRIES,8542,Electronic Integrated Circuits,True,3227.724451,2390.2711,2026,4,3550.5,2629.3
2026-04-01,PAKISTAN,8542,Electronic Integrated Circuits,True,0.0,0.302569,2026,4,0.0,0.3
2026-04-01,PANAMA,8542,Electronic Integrated Circuits,True,0.007267,0.075108,2026,4,0.0,0.1
2026-04-01,PARAGUAY,8542,Electronic Integrated Circuits,True,0.0,4.39416,2026,4,0.0,4.8
2026-04-01,PERU,8542,Electronic Integrated Circuits,True,0.0,2.023268,2026,4,0.0,2.2
2026-04-01,PHILIPPINES,8542,Electronic Integrated Circuits,True,63.633598,113.681484,2026,4,70.0,125.0
2026-04-01,POLAND,8542,Electronic Integrated Circuits,True,0.376134,18.88255,2026,4,0.4,20.8
2026-04-01,PORTUGAL,8542,Electronic Integrated Circuits,True,0.088393,8.408649,2026,4,0.1,9.2
2026-04-01,QATAR,8542,Electronic Integrated Circuits,True,0.0,0.0,2026,4,0.0,0.0
2026-04-01,ROMANIA,8542,Electronic Integrated Circuits,True,0.227717,2.820868,2026,4,0.3,3.1
2026-04-01,RWANDA,8542,Electronic Integrated Circuits,True,0.0,0.0,2026,4,0.0,0.0
2026-04-01,SAN MARINO,8542,Electronic Integrated Circuits,True,0.0,0.009192,2026,4,0.0,0.0
2026-04-01,SAUDI ARABIA,8542,Electronic Integrated Circuits,True,0.0,1.750401,2026,4,0.0,1.9
2026-04-01,SENEGAL,8542,Electronic Integrated Circuits,True,0.0,0.0,2026,4,0.0,0.0
2026-04-01,SERBIA,8542,Electronic Integrated Circuits,True,0.0,0.230468,2026,4,0.0,0.3
2026-04-01,SIERRA LEONE,8542,Electronic Integrated Circuits,True,0.0,0.0,2026,4,0.0,0.0
2026-04-01,SINGAPORE,8542,Electronic Integrated Circuits,True,56.963355,102.712578,2026,4,62.7,113.0
2026-04-01,SINT MAARTEN,8542,Electronic Integrated Circuits,True,0.0,0.0,2026,4,0.0,0.0
2026-04-01,SLOVAKIA,8542,Electronic Integrated Circuits,True,0.074368,1.266258,2026,4,0.1,1.4
2026-04-01,SLOVENIA,8542,Electronic Integrated Circuits,True,0.144727,0.160679,2026,4,0.2,0.2
2026-04-01,SOUTH AFRICA,8542,Electronic Integrated Circuits,True,0.039041,1.783823,2026,4,0.0,2.0
2026-04-01,SOUTH AMERICA,8542,Electronic Integrated Circuits,True,3.549173,97.073823,2026,4,3.9,106.8
2026-04-01,SPAIN,8542,Electronic Integrated Circuits,True,0.899144,6.285706,2026,4,1.0,6.9
2026-04-01,SRI LANKA,8542,Electronic Integrated Circuits,True,0.202246,0.142653,2026,4,0.2,0.2
2026-04-01,ST KITTS AND NEVIS,8542,Electronic Integrated Circuits,True,0.0,0.019013,2026,4,0.0,0.0
2026-04-01,ST LUCIA,8542,Electronic Integrated Circuits,True,0.0,0.0,2026,4,0.0,0.0
2026-04-01,ST VINCENT AND THE GRENADINES,8542,Electronic Integrated Circuits,True,0.0,0.00746,2026,4,0.0,0.0
2026-04-01,SURINAME,8542,Electronic Integrated Circuits,True,0.0,0.0,2026,4,0.0,0.0
2026-04-01,SWEDEN,8542,Electronic Integrated Circuits,True,1.42148,9.450611,2026,4,1.6,10.4
2026-04-01,SWITZERLAND,8542,Electronic Integrated Circuits,True,3.135558,5.191124,2026,4,3.4,5.7
2026-04-01,South Korea,8542,Electronic Integrated Circuits,True,523.298547,148.129003,2026,4,575.6,162.9
2026-04-01,TAIWAN,8542,Electronic Integrated Circuits,True,1568.073713,412.842722,2026,4,1724.9,454.1
2026-04-01,TANZANIA,8542,Electronic Integrated Circuits,True,0.0,0.00825,2026,4,0.0,0.0
2026-04-01,THAILAND,8542,Electronic Integrated Circuits,True,84.378481,84.35928,2026,4,92.8,92.8
2026-04-01,TOTAL FOR ALL COUNTRIES,8542,Electronic Integrated Circuits,True,4396.721767,4401.876258,2026,4,4836.4,4842.1
2026-04-01,TRINIDAD AND TOBAGO,8542,Electronic Integrated Circuits,True,0.0,0.002749,2026,4,0.0,0.0
2026-04-01,TUNISIA,8542,Electronic Integrated Circuits,True,0.0,0.139016,2026,4,0.0,0.2
2026-04-01,TURKEY,8542,Electronic Integrated Circuits,True,0.218043,7.443661,2026,4,0.2,8.2
2026-04-01,TURKS AND CAICOS ISLANDS,8542,Electronic Integrated Circuits,True,0.0,0.0,2026,4,0.0,0.0
2026-04-01,TWENTY LATIN AMERICAN REPUBLICS,8542,Electronic Integrated Circuits,True,55.429076,1183.887508,2026,4,61.0,1302.3
2026-04-01,UKRAINE,8542,Electronic Integrated Circuits,True,0.0,0.815708,2026,4,0.0,0.9
2026-04-01,UNITED ARAB EMIRATES,8542,Electronic Integrated Circuits,True,0.081779,1.583058,2026,4,0.1,1.7
2026-04-01,UNITED KINGDOM,8542,Electronic Integrated Circuits,True,8.376733,49.833659,2026,4,9.2,54.8
2026-04-01,URUGUAY,8542,Electronic Integrated Circuits,True,0.0,0.481553,2026,4,0.0,0.5
2026-04-01,USMCA (NAFTA),8542,Electronic Integrated Circuits,True,27.411749,1151.140593,2026,4,30.2,1266.3
2026-04-01,UZBEKISTAN,8542,Electronic Integrated Circuits,True,0.0,0.0,2026,4,0.0,0.0
2026-04-01,VENEZUELA,8542,Electronic Integrated Circuits,True,0.0,0.129859,2026,4,0.0,0.1
2026-04-01,VIETNAM,8542,Electronic Integrated Circuits,True,261.758384,208.966086,2026,4,287.9,229.9
2026-04-01,AFGHANISTAN,8703,Motor Cars & Vehicles,False,0.0,0.0,2026,4,0.0,0.0
2026-04-01,AFRICA,8703,Motor Cars & Vehicles,False,16.816563,231.570684,2026,4,18.5,254.7
2026-04-01,ALBANIA,8703,Motor Cars & Vehicles,False,0.0,7.651909,2026,4,0.0,8.4
2026-04-01,ALGERIA,8703,Motor Cars & Vehicles,False,0.0,1.198188,2026,4,0.0,1.3
2026-04-01,ANDORRA,8703,Motor Cars & Vehicles,False,0.0,0.07007,2026,4,0.0,0.1
2026-04-01,ANGOLA,8703,Motor Cars & Vehicles,False,0.0,0.677534,2026,4,0.0,0.7
2026-04-01,ANGUILLA,8703,Motor Cars & Vehicles,False,0.0,0.113921,2026,4,0.0,0.1
2026-04-01,ANTIGUA AND BARBUDA,8703,Motor Cars & Vehicles,False,0.0,0.249842,2026,4,0.0,0.3
2026-04-01,APEC,8703,Motor Cars & Vehicles,False,11173.406748,1854.05301,2026,4,12290.7,2039.5
2026-04-01,ARGENTINA,8703,Motor Cars & Vehicles,False,0.0,15.159728,2026,4,0.0,16.7
2026-04-01,ARMENIA,8703,Motor Cars & Vehicles,False,0.0,6.776077,2026,4,0.0,7.5
2026-04-01,ARUBA,8703,Motor Cars & Vehicles,False,0.0,0.529894,2026,4,0.0,0.6
2026-04-01,ASEAN,8703,Motor Cars & Vehicles,False,29.347208,19.224314,2026,4,32.3,21.1
2026-04-01,ASIA,8703,Motor Cars & Vehicles,False,6066.487387,652.765187,2026,4,6673.1,718.0
2026-04-01,AUSTRALIA,8703,Motor Cars & Vehicles,False,0.161906,53.477542,2026,4,0.2,58.8
2026-04-01,AUSTRALIA AND OCEANIA,8703,Motor Cars & Vehicles,False,0.179438,62.285028,2026,4,0.2,68.5
2026-04-01,AUSTRIA,8703,Motor Cars & Vehicles,False,159.681785,0.039191,2026,4,175.6,0.0
2026-04-01,AZERBAIJAN,8703,Motor Cars & Vehicles,False,0.0,0.296766,2026,4,0.0,0.3
2026-04-01,BAHAMAS,8703,Motor Cars & Vehicles,False,0.0,7.214822,2026,4,0.0,7.9
2026-04-01,BAHRAIN,8703,Motor Cars & Vehicles,False,0.0,0.0,2026,4,0.0,0.0
2026-04-01,BANGLADESH,8703,Motor Cars & Vehicles,False,0.0,0.0,2026,4,0.0,0.0
2026-04-01,BARBADOS,8703,Motor Cars & Vehicles,False,0.0,0.223303,2026,4,0.0,0.2
2026-04-01,BELGIUM,8703,Motor Cars & Vehicles,False,91.343514,153.196447,2026,4,100.5,168.5
2026-04-01,BELIZE,8703,Motor Cars & Vehicles,False,0.0,2.891345,2026,4,0.0,3.2
2026-04-01,BENIN,8703,Motor Cars & Vehicles,False,0.0,25.241636,2026,4,0.0,27.8
2026-04-01,BERMUDA,8703,Motor Cars & Vehicles,False,0.0,0.137594,2026,4,0.0,0.2
2026-04-01,BOLIVIA,8703,Motor Cars & Vehicles,False,0.0,1.963833,2026,4,0.0,2.2
2026-04-01,BOSNIA AND HERZEGOVINA,8703,Motor Cars & Vehicles,False,0.0,0.629917,2026,4,0.0,0.7
2026-04-01,BOTSWANA,8703,Motor Cars & Vehicles,False,0.0,0.0,2026,4,0.0,0.0
2026-04-01,BRAZIL,8703,Motor Cars & Vehicles,False,0.136275,30.189926,2026,4,0.1,33.2
2026-04-01,BRITISH VIRGIN ISLANDS,8703,Motor Cars & Vehicles,False,0.0,1.117877,2026,4,0.0,1.2
2026-04-01,BRUNEI,8703,Motor Cars & Vehicles,False,0.0,0.0,2026,4,0.0,0.0
2026-04-01,BULGARIA,8703,Motor Cars & Vehicles,False,0.0,1.801998,2026,4,0.0,2.0
2026-04-01,BURKINA FASO,8703,Motor Cars & Vehicles,False,0.0,0.864652,2026,4,0.0,1.0
2026-04-01,CABO VERDE,8703,Motor Cars & Vehicles,False,0.0,0.191808,2026,4,0.0,0.2
2026-04-01,CACM,8703,Motor Cars & Vehicles,False,0.0,89.906691,2026,4,0.0,98.9
2026-04-01,CAFTA-DR,8703,Motor Cars & Vehicles,False,0.0,151.28232,2026,4,0.0,166.4
2026-04-01,CAMBODIA,8703,Motor Cars & Vehicles,False,0.0,13.527792,2026,4,0.0,14.9
2026-04-01,CAMEROON,8703,Motor Cars & Vehicles,False,0.0,1.901955,2026,4,0.0,2.1
2026-04-01,CANADA,8703,Motor Cars & Vehicles,False,2092.309835,961.744447,2026,4,2301.5,1057.9
2026-04-01,CAYMAN ISLANDS,8703,Motor Cars & Vehicles,False,0.0,1.310608,2026,4,0.0,1.4
2026-04-01,CENTRAL AFRICAN REPUBLIC,8703,Motor Cars & Vehicles,False,0.0,0.039229,2026,4,0.0,0.0
2026-04-01,CENTRAL AMERICA,8703,Motor Cars & Vehicles,False,0.0,191.102332,2026,4,0.0,210.2
2026-04-01,CHILE,8703,Motor Cars & Vehicles,False,0.0,32.207142,2026,4,0.0,35.4
2026-04-01,CHINA,8703,Motor Cars & Vehicles,False,159.523882,200.362601,2026,4,175.5,220.4
2026-04-01,COLOMBIA,8703,Motor Cars & Vehicles,False,0.038184,47.922354,2026,4,0.0,52.7
2026-04-01,COMOROS,8703,Motor Cars & Vehicles,False,0.0,0.0,2026,4,0.0,0.0
2026-04-01,CONGO,8703,Motor Cars & Vehicles,False,0.0,0.281298,2026,4,0.0,0.3
2026-04-01,COSTA RICA,8703,Motor Cars & Vehicles,False,0.0,17.468664,2026,4,0.0,19.2
2026-04-01,COTE D'IVOIRE,8703,Motor Cars & Vehicles,False,0.0,2.417718,2026,4,0.0,2.7
2026-04-01,CROATIA,8703,Motor Cars & Vehicles,False,0.0,1.074486,2026,4,0.0,1.2
2026-04-01,CUBA,8703,Motor Cars & Vehicles,False,0.0,13.743172,2026,4,0.0,15.1
2026-04-01,CURACAO,8703,Motor Cars & Vehicles,False,0.0,2.498245,2026,4,0.0,2.7
2026-04-01,CYPRUS,8703,Motor Cars & Vehicles,False,0.0,0.647283,2026,4,0.0,0.7
2026-04-01,CZECH REPUBLIC,8703,Motor Cars & Vehicles,False,0.0,1.329469,2026,4,0.0,1.5
2026-04-01,DEMOCRATIC REPUBLIC OF THE CONGO,8703,Motor Cars & Vehicles,False,0.0,0.527652,2026,4,0.0,0.6
2026-04-01,DENMARK,8703,Motor Cars & Vehicles,False,0.0,0.5296,2026,4,0.0,0.6
2026-04-01,DJIBOUTI,8703,Motor Cars & Vehicles,False,0.0,0.0,2026,4,0.0,0.0
2026-04-01,DOMINICA,8703,Motor Cars & Vehicles,False,0.0,0.053602,2026,4,0.0,0.1
2026-04-01,DOMINICAN REPUBLIC,8703,Motor Cars & Vehicles,False,0.0,61.375629,2026,4,0.0,67.5
2026-04-01,ECUADOR,8703,Motor Cars & Vehicles,False,0.0,5.363587,2026,4,0.0,5.9
2026-04-01,EGYPT,8703,Motor Cars & Vehicles,False,0.0,2.482737,2026,4,0.0,2.7
2026-04-01,EL SALVADOR,8703,Motor Cars & Vehicles,False,0.0,20.230876,2026,4,0.0,22.3
2026-04-01,EQUATORIAL GUINEA,8703,Motor Cars & Vehicles,False,0.0,0.045135,2026,4,0.0,0.0
2026-04-01,ESTONIA,8703,Motor Cars & Vehicles,False,0.0,0.313081,2026,4,0.0,0.3
2026-04-01,ETHIOPIA,8703,Motor Cars & Vehicles,False,0.0,0.065911,2026,4,0.0,0.1
2026-04-01,EURO AREA,8703,Motor Cars & Vehicles,False,2481.01046,1190.720036,2026,4,2729.1,1309.8
2026-04-01,EUROPE,8703,Motor Cars & Vehicles,False,3417.629403,1527.746843,2026,4,3759.4,1680.5
2026-04-01,EUROPEAN UNION,8703,Motor Cars & Vehicles,False,2962.792261,1222.369507,2026,4,3259.1,1344.6
2026-04-01,FINLAND,8703,Motor Cars & Vehicles,False,0.01798,0.437019,2026,4,0.0,0.5
2026-04-01,FRANCE,8703,Motor Cars & Vehicles,False,37.160643,7.828398,2026,4,40.9,8.6
2026-04-01,FRENCH GUIANA,8703,Motor Cars & Vehicles,False,0.0,0.049058,2026,4,0.0,0.1
2026-04-01,FRENCH POLYNESIA,8703,Motor Cars & Vehicles,False,0.0,0.106268,2026,4,0.0,0.1
2026-04-01,GABON,8703,Motor Cars & Vehicles,False,0.0,0.448875,2026,4,0.0,0.5
2026-04-01,GAMBIA,8703,Motor Cars & Vehicles,False,0.0,0.819332,2026,4,0.0,0.9
2026-04-01,GEORGIA,8703,Motor Cars & Vehicles,False,0.0,141.368036,2026,4,0.0,155.5
2026-04-01,GERMANY,8703,Motor Cars & Vehicles,False,1560.307054,735.753366,2026,4,1716.3,809.3
2026-04-01,GHANA,8703,Motor Cars & Vehicles,False,0.0,43.215552,2026,4,0.0,47.5
2026-04-01,GREECE,8703,Motor Cars & Vehicles,False,0.0,0.312968,2026,4,0.0,0.3
2026-04-01,GREENLAND,8703,Motor Cars & Vehicles,False,0.0,0.0,2026,4,0.0,0.0
2026-04-01,GRENADA,8703,Motor Cars & Vehicles,False,0.0,0.062935,2026,4,0.0,0.1
2026-04-01,GUADELOUPE,8703,Motor Cars & Vehicles,False,0.0,0.042284,2026,4,0.0,0.0
2026-04-01,GUATEMALA,8703,Motor Cars & Vehicles,False,0.0,25.101904,2026,4,0.0,27.6
2026-04-01,GUINEA,8703,Motor Cars & Vehicles,False,0.0,2.178075,2026,4,0.0,2.4
2026-04-01,GUINEA-BISSAU,8703,Motor Cars & Vehicles,False,0.0,0.01565,2026,4,0.0,0.0
2026-04-01,GUYANA,8703,Motor Cars & Vehicles,False,0.0,2.811249,2026,4,0.0,3.1
2026-04-01,HAITI,8703,Motor Cars & Vehicles,False,0.0,1.268467,2026,4,0.0,1.4
2026-04-01,HONDURAS,8703,Motor Cars & Vehicles,False,0.0,26.449589,2026,4,0.0,29.1
2026-04-01,HONG KONG,8703,Motor Cars & Vehicles,False,0.0,0.435319,2026,4,0.0,0.5
2026-04-01,HUNGARY,8703,Motor Cars & Vehicles,False,99.629594,0.290109,2026,4,109.6,0.3
2026-04-01,ICELAND,8703,Motor Cars & Vehicles,False,0.0,0.857079,2026,4,0.0,0.9
2026-04-01,INDIA,8703,Motor Cars & Vehicles,False,0.896733,0.176956,2026,4,1.0,0.2
2026-04-01,INDONESIA,8703,Motor Cars & Vehicles,False,0.15536,0.549665,2026,4,0.2,0.6
2026-04-01,IRAQ,8703,Motor Cars & Vehicles,False,0.0,1.271395,2026,4,0.0,1.4
2026-04-01,IRELAND,8703,Motor Cars & Vehicles,False,0.0,0.906171,2026,4,0.0,1.0
2026-04-01,ISRAEL,8703,Motor Cars & Vehicles,False,0.0,47.426123,2026,4,0.0,52.2
2026-04-01,ITALY,8703,Motor Cars & Vehicles,False,206.023908,10.193407,2026,4,226.6,11.2
2026-04-01,JAMAICA,8703,Motor Cars & Vehicles,False,0.0,1.013799,2026,4,0.0,1.1
2026-04-01,JAPAN,8703,Motor Cars & Vehicles,False,3092.824688,31.194022,2026,4,3402.1,34.3
2026-04-01,JORDAN,8703,Motor Cars & Vehicles,False,0.0,38.076613,2026,4,0.0,41.9
2026-04-01,KAZAKHSTAN,8703,Motor Cars & Vehicles,False,0.0,5.143136,2026,4,0.0,5.7
2026-04-01,KENYA,8703,Motor Cars & Vehicles,False,0.0,0.0,2026,4,0.0,0.0
2026-04-01,KUWAIT,8703,Motor Cars & Vehicles,False,0.0,0.185,2026,4,0.0,0.2
2026-04-01,KYRGYZSTAN,8703,Motor Cars & Vehicles,False,0.0,5.284564,2026,4,0.0,5.8
2026-04-01,LAFTA,8703,Motor Cars & Vehicles,False,3015.519454,462.547719,2026,4,3317.1,508.8
2026-04-01,LAOS,8703,Motor Cars & Vehicles,False,0.0,0.0,2026,4,0.0,0.0
2026-04-01,LATVIA,8703,Motor Cars & Vehicles,False,0.0,0.148434,2026,4,0.0,0.2
2026-04-01,LEBANON,8703,Motor Cars & Vehicles,False,0.0,13.484514,2026,4,0.0,14.8
2026-04-01,LIBERIA,8703,Motor Cars & Vehicles,False,0.0,2.209292,2026,4,0.0,2.4
2026-04-01,LIBYA,8703,Motor Cars & Vehicles,False,0.0,10.188345,2026,4,0.0,11.2
2026-04-01,LITHUANIA,8703,Motor Cars & Vehicles,False,0.0,113.060857,2026,4,0.0,124.4
2026-04-01,LUXEMBOURG,8703,Motor Cars & Vehicles,False,0.0,0.0,2026,4,0.0,0.0
2026-04-01,MADAGASCAR,8703,Motor Cars & Vehicles,False,0.0,0.0,2026,4,0.0,0.0
2026-04-01,MALAYSIA,8703,Motor Cars & Vehicles,False,0.088848,0.108698,2026,4,0.1,0.1
2026-04-01,MALI,8703,Motor Cars & Vehicles,False,0.0,0.210668,2026,4,0.0,0.2
2026-04-01,MALTA,8703,Motor Cars & Vehicles,False,0.0,0.0,2026,4,0.0,0.0
2026-04-01,MARSHALL ISLANDS,8703,Motor Cars & Vehicles,False,0.0,0.0,2026,4,0.0,0.0
2026-04-01,MARTINIQUE,8703,Motor Cars & Vehicles,False,0.0,0.0,2026,4,0.0,0.0
2026-04-01,MAURITANIA,8703,Motor Cars & Vehicles,False,0.0,2.721276,2026,4,0.0,3.0
2026-04-01,MAYOTTE,8703,Motor Cars & Vehicles,False,0.0,0.0,2026,4,0.0,0.0
2026-04-01,MEXICO,8703,Motor Cars & Vehicles,False,3015.326495,304.22283,2026,4,3316.9,334.6
2026-04-01,MOLDOVA,8703,Motor Cars & Vehicles,False,0.0,1.267408,2026,4,0.0,1.4
2026-04-01,MONGOLIA,8703,Motor Cars & Vehicles,False,0.0,5.086089,2026,4,0.0,5.6
2026-04-01,MONTENEGRO,8703,Motor Cars & Vehicles,False,0.0,0.636535,2026,4,0.0,0.7
2026-04-01,MONTSERRAT,8703,Motor Cars & Vehicles,False,0.0,0.0,2026,4,0.0,0.0
2026-04-01,MOROCCO,8703,Motor Cars & Vehicles,False,0.061739,2.80259,2026,4,0.1,3.1
2026-04-01,MOZAMBIQUE,8703,Motor Cars & Vehicles,False,0.0,0.05,2026,4,0.0,0.1
2026-04-01,NAMIBIA,8703,Motor Cars & Vehicles,False,0.0,0.0,2026,4,0.0,0.0
2026-04-01,NATO,8703,Motor Cars & Vehicles,False,5350.246127,2298.768845,2026,4,5885.3,2528.6
2026-04-01,NETHERLANDS,8703,Motor Cars & Vehicles,False,0.119761,161.323514,2026,4,0.1,177.5
2026-04-01,NEW CALEDONIA,8703,Motor Cars & Vehicles,False,0.0,0.0,2026,4,0.0,0.0
2026-04-01,NEW ZEALAND,8703,Motor Cars & Vehicles,False,0.017532,8.701218,2026,4,0.0,9.6
2026-04-01,NICARAGUA,8703,Motor Cars & Vehicles,False,0.0,0.655658,2026,4,0.0,0.7
2026-04-01,NIGER,8703,Motor Cars & Vehicles,False,0.0,1.161928,2026,4,0.0,1.3
2026-04-01,NIGERIA,8703,Motor Cars & Vehicles,False,0.0,102.702345,2026,4,0.0,113.0
2026-04-01,NORTH AMERICA,8703,Motor Cars & Vehicles,False,5107.63633,1265.967277,2026,4,5618.4,1392.6
2026-04-01,NORWAY,8703,Motor Cars & Vehicles,False,0.0,5.289293,2026,4,0.0,5.8
2026-04-01,OECD,8703,Motor Cars & Vehicles,False,14397.403537,3038.075168,2026,4,15837.1,3341.9
2026-04-01,OMAN,8703,Motor Cars & Vehicles,False,0.0,23.472424,2026,4,0.0,25.8
2026-04-01,PACIFIC RIM COUNTRIES,8703,Motor Cars & Vehicles,False,6037.991912,545.245133,2026,4,6641.8,599.8
2026-04-01,PAKISTAN,8703,Motor Cars & Vehicles,False,0.0,0.065211,2026,4,0.0,0.1
2026-04-01,PANAMA,8703,Motor Cars & Vehicles,False,0.0,3.86852,2026,4,0.0,4.3
2026-04-01,PARAGUAY,8703,Motor Cars & Vehicles,False,0.0,2.296062,2026,4,0.0,2.5
2026-04-01,PERU,8703,Motor Cars & Vehicles,False,0.0,9.502766,2026,4,0.0,10.5
2026-04-01,PHILIPPINES,8703,Motor Cars & Vehicles,False,0.0,2.305339,2026,4,0.0,2.5
2026-04-01,POLAND,8703,Motor Cars & Vehicles,False,0.010965,13.923155,2026,4,0.0,15.3
2026-04-01,PORTUGAL,8703,Motor Cars & Vehicles,False,0.012,0.095142,2026,4,0.0,0.1
2026-04-01,QATAR,8703,Motor Cars & Vehicles,False,0.0,0.0,2026,4,0.0,0.0
2026-04-01,REUNION,8703,Motor Cars & Vehicles,False,0.0,0.0,2026,4,0.0,0.0
2026-04-01,ROMANIA,8703,Motor Cars & Vehicles,False,0.0,6.254747,2026,4,0.0,6.9
2026-04-01,RUSSIA,8703,Motor Cars & Vehicles,False,0.008826,0.0,2026,4,0.0,0.0
2026-04-01,RWANDA,8703,Motor Cars & Vehicles,False,0.0,1.07384,2026,4,0.0,1.2
2026-04-01,SAMOA,8703,Motor Cars & Vehicles,False,0.0,0.0,2026,4,0.0,0.0
2026-04-01,SAUDI ARABIA,8703,Motor Cars & Vehicles,False,0.0,14.541146,2026,4,0.0,16.0
2026-04-01,SENEGAL,8703,Motor Cars & Vehicles,False,0.0,5.083574,2026,4,0.0,5.6
2026-04-01,SERBIA,8703,Motor Cars & Vehicles,False,0.0,0.297682,2026,4,0.0,0.3
2026-04-01,SIERRA LEONE,8703,Motor Cars & Vehicles,False,0.0,3.353956,2026,4,0.0,3.7
2026-04-01,SINGAPORE,8703,Motor Cars & Vehicles,False,1.33332,1.602128,2026,4,1.5,1.8
2026-04-01,SINT MAARTEN,8703,Motor Cars & Vehicles,False,0.0,1.373733,2026,4,0.0,1.5
2026-04-01,SLOVAKIA,8703,Motor Cars & Vehicles,False,426.280784,0.40296,2026,4,468.9,0.4
2026-04-01,SLOVENIA,8703,Motor Cars & Vehicles,False,0.0,0.0319,2026,4,0.0,0.0
2026-04-01,SOMALIA,8703,Motor Cars & Vehicles,False,0.0,0.0185,2026,4,0.0,0.0
2026-04-01,SOUTH AFRICA,8703,Motor Cars & Vehicles,False,16.754824,9.971701,2026,4,18.4,11.0
2026-04-01,SOUTH AMERICA,8703,Motor Cars & Vehicles,False,0.192959,162.001326,2026,4,0.2,178.2
2026-04-01,SPAIN,8703,Motor Cars & Vehicles,False,0.063031,3.153414,2026,4,0.1,3.5
2026-04-01,SRI LANKA,8703,Motor Cars & Vehicles,False,0.0,0.054299,2026,4,0.0,0.1
2026-04-01,ST KITTS AND NEVIS,8703,Motor Cars & Vehicles,False,0.0,0.355436,2026,4,0.0,0.4
2026-04-01,ST LUCIA,8703,Motor Cars & Vehicles,False,0.0,0.0625,2026,4,0.0,0.1
2026-04-01,ST VINCENT AND THE GRENADINES,8703,Motor Cars & Vehicles,False,0.0,0.095421,2026,4,0.0,0.1
2026-04-01,SURINAME,8703,Motor Cars & Vehicles,False,0.0,0.81613,2026,4,0.0,0.9
2026-04-01,SWEDEN,8703,Motor Cars & Vehicles,False,382.141242,9.322391,2026,4,420.4,10.3
2026-04-01,SWITZERLAND,8703,Motor Cars & Vehicles,False,0.0,0.501826,2026,4,0.0,0.6
2026-04-01,South Korea,8703,Motor Cars & Vehicles,False,2779.10682,212.658915,2026,4,3057.0,233.9
2026-04-01,TAIWAN,8703,Motor Cars & Vehicles,False,4.779556,33.849686,2026,4,5.3,37.2
2026-04-01,TAJIKISTAN,8703,Motor Cars & Vehicles,False,0.0,0.235691,2026,4,0.0,0.3
2026-04-01,TANZANIA,8703,Motor Cars & Vehicles,False,0.0,0.224793,2026,4,0.0,0.2
2026-04-01,THAILAND,8703,Motor Cars & Vehicles,False,14.315244,0.594671,2026,4,15.7,0.7
2026-04-01,TIMOR-LESTE,8703,Motor Cars & Vehicles,False,0.0,0.141368,2026,4,0.0,0.2
2026-04-01,TOGO,8703,Motor Cars & Vehicles,False,0.0,6.611791,2026,4,0.0,7.3
2026-04-01,TOTAL FOR ALL COUNTRIES,8703,Motor Cars & Vehicles,False,14608.94208,4093.438677,2026,4,16069.8,4502.8
2026-04-01,TRINIDAD AND TOBAGO,8703,Motor Cars & Vehicles,False,0.0,0.367519,2026,4,0.0,0.4
2026-04-01,TUNISIA,8703,Motor Cars & Vehicles,False,0.0,0.573148,2026,4,0.0,0.6
2026-04-01,TURKEY,8703,Motor Cars & Vehicles,False,0.113945,41.615262,2026,4,0.1,45.8
2026-04-01,TURKMENISTAN,8703,Motor Cars & Vehicles,False,0.0,0.34526,2026,4,0.0,0.4
2026-04-01,TURKS AND CAICOS ISLANDS,8703,Motor Cars & Vehicles,False,0.0,1.225173,2026,4,0.0,1.3
2026-04-01,TWENTY LATIN AMERICAN REPUBLICS,8703,Motor Cars & Vehicles,False,3015.519454,632.710198,2026,4,3317.1,696.0
2026-04-01,UGANDA,8703,Motor Cars & Vehicles,False,0.0,0.0,2026,4,0.0,0.0
2026-04-01,UKRAINE,8703,Motor Cars & Vehicles,False,0.0025,25.741573,2026,4,0.0,28.3
2026-04-01,UNITED ARAB EMIRATES,8703,Motor Cars & Vehicles,False,0.0085,10.900878,2026,4,0.0,12.0
2026-04-01,UNITED KINGDOM,8703,Motor Cars & Vehicles,False,454.711871,60.197458,2026,4,500.2,66.2
2026-04-01,URUGUAY,8703,Motor Cars & Vehicles,False,0.0,0.121786,2026,4,0.0,0.1
2026-04-01,USMCA (NAFTA),8703,Motor Cars & Vehicles,False,5107.63633,1265.967277,2026,4,5618.4,1392.6
2026-04-01,UZBEKISTAN,8703,Motor Cars & Vehicles,False,0.0,1.171794,2026,4,0.0,1.3
2026-04-01,VENEZUELA,8703,Motor Cars & Vehicles,False,0.0185,13.597705,2026,4,0.0,15.0
2026-04-01,VIETNAM,8703,Motor Cars & Vehicles,False,13.454436,0.536021,2026,4,14.8,0.6
2026-04-01,WEST BANK ADMINISTERED BY ISRAEL,8703,Motor Cars & Vehicles,False,0.0,0.0,2026,4,0.0,0.0
2026-04-01,YEMEN,8703,Motor Cars & Vehicles,False,0.0,0.158314,2026,4,0.0,0.2
2026-04-01,ZAMBIA,8703,Motor Cars & Vehicles,False,0.0,0.0,2026,4,0.0,0.0
2026-04-01,ZIMBABWE,8703,Motor Cars & Vehicles,False,0.0,0.0,2026,4,0.0,0.0
2026-04-01,AFRICA,8708,Motor Vehicle Parts,False,34.378642,91.420956,2026,4,37.8,100.6
2026-04-01,ALBANIA,8708,Motor Vehicle Parts,False,0.020202,0.57528,2026,4,0.0,0.6
2026-04-01,ALGERIA,8708,Motor Vehicle Parts,False,0.0,0.032355,2026,4,0.0,0.0
2026-04-01,ANDORRA,8708,Motor Vehicle Parts,False,0.0,0.009,2026,4,0.0,0.0
2026-04-01,ANGOLA,8708,Motor Vehicle Parts,False,0.0,0.105371,2026,4,0.0,0.1
2026-04-01,ANGUILLA,8708,Motor Vehicle Parts,False,0.0,0.003,2026,4,0.0,0.0
2026-04-01,ANTIGUA AND BARBUDA,8708,Motor Vehicle Parts,False,0.0,0.111282,2026,4,0.0,0.1
2026-04-01,APEC,8708,Motor Vehicle Parts,False,6080.699186,3234.985569,2026,4,6688.8,3558.5
2026-04-01,ARGENTINA,8708,Motor Vehicle Parts,False,1.070356,18.345455,2026,4,1.2,20.2
2026-04-01,ARMENIA,8708,Motor Vehicle Parts,False,0.0,3.121056,2026,4,0.0,3.4
2026-04-01,ARUBA,8708,Motor Vehicle Parts,False,0.0,0.205789,2026,4,0.0,0.2
2026-04-01,ASEAN,8708,Motor Vehicle Parts,False,274.842598,62.898474,2026,4,302.3,69.2
2026-04-01,ASIA,8708,Motor Vehicle Parts,False,2232.252509,224.880637,2026,4,2455.5,247.4
2026-04-01,AUSTRALIA,8708,Motor Vehicle Parts,False,4.211202,58.036193,2026,4,4.6,63.8
2026-04-01,AUSTRALIA AND OCEANIA,8708,Motor Vehicle Parts,False,5.039115,59.17913,2026,4,5.5,65.1
2026-04-01,AUSTRIA,8708,Motor Vehicle Parts,False,11.480333,3.577755,2026,4,12.6,3.9
2026-04-01,AZERBAIJAN,8708,Motor Vehicle Parts,False,0.0,0.130983,2026,4,0.0,0.1
2026-04-01,BAHAMAS,8708,Motor Vehicle Parts,False,0.0,1.056202,2026,4,0.0,1.2
2026-04-01,BAHRAIN,8708,Motor Vehicle Parts,False,0.0,0.023978,2026,4,0.0,0.0
2026-04-01,BANGLADESH,8708,Motor Vehicle Parts,False,0.01176,0.00698,2026,4,0.0,0.0
2026-04-01,BARBADOS,8708,Motor Vehicle Parts,False,0.0,0.274674,2026,4,0.0,0.3
2026-04-01,BELARUS,8708,Motor Vehicle Parts,False,0.0,0.0,2026,4,0.0,0.0
2026-04-01,BELGIUM,8708,Motor Vehicle Parts,False,3.488744,11.88116,2026,4,3.8,13.1
2026-04-01,BELIZE,8708,Motor Vehicle Parts,False,0.0,0.911996,2026,4,0.0,1.0
2026-04-01,BENIN,8708,Motor Vehicle Parts,False,0.0,10.193035,2026,4,0.0,11.2
2026-04-01,BERMUDA,8708,Motor Vehicle Parts,False,0.0,0.045233,2026,4,0.0,0.0
2026-04-01,BOLIVIA,8708,Motor Vehicle Parts,False,0.0,0.507596,2026,4,0.0,0.6
2026-04-01,BOSNIA AND HERZEGOVINA,8708,Motor Vehicle Parts,False,0.790199,0.072652,2026,4,0.9,0.1
2026-04-01,BOTSWANA,8708,Motor Vehicle Parts,False,0.009373,0.0,2026,4,0.0,0.0
2026-04-01,BRAZIL,8708,Motor Vehicle Parts,False,19.405967,53.743556,2026,4,21.3,59.1
2026-04-01,BRITISH VIRGIN ISLANDS,8708,Motor Vehicle Parts,False,0.0,0.117024,2026,4,0.0,0.1
2026-04-01,BRUNEI,8708,Motor Vehicle Parts,False,0.0,0.01859,2026,4,0.0,0.0
2026-04-01,BULGARIA,8708,Motor Vehicle Parts,False,1.961713,7.089255,2026,4,2.2,7.8
2026-04-01,BURKINA FASO,8708,Motor Vehicle Parts,False,0.0,0.132515,2026,4,0.0,0.1
2026-04-01,BURMA,8708,Motor Vehicle Parts,False,0.050997,0.0,2026,4,0.1,0.0
2026-04-01,CABO VERDE,8708,Motor Vehicle Parts,False,0.0,0.179945,2026,4,0.0,0.2
2026-04-01,CACM,8708,Motor Vehicle Parts,False,3.521811,28.003274,2026,4,3.9,30.8
2026-04-01,CAFTA-DR,8708,Motor Vehicle Parts,False,7.501052,37.612495,2026,4,8.3,41.4
2026-04-01,CAMBODIA,8708,Motor Vehicle Parts,False,2.291314,1.371,2026,4,2.5,1.5
2026-04-01,CAMEROON,8708,Motor Vehicle Parts,False,0.0,0.402845,2026,4,0.0,0.4
2026-04-01,CANADA,8708,Motor Vehicle Parts,False,954.998997,1459.153295,2026,4,1050.5,1605.1
2026-04-01,CAYMAN ISLANDS,8708,Motor Vehicle Parts,False,0.0,0.09019,2026,4,0.0,0.1
2026-04-01,CENTRAL AFRICAN REPUBLIC,8708,Motor Vehicle Parts,False,0.0,0.0,2026,4,0.0,0.0
2026-04-01,CENTRAL AMERICA,8708,Motor Vehicle Parts,False,7.540271,45.54479,2026,4,8.3,50.1
2026-04-01,CHAD,8708,Motor Vehicle Parts,False,0.0,0.0312,2026,4,0.0,0.0
2026-04-01,CHILE,8708,Motor Vehicle Parts,False,0.279608,32.147714,2026,4,0.3,35.4
2026-04-01,CHINA,8708,Motor Vehicle Parts,False,518.611623,50.466194,2026,4,570.5,55.5
2026-04-01,COLOMBIA,8708,Motor Vehicle Parts,False,1.339834,9.260755,2026,4,1.5,10.2
2026-04-01,CONGO,8708,Motor Vehicle Parts,False,0.0,0.20279,2026,4,0.0,0.2
2026-04-01,COOK ISLANDS,8708,Motor Vehicle Parts,False,0.0,0.0,2026,4,0.0,0.0
2026-04-01,COSTA RICA,8708,Motor Vehicle Parts,False,0.834938,3.999508,2026,4,0.9,4.4
2026-04-01,COTE D'IVOIRE,8708,Motor Vehicle Parts,False,0.0,0.430915,2026,4,0.0,0.5
2026-04-01,CROATIA,8708,Motor Vehicle Parts,False,0.404102,0.21836,2026,4,0.4,0.2
2026-04-01,CUBA,8708,Motor Vehicle Parts,False,0.0,0.00724,2026,4,0.0,0.0
2026-04-01,CURACAO,8708,Motor Vehicle Parts,False,0.0,0.277197,2026,4,0.0,0.3
2026-04-01,CYPRUS,8708,Motor Vehicle Parts,False,0.0,0.044921,2026,4,0.0,0.0
2026-04-01,CZECH REPUBLIC,8708,Motor Vehicle Parts,False,28.406587,1.703285,2026,4,31.2,1.9
2026-04-01,DEMOCRATIC REPUBLIC OF THE CONGO,8708,Motor Vehicle Parts,False,0.0,0.1696,2026,4,0.0,0.2
2026-04-01,DENMARK,8708,Motor Vehicle Parts,False,1.143208,0.11698,2026,4,1.3,0.1
2026-04-01,DJIBOUTI,8708,Motor Vehicle Parts,False,0.0,0.0,2026,4,0.0,0.0
2026-04-01,DOMINICA,8708,Motor Vehicle Parts,False,0.0,0.023971,2026,4,0.0,0.0
2026-04-01,DOMINICAN REPUBLIC,8708,Motor Vehicle Parts,False,3.979241,9.609221,2026,4,4.4,10.6
2026-04-01,ECUADOR,8708,Motor Vehicle Parts,False,0.0,4.230438,2026,4,0.0,4.7
2026-04-01,EGYPT,8708,Motor Vehicle Parts,False,0.012551,2.560021,2026,4,0.0,2.8
2026-04-01,EL SALVADOR,8708,Motor Vehicle Parts,False,0.0,3.166892,2026,4,0.0,3.5
2026-04-01,EQUATORIAL GUINEA,8708,Motor Vehicle Parts,False,0.0,0.0,2026,4,0.0,0.0
2026-04-01,ESTONIA,8708,Motor Vehicle Parts,False,0.409804,0.085171,2026,4,0.5,0.1
2026-04-01,ETHIOPIA,8708,Motor Vehicle Parts,False,0.0,0.033268,2026,4,0.0,0.0
2026-04-01,EURO AREA,8708,Motor Vehicle Parts,False,568.860968,153.304465,2026,4,625.7,168.6
2026-04-01,EUROPE,8708,Motor Vehicle Parts,False,800.625755,289.884982,2026,4,880.7,318.9
2026-04-01,EUROPEAN UNION,8708,Motor Vehicle Parts,False,701.338538,196.167893,2026,4,771.5,215.8
2026-04-01,FIJI,8708,Motor Vehicle Parts,False,0.0,0.01109,2026,4,0.0,0.0
2026-04-01,FINLAND,8708,Motor Vehicle Parts,False,0.804413,0.487387,2026,4,0.9,0.5
2026-04-01,FRANCE,8708,Motor Vehicle Parts,False,25.399189,5.047403,2026,4,27.9,5.6
2026-04-01,FRENCH GUIANA,8708,Motor Vehicle Parts,False,0.0,0.016817,2026,4,0.0,0.0
2026-04-01,FRENCH POLYNESIA,8708,Motor Vehicle Parts,False,0.0,0.054932,2026,4,0.0,0.1
2026-04-01,GABON,8708,Motor Vehicle Parts,False,0.0,0.074046,2026,4,0.0,0.1
2026-04-01,GAMBIA,8708,Motor Vehicle Parts,False,0.0,0.167146,2026,4,0.0,0.2
2026-04-01,GEORGIA,8708,Motor Vehicle Parts,False,0.185218,11.414512,2026,4,0.2,12.6
2026-04-01,GERMANY,8708,Motor Vehicle Parts,False,426.463219,65.744122,2026,4,469.1,72.3
2026-04-01,GHANA,8708,Motor Vehicle Parts,False,0.021999,3.738988,2026,4,0.0,4.1
2026-04-01,GIBRALTAR,8708,Motor Vehicle Parts,False,0.0,0.0,2026,4,0.0,0.0
2026-04-01,GREECE,8708,Motor Vehicle Parts,False,0.013508,0.170508,2026,4,0.0,0.2
2026-04-01,GREENLAND,8708,Motor Vehicle Parts,False,0.0,0.026959,2026,4,0.0,0.0
2026-04-01,GRENADA,8708,Motor Vehicle Parts,False,0.0,0.03652,2026,4,0.0,0.0
2026-04-01,GUADELOUPE,8708,Motor Vehicle Parts,False,0.0,0.014911,2026,4,0.0,0.0
2026-04-01,GUATEMALA,8708,Motor Vehicle Parts,False,0.0,11.708149,2026,4,0.0,12.9
2026-04-01,GUINEA,8708,Motor Vehicle Parts,False,0.0,0.501367,2026,4,0.0,0.6
2026-04-01,GUYANA,8708,Motor Vehicle Parts,False,0.024651,0.651802,2026,4,0.0,0.7
2026-04-01,HAITI,8708,Motor Vehicle Parts,False,0.0,0.668051,2026,4,0.0,0.7
2026-04-01,HONDURAS,8708,Motor Vehicle Parts,False,2.686873,7.869173,2026,4,3.0,8.7
2026-04-01,HONG KONG,8708,Motor Vehicle Parts,False,0.035005,2.89093,2026,4,0.0,3.2
2026-04-01,HUNGARY,8708,Motor Vehicle Parts,False,20.19672,21.908443,2026,4,22.2,24.1
2026-04-01,ICELAND,8708,Motor Vehicle Parts,False,0.0,0.108836,2026,4,0.0,0.1
2026-04-01,INDIA,8708,Motor Vehicle Parts,False,146.286114,32.074518,2026,4,160.9,35.3
2026-04-01,INDONESIA,8708,Motor Vehicle Parts,False,18.490248,0.612322,2026,4,20.3,0.7
2026-04-01,IRAQ,8708,Motor Vehicle Parts,False,0.0,0.072509,2026,4,0.0,0.1
2026-04-01,IRELAND,8708,Motor Vehicle Parts,False,0.59094,0.070689,2026,4,0.7,0.1
2026-04-01,ISRAEL,8708,Motor Vehicle Parts,False,1.798895,8.705752,2026,4,2.0,9.6
2026-04-01,ITALY,8708,Motor Vehicle Parts,False,59.717759,8.387237,2026,4,65.7,9.2
2026-04-01,JAMAICA,8708,Motor Vehicle Parts,False,0.0,0.697562,2026,4,0.0,0.8
2026-04-01,JAPAN,8708,Motor Vehicle Parts,False,618.041184,33.831279,2026,4,679.8,37.2
2026-04-01,JORDAN,8708,Motor Vehicle Parts,False,1.154597,1.565942,2026,4,1.3,1.7
2026-04-01,KAZAKHSTAN,8708,Motor Vehicle Parts,False,0.073059,0.874453,2026,4,0.1,1.0
2026-04-01,KENYA,8708,Motor Vehicle Parts,False,0.0,0.033374,2026,4,0.0,0.0
2026-04-01,KOSOVO,8708,Motor Vehicle Parts,False,0.0,0.0,2026,4,0.0,0.0
2026-04-01,KUWAIT,8708,Motor Vehicle Parts,False,0.0,0.534217,2026,4,0.0,0.6
2026-04-01,KYRGYZSTAN,8708,Motor Vehicle Parts,False,0.0,2.244162,2026,4,0.0,2.5
2026-04-01,LAFTA,8708,Motor Vehicle Parts,False,3065.315703,1643.883973,2026,4,3371.8,1808.3
2026-04-01,LAOS,8708,Motor Vehicle Parts,False,0.0,0.0,2026,4,0.0,0.0
2026-04-01,LATVIA,8708,Motor Vehicle Parts,False,0.549257,0.027825,2026,4,0.6,0.0
2026-04-01,LEBANON,8708,Motor Vehicle Parts,False,0.0,0.800654,2026,4,0.0,0.9
2026-04-01,LIBERIA,8708,Motor Vehicle Parts,False,0.0,0.359323,2026,4,0.0,0.4
2026-04-01,LIBYA,8708,Motor Vehicle Parts,False,0.0,1.990288,2026,4,0.0,2.2
2026-04-01,LIECHTENSTEIN,8708,Motor Vehicle Parts,False,1.188581,0.038529,2026,4,1.3,0.0
2026-04-01,LITHUANIA,8708,Motor Vehicle Parts,False,0.04608,11.707273,2026,4,0.1,12.9
2026-04-01,LUXEMBOURG,8708,Motor Vehicle Parts,False,0.523103,0.006462,2026,4,0.6,0.0
2026-04-01,MACAU,8708,Motor Vehicle Parts,False,0.0,0.0,2026,4,0.0,0.0
2026-04-01,MACEDONIA,8708,Motor Vehicle Parts,False,1.349154,0.02097,2026,4,1.5,0.0
2026-04-01,MADAGASCAR,8708,Motor Vehicle Parts,False,0.0,0.0,2026,4,0.0,0.0
2026-04-01,MALAWI,8708,Motor Vehicle Parts,False,0.0,0.0,2026,4,0.0,0.0
2026-04-01,MALAYSIA,8708,Motor Vehicle Parts,False,22.756911,3.563922,2026,4,25.0,3.9
2026-04-01,MALDIVES,8708,Motor Vehicle Parts,False,0.0,0.003157,2026,4,0.0,0.0
2026-04-01,MALI,8708,Motor Vehicle Parts,False,0.045442,0.027701,2026,4,0.0,0.0
2026-04-01,MALTA,8708,Motor Vehicle Parts,False,0.02187,0.006053,2026,4,0.0,0.0
2026-04-01,MARSHALL ISLANDS,8708,Motor Vehicle Parts,False,0.0,0.0,2026,4,0.0,0.0
2026-04-01,MARTINIQUE,8708,Motor Vehicle Parts,False,0.0,0.012322,2026,4,0.0,0.0
2026-04-01,MAURITANIA,8708,Motor Vehicle Parts,False,0.0,0.281615,2026,4,0.0,0.3
2026-04-01,MAURITIUS,8708,Motor Vehicle Parts,False,0.0,0.0,2026,4,0.0,0.0
2026-04-01,MAYOTTE,8708,Motor Vehicle Parts,False,0.0,0.0,2026,4,0.0,0.0
2026-04-01,MEXICO,8708,Motor Vehicle Parts,False,3042.583895,1504.858765,2026,4,3346.8,1655.3
2026-04-01,MICRONESIA,8708,Motor Vehicle Parts,False,0.0,0.036008,2026,4,0.0,0.0
2026-04-01,MOLDOVA,8708,Motor Vehicle Parts,False,0.006996,0.146914,2026,4,0.0,0.2
2026-04-01,MONACO,8708,Motor Vehicle Parts,False,0.0,0.040036,2026,4,0.0,0.0
2026-04-01,MONGOLIA,8708,Motor Vehicle Parts,False,0.006451,0.494159,2026,4,0.0,0.5
2026-04-01,MONTENEGRO,8708,Motor Vehicle Parts,False,0.0,0.141879,2026,4,0.0,0.2
2026-04-01,MONTSERRAT,8708,Motor Vehicle Parts,False,0.0,0.019351,2026,4,0.0,0.0
2026-04-01,MOROCCO,8708,Motor Vehicle Parts,False,28.18276,2.044132,2026,4,31.0,2.2
2026-04-01,MOZAMBIQUE,8708,Motor Vehicle Parts,False,0.101476,0.0048,2026,4,0.1,0.0
2026-04-01,NAMIBIA,8708,Motor Vehicle Parts,False,0.038776,0.0,2026,4,0.0,0.0
2026-04-01,NATO,8708,Motor Vehicle Parts,False,1729.838819,1718.24294,2026,4,1902.8,1890.1
2026-04-01,NEPAL,8708,Motor Vehicle Parts,False,0.0,0.0,2026,4,0.0,0.0
2026-04-01,NETHERLANDS,8708,Motor Vehicle Parts,False,4.247511,14.98906,2026,4,4.7,16.5
2026-04-01,NEW CALEDONIA,8708,Motor Vehicle Parts,False,0.0,0.014082,2026,4,0.0,0.0
2026-04-01,NEW ZEALAND,8708,Motor Vehicle Parts,False,0.811464,0.985577,2026,4,0.9,1.1
2026-04-01,NICARAGUA,8708,Motor Vehicle Parts,False,0.0,1.259552,2026,4,0.0,1.4
2026-04-01,NIGER,8708,Motor Vehicle Parts,False,0.0,1.08657,2026,4,0.0,1.2
2026-04-01,NIGERIA,8708,Motor Vehicle Parts,False,0.0,26.037742,2026,4,0.0,28.6
2026-04-01,NORTH AMERICA,8708,Motor Vehicle Parts,False,3997.582892,2964.039019,2026,4,4397.3,3260.4
2026-04-01,NORWAY,8708,Motor Vehicle Parts,False,0.457415,0.640876,2026,4,0.5,0.7
2026-04-01,OECD,8708,Motor Vehicle Parts,False,5916.429944,3380.261456,2026,4,6508.1,3718.3
2026-04-01,OMAN,8708,Motor Vehicle Parts,False,0.02578,0.54117,2026,4,0.0,0.6
2026-04-01,PACIFIC RIM COUNTRIES,8708,Motor Vehicle Parts,False,1855.931695,172.44908,2026,4,2041.5,189.7
2026-04-01,PAKISTAN,8708,Motor Vehicle Parts,False,0.583406,0.25871,2026,4,0.6,0.3
2026-04-01,PALAU,8708,Motor Vehicle Parts,False,0.0,0.006249,2026,4,0.0,0.0
2026-04-01,PANAMA,8708,Motor Vehicle Parts,False,0.0,2.337029,2026,4,0.0,2.6
2026-04-01,PAPUA NEW GUINEA,8708,Motor Vehicle Parts,False,0.016449,0.00659,2026,4,0.0,0.0
2026-04-01,PARAGUAY,8708,Motor Vehicle Parts,False,0.0,0.684542,2026,4,0.0,0.8
2026-04-01,PERU,8708,Motor Vehicle Parts,False,0.632653,14.826198,2026,4,0.7,16.3
2026-04-01,PHILIPPINES,8708,Motor Vehicle Parts,False,3.376838,1.033588,2026,4,3.7,1.1
2026-04-01,POLAND,8708,Motor Vehicle Parts,False,48.693375,14.446059,2026,4,53.6,15.9
2026-04-01,PORTUGAL,8708,Motor Vehicle Parts,False,0.642232,0.285873,2026,4,0.7,0.3
2026-04-01,QATAR,8708,Motor Vehicle Parts,False,0.0,0.085311,2026,4,0.0,0.1
2026-04-01,REUNION,8708,Motor Vehicle Parts,False,0.0,0.00285,2026,4,0.0,0.0
2026-04-01,ROMANIA,8708,Motor Vehicle Parts,False,23.265963,0.934392,2026,4,25.6,1.0
2026-04-01,RUSSIA,8708,Motor Vehicle Parts,False,0.0,0.0,2026,4,0.0,0.0
2026-04-01,RWANDA,8708,Motor Vehicle Parts,False,0.0,0.0,2026,4,0.0,0.0
2026-04-01,SAMOA,8708,Motor Vehicle Parts,False,0.0,0.028409,2026,4,0.0,0.0
2026-04-01,SAUDI ARABIA,8708,Motor Vehicle Parts,False,0.049469,3.427293,2026,4,0.1,3.8
2026-04-01,SENEGAL,8708,Motor Vehicle Parts,False,0.087998,1.330919,2026,4,0.1,1.5
2026-04-01,SERBIA,8708,Motor Vehicle Parts,False,8.780846,0.0608,2026,4,9.7,0.1
2026-04-01,SEYCHELLES,8708,Motor Vehicle Parts,False,0.0,0.0,2026,4,0.0,0.0
2026-04-01,SIERRA LEONE,8708,Motor Vehicle Parts,False,0.020788,0.531908,2026,4,0.0,0.6
2026-04-01,SINGAPORE,8708,Motor Vehicle Parts,False,1.603952,4.748535,2026,4,1.8,5.2
2026-04-01,SINT MAARTEN,8708,Motor Vehicle Parts,False,0.0,0.314052,2026,4,0.0,0.3
2026-04-01,SLOVAKIA,8708,Motor Vehicle Parts,False,11.0889,0.746605,2026,4,12.2,0.8
2026-04-01,SLOVENIA,8708,Motor Vehicle Parts,False,2.509166,0.044071,2026,4,2.8,0.0
2026-04-01,SOMALIA,8708,Motor Vehicle Parts,False,0.0,0.002631,2026,4,0.0,0.0
2026-04-01,SOUTH AFRICA,8708,Motor Vehicle Parts,False,4.856108,35.582313,2026,4,5.3,39.1
2026-04-01,SOUTH AMERICA,8708,Motor Vehicle Parts,False,22.756459,140.53932,2026,4,25.0,154.6
2026-04-01,SPAIN,8708,Motor Vehicle Parts,False,18.499125,22.687275,2026,4,20.3,25.0
2026-04-01,SRI LANKA,8708,Motor Vehicle Parts,False,0.31811,0.0,2026,4,0.3,0.0
2026-04-01,ST KITTS AND NEVIS,8708,Motor Vehicle Parts,False,0.039219,0.038366,2026,4,0.0,0.0
2026-04-01,ST LUCIA,8708,Motor Vehicle Parts,False,0.0,0.118005,2026,4,0.0,0.1
2026-04-01,ST VINCENT AND THE GRENADINES,8708,Motor Vehicle Parts,False,0.0,0.054939,2026,4,0.0,0.1
2026-04-01,SURINAME,8708,Motor Vehicle Parts,False,0.0,0.845493,2026,4,0.0,0.9
2026-04-01,SWEDEN,8708,Motor Vehicle Parts,False,10.771717,3.754269,2026,4,11.8,4.1
2026-04-01,SWITZERLAND,8708,Motor Vehicle Parts,False,2.553622,0.474013,2026,4,2.8,0.5
2026-04-01,South Korea,8708,Motor Vehicle Parts,False,529.066344,15.050652,2026,4,582.0,16.6
2026-04-01,TAIWAN,8708,Motor Vehicle Parts,False,138.910475,1.204708,2026,4,152.8,1.3
2026-04-01,TAJIKISTAN,8708,Motor Vehicle Parts,False,0.0,0.025195,2026,4,0.0,0.0
2026-04-01,TANZANIA,8708,Motor Vehicle Parts,False,0.0,0.044448,2026,4,0.0,0.0
2026-04-01,THAILAND,8708,Motor Vehicle Parts,False,154.903417,47.035287,2026,4,170.4,51.7
2026-04-01,TOGO,8708,Motor Vehicle Parts,False,0.0,2.706075,2026,4,0.0,3.0
2026-04-01,TOTAL FOR ALL COUNTRIES,8708,Motor Vehicle Parts,False,7100.175643,3815.488834,2026,4,7810.2,4197.0
2026-04-01,TRINIDAD AND TOBAGO,8708,Motor Vehicle Parts,False,0.0,0.352117,2026,4,0.0,0.4
2026-04-01,TUNISIA,8708,Motor Vehicle Parts,False,0.978719,0.262302,2026,4,1.1,0.3
2026-04-01,TURKEY,8708,Motor Vehicle Parts,False,55.935885,48.128659,2026,4,61.5,52.9
2026-04-01,TURKMENISTAN,8708,Motor Vehicle Parts,False,0.0,0.185207,2026,4,0.0,0.2
2026-04-01,TURKS AND CAICOS ISLANDS,8708,Motor Vehicle Parts,False,0.0,0.145272,2026,4,0.0,0.2
2026-04-01,TWENTY LATIN AMERICAN REPUBLICS,8708,Motor Vehicle Parts,False,3072.816755,1684.508788,2026,4,3380.1,1853.0
2026-04-01,UGANDA,8708,Motor Vehicle Parts,False,0.0,0.074615,2026,4,0.0,0.1
2026-04-01,UKRAINE,8708,Motor Vehicle Parts,False,0.055148,7.919112,2026,4,0.1,8.7
2026-04-01,UNITED ARAB EMIRATES,8708,Motor Vehicle Parts,False,2.510698,9.94405,2026,4,2.8,10.9
2026-04-01,UNITED KINGDOM,8708,Motor Vehicle Parts,False,27.831771,17.00467,2026,4,30.6,18.7
2026-04-01,URUGUAY,8708,Motor Vehicle Parts,False,0.00339,0.481398,2026,4,0.0,0.5
2026-04-01,USMCA (NAFTA),8708,Motor Vehicle Parts,False,3997.582892,2964.01206,2026,4,4397.3,3260.4
2026-04-01,UZBEKISTAN,8708,Motor Vehicle Parts,False,0.059121,0.339295,2026,4,0.1,0.4
2026-04-01,VENEZUELA,8708,Motor Vehicle Parts,False,0.0,4.797556,2026,4,0.0,5.3
2026-04-01,VIETNAM,8708,Motor Vehicle Parts,False,71.368921,4.51523,2026,4,78.5,5.0
2026-04-01,WALLIS AND FUTUNA,8708,Motor Vehicle Parts,False,0.0,0.0,2026,4,0.0,0.0
2026-04-01,YEMEN,8708,Motor Vehicle Parts,False,0.0,0.0,2026,4,0.0,0.0
2026-04-01,ZAMBIA,8708,Motor Vehicle Parts,False,0.022652,0.057982,2026,4,0.0,0.1
2026-04-01,ZIMBABWE,8708,Motor Vehicle Parts,False,0.0,0.003961,2026,4,0.0,0.0
2026-05-01,AFRICA,2709,Crude Petroleum Oils,True,544.907538,0.0,2026,5,599.4,0.0
2026-05-01,ALGERIA,2709,Crude Petroleum Oils,True,52.957922,0.0,2026,5,58.3,0.0
2026-05-01,ANGOLA,2709,Crude Petroleum Oils,True,0.0,0.0,2026,5,0.0,0.0
2026-05-01,APEC,2709,Crude Petroleum Oils,True,10089.217684,10089.565999,2026,5,11098.1,11098.5
2026-05-01,ARGENTINA,2709,Crude Petroleum Oils,True,241.700461,0.0,2026,5,265.9,0.0
2026-05-01,ASEAN,2709,Crude Petroleum Oils,True,0.0,1928.933999,2026,5,0.0,2121.8
2026-05-01,ASIA,2709,Crude Petroleum Oils,True,600.248133,9285.201751,2026,5,660.3,10213.7
2026-05-01,AUSTRALIA,2709,Crude Petroleum Oils,True,0.0,92.584776,2026,5,0.0,101.8
2026-05-01,AUSTRALIA AND OCEANIA,2709,Crude Petroleum Oils,True,0.0,92.584776,2026,5,0.0,101.8
2026-05-01,BRAZIL,2709,Crude Petroleum Oils,True,400.853617,29.85375,2026,5,440.9,32.8
2026-05-01,CACM,2709,Crude Petroleum Oils,True,3.559556,19.933721,2026,5,3.9,21.9
2026-05-01,CAFTA-DR,2709,Crude Petroleum Oils,True,3.559556,127.375587,2026,5,3.9,140.1
2026-05-01,CAMEROON,2709,Crude Petroleum Oils,True,20.386289,0.0,2026,5,22.4,0.0
2026-05-01,CANADA,2709,Crude Petroleum Oils,True,9327.694293,1018.212613,2026,5,10260.5,1120.0
2026-05-01,CENTRAL AMERICA,2709,Crude Petroleum Oils,True,112.719177,213.67137,2026,5,124.0,235.0
2026-05-01,CHINA,2709,Crude Petroleum Oils,True,0.0,0.0,2026,5,0.0,0.0
2026-05-01,COLOMBIA,2709,Crude Petroleum Oils,True,496.269029,230.145742,2026,5,545.9,253.2
2026-05-01,COSTA RICA,2709,Crude Petroleum Oils,True,0.0,0.007606,2026,5,0.0,0.0
2026-05-01,COTE D'IVOIRE,2709,Crude Petroleum Oils,True,0.0,0.0,2026,5,0.0,0.0
2026-05-01,CROATIA,2709,Crude Petroleum Oils,True,0.0,185.50378,2026,5,0.0,204.1
2026-05-01,DEMOCRATIC REPUBLIC OF THE CONGO,2709,Crude Petroleum Oils,True,0.0,0.0,2026,5,0.0,0.0
2026-05-01,DENMARK,2709,Crude Petroleum Oils,True,0.0,0.0,2026,5,0.0,0.0
2026-05-01,DOMINICAN REPUBLIC,2709,Crude Petroleum Oils,True,0.0,107.441866,2026,5,0.0,118.2
2026-05-01,ECUADOR,2709,Crude Petroleum Oils,True,460.823769,0.0,2026,5,506.9,0.0
2026-05-01,EURO AREA,2709,Crude Petroleum Oils,True,0.0,6973.12662,2026,5,0.0,7670.4
2026-05-01,EUROPE,2709,Crude Petroleum Oils,True,128.98185,8169.304954,2026,5,141.9,8986.2
2026-05-01,EUROPEAN UNION,2709,Crude Petroleum Oils,True,0.0,7233.845794,2026,5,0.0,7957.2
2026-05-01,FINLAND,2709,Crude Petroleum Oils,True,0.0,21.49,2026,5,0.0,23.6
2026-05-01,FRANCE,2709,Crude Petroleum Oils,True,0.0,350.981346,2026,5,0.0,386.1
2026-05-01,GABON,2709,Crude Petroleum Oils,True,0.0,0.0,2026,5,0.0,0.0
2026-05-01,GERMANY,2709,Crude Petroleum Oils,True,0.0,635.068169,2026,5,0.0,698.6
2026-05-01,GHANA,2709,Crude Petroleum Oils,True,86.113075,0.0,2026,5,94.7,0.0
2026-05-01,GREECE,2709,Crude Petroleum Oils,True,0.0,112.223596,2026,5,0.0,123.4
2026-05-01,GUATEMALA,2709,Crude Petroleum Oils,True,3.559556,0.0,2026,5,3.9,0.0
2026-05-01,GUYANA,2709,Crude Petroleum Oils,True,783.753255,0.0,2026,5,862.1,0.0
2026-05-01,INDIA,2709,Crude Petroleum Oils,True,0.0,418.425129,2026,5,0.0,460.3
2026-05-01,IRAQ,2709,Crude Petroleum Oils,True,185.855423,0.0,2026,5,204.4,0.0
2026-05-01,IRELAND,2709,Crude Petroleum Oils,True,0.0,212.457711,2026,5,0.0,233.7
2026-05-01,ISRAEL,2709,Crude Petroleum Oils,True,0.0,0.0,2026,5,0.0,0.0
2026-05-01,ITALY,2709,Crude Petroleum Oils,True,0.0,924.542543,2026,5,0.0,1017.0
2026-05-01,JAPAN,2709,Crude Petroleum Oils,True,0.0,3781.134841,2026,5,0.0,4159.2
2026-05-01,KUWAIT,2709,Crude Petroleum Oils,True,17.196268,0.0,2026,5,18.9,0.0
2026-05-01,LAFTA,2709,Crude Petroleum Oils,True,3657.994402,371.99148,2026,5,4023.8,409.2
2026-05-01,LIBERIA,2709,Crude Petroleum Oils,True,0.0,0.0,2026,5,0.0,0.0
2026-05-01,LIBYA,2709,Crude Petroleum Oils,True,77.291318,0.0,2026,5,85.0,0.0
2026-05-01,MALAYSIA,2709,Crude Petroleum Oils,True,0.0,333.722251,2026,5,0.0,367.1
2026-05-01,MEXICO,2709,Crude Petroleum Oils,True,761.523391,0.041481,2026,5,837.7,0.0
2026-05-01,NATO,2709,Crude Petroleum Oils,True,9456.676143,8975.059856,2026,5,10402.3,9872.6
2026-05-01,NETHERLANDS,2709,Crude Petroleum Oils,True,0.0,3879.287628,2026,5,0.0,4267.2
2026-05-01,NICARAGUA,2709,Crude Petroleum Oils,True,0.0,19.926115,2026,5,0.0,21.9
2026-05-01,NIGERIA,2709,Crude Petroleum Oils,True,308.158934,0.0,2026,5,339.0,0.0
2026-05-01,NORTH AMERICA,2709,Crude Petroleum Oils,True,10089.217684,1018.254094,2026,5,11098.1,1120.1
2026-05-01,NORWAY,2709,Crude Petroleum Oils,True,0.01174,72.603412,2026,5,0.0,79.9
2026-05-01,OECD,2709,Crude Petroleum Oils,True,10714.468563,16000.934595,2026,5,11785.9,17601.0
2026-05-01,PACIFIC RIM COUNTRIES,2709,Crude Petroleum Oils,True,0.0,8332.018291,2026,5,0.0,9165.2
2026-05-01,PAKISTAN,2709,Crude Petroleum Oils,True,0.0,0.0,2026,5,0.0,0.0
2026-05-01,PANAMA,2709,Crude Petroleum Oils,True,0.0,86.295783,2026,5,0.0,94.9
2026-05-01,PERU,2709,Crude Petroleum Oils,True,0.0,111.950507,2026,5,0.0,123.1
2026-05-01,POLAND,2709,Crude Petroleum Oils,True,0.0,66.234988,2026,5,0.0,72.9
2026-05-01,PORTUGAL,2709,Crude Petroleum Oils,True,0.0,84.28147,2026,5,0.0,92.7
2026-05-01,SAUDI ARABIA,2709,Crude Petroleum Oils,True,397.196442,0.0,2026,5,436.9,0.0
2026-05-01,SINGAPORE,2709,Crude Petroleum Oils,True,0.0,967.868641,2026,5,0.0,1064.7
2026-05-01,SOUTH AMERICA,2709,Crude Petroleum Oils,True,3680.224266,371.949999,2026,5,4048.2,409.1
2026-05-01,SPAIN,2709,Crude Petroleum Oils,True,0.0,567.290377,2026,5,0.0,624.0
2026-05-01,SRI LANKA,2709,Crude Petroleum Oils,True,0.0,0.0,2026,5,0.0,0.0
2026-05-01,SWEDEN,2709,Crude Petroleum Oils,True,0.0,194.484186,2026,5,0.0,213.9
2026-05-01,SWITZERLAND,2709,Crude Petroleum Oils,True,0.0,0.0,2026,5,0.0,0.0
2026-05-01,South Korea,2709,Crude Petroleum Oils,True,0.0,2895.006362,2026,5,0.0,3184.5
2026-05-01,TAIWAN,2709,Crude Petroleum Oils,True,0.0,261.70142,2026,5,0.0,287.9
2026-05-01,THAILAND,2709,Crude Petroleum Oils,True,0.0,627.343107,2026,5,0.0,690.1
2026-05-01,TOTAL FOR ALL COUNTRIES,2709,Crude Petroleum Oils,True,15156.298648,19150.966944,2026,5,16671.9,21066.1
2026-05-01,TRINIDAD AND TOBAGO,2709,Crude Petroleum Oils,True,109.159621,0.0,2026,5,120.1,0.0
2026-05-01,TURKEY,2709,Crude Petroleum Oils,True,0.0,338.097286,2026,5,0.0,371.9
2026-05-01,TWENTY LATIN AMERICAN REPUBLICS,2709,Crude Petroleum Oils,True,3661.553958,585.66285,2026,5,4027.7,644.2
2026-05-01,UNITED KINGDOM,2709,Crude Petroleum Oils,True,128.97011,524.758462,2026,5,141.9,577.2
2026-05-01,URUGUAY,2709,Crude Petroleum Oils,True,0.0,0.0,2026,5,0.0,0.0
2026-05-01,USMCA (NAFTA),2709,Crude Petroleum Oils,True,10089.217684,1018.254094,2026,5,11098.1,1120.1
2026-05-01,VENEZUELA,2709,Crude Petroleum Oils,True,1296.824135,0.0,2026,5,1426.5,0.0
2026-05-01,VIETNAM,2709,Crude Petroleum Oils,True,0.0,0.0,2026,5,0.0,0.0
2026-05-01,AFRICA,2711,Petroleum Gases,True,0.177574,541.995946,2026,5,0.2,596.2
2026-05-01,ALBANIA,2711,Petroleum Gases,True,0.0,0.0,2026,5,0.0,0.0
2026-05-01,ALGERIA,2711,Petroleum Gases,True,0.0,0.0,2026,5,0.0,0.0
2026-05-01,ANGOLA,2711,Petroleum Gases,True,0.0,0.0,2026,5,0.0,0.0
2026-05-01,ANGUILLA,2711,Petroleum Gases,True,0.0,0.039982,2026,5,0.0,0.0
2026-05-01,ANTIGUA AND BARBUDA,2711,Petroleum Gases,True,0.0,0.017279,2026,5,0.0,0.0
2026-05-01,APEC,2711,Petroleum Gases,True,619.832058,3762.587192,2026,5,681.8,4138.8
2026-05-01,ARGENTINA,2711,Petroleum Gases,True,0.0,31.701846,2026,5,0.0,34.9
2026-05-01,ARUBA,2711,Petroleum Gases,True,0.0,0.417971,2026,5,0.0,0.5
2026-05-01,ASEAN,2711,Petroleum Gases,True,0.0,483.717852,2026,5,0.0,532.1
2026-05-01,ASIA,2711,Petroleum Gases,True,2.63938,3484.86536,2026,5,2.9,3833.4
2026-05-01,AUSTRALIA,2711,Petroleum Gases,True,0.003504,21.14926,2026,5,0.0,23.3
2026-05-01,AUSTRALIA AND OCEANIA,2711,Petroleum Gases,True,0.003504,21.160636,2026,5,0.0,23.3
2026-05-01,AUSTRIA,2711,Petroleum Gases,True,0.0,0.0,2026,5,0.0,0.0
2026-05-01,BAHAMAS,2711,Petroleum Gases,True,0.0,3.295191,2026,5,0.0,3.6
2026-05-01,BANGLADESH,2711,Petroleum Gases,True,0.0,60.484341,2026,5,0.0,66.5
2026-05-01,BARBADOS,2711,Petroleum Gases,True,0.0,0.750447,2026,5,0.0,0.8
2026-05-01,BELGIUM,2711,Petroleum Gases,True,0.0,91.290382,2026,5,0.0,100.4
2026-05-01,BELIZE,2711,Petroleum Gases,True,0.0,1.048991,2026,5,0.0,1.2
2026-05-01,BERMUDA,2711,Petroleum Gases,True,0.0,0.0,2026,5,0.0,0.0
2026-05-01,BOLIVIA,2711,Petroleum Gases,True,0.0,0.0,2026,5,0.0,0.0
2026-05-01,BRAZIL,2711,Petroleum Gases,True,0.0,42.534248,2026,5,0.0,46.8
2026-05-01,BRITISH VIRGIN ISLANDS,2711,Petroleum Gases,True,0.0,0.018273,2026,5,0.0,0.0
2026-05-01,CACM,2711,Petroleum Gases,True,0.0,66.871127,2026,5,0.0,73.6
2026-05-01,CAFTA-DR,2711,Petroleum Gases,True,0.0,170.725682,2026,5,0.0,187.8
2026-05-01,CAMEROON,2711,Petroleum Gases,True,0.0,0.0,2026,5,0.0,0.0
2026-05-01,CANADA,2711,Petroleum Gases,True,583.511454,174.143556,2026,5,641.9,191.6
2026-05-01,CAYMAN ISLANDS,2711,Petroleum Gases,True,0.0,0.737537,2026,5,0.0,0.8
2026-05-01,CENTRAL AMERICA,2711,Petroleum Gases,True,0.0,230.841017,2026,5,0.0,253.9
2026-05-01,CHAD,2711,Petroleum Gases,True,0.0,0.0,2026,5,0.0,0.0
2026-05-01,CHILE,2711,Petroleum Gases,True,0.0,100.50198,2026,5,0.0,110.6
2026-05-01,CHINA,2711,Petroleum Gases,True,0.354363,418.022607,2026,5,0.4,459.8
2026-05-01,COLOMBIA,2711,Petroleum Gases,True,0.0,62.5384,2026,5,0.0,68.8
2026-05-01,CONGO,2711,Petroleum Gases,True,0.0,0.150024,2026,5,0.0,0.2
2026-05-01,COSTA RICA,2711,Petroleum Gases,True,0.0,16.179409,2026,5,0.0,17.8
2026-05-01,COTE D'IVOIRE,2711,Petroleum Gases,True,0.0,21.989533,2026,5,0.0,24.2
2026-05-01,CROATIA,2711,Petroleum Gases,True,0.0,23.208154,2026,5,0.0,25.5
2026-05-01,CUBA,2711,Petroleum Gases,True,0.0,0.0,2026,5,0.0,0.0
2026-05-01,CURACAO,2711,Petroleum Gases,True,0.0,0.0,2026,5,0.0,0.0
2026-05-01,CZECH REPUBLIC,2711,Petroleum Gases,True,0.0,0.0,2026,5,0.0,0.0
2026-05-01,DOMINICA,2711,Petroleum Gases,True,0.0,0.0046,2026,5,0.0,0.0
2026-05-01,DOMINICAN REPUBLIC,2711,Petroleum Gases,True,0.0,103.854555,2026,5,0.0,114.2
2026-05-01,ECUADOR,2711,Petroleum Gases,True,0.0,68.343803,2026,5,0.0,75.2
2026-05-01,EGYPT,2711,Petroleum Gases,True,0.0,339.781605,2026,5,0.0,373.8
2026-05-01,EL SALVADOR,2711,Petroleum Gases,True,0.0,7.702888,2026,5,0.0,8.5
2026-05-01,EQUATORIAL GUINEA,2711,Petroleum Gases,True,0.177574,0.0,2026,5,0.2,0.0
2026-05-01,EURO AREA,2711,Petroleum Gases,True,0.301928,2011.372677,2026,5,0.3,2212.5
2026-05-01,EUROPE,2711,Petroleum Gases,True,0.405072,2404.49505,2026,5,0.4,2644.9
2026-05-01,EUROPEAN UNION,2711,Petroleum Gases,True,0.301928,2278.349286,2026,5,0.3,2506.2
2026-05-01,FINLAND,2711,Petroleum Gases,True,0.0,11.312666,2026,5,0.0,12.4
2026-05-01,FRANCE,2711,Petroleum Gases,True,0.129099,162.808783,2026,5,0.1,179.1
2026-05-01,FRENCH POLYNESIA,2711,Petroleum Gases,True,0.0,0.011376,2026,5,0.0,0.0
2026-05-01,GABON,2711,Petroleum Gases,True,0.0,0.0,2026,5,0.0,0.0
2026-05-01,GERMANY,2711,Petroleum Gases,True,0.025835,412.765154,2026,5,0.0,454.0
2026-05-01,GHANA,2711,Petroleum Gases,True,0.0,38.531915,2026,5,0.0,42.4
2026-05-01,GIBRALTAR,2711,Petroleum Gases,True,0.0,0.0,2026,5,0.0,0.0
2026-05-01,GREECE,2711,Petroleum Gases,True,0.0,38.666413,2026,5,0.0,42.5
2026-05-01,GUATEMALA,2711,Petroleum Gases,True,0.0,28.644783,2026,5,0.0,31.5
2026-05-01,GUYANA,2711,Petroleum Gases,True,0.0,0.0,2026,5,0.0,0.0
2026-05-01,HAITI,2711,Petroleum Gases,True,0.0,0.18,2026,5,0.0,0.2
2026-05-01,HONDURAS,2711,Petroleum Gases,True,0.0,14.344047,2026,5,0.0,15.8
2026-05-01,HONG KONG,2711,Petroleum Gases,True,0.0,0.0,2026,5,0.0,0.0
2026-05-01,INDIA,2711,Petroleum Gases,True,0.0,574.177034,2026,5,0.0,631.6
2026-05-01,INDONESIA,2711,Petroleum Gases,True,0.0,131.204269,2026,5,0.0,144.3
2026-05-01,IRAQ,2711,Petroleum Gases,True,0.0,0.0,2026,5,0.0,0.0
2026-05-01,IRELAND,2711,Petroleum Gases,True,0.0,0.005686,2026,5,0.0,0.0
2026-05-01,ISRAEL,2711,Petroleum Gases,True,0.0,0.27047,2026,5,0.0,0.3
2026-05-01,ITALY,2711,Petroleum Gases,True,0.136974,397.362699,2026,5,0.2,437.1
2026-05-01,JAMAICA,2711,Petroleum Gases,True,0.0,13.721516,2026,5,0.0,15.1
2026-05-01,JAPAN,2711,Petroleum Gases,True,0.0,944.02567,2026,5,0.0,1038.4
2026-05-01,JORDAN,2711,Petroleum Gases,True,0.0,0.0,2026,5,0.0,0.0
2026-05-01,KENYA,2711,Petroleum Gases,True,0.0,5.700175,2026,5,0.0,6.3
2026-05-01,LAFTA,2711,Petroleum Gases,True,33.67772,959.310493,2026,5,37.0,1055.2
2026-05-01,LATVIA,2711,Petroleum Gases,True,0.0,0.0,2026,5,0.0,0.0
2026-05-01,LIBYA,2711,Petroleum Gases,True,0.0,0.0,2026,5,0.0,0.0
2026-05-01,LITHUANIA,2711,Petroleum Gases,True,0.0,73.010263,2026,5,0.0,80.3
2026-05-01,MALAYSIA,2711,Petroleum Gases,True,0.0,0.0,2026,5,0.0,0.0
2026-05-01,MALDIVES,2711,Petroleum Gases,True,0.0,36.759455,2026,5,0.0,40.4
2026-05-01,MALTA,2711,Petroleum Gases,True,0.0,0.0,2026,5,0.0,0.0
2026-05-01,MEXICO,2711,Petroleum Gases,True,33.67772,626.258472,2026,5,37.0,688.9
2026-05-01,MOROCCO,2711,Petroleum Gases,True,0.0,82.940109,2026,5,0.0,91.2
2026-05-01,NAMIBIA,2711,Petroleum Gases,True,0.0,0.00902,2026,5,0.0,0.0
2026-05-01,NATO,2711,Petroleum Gases,True,583.916526,2578.63292,2026,5,642.3,2836.5
2026-05-01,NETHERLANDS,2711,Petroleum Gases,True,0.0,592.840519,2026,5,0.0,652.1
2026-05-01,NIGERIA,2711,Petroleum Gases,True,0.0,0.0,2026,5,0.0,0.0
2026-05-01,NORTH AMERICA,2711,Petroleum Gases,True,617.189174,800.402028,2026,5,678.9,880.4
2026-05-01,NORWAY,2711,Petroleum Gases,True,0.0,0.0,2026,5,0.0,0.0
2026-05-01,OECD,2711,Petroleum Gases,True,619.870216,4917.972813,2026,5,681.9,5409.8
2026-05-01,OMAN,2711,Petroleum Gases,True,0.0,0.0,2026,5,0.0,0.0
2026-05-01,PACIFIC RIM COUNTRIES,2711,Petroleum Gases,True,2.642884,2646.216083,2026,5,2.9,2910.8
2026-05-01,PANAMA,2711,Petroleum Gases,True,0.0,39.583511,2026,5,0.0,43.5
2026-05-01,PERU,2711,Petroleum Gases,True,0.0,27.431744,2026,5,0.0,30.2
2026-05-01,PHILIPPINES,2711,Petroleum Gases,True,0.0,10.689699,2026,5,0.0,11.8
2026-05-01,POLAND,2711,Petroleum Gases,True,0.0,207.354044,2026,5,0.0,228.1
2026-05-01,PORTUGAL,2711,Petroleum Gases,True,0.0,61.345572,2026,5,0.0,67.5
2026-05-01,ROMANIA,2711,Petroleum Gases,True,0.0,0.0,2026,5,0.0,0.0
2026-05-01,SAUDI ARABIA,2711,Petroleum Gases,True,0.0,0.07188,2026,5,0.0,0.1
2026-05-01,SENEGAL,2711,Petroleum Gases,True,0.0,26.38099,2026,5,0.0,29.0
2026-05-01,SINGAPORE,2711,Petroleum Gases,True,0.0,153.788527,2026,5,0.0,169.2
2026-05-01,SINT MAARTEN,2711,Petroleum Gases,True,0.0,0.155842,2026,5,0.0,0.2
2026-05-01,SLOVENIA,2711,Petroleum Gases,True,0.01002,0.0,2026,5,0.0,0.0
2026-05-01,SOUTH AFRICA,2711,Petroleum Gases,True,0.0,26.509881,2026,5,0.0,29.2
2026-05-01,SOUTH AMERICA,2711,Petroleum Gases,True,0.0,333.067909,2026,5,0.0,366.4
2026-05-01,SPAIN,2711,Petroleum Gases,True,0.0,146.756386,2026,5,0.0,161.4
2026-05-01,ST LUCIA,2711,Petroleum Gases,True,0.0,0.022252,2026,5,0.0,0.0
2026-05-01,SURINAME,2711,Petroleum Gases,True,0.0,0.015888,2026,5,0.0,0.0
2026-05-01,SWEDEN,2711,Petroleum Gases,True,0.0,59.622565,2026,5,0.0,65.6
2026-05-01,SWITZERLAND,2711,Petroleum Gases,True,0.0,0.0,2026,5,0.0,0.0
2026-05-01,South Korea,2711,Petroleum Gases,True,2.272466,591.6187,2026,5,2.5,650.8
2026-05-01,TAIWAN,2711,Petroleum Gases,True,0.012551,375.717351,2026,5,0.0,413.3
2026-05-01,TANZANIA,2711,Petroleum Gases,True,0.0,0.0,2026,5,0.0,0.0
2026-05-01,THAILAND,2711,Petroleum Gases,True,0.0,166.709118,2026,5,0.0,183.4
2026-05-01,TOGO,2711,Petroleum Gases,True,0.0,0.0,2026,5,0.0,0.0
2026-05-01,TOTAL FOR ALL COUNTRIES,2711,Petroleum Gases,True,620.414704,7816.827946,2026,5,682.5,8598.5
2026-05-01,TRINIDAD AND TOBAGO,2711,Petroleum Gases,True,0.0,0.026109,2026,5,0.0,0.0
2026-05-01,TUNISIA,2711,Petroleum Gases,True,0.0,0.002694,2026,5,0.0,0.0
2026-05-01,TURKEY,2711,Petroleum Gases,True,0.021216,78.463148,2026,5,0.0,86.3
2026-05-01,TURKS AND CAICOS ISLANDS,2711,Petroleum Gases,True,0.0,0.095834,2026,5,0.0,0.1
2026-05-01,TWENTY LATIN AMERICAN REPUBLICS,2711,Petroleum Gases,True,33.67772,1169.799686,2026,5,37.0,1286.8
2026-05-01,UNITED ARAB EMIRATES,2711,Petroleum Gases,True,0.0,0.0,2026,5,0.0,0.0
2026-05-01,UNITED KINGDOM,2711,Petroleum Gases,True,0.081928,47.682616,2026,5,0.1,52.5
2026-05-01,URUGUAY,2711,Petroleum Gases,True,0.0,0.0,2026,5,0.0,0.0
2026-05-01,USMCA (NAFTA),2711,Petroleum Gases,True,617.189174,800.402028,2026,5,678.9,880.4
2026-05-01,VENEZUELA,2711,Petroleum Gases,True,0.0,0.0,2026,5,0.0,0.0
2026-05-01,VIETNAM,2711,Petroleum Gases,True,0.0,21.326239,2026,5,0.0,23.5
2026-05-01,AFGHANISTAN,3004,Medicaments Packaged,True,0.0,0.0,2026,5,0.0,0.0
2026-05-01,AFRICA,3004,Medicaments Packaged,True,0.047033,21.222661,2026,5,0.1,23.3
2026-05-01,ALBANIA,3004,Medicaments Packaged,True,0.0,0.0,2026,5,0.0,0.0
2026-05-01,ALGERIA,3004,Medicaments Packaged,True,0.0,3.489677,2026,5,0.0,3.8
2026-05-01,ANDORRA,3004,Medicaments Packaged,True,0.0,0.002653,2026,5,0.0,0.0
2026-05-01,ANGUILLA,3004,Medicaments Packaged,True,0.0,0.0,2026,5,0.0,0.0
2026-05-01,ANTIGUA AND BARBUDA,3004,Medicaments Packaged,True,0.0,0.017,2026,5,0.0,0.0
2026-05-01,APEC,3004,Medicaments Packaged,True,1259.924104,1356.925502,2026,5,1385.9,1492.6
2026-05-01,ARGENTINA,3004,Medicaments Packaged,True,0.773601,20.700997,2026,5,0.9,22.8
2026-05-01,ARMENIA,3004,Medicaments Packaged,True,0.0,3.509447,2026,5,0.0,3.9
2026-05-01,ARUBA,3004,Medicaments Packaged,True,0.0,0.059342,2026,5,0.0,0.1
2026-05-01,ASEAN,3004,Medicaments Packaged,True,212.141135,51.076478,2026,5,233.4,56.2
2026-05-01,ASIA,3004,Medicaments Packaged,True,2127.210892,960.070052,2026,5,2339.9,1056.1
2026-05-01,AUSTRALIA,3004,Medicaments Packaged,True,4.575498,88.899211,2026,5,5.0,97.8
2026-05-01,AUSTRALIA AND OCEANIA,3004,Medicaments Packaged,True,4.880531,92.089739,2026,5,5.4,101.3
2026-05-01,AUSTRIA,3004,Medicaments Packaged,True,76.032035,0.232237,2026,5,83.6,0.3
2026-05-01,AZERBAIJAN,3004,Medicaments Packaged,True,0.0,0.0,2026,5,0.0,0.0
2026-05-01,BAHAMAS,3004,Medicaments Packaged,True,0.0,0.457366,2026,5,0.0,0.5
2026-05-01,BAHRAIN,3004,Medicaments Packaged,True,0.0,0.362208,2026,5,0.0,0.4
2026-05-01,BANGLADESH,3004,Medicaments Packaged,True,1.860211,0.23144,2026,5,2.0,0.3
2026-05-01,BARBADOS,3004,Medicaments Packaged,True,0.0,0.293986,2026,5,0.0,0.3
2026-05-01,BELGIUM,3004,Medicaments Packaged,True,39.637058,140.003098,2026,5,43.6,154.0
2026-05-01,BELIZE,3004,Medicaments Packaged,True,0.0,0.904062,2026,5,0.0,1.0
2026-05-01,BERMUDA,3004,Medicaments Packaged,True,0.0,0.407618,2026,5,0.0,0.4
2026-05-01,BOLIVIA,3004,Medicaments Packaged,True,0.0,0.040652,2026,5,0.0,0.0
2026-05-01,BOSNIA AND HERZEGOVINA,3004,Medicaments Packaged,True,0.0,0.0,2026,5,0.0,0.0
2026-05-01,BOTSWANA,3004,Medicaments Packaged,True,0.0,0.028932,2026,5,0.0,0.0
2026-05-01,BRAZIL,3004,Medicaments Packaged,True,3.07965,101.036253,2026,5,3.4,111.1
2026-05-01,BRITISH VIRGIN ISLANDS,3004,Medicaments Packaged,True,0.0,0.070421,2026,5,0.0,0.1
2026-05-01,BRUNEI,3004,Medicaments Packaged,True,0.0,0.0,2026,5,0.0,0.0
2026-05-01,BULGARIA,3004,Medicaments Packaged,True,1.473419,0.438779,2026,5,1.6,0.5
2026-05-01,BURMA,3004,Medicaments Packaged,True,0.0,0.054073,2026,5,0.0,0.1
2026-05-01,CACM,3004,Medicaments Packaged,True,2.326235,8.999446,2026,5,2.6,9.9
2026-05-01,CAFTA-DR,3004,Medicaments Packaged,True,2.330135,9.770104,2026,5,2.6,10.7
2026-05-01,CAMBODIA,3004,Medicaments Packaged,True,0.0,0.125,2026,5,0.0,0.1
2026-05-01,CANADA,3004,Medicaments Packaged,True,229.19368,328.225535,2026,5,252.1,361.0
2026-05-01,CAYMAN ISLANDS,3004,Medicaments Packaged,True,0.0,0.458132,2026,5,0.0,0.5
2026-05-01,CENTRAL AFRICAN REPUBLIC,3004,Medicaments Packaged,True,0.0,0.0,2026,5,0.0,0.0
2026-05-01,CENTRAL AMERICA,3004,Medicaments Packaged,True,2.330135,24.152698,2026,5,2.6,26.6
2026-05-01,CHAD,3004,Medicaments Packaged,True,0.0,0.037103,2026,5,0.0,0.0
2026-05-01,CHILE,3004,Medicaments Packaged,True,0.231258,9.318987,2026,5,0.3,10.3
2026-05-01,CHINA,3004,Medicaments Packaged,True,569.959779,152.762289,2026,5,627.0,168.0
2026-05-01,CHRISTMAS ISLAND,3004,Medicaments Packaged,True,0.0,0.0,2026,5,0.0,0.0
2026-05-01,COLOMBIA,3004,Medicaments Packaged,True,0.142172,31.420706,2026,5,0.2,34.6
2026-05-01,CONGO,3004,Medicaments Packaged,True,0.0,0.0,2026,5,0.0,0.0
2026-05-01,COSTA RICA,3004,Medicaments Packaged,True,0.035713,0.965575,2026,5,0.0,1.1
2026-05-01,CROATIA,3004,Medicaments Packaged,True,10.126298,0.206953,2026,5,11.1,0.2
2026-05-01,CURACAO,3004,Medicaments Packaged,True,0.0,0.042706,2026,5,0.0,0.0
2026-05-01,CYPRUS,3004,Medicaments Packaged,True,0.0,0.171444,2026,5,0.0,0.2
2026-05-01,CZECH REPUBLIC,3004,Medicaments Packaged,True,12.319457,4.767114,2026,5,13.6,5.2
2026-05-01,DENMARK,3004,Medicaments Packaged,True,35.610498,11.097225,2026,5,39.2,12.2
2026-05-01,DOMINICA,3004,Medicaments Packaged,True,0.0,0.017547,2026,5,0.0,0.0
2026-05-01,DOMINICAN REPUBLIC,3004,Medicaments Packaged,True,0.0039,0.770658,2026,5,0.0,0.8
2026-05-01,ECUADOR,3004,Medicaments Packaged,True,0.0,0.686368,2026,5,0.0,0.8
2026-05-01,EGYPT,3004,Medicaments Packaged,True,0.0,12.325123,2026,5,0.0,13.6
2026-05-01,EL SALVADOR,3004,Medicaments Packaged,True,1.548443,0.353878,2026,5,1.7,0.4
2026-05-01,ESTONIA,3004,Medicaments Packaged,True,0.0,0.0,2026,5,0.0,0.0
2026-05-01,ETHIOPIA,3004,Medicaments Packaged,True,0.0,0.0,2026,5,0.0,0.0
2026-05-01,EURO AREA,3004,Medicaments Packaged,True,2926.829308,796.970022,2026,5,3219.5,876.7
2026-05-01,EUROPE,3004,Medicaments Packaged,True,4624.612638,1076.40147,2026,5,5087.1,1184.0
2026-05-01,EUROPEAN UNION,3004,Medicaments Packaged,True,2999.707703,820.225898,2026,5,3299.7,902.2
2026-05-01,FINLAND,3004,Medicaments Packaged,True,163.136532,0.249242,2026,5,179.5,0.3
2026-05-01,FRANCE,3004,Medicaments Packaged,True,347.909777,36.456732,2026,5,382.7,40.1
2026-05-01,GABON,3004,Medicaments Packaged,True,0.0,0.0,2026,5,0.0,0.0
2026-05-01,GAMBIA,3004,Medicaments Packaged,True,0.0,0.004708,2026,5,0.0,0.0
2026-05-01,GEORGIA,3004,Medicaments Packaged,True,0.0,0.01134,2026,5,0.0,0.0
2026-05-01,GERMANY,3004,Medicaments Packaged,True,273.391171,288.96651,2026,5,300.7,317.9
2026-05-01,GHANA,3004,Medicaments Packaged,True,0.0,0.094141,2026,5,0.0,0.1
2026-05-01,GREECE,3004,Medicaments Packaged,True,1.096143,1.717439,2026,5,1.2,1.9
2026-05-01,GRENADA,3004,Medicaments Packaged,True,0.0,0.008111,2026,5,0.0,0.0
2026-05-01,GUATEMALA,3004,Medicaments Packaged,True,0.006078,6.890393,2026,5,0.0,7.6
2026-05-01,GUYANA,3004,Medicaments Packaged,True,0.0,0.247671,2026,5,0.0,0.3
2026-05-01,HAITI,3004,Medicaments Packaged,True,0.0,0.003126,2026,5,0.0,0.0
2026-05-01,HONDURAS,3004,Medicaments Packaged,True,0.736001,0.775807,2026,5,0.8,0.9
2026-05-01,HONG KONG,3004,Medicaments Packaged,True,0.0,7.42999,2026,5,0.0,8.2
2026-05-01,HUNGARY,3004,Medicaments Packaged,True,4.056483,3.193382,2026,5,4.5,3.5
2026-05-01,ICELAND,3004,Medicaments Packaged,True,0.0,0.078409,2026,5,0.0,0.1
2026-05-01,INDIA,3004,Medicaments Packaged,True,911.993326,72.81627,2026,5,1003.2,80.1
2026-05-01,INDONESIA,3004,Medicaments Packaged,True,0.0,3.24064,2026,5,0.0,3.6
2026-05-01,IRAN,3004,Medicaments Packaged,True,0.0,0.53672,2026,5,0.0,0.6
2026-05-01,IRAQ,3004,Medicaments Packaged,True,0.0,0.502749,2026,5,0.0,0.6
2026-05-01,IRELAND,3004,Medicaments Packaged,True,1259.118292,59.709232,2026,5,1385.0,65.7
2026-05-01,ISRAEL,3004,Medicaments Packaged,True,228.392954,35.016688,2026,5,251.2,38.5
2026-05-01,ITALY,3004,Medicaments Packaged,True,462.358129,56.777557,2026,5,508.6,62.5
2026-05-01,JAMAICA,3004,Medicaments Packaged,True,0.0,0.17469,2026,5,0.0,0.2
2026-05-01,JAPAN,3004,Medicaments Packaged,True,174.737379,298.701452,2026,5,192.2,328.6
2026-05-01,JORDAN,3004,Medicaments Packaged,True,3.56413,2.849106,2026,5,3.9,3.1
2026-05-01,KAZAKHSTAN,3004,Medicaments Packaged,True,0.0,0.545697,2026,5,0.0,0.6
2026-05-01,KENYA,3004,Medicaments Packaged,True,0.0,0.287269,2026,5,0.0,0.3
2026-05-01,KIRIBATI,3004,Medicaments Packaged,True,0.0,0.003849,2026,5,0.0,0.0
2026-05-01,KOSOVO,3004,Medicaments Packaged,True,0.0,0.0,2026,5,0.0,0.0
2026-05-01,KUWAIT,3004,Medicaments Packaged,True,0.0,1.829741,2026,5,0.0,2.0
2026-05-01,KYRGYZSTAN,3004,Medicaments Packaged,True,0.0,0.1755,2026,5,0.0,0.2
2026-05-01,LAFTA,3004,Medicaments Packaged,True,49.33779,295.765646,2026,5,54.3,325.3
2026-05-01,LATVIA,3004,Medicaments Packaged,True,0.0,0.0,2026,5,0.0,0.0
2026-05-01,LEBANON,3004,Medicaments Packaged,True,0.0,1.397106,2026,5,0.0,1.5
2026-05-01,LIBYA,3004,Medicaments Packaged,True,0.0,0.014173,2026,5,0.0,0.0
2026-05-01,LITHUANIA,3004,Medicaments Packaged,True,0.0,1.681654,2026,5,0.0,1.8
2026-05-01,LUXEMBOURG,3004,Medicaments Packaged,True,0.0,0.0,2026,5,0.0,0.0
2026-05-01,MACAU,3004,Medicaments Packaged,True,0.975535,0.0108,2026,5,1.1,0.0
2026-05-01,MACEDONIA,3004,Medicaments Packaged,True,0.0,0.0,2026,5,0.0,0.0
2026-05-01,MADAGASCAR,3004,Medicaments Packaged,True,0.0,0.012501,2026,5,0.0,0.0
2026-05-01,MALAWI,3004,Medicaments Packaged,True,0.0,0.004608,2026,5,0.0,0.0
2026-05-01,MALAYSIA,3004,Medicaments Packaged,True,9.211594,7.025615,2026,5,10.1,7.7
2026-05-01,MALDIVES,3004,Medicaments Packaged,True,0.0,0.0,2026,5,0.0,0.0
2026-05-01,MALTA,3004,Medicaments Packaged,True,0.232762,0.009377,2026,5,0.3,0.0
2026-05-01,MARSHALL ISLANDS,3004,Medicaments Packaged,True,0.0,0.0,2026,5,0.0,0.0
2026-05-01,MAURITIUS,3004,Medicaments Packaged,True,0.0,0.012466,2026,5,0.0,0.0
2026-05-01,MEXICO,3004,Medicaments Packaged,True,45.111109,120.224266,2026,5,49.6,132.2
2026-05-01,MOLDOVA,3004,Medicaments Packaged,True,0.0,0.0,2026,5,0.0,0.0
2026-05-01,MONGOLIA,3004,Medicaments Packaged,True,0.0,0.082948,2026,5,0.0,0.1
2026-05-01,MOROCCO,3004,Medicaments Packaged,True,0.0,0.0,2026,5,0.0,0.0
2026-05-01,MOZAMBIQUE,3004,Medicaments Packaged,True,0.0,0.0,2026,5,0.0,0.0
2026-05-01,NAMIBIA,3004,Medicaments Packaged,True,0.0,0.0,2026,5,0.0,0.0
2026-05-01,NATO,3004,Medicaments Packaged,True,2322.550542,1293.245082,2026,5,2554.8,1422.6
2026-05-01,NEPAL,3004,Medicaments Packaged,True,0.0,0.022539,2026,5,0.0,0.0
2026-05-01,NETHERLANDS,3004,Medicaments Packaged,True,39.868971,165.89983,2026,5,43.9,182.5
2026-05-01,NEW ZEALAND,3004,Medicaments Packaged,True,0.305033,3.146808,2026,5,0.3,3.5
2026-05-01,NICARAGUA,3004,Medicaments Packaged,True,0.0,0.013793,2026,5,0.0,0.0
2026-05-01,NIGER,3004,Medicaments Packaged,True,0.0,0.0,2026,5,0.0,0.0
2026-05-01,NIGERIA,3004,Medicaments Packaged,True,0.0,0.354302,2026,5,0.0,0.4
2026-05-01,NORTH AMERICA,3004,Medicaments Packaged,True,274.304789,448.449801,2026,5,301.7,493.3
2026-05-01,NORWAY,3004,Medicaments Packaged,True,0.0,0.617182,2026,5,0.0,0.7
2026-05-01,OECD,3004,Medicaments Packaged,True,5303.744679,2257.624206,2026,5,5834.1,2483.4
2026-05-01,OMAN,3004,Medicaments Packaged,True,0.0,1.426807,2026,5,0.0,1.6
2026-05-01,PACIFIC RIM COUNTRIES,3004,Medicaments Packaged,True,985.461512,873.169445,2026,5,1084.0,960.5
2026-05-01,PAKISTAN,3004,Medicaments Packaged,True,0.0,0.008377,2026,5,0.0,0.0
2026-05-01,PALAU,3004,Medicaments Packaged,True,0.0,0.039871,2026,5,0.0,0.0
2026-05-01,PANAMA,3004,Medicaments Packaged,True,0.0,11.22088,2026,5,0.0,12.3
2026-05-01,PAPUA NEW GUINEA,3004,Medicaments Packaged,True,0.0,0.0,2026,5,0.0,0.0
2026-05-01,PARAGUAY,3004,Medicaments Packaged,True,0.0,0.147842,2026,5,0.0,0.2
2026-05-01,PERU,3004,Medicaments Packaged,True,0.0,4.717362,2026,5,0.0,5.2
2026-05-01,PHILIPPINES,3004,Medicaments Packaged,True,0.0,5.028669,2026,5,0.0,5.5
2026-05-01,POLAND,3004,Medicaments Packaged,True,1.145907,0.128475,2026,5,1.3,0.1
2026-05-01,PORTUGAL,3004,Medicaments Packaged,True,50.953927,0.147253,2026,5,56.0,0.2
2026-05-01,QATAR,3004,Medicaments Packaged,True,0.0,1.916626,2026,5,0.0,2.1
2026-05-01,ROMANIA,3004,Medicaments Packaged,True,1.883004,0.962033,2026,5,2.1,1.1
2026-05-01,RUSSIA,3004,Medicaments Packaged,True,0.1056,1.752921,2026,5,0.1,1.9
2026-05-01,RWANDA,3004,Medicaments Packaged,True,0.0,0.014268,2026,5,0.0,0.0
2026-05-01,SAMOA,3004,Medicaments Packaged,True,0.0,0.0,2026,5,0.0,0.0
2026-05-01,SAUDI ARABIA,3004,Medicaments Packaged,True,0.0,23.065654,2026,5,0.0,25.4
2026-05-01,SENEGAL,3004,Medicaments Packaged,True,0.0,0.0,2026,5,0.0,0.0
2026-05-01,SERBIA,3004,Medicaments Packaged,True,0.0,0.37858,2026,5,0.0,0.4
2026-05-01,SEYCHELLES,3004,Medicaments Packaged,True,0.0,0.0,2026,5,0.0,0.0
2026-05-01,SIERRA LEONE,3004,Medicaments Packaged,True,0.0,0.0,2026,5,0.0,0.0
2026-05-01,SINGAPORE,3004,Medicaments Packaged,True,202.133061,16.074695,2026,5,222.3,17.7
2026-05-01,SINT MAARTEN,3004,Medicaments Packaged,True,0.0,0.004215,2026,5,0.0,0.0
2026-05-01,SLOVAKIA,3004,Medicaments Packaged,True,0.0,0.180767,2026,5,0.0,0.2
2026-05-01,SLOVENIA,3004,Medicaments Packaged,True,153.604083,1.790747,2026,5,169.0,2.0
2026-05-01,SOMALIA,3004,Medicaments Packaged,True,0.0,0.0,2026,5,0.0,0.0
2026-05-01,SOUTH AFRICA,3004,Medicaments Packaged,True,0.047033,4.413432,2026,5,0.1,4.9
2026-05-01,SOUTH AMERICA,3004,Medicaments Packaged,True,4.226681,175.789051,2026,5,4.6,193.4
2026-05-01,SPAIN,3004,Medicaments Packaged,True,47.890711,42.331171,2026,5,52.7,46.6
2026-05-01,SRI LANKA,3004,Medicaments Packaged,True,0.02281,0.141577,2026,5,0.0,0.2
2026-05-01,ST KITTS AND NEVIS,3004,Medicaments Packaged,True,0.0,0.015509,2026,5,0.0,0.0
2026-05-01,ST LUCIA,3004,Medicaments Packaged,True,0.0,0.041836,2026,5,0.0,0.0
2026-05-01,ST VINCENT AND THE GRENADINES,3004,Medicaments Packaged,True,0.0,0.0,2026,5,0.0,0.0
2026-05-01,SUDAN,3004,Medicaments Packaged,True,0.0,0.028704,2026,5,0.0,0.0
2026-05-01,SURINAME,3004,Medicaments Packaged,True,0.0,0.0,2026,5,0.0,0.0
2026-05-01,SWEDEN,3004,Medicaments Packaged,True,17.863046,3.107647,2026,5,19.6,3.4
2026-05-01,SWITZERLAND,3004,Medicaments Packaged,True,1195.767087,44.419156,2026,5,1315.3,48.9
2026-05-01,South Korea,3004,Medicaments Packaged,True,10.228328,273.932571,2026,5,11.3,301.3
2026-05-01,TAIWAN,3004,Medicaments Packaged,True,13.335305,16.916705,2026,5,14.7,18.6
2026-05-01,TANZANIA,3004,Medicaments Packaged,True,0.0,0.0,2026,5,0.0,0.0
2026-05-01,THAILAND,3004,Medicaments Packaged,True,0.77546,15.735375,2026,5,0.9,17.3
2026-05-01,TOTAL FOR ALL COUNTRIES,3004,Medicaments Packaged,True,7037.612699,2798.175472,2026,5,7741.4,3078.0
2026-05-01,TRINIDAD AND TOBAGO,3004,Medicaments Packaged,True,0.0,0.122839,2026,5,0.0,0.1
2026-05-01,TUNISIA,3004,Medicaments Packaged,True,0.0,0.033285,2026,5,0.0,0.0
2026-05-01,TURKEY,3004,Medicaments Packaged,True,1.096855,9.063019,2026,5,1.2,10.0
2026-05-01,TURKS AND CAICOS ISLANDS,3004,Medicaments Packaged,True,0.0,0.063208,2026,5,0.0,0.1
2026-05-01,TWENTY LATIN AMERICAN REPUBLICS,3004,Medicaments Packaged,True,51.667925,316.759756,2026,5,56.8,348.4
2026-05-01,UGANDA,3004,Medicaments Packaged,True,0.0,0.048506,2026,5,0.0,0.1
2026-05-01,UKRAINE,3004,Medicaments Packaged,True,0.0,0.457229,2026,5,0.0,0.5
2026-05-01,UNITED ARAB EMIRATES,3004,Medicaments Packaged,True,0.0,17.033211,2026,5,0.0,18.7
2026-05-01,UNITED KINGDOM,3004,Medicaments Packaged,True,427.935393,195.157329,2026,5,470.7,214.7
2026-05-01,URUGUAY,3004,Medicaments Packaged,True,0.0,6.772516,2026,5,0.0,7.4
2026-05-01,USMCA (NAFTA),3004,Medicaments Packaged,True,274.304789,448.449801,2026,5,301.7,493.3
2026-05-01,UZBEKISTAN,3004,Medicaments Packaged,True,0.0,0.00711,2026,5,0.0,0.0
2026-05-01,VANUATU,3004,Medicaments Packaged,True,0.0,0.0,2026,5,0.0,0.0
2026-05-01,VENEZUELA,3004,Medicaments Packaged,True,0.0,0.699697,2026,5,0.0,0.8
2026-05-01,VIETNAM,3004,Medicaments Packaged,True,0.02102,3.792411,2026,5,0.0,4.2
2026-05-01,WEST BANK ADMINISTERED BY ISRAEL,3004,Medicaments Packaged,True,0.0,0.0,2026,5,0.0,0.0
2026-05-01,ZAMBIA,3004,Medicaments Packaged,True,0.0,0.0,2026,5,0.0,0.0
2026-05-01,ZIMBABWE,3004,Medicaments Packaged,True,0.0,0.019463,2026,5,0.0,0.0
2026-05-01,AFGHANISTAN,8471,Automatic Data Processing Machines,True,0.0,0.0,2026,5,0.0,0.0
2026-05-01,AFRICA,8471,Automatic Data Processing Machines,True,0.276791,32.427219,2026,5,0.3,35.7
2026-05-01,ALBANIA,8471,Automatic Data Processing Machines,True,0.0,0.304591,2026,5,0.0,0.3
2026-05-01,ALGERIA,8471,Automatic Data Processing Machines,True,0.0,4.86468,2026,5,0.0,5.4
2026-05-01,ANDORRA,8471,Automatic Data Processing Machines,True,0.0,0.0,2026,5,0.0,0.0
2026-05-01,ANGOLA,8471,Automatic Data Processing Machines,True,0.0,0.072211,2026,5,0.0,0.1
2026-05-01,ANGUILLA,8471,Automatic Data Processing Machines,True,0.0,0.074969,2026,5,0.0,0.1
2026-05-01,ANTIGUA AND BARBUDA,8471,Automatic Data Processing Machines,True,0.0,0.217027,2026,5,0.0,0.2
2026-05-01,APEC,8471,Automatic Data Processing Machines,True,34583.903678,4200.656769,2026,5,38042.3,4620.7
2026-05-01,ARGENTINA,8471,Automatic Data Processing Machines,True,0.02086,41.010633,2026,5,0.0,45.1
2026-05-01,ARMENIA,8471,Automatic Data Processing Machines,True,0.0,0.079804,2026,5,0.0,0.1
2026-05-01,ARUBA,8471,Automatic Data Processing Machines,True,0.0,1.750437,2026,5,0.0,1.9
2026-05-01,ASEAN,8471,Automatic Data Processing Machines,True,8210.671099,557.211632,2026,5,9031.7,612.9
2026-05-01,ASIA,8471,Automatic Data Processing Machines,True,21048.244088,1962.807396,2026,5,23153.1,2159.1
2026-05-01,AUSTRALIA,8471,Automatic Data Processing Machines,True,1.642262,159.46444,2026,5,1.8,175.4
2026-05-01,AUSTRALIA AND OCEANIA,8471,Automatic Data Processing Machines,True,1.911909,178.676681,2026,5,2.1,196.5
2026-05-01,AUSTRIA,8471,Automatic Data Processing Machines,True,4.031288,2.694508,2026,5,4.4,3.0
2026-05-01,AZERBAIJAN,8471,Automatic Data Processing Machines,True,0.0,0.027501,2026,5,0.0,0.0
2026-05-01,BAHAMAS,8471,Automatic Data Processing Machines,True,0.0,1.702036,2026,5,0.0,1.9
2026-05-01,BAHRAIN,8471,Automatic Data Processing Machines,True,0.0,2.329029,2026,5,0.0,2.6
2026-05-01,BANGLADESH,8471,Automatic Data Processing Machines,True,0.0,0.056524,2026,5,0.0,0.1
2026-05-01,BARBADOS,8471,Automatic Data Processing Machines,True,0.0,0.878362,2026,5,0.0,1.0
2026-05-01,BELARUS,8471,Automatic Data Processing Machines,True,0.0,0.0,2026,5,0.0,0.0
2026-05-01,BELGIUM,8471,Automatic Data Processing Machines,True,0.618478,42.661665,2026,5,0.7,46.9
2026-05-01,BELIZE,8471,Automatic Data Processing Machines,True,0.0,0.604605,2026,5,0.0,0.7
2026-05-01,BENIN,8471,Automatic Data Processing Machines,True,0.0,0.00868,2026,5,0.0,0.0
2026-05-01,BERMUDA,8471,Automatic Data Processing Machines,True,0.0,1.039284,2026,5,0.0,1.1
2026-05-01,BHUTAN,8471,Automatic Data Processing Machines,True,0.0,0.119706,2026,5,0.0,0.1
2026-05-01,BOLIVIA,8471,Automatic Data Processing Machines,True,0.0,4.191174,2026,5,0.0,4.6
2026-05-01,BOSNIA AND HERZEGOVINA,8471,Automatic Data Processing Machines,True,0.022722,0.071666,2026,5,0.0,0.1
2026-05-01,BOTSWANA,8471,Automatic Data Processing Machines,True,0.0,0.003212,2026,5,0.0,0.0
2026-05-01,BRAZIL,8471,Automatic Data Processing Machines,True,0.594225,54.316465,2026,5,0.7,59.7
2026-05-01,BRITISH INDIAN OCEAN TERRITORIES,8471,Automatic Data Processing Machines,True,0.0,0.0,2026,5,0.0,0.0
2026-05-01,BRITISH VIRGIN ISLANDS,8471,Automatic Data Processing Machines,True,0.0,0.213974,2026,5,0.0,0.2
2026-05-01,BRUNEI,8471,Automatic Data Processing Machines,True,0.0,0.046609,2026,5,0.0,0.1
2026-05-01,BULGARIA,8471,Automatic Data Processing Machines,True,1.281086,1.632904,2026,5,1.4,1.8
2026-05-01,BURKINA FASO,8471,Automatic Data Processing Machines,True,0.0,0.01307,2026,5,0.0,0.0
2026-05-01,BURMA,8471,Automatic Data Processing Machines,True,0.0,0.053167,2026,5,0.0,0.1
2026-05-01,BURUNDI,8471,Automatic Data Processing Machines,True,0.0,0.0,2026,5,0.0,0.0
2026-05-01,CABO VERDE,8471,Automatic Data Processing Machines,True,0.0,0.0057,2026,5,0.0,0.0
2026-05-01,CACM,8471,Automatic Data Processing Machines,True,0.0068,46.689031,2026,5,0.0,51.4
2026-05-01,CAFTA-DR,8471,Automatic Data Processing Machines,True,0.15636,57.312124,2026,5,0.2,63.0
2026-05-01,CAMBODIA,8471,Automatic Data Processing Machines,True,0.89063,0.129559,2026,5,1.0,0.1
2026-05-01,CAMEROON,8471,Automatic Data Processing Machines,True,0.0,0.125401,2026,5,0.0,0.1
2026-05-01,CANADA,8471,Automatic Data Processing Machines,True,42.4932,458.579107,2026,5,46.7,504.4
2026-05-01,CAYMAN ISLANDS,8471,Automatic Data Processing Machines,True,0.003,1.092839,2026,5,0.0,1.2
2026-05-01,CENTRAL AFRICAN REPUBLIC,8471,Automatic Data Processing Machines,True,0.0,0.0,2026,5,0.0,0.0
2026-05-01,CENTRAL AMERICA,8471,Automatic Data Processing Machines,True,0.167484,94.467242,2026,5,0.2,103.9
2026-05-01,CHAD,8471,Automatic Data Processing Machines,True,0.0,0.00254,2026,5,0.0,0.0
2026-05-01,CHILE,8471,Automatic Data Processing Machines,True,0.00299,45.426684,2026,5,0.0,50.0
2026-05-01,CHINA,8471,Automatic Data Processing Machines,True,682.130092,75.103493,2026,5,750.3,82.6
2026-05-01,COLOMBIA,8471,Automatic Data Processing Machines,True,0.01853,22.86237,2026,5,0.0,25.1
2026-05-01,COMOROS,8471,Automatic Data Processing Machines,True,0.0,0.0,2026,5,0.0,0.0
2026-05-01,CONGO,8471,Automatic Data Processing Machines,True,0.0,0.00385,2026,5,0.0,0.0
2026-05-01,COOK ISLANDS,8471,Automatic Data Processing Machines,True,0.0,0.0,2026,5,0.0,0.0
2026-05-01,COSTA RICA,8471,Automatic Data Processing Machines,True,0.0068,17.342847,2026,5,0.0,19.1
2026-05-01,COTE D'IVOIRE,8471,Automatic Data Processing Machines,True,0.0,0.550875,2026,5,0.0,0.6
2026-05-01,CROATIA,8471,Automatic Data Processing Machines,True,0.325441,0.246064,2026,5,0.4,0.3
2026-05-01,CUBA,8471,Automatic Data Processing Machines,True,0.0,0.0,2026,5,0.0,0.0
2026-05-01,CURACAO,8471,Automatic Data Processing Machines,True,0.0,0.670237,2026,5,0.0,0.7
2026-05-01,CYPRUS,8471,Automatic Data Processing Machines,True,0.0,0.190196,2026,5,0.0,0.2
2026-05-01,CZECH REPUBLIC,8471,Automatic Data Processing Machines,True,161.553962,18.553526,2026,5,177.7,20.4
2026-05-01,DEMOCRATIC REPUBLIC OF THE CONGO,8471,Automatic Data Processing Machines,True,0.0,0.00605,2026,5,0.0,0.0
2026-05-01,DENMARK,8471,Automatic Data Processing Machines,True,3.332444,13.186669,2026,5,3.7,14.5
2026-05-01,DJIBOUTI,8471,Automatic Data Processing Machines,True,0.0,0.079266,2026,5,0.0,0.1
2026-05-01,DOMINICA,8471,Automatic Data Processing Machines,True,0.0,0.086645,2026,5,0.0,0.1
2026-05-01,DOMINICAN REPUBLIC,8471,Automatic Data Processing Machines,True,0.14956,10.623093,2026,5,0.2,11.7
2026-05-01,ECUADOR,8471,Automatic Data Processing Machines,True,0.0,12.596164,2026,5,0.0,13.9
2026-05-01,EGYPT,8471,Automatic Data Processing Machines,True,0.002759,4.365061,2026,5,0.0,4.8
2026-05-01,EL SALVADOR,8471,Automatic Data Processing Machines,True,0.0,5.915164,2026,5,0.0,6.5
2026-05-01,EQUATORIAL GUINEA,8471,Automatic Data Processing Machines,True,0.0,0.385944,2026,5,0.0,0.4
2026-05-01,ESTONIA,8471,Automatic Data Processing Machines,True,0.937577,0.166895,2026,5,1.0,0.2
2026-05-01,ESWATINI,8471,Automatic Data Processing Machines,True,0.0,0.0,2026,5,0.0,0.0
2026-05-01,ETHIOPIA,8471,Automatic Data Processing Machines,True,0.0,1.061524,2026,5,0.0,1.2
2026-05-01,EURO AREA,8471,Automatic Data Processing Machines,True,568.039483,835.020712,2026,5,624.8,918.5
2026-05-01,EUROPE,8471,Automatic Data Processing Machines,True,1095.080495,1189.795882,2026,5,1204.6,1308.8
2026-05-01,EUROPEAN UNION,8471,Automatic Data Processing Machines,True,1048.848517,1030.318197,2026,5,1153.7,1133.4
2026-05-01,FAROE ISLANDS,8471,Automatic Data Processing Machines,True,0.0,0.0,2026,5,0.0,0.0
2026-05-01,FIJI,8471,Automatic Data Processing Machines,True,0.0,0.116383,2026,5,0.0,0.1
2026-05-01,FINLAND,8471,Automatic Data Processing Machines,True,3.389596,24.830456,2026,5,3.7,27.3
2026-05-01,FRANCE,8471,Automatic Data Processing Machines,True,7.601087,27.520072,2026,5,8.4,30.3
2026-05-01,FRENCH GUIANA,8471,Automatic Data Processing Machines,True,0.0,0.03257,2026,5,0.0,0.0
2026-05-01,FRENCH POLYNESIA,8471,Automatic Data Processing Machines,True,0.0,0.058976,2026,5,0.0,0.1
2026-05-01,GABON,8471,Automatic Data Processing Machines,True,0.0,0.0,2026,5,0.0,0.0
2026-05-01,GAMBIA,8471,Automatic Data Processing Machines,True,0.0,0.00507,2026,5,0.0,0.0
2026-05-01,GEORGIA,8471,Automatic Data Processing Machines,True,0.003288,0.76631,2026,5,0.0,0.8
2026-05-01,GERMANY,8471,Automatic Data Processing Machines,True,79.15709,108.295708,2026,5,87.1,119.1
2026-05-01,GHANA,8471,Automatic Data Processing Machines,True,0.0,3.480477,2026,5,0.0,3.8
2026-05-01,GIBRALTAR,8471,Automatic Data Processing Machines,True,0.0,0.00666,2026,5,0.0,0.0
2026-05-01,GREECE,8471,Automatic Data Processing Machines,True,0.0,1.074417,2026,5,0.0,1.2
2026-05-01,GREENLAND,8471,Automatic Data Processing Machines,True,0.0,0.0,2026,5,0.0,0.0
2026-05-01,GRENADA,8471,Automatic Data Processing Machines,True,0.0021,0.248067,2026,5,0.0,0.3
2026-05-01,GUADELOUPE,8471,Automatic Data Processing Machines,True,0.0,0.040702,2026,5,0.0,0.0
2026-05-01,GUATEMALA,8471,Automatic Data Processing Machines,True,0.0,18.38113,2026,5,0.0,20.2
2026-05-01,GUINEA,8471,Automatic Data Processing Machines,True,0.0,0.0,2026,5,0.0,0.0
2026-05-01,GUINEA-BISSAU,8471,Automatic Data Processing Machines,True,0.0,0.005289,2026,5,0.0,0.0
2026-05-01,GUYANA,8471,Automatic Data Processing Machines,True,0.0,1.401769,2026,5,0.0,1.5
2026-05-01,HAITI,8471,Automatic Data Processing Machines,True,0.0,0.265569,2026,5,0.0,0.3
2026-05-01,HONDURAS,8471,Automatic Data Processing Machines,True,0.0,3.418384,2026,5,0.0,3.8
2026-05-01,HONG KONG,8471,Automatic Data Processing Machines,True,1.310087,118.992062,2026,5,1.4,130.9
2026-05-01,HUNGARY,8471,Automatic Data Processing Machines,True,288.197992,15.941035,2026,5,317.0,17.5
2026-05-01,ICELAND,8471,Automatic Data Processing Machines,True,0.240618,0.348534,2026,5,0.3,0.4
2026-05-01,INDIA,8471,Automatic Data Processing Machines,True,3.85732,292.085832,2026,5,4.2,321.3
2026-05-01,INDONESIA,8471,Automatic Data Processing Machines,True,45.09747,59.598337,2026,5,49.6,65.6
2026-05-01,IRAN,8471,Automatic Data Processing Machines,True,0.0,0.0,2026,5,0.0,0.0
2026-05-01,IRAQ,8471,Automatic Data Processing Machines,True,0.0,0.107377,2026,5,0.0,0.1
2026-05-01,IRELAND,8471,Automatic Data Processing Machines,True,445.428642,85.068878,2026,5,490.0,93.6
2026-05-01,ISRAEL,8471,Automatic Data Processing Machines,True,25.614331,71.21641,2026,5,28.2,78.3
2026-05-01,ITALY,8471,Automatic Data Processing Machines,True,7.699412,12.5604,2026,5,8.5,13.8
2026-05-01,JAMAICA,8471,Automatic Data Processing Machines,True,0.0,3.290306,2026,5,0.0,3.6
2026-05-01,JAPAN,8471,Automatic Data Processing Machines,True,40.297254,251.74482,2026,5,44.3,276.9
2026-05-01,JORDAN,8471,Automatic Data Processing Machines,True,0.0,0.299398,2026,5,0.0,0.3
2026-05-01,KAZAKHSTAN,8471,Automatic Data Processing Machines,True,0.0,0.819801,2026,5,0.0,0.9
2026-05-01,KENYA,8471,Automatic Data Processing Machines,True,0.0,0.173889,2026,5,0.0,0.2
2026-05-01,KIRIBATI,8471,Automatic Data Processing Machines,True,0.0,0.0,2026,5,0.0,0.0
2026-05-01,KOSOVO,8471,Automatic Data Processing Machines,True,0.0,0.229909,2026,5,0.0,0.3
2026-05-01,KUWAIT,8471,Automatic Data Processing Machines,True,0.0,0.495908,2026,5,0.0,0.5
2026-05-01,KYRGYZSTAN,8471,Automatic Data Processing Machines,True,0.0,0.263045,2026,5,0.0,0.3
2026-05-01,LAFTA,8471,Automatic Data Processing Machines,True,13523.570181,2358.319135,2026,5,14875.9,2594.2
2026-05-01,LAOS,8471,Automatic Data Processing Machines,True,0.027634,0.0,2026,5,0.0,0.0
2026-05-01,LATVIA,8471,Automatic Data Processing Machines,True,0.075898,0.43366,2026,5,0.1,0.5
2026-05-01,LEBANON,8471,Automatic Data Processing Machines,True,0.0,0.726555,2026,5,0.0,0.8
2026-05-01,LESOTHO,8471,Automatic Data Processing Machines,True,0.0,0.0,2026,5,0.0,0.0
2026-05-01,LIBERIA,8471,Automatic Data Processing Machines,True,0.0,0.063977,2026,5,0.0,0.1
2026-05-01,LIBYA,8471,Automatic Data Processing Machines,True,0.0,0.0,2026,5,0.0,0.0
2026-05-01,LIECHTENSTEIN,8471,Automatic Data Processing Machines,True,0.0,0.0,2026,5,0.0,0.0
2026-05-01,LITHUANIA,8471,Automatic Data Processing Machines,True,0.353522,3.273846,2026,5,0.4,3.6
2026-05-01,LUXEMBOURG,8471,Automatic Data Processing Machines,True,0.002336,2.492632,2026,5,0.0,2.7
2026-05-01,MACAU,8471,Automatic Data Processing Machines,True,0.0,0.007907,2026,5,0.0,0.0
2026-05-01,MACEDONIA,8471,Automatic Data Processing Machines,True,0.0,0.00298,2026,5,0.0,0.0
2026-05-01,MADAGASCAR,8471,Automatic Data Processing Machines,True,0.0,0.003145,2026,5,0.0,0.0
2026-05-01,MALAWI,8471,Automatic Data Processing Machines,True,0.007346,0.039557,2026,5,0.0,0.0
2026-05-01,MALAYSIA,8471,Automatic Data Processing Machines,True,153.111722,234.879055,2026,5,168.4,258.4
2026-05-01,MALDIVES,8471,Automatic Data Processing Machines,True,0.0,0.167737,2026,5,0.0,0.2
2026-05-01,MALI,8471,Automatic Data Processing Machines,True,0.0,0.031219,2026,5,0.0,0.0
2026-05-01,MALTA,8471,Automatic Data Processing Machines,True,0.0,0.14035,2026,5,0.0,0.2
2026-05-01,MARSHALL ISLANDS,8471,Automatic Data Processing Machines,True,0.0,0.0,2026,5,0.0,0.0
2026-05-01,MARTINIQUE,8471,Automatic Data Processing Machines,True,0.0,0.027367,2026,5,0.0,0.0
2026-05-01,MAURITANIA,8471,Automatic Data Processing Machines,True,0.0,0.074887,2026,5,0.0,0.1
2026-05-01,MAURITIUS,8471,Automatic Data Processing Machines,True,0.00639,0.282624,2026,5,0.0,0.3
2026-05-01,MAYOTTE,8471,Automatic Data Processing Machines,True,0.0,0.0,2026,5,0.0,0.0
2026-05-01,MEXICO,8471,Automatic Data Processing Machines,True,13522.910077,2079.242523,2026,5,14875.2,2287.2
2026-05-01,MICRONESIA,8471,Automatic Data Processing Machines,True,0.0,0.00342,2026,5,0.0,0.0
2026-05-01,MOLDOVA,8471,Automatic Data Processing Machines,True,0.005625,0.175855,2026,5,0.0,0.2
2026-05-01,MONACO,8471,Automatic Data Processing Machines,True,0.0,0.0,2026,5,0.0,0.0
2026-05-01,MONGOLIA,8471,Automatic Data Processing Machines,True,0.0,0.303625,2026,5,0.0,0.3
2026-05-01,MONTENEGRO,8471,Automatic Data Processing Machines,True,0.0,0.03999,2026,5,0.0,0.0
2026-05-01,MONTSERRAT,8471,Automatic Data Processing Machines,True,0.0,0.113028,2026,5,0.0,0.1
2026-05-01,MOROCCO,8471,Automatic Data Processing Machines,True,0.033099,1.550331,2026,5,0.0,1.7
2026-05-01,MOZAMBIQUE,8471,Automatic Data Processing Machines,True,0.0,0.052252,2026,5,0.0,0.1
2026-05-01,NAMIBIA,8471,Automatic Data Processing Machines,True,0.17252,0.051973,2026,5,0.2,0.1
2026-05-01,NATO,8471,Automatic Data Processing Machines,True,680.478508,1543.856391,2026,5,748.5,1698.2
2026-05-01,NAURU,8471,Automatic Data Processing Machines,True,0.0,0.0,2026,5,0.0,0.0
2026-05-01,NEPAL,8471,Automatic Data Processing Machines,True,0.0,0.672417,2026,5,0.0,0.7
2026-05-01,NETHERLANDS,8471,Automatic Data Processing Machines,True,14.129039,485.683129,2026,5,15.5,534.3
2026-05-01,NEW CALEDONIA,8471,Automatic Data Processing Machines,True,0.0,0.061615,2026,5,0.0,0.1
2026-05-01,NEW ZEALAND,8471,Automatic Data Processing Machines,True,0.269647,17.760411,2026,5,0.3,19.5
2026-05-01,NICARAGUA,8471,Automatic Data Processing Machines,True,0.0,1.631506,2026,5,0.0,1.8
2026-05-01,NIGERIA,8471,Automatic Data Processing Machines,True,0.029184,1.149395,2026,5,0.0,1.3
2026-05-01,NORTH AMERICA,8471,Automatic Data Processing Machines,True,13565.403277,2537.82163,2026,5,14921.9,2791.6
2026-05-01,NORWAY,8471,Automatic Data Processing Machines,True,4.376003,10.581874,2026,5,4.8,11.6
2026-05-01,OECD,8471,Automatic Data Processing Machines,True,14764.595155,4365.16168,2026,5,16241.1,4801.7
2026-05-01,OMAN,8471,Automatic Data Processing Machines,True,0.0,0.154575,2026,5,0.0,0.2
2026-05-01,PACIFIC RIM COUNTRIES,8471,Automatic Data Processing Machines,True,13270.321295,1513.598437,2026,5,14597.4,1665.0
2026-05-01,PAKISTAN,8471,Automatic Data Processing Machines,True,0.162732,2.771096,2026,5,0.2,3.0
2026-05-01,PALAU,8471,Automatic Data Processing Machines,True,0.0,0.029391,2026,5,0.0,0.0
2026-05-01,PANAMA,8471,Automatic Data Processing Machines,True,0.0,20.590518,2026,5,0.0,22.6
2026-05-01,PAPUA NEW GUINEA,8471,Automatic Data Processing Machines,True,0.0,1.036545,2026,5,0.0,1.1
2026-05-01,PARAGUAY,8471,Automatic Data Processing Machines,True,0.0,67.061647,2026,5,0.0,73.8
2026-05-01,PERU,8471,Automatic Data Processing Machines,True,0.0,18.73928,2026,5,0.0,20.6
2026-05-01,PHILIPPINES,8471,Automatic Data Processing Machines,True,121.371932,6.990343,2026,5,133.5,7.7
2026-05-01,POLAND,8471,Automatic Data Processing Machines,True,22.129203,13.978541,2026,5,24.3,15.4
2026-05-01,PORTUGAL,8471,Automatic Data Processing Machines,True,0.673448,1.094441,2026,5,0.7,1.2
2026-05-01,QATAR,8471,Automatic Data Processing Machines,True,0.0,1.204323,2026,5,0.0,1.3
2026-05-01,REUNION,8471,Automatic Data Processing Machines,True,0.0,0.0,2026,5,0.0,0.0
2026-05-01,ROMANIA,8471,Automatic Data Processing Machines,True,1.200979,6.392623,2026,5,1.3,7.0
2026-05-01,RUSSIA,8471,Automatic Data Processing Machines,True,0.0,0.450937,2026,5,0.0,0.5
2026-05-01,RWANDA,8471,Automatic Data Processing Machines,True,0.0,0.099588,2026,5,0.0,0.1
2026-05-01,SAMOA,8471,Automatic Data Processing Machines,True,0.0,0.078778,2026,5,0.0,0.1
2026-05-01,SAUDI ARABIA,8471,Automatic Data Processing Machines,True,0.011691,15.490201,2026,5,0.0,17.0
2026-05-01,SENEGAL,8471,Automatic Data Processing Machines,True,0.002712,0.122161,2026,5,0.0,0.1
2026-05-01,SERBIA,8471,Automatic Data Processing Machines,True,0.070538,0.380839,2026,5,0.1,0.4
2026-05-01,SEYCHELLES,8471,Automatic Data Processing Machines,True,0.0,0.0,2026,5,0.0,0.0
2026-05-01,SIERRA LEONE,8471,Automatic Data Processing Machines,True,0.0,0.016,2026,5,0.0,0.0
2026-05-01,SINGAPORE,8471,Automatic Data Processing Machines,True,141.995595,170.886854,2026,5,156.2,188.0
2026-05-01,SINT MAARTEN,8471,Automatic Data Processing Machines,True,0.0,0.252523,2026,5,0.0,0.3
2026-05-01,SLOVAKIA,8471,Automatic Data Processing Machines,True,0.668928,0.69594,2026,5,0.7,0.8
2026-05-01,SLOVENIA,8471,Automatic Data Processing Machines,True,0.244329,0.22809,2026,5,0.3,0.3
2026-05-01,SOLOMON ISLANDS,8471,Automatic Data Processing Machines,True,0.0,0.0,2026,5,0.0,0.0
2026-05-01,SOMALIA,8471,Automatic Data Processing Machines,True,0.0,0.003899,2026,5,0.0,0.0
2026-05-01,SOUTH AFRICA,8471,Automatic Data Processing Machines,True,0.018533,8.910642,2026,5,0.0,9.8
2026-05-01,SOUTH AMERICA,8471,Automatic Data Processing Machines,True,0.660104,281.186497,2026,5,0.7,309.3
2026-05-01,SOUTH SUDAN,8471,Automatic Data Processing Machines,True,0.0,0.0,2026,5,0.0,0.0
2026-05-01,SPAIN,8471,Automatic Data Processing Machines,True,1.422286,34.036461,2026,5,1.6,37.4
2026-05-01,SRI LANKA,8471,Automatic Data Processing Machines,True,0.104873,2.261612,2026,5,0.1,2.5
2026-05-01,ST HELENA,8471,Automatic Data Processing Machines,True,0.0,0.0,2026,5,0.0,0.0
2026-05-01,ST KITTS AND NEVIS,8471,Automatic Data Processing Machines,True,0.002324,0.085625,2026,5,0.0,0.1
2026-05-01,ST LUCIA,8471,Automatic Data Processing Machines,True,0.0,0.429473,2026,5,0.0,0.5
2026-05-01,ST VINCENT AND THE GRENADINES,8471,Automatic Data Processing Machines,True,0.0,0.083731,2026,5,0.0,0.1
2026-05-01,SURINAME,8471,Automatic Data Processing Machines,True,0.0,0.675546,2026,5,0.0,0.7
2026-05-01,SWEDEN,8471,Automatic Data Processing Machines,True,4.394454,127.245091,2026,5,4.8,140.0
2026-05-01,SWITZERLAND,8471,Automatic Data Processing Machines,True,7.527263,8.752254,2026,5,8.3,9.6
2026-05-01,South Korea,8471,Automatic Data Processing Machines,True,39.175069,68.348296,2026,5,43.1,75.2
2026-05-01,TAIWAN,8471,Automatic Data Processing Machines,True,12043.920165,348.739265,2026,5,13248.3,383.6
2026-05-01,TAJIKISTAN,8471,Automatic Data Processing Machines,True,0.0,0.0,2026,5,0.0,0.0
2026-05-01,TANZANIA,8471,Automatic Data Processing Machines,True,0.0,0.020811,2026,5,0.0,0.0
2026-05-01,THAILAND,8471,Automatic Data Processing Machines,True,3618.269915,56.966519,2026,5,3980.1,62.7
2026-05-01,TIMOR-LESTE,8471,Automatic Data Processing Machines,True,0.0,0.0349,2026,5,0.0,0.0
2026-05-01,TOGO,8471,Automatic Data Processing Machines,True,0.0,0.0,2026,5,0.0,0.0
2026-05-01,TONGA,8471,Automatic Data Processing Machines,True,0.0,0.0,2026,5,0.0,0.0
2026-05-01,TOTAL FOR ALL COUNTRIES,8471,Automatic Data Processing Machines,True,35711.744148,6277.182547,2026,5,39282.9,6904.9
2026-05-01,TRINIDAD AND TOBAGO,8471,Automatic Data Processing Machines,True,0.0,3.12862,2026,5,0.0,3.4
2026-05-01,TUNISIA,8471,Automatic Data Processing Machines,True,0.004248,0.505991,2026,5,0.0,0.6
2026-05-01,TURKEY,8471,Automatic Data Processing Machines,True,0.16807,8.367246,2026,5,0.2,9.2
2026-05-01,TURKMENISTAN,8471,Automatic Data Processing Machines,True,0.0,0.021981,2026,5,0.0,0.0
2026-05-01,TURKS AND CAICOS ISLANDS,8471,Automatic Data Processing Machines,True,0.0037,0.269174,2026,5,0.0,0.3
2026-05-01,TWENTY LATIN AMERICAN REPUBLICS,8471,Automatic Data Processing Machines,True,13523.726541,2436.487346,2026,5,14876.1,2680.1
2026-05-01,UGANDA,8471,Automatic Data Processing Machines,True,0.0,2.495091,2026,5,0.0,2.7
2026-05-01,UKRAINE,8471,Automatic Data Processing Machines,True,0.005821,4.187034,2026,5,0.0,4.6
2026-05-01,UNITED ARAB EMIRATES,8471,Automatic Data Processing Machines,True,0.989375,152.103999,2026,5,1.1,167.3
2026-05-01,UNITED KINGDOM,8471,Automatic Data Processing Machines,True,33.81203,123.407804,2026,5,37.2,135.7
2026-05-01,URUGUAY,8471,Automatic Data Processing Machines,True,0.023499,4.900116,2026,5,0.0,5.4
2026-05-01,USMCA (NAFTA),8471,Automatic Data Processing Machines,True,13565.403277,2537.82163,2026,5,14921.9,2791.6
2026-05-01,UZBEKISTAN,8471,Automatic Data Processing Machines,True,0.0,0.19107,2026,5,0.0,0.2
2026-05-01,VANUATU,8471,Automatic Data Processing Machines,True,0.0,0.066722,2026,5,0.0,0.1
2026-05-01,VENEZUELA,8471,Automatic Data Processing Machines,True,0.0,7.972079,2026,5,0.0,8.8
2026-05-01,VIETNAM,8471,Automatic Data Processing Machines,True,4129.906201,27.661189,2026,5,4542.9,30.4
2026-05-01,YEMEN,8471,Automatic Data Processing Machines,True,0.0,0.058697,2026,5,0.0,0.1
2026-05-01,ZAMBIA,8471,Automatic Data Processing Machines,True,0.0,0.248374,2026,5,0.0,0.3
2026-05-01,ZIMBABWE,8471,Automatic Data Processing Machines,True,0.0,1.492513,2026,5,0.0,1.6
2026-05-01,AFGHANISTAN,8517,Telephone Sets & Network Equipment,True,0.0,0.0,2026,5,0.0,0.0
2026-05-01,AFRICA,8517,Telephone Sets & Network Equipment,True,1.396588,43.699813,2026,5,1.5,48.1
2026-05-01,ALBANIA,8517,Telephone Sets & Network Equipment,True,0.006041,0.015574,2026,5,0.0,0.0
2026-05-01,ALGERIA,8517,Telephone Sets & Network Equipment,True,0.0,6.233548,2026,5,0.0,6.9
2026-05-01,ANGOLA,8517,Telephone Sets & Network Equipment,True,0.024124,0.403127,2026,5,0.0,0.4
2026-05-01,ANGUILLA,8517,Telephone Sets & Network Equipment,True,0.0,0.054792,2026,5,0.0,0.1
2026-05-01,ANTIGUA AND BARBUDA,8517,Telephone Sets & Network Equipment,True,0.00296,0.288085,2026,5,0.0,0.3
2026-05-01,APEC,8517,Telephone Sets & Network Equipment,True,11909.924711,2238.363629,2026,5,13100.9,2462.2
2026-05-01,ARGENTINA,8517,Telephone Sets & Network Equipment,True,0.005109,43.956293,2026,5,0.0,48.4
2026-05-01,ARMENIA,8517,Telephone Sets & Network Equipment,True,0.002055,0.114233,2026,5,0.0,0.1
2026-05-01,ARUBA,8517,Telephone Sets & Network Equipment,True,0.0,1.030664,2026,5,0.0,1.1
2026-05-01,ASEAN,8517,Telephone Sets & Network Equipment,True,7111.427952,416.462414,2026,5,7822.6,458.1
2026-05-01,ASIA,8517,Telephone Sets & Network Equipment,True,13166.771121,1549.73423,2026,5,14483.4,1704.7
2026-05-01,AUSTRALIA,8517,Telephone Sets & Network Equipment,True,6.84604,91.472805,2026,5,7.5,100.6
2026-05-01,AUSTRALIA AND OCEANIA,8517,Telephone Sets & Network Equipment,True,10.268286,99.443901,2026,5,11.3,109.4
2026-05-01,AUSTRIA,8517,Telephone Sets & Network Equipment,True,2.058613,1.8862,2026,5,2.3,2.1
2026-05-01,AZERBAIJAN,8517,Telephone Sets & Network Equipment,True,0.0,0.252844,2026,5,0.0,0.3
2026-05-01,BAHAMAS,8517,Telephone Sets & Network Equipment,True,0.0,1.663173,2026,5,0.0,1.8
2026-05-01,BAHRAIN,8517,Telephone Sets & Network Equipment,True,0.0,6.397241,2026,5,0.0,7.0
2026-05-01,BANGLADESH,8517,Telephone Sets & Network Equipment,True,0.0,1.038297,2026,5,0.0,1.1
2026-05-01,BARBADOS,8517,Telephone Sets & Network Equipment,True,0.0,0.715162,2026,5,0.0,0.8
2026-05-01,BELARUS,8517,Telephone Sets & Network Equipment,True,0.0,0.0,2026,5,0.0,0.0
2026-05-01,BELGIUM,8517,Telephone Sets & Network Equipment,True,2.535419,18.430181,2026,5,2.8,20.3
2026-05-01,BELIZE,8517,Telephone Sets & Network Equipment,True,0.0,0.185521,2026,5,0.0,0.2
2026-05-01,BENIN,8517,Telephone Sets & Network Equipment,True,0.0,0.009447,2026,5,0.0,0.0
2026-05-01,BERMUDA,8517,Telephone Sets & Network Equipment,True,0.0,2.680785,2026,5,0.0,2.9
2026-05-01,BHUTAN,8517,Telephone Sets & Network Equipment,True,0.0,0.006926,2026,5,0.0,0.0
2026-05-01,BOLIVIA,8517,Telephone Sets & Network Equipment,True,0.0,8.554729,2026,5,0.0,9.4
2026-05-01,BOSNIA AND HERZEGOVINA,8517,Telephone Sets & Network Equipment,True,0.0,0.0,2026,5,0.0,0.0
2026-05-01,BOTSWANA,8517,Telephone Sets & Network Equipment,True,0.0,0.051912,2026,5,0.0,0.1
2026-05-01,BRAZIL,8517,Telephone Sets & Network Equipment,True,20.099637,77.128993,2026,5,22.1,84.8
2026-05-01,BRITISH INDIAN OCEAN TERRITORIES,8517,Telephone Sets & Network Equipment,True,0.0,0.0,2026,5,0.0,0.0
2026-05-01,BRITISH VIRGIN ISLANDS,8517,Telephone Sets & Network Equipment,True,0.002498,0.253616,2026,5,0.0,0.3
2026-05-01,BRUNEI,8517,Telephone Sets & Network Equipment,True,0.0,0.104522,2026,5,0.0,0.1
2026-05-01,BULGARIA,8517,Telephone Sets & Network Equipment,True,2.836502,0.915311,2026,5,3.1,1.0
2026-05-01,BURKINA FASO,8517,Telephone Sets & Network Equipment,True,0.0,0.0,2026,5,0.0,0.0
2026-05-01,BURMA,8517,Telephone Sets & Network Equipment,True,0.0,0.04396,2026,5,0.0,0.0
2026-05-01,BURUNDI,8517,Telephone Sets & Network Equipment,True,0.0,0.0,2026,5,0.0,0.0
2026-05-01,CABO VERDE,8517,Telephone Sets & Network Equipment,True,0.0,0.006,2026,5,0.0,0.0
2026-05-01,CACM,8517,Telephone Sets & Network Equipment,True,0.50266,65.306843,2026,5,0.6,71.8
2026-05-01,CAFTA-DR,8517,Telephone Sets & Network Equipment,True,0.901745,75.724512,2026,5,1.0,83.3
2026-05-01,CAMBODIA,8517,Telephone Sets & Network Equipment,True,3.296001,0.006395,2026,5,3.6,0.0
2026-05-01,CAMEROON,8517,Telephone Sets & Network Equipment,True,0.2754,0.117191,2026,5,0.3,0.1
2026-05-01,CANADA,8517,Telephone Sets & Network Equipment,True,78.040717,419.670517,2026,5,85.8,461.6
2026-05-01,CAYMAN ISLANDS,8517,Telephone Sets & Network Equipment,True,1.555295,1.045146,2026,5,1.7,1.1
2026-05-01,CENTRAL AFRICAN REPUBLIC,8517,Telephone Sets & Network Equipment,True,0.0,0.0059,2026,5,0.0,0.0
2026-05-01,CENTRAL AMERICA,8517,Telephone Sets & Network Equipment,True,2.467301,110.06495,2026,5,2.7,121.1
2026-05-01,CHAD,8517,Telephone Sets & Network Equipment,True,0.0,0.2276,2026,5,0.0,0.3
2026-05-01,CHILE,8517,Telephone Sets & Network Equipment,True,0.130335,38.747205,2026,5,0.1,42.6
2026-05-01,CHINA,8517,Telephone Sets & Network Equipment,True,1809.92669,47.840492,2026,5,1990.9,52.6
2026-05-01,CHRISTMAS ISLAND,8517,Telephone Sets & Network Equipment,True,0.0,0.0,2026,5,0.0,0.0
2026-05-01,COLOMBIA,8517,Telephone Sets & Network Equipment,True,0.029027,59.982062,2026,5,0.0,66.0
2026-05-01,COMOROS,8517,Telephone Sets & Network Equipment,True,0.0,0.0,2026,5,0.0,0.0
2026-05-01,CONGO,8517,Telephone Sets & Network Equipment,True,0.0,0.048836,2026,5,0.0,0.1
2026-05-01,COSTA RICA,8517,Telephone Sets & Network Equipment,True,0.50266,26.065561,2026,5,0.6,28.7
2026-05-01,COTE D'IVOIRE,8517,Telephone Sets & Network Equipment,True,0.0,0.178918,2026,5,0.0,0.2
2026-05-01,CROATIA,8517,Telephone Sets & Network Equipment,True,0.621606,0.538011,2026,5,0.7,0.6
2026-05-01,CUBA,8517,Telephone Sets & Network Equipment,True,0.0,0.173177,2026,5,0.0,0.2
2026-05-01,CURACAO,8517,Telephone Sets & Network Equipment,True,0.0,3.168434,2026,5,0.0,3.5
2026-05-01,CYPRUS,8517,Telephone Sets & Network Equipment,True,0.588351,0.07902,2026,5,0.6,0.1
2026-05-01,CZECH REPUBLIC,8517,Telephone Sets & Network Equipment,True,32.742969,24.653662,2026,5,36.0,27.1
2026-05-01,DEMOCRATIC REPUBLIC OF THE CONGO,8517,Telephone Sets & Network Equipment,True,0.0,0.175241,2026,5,0.0,0.2
2026-05-01,DENMARK,8517,Telephone Sets & Network Equipment,True,2.762665,9.328947,2026,5,3.0,10.3
2026-05-01,DJIBOUTI,8517,Telephone Sets & Network Equipment,True,0.0,0.202684,2026,5,0.0,0.2
2026-05-01,DOMINICA,8517,Telephone Sets & Network Equipment,True,0.0,0.063272,2026,5,0.0,0.1
2026-05-01,DOMINICAN REPUBLIC,8517,Telephone Sets & Network Equipment,True,0.399085,10.417669,2026,5,0.4,11.5
2026-05-01,ECUADOR,8517,Telephone Sets & Network Equipment,True,0.0,13.135027,2026,5,0.0,14.4
2026-05-01,EGYPT,8517,Telephone Sets & Network Equipment,True,0.0,5.690802,2026,5,0.0,6.3
2026-05-01,EL SALVADOR,8517,Telephone Sets & Network Equipment,True,0.0,13.779022,2026,5,0.0,15.2
2026-05-01,EQUATORIAL GUINEA,8517,Telephone Sets & Network Equipment,True,0.0,0.0,2026,5,0.0,0.0
2026-05-01,ERITREA,8517,Telephone Sets & Network Equipment,True,0.0,0.0064,2026,5,0.0,0.0
2026-05-01,ESTONIA,8517,Telephone Sets & Network Equipment,True,31.605968,5.34338,2026,5,34.8,5.9
2026-05-01,ESWATINI,8517,Telephone Sets & Network Equipment,True,0.0,0.057619,2026,5,0.0,0.1
2026-05-01,ETHIOPIA,8517,Telephone Sets & Network Equipment,True,0.0,0.201932,2026,5,0.0,0.2
2026-05-01,EURO AREA,8517,Telephone Sets & Network Equipment,True,136.292929,526.3456,2026,5,149.9,579.0
2026-05-01,EUROPE,8517,Telephone Sets & Network Equipment,True,283.098235,892.22832,2026,5,311.4,981.5
2026-05-01,EUROPEAN UNION,8517,Telephone Sets & Network Equipment,True,240.957305,686.4209,2026,5,265.1,755.1
2026-05-01,FAROE ISLANDS,8517,Telephone Sets & Network Equipment,True,0.0,0.0,2026,5,0.0,0.0
2026-05-01,FIJI,8517,Telephone Sets & Network Equipment,True,0.0,0.167277,2026,5,0.0,0.2
2026-05-01,FINLAND,8517,Telephone Sets & Network Equipment,True,1.865788,20.465834,2026,5,2.1,22.5
2026-05-01,FRANCE,8517,Telephone Sets & Network Equipment,True,9.067378,37.409439,2026,5,10.0,41.2
2026-05-01,FRENCH GUIANA,8517,Telephone Sets & Network Equipment,True,0.0,0.296648,2026,5,0.0,0.3
2026-05-01,FRENCH POLYNESIA,8517,Telephone Sets & Network Equipment,True,0.0,0.324891,2026,5,0.0,0.4
2026-05-01,GABON,8517,Telephone Sets & Network Equipment,True,0.0,0.0,2026,5,0.0,0.0
2026-05-01,GAMBIA,8517,Telephone Sets & Network Equipment,True,0.0,0.0,2026,5,0.0,0.0
2026-05-01,GEORGIA,8517,Telephone Sets & Network Equipment,True,0.00578,0.668433,2026,5,0.0,0.7
2026-05-01,GERMANY,8517,Telephone Sets & Network Equipment,True,42.017922,108.11004,2026,5,46.2,118.9
2026-05-01,GHANA,8517,Telephone Sets & Network Equipment,True,0.003995,0.428175,2026,5,0.0,0.5
2026-05-01,GIBRALTAR,8517,Telephone Sets & Network Equipment,True,0.0,0.0,2026,5,0.0,0.0
2026-05-01,GREECE,8517,Telephone Sets & Network Equipment,True,0.18865,1.403987,2026,5,0.2,1.5
2026-05-01,GREENLAND,8517,Telephone Sets & Network Equipment,True,0.0,0.02995,2026,5,0.0,0.0
2026-05-01,GRENADA,8517,Telephone Sets & Network Equipment,True,0.0,0.089193,2026,5,0.0,0.1
2026-05-01,GUADELOUPE,8517,Telephone Sets & Network Equipment,True,0.0,0.106288,2026,5,0.0,0.1
2026-05-01,GUATEMALA,8517,Telephone Sets & Network Equipment,True,0.0,10.00806,2026,5,0.0,11.0
2026-05-01,GUINEA,8517,Telephone Sets & Network Equipment,True,0.0,0.01013,2026,5,0.0,0.0
2026-05-01,GUINEA-BISSAU,8517,Telephone Sets & Network Equipment,True,0.0,0.0,2026,5,0.0,0.0
2026-05-01,GUYANA,8517,Telephone Sets & Network Equipment,True,0.042,6.429644,2026,5,0.0,7.1
2026-05-01,HAITI,8517,Telephone Sets & Network Equipment,True,0.0,0.319098,2026,5,0.0,0.4
2026-05-01,HONDURAS,8517,Telephone Sets & Network Equipment,True,0.0,8.517456,2026,5,0.0,9.4
2026-05-01,HONG KONG,8517,Telephone Sets & Network Equipment,True,3.569349,446.182449,2026,5,3.9,490.8
2026-05-01,HUNGARY,8517,Telephone Sets & Network Equipment,True,5.752967,13.647937,2026,5,6.3,15.0
2026-05-01,ICELAND,8517,Telephone Sets & Network Equipment,True,0.014838,35.484933,2026,5,0.0,39.0
2026-05-01,INDIA,8517,Telephone Sets & Network Equipment,True,2770.070575,63.607704,2026,5,3047.1,70.0
2026-05-01,INDONESIA,8517,Telephone Sets & Network Equipment,True,128.586939,22.069662,2026,5,141.4,24.3
2026-05-01,IRAN,8517,Telephone Sets & Network Equipment,True,0.0,0.0,2026,5,0.0,0.0
2026-05-01,IRAQ,8517,Telephone Sets & Network Equipment,True,0.0,1.802854,2026,5,0.0,2.0
2026-05-01,IRELAND,8517,Telephone Sets & Network Equipment,True,10.40594,30.436619,2026,5,11.4,33.5
2026-05-01,ISRAEL,8517,Telephone Sets & Network Equipment,True,99.925658,65.633672,2026,5,109.9,72.2
2026-05-01,ITALY,8517,Telephone Sets & Network Equipment,True,7.38753,36.882408,2026,5,8.1,40.6
2026-05-01,JAMAICA,8517,Telephone Sets & Network Equipment,True,0.0,1.570526,2026,5,0.0,1.7
2026-05-01,JAPAN,8517,Telephone Sets & Network Equipment,True,39.836485,101.877784,2026,5,43.8,112.1
2026-05-01,JORDAN,8517,Telephone Sets & Network Equipment,True,0.0,9.803305,2026,5,0.0,10.8
2026-05-01,KAZAKHSTAN,8517,Telephone Sets & Network Equipment,True,0.008322,1.779774,2026,5,0.0,2.0
2026-05-01,KENYA,8517,Telephone Sets & Network Equipment,True,0.0,7.759488,2026,5,0.0,8.5
2026-05-01,KOSOVO,8517,Telephone Sets & Network Equipment,True,0.0,0.004153,2026,5,0.0,0.0
2026-05-01,KUWAIT,8517,Telephone Sets & Network Equipment,True,0.0,1.362119,2026,5,0.0,1.5
2026-05-01,KYRGYZSTAN,8517,Telephone Sets & Network Equipment,True,0.0,0.119411,2026,5,0.0,0.1
2026-05-01,LAFTA,8517,Telephone Sets & Network Equipment,True,1550.249129,1195.358798,2026,5,1705.3,1314.9
2026-05-01,LAOS,8517,Telephone Sets & Network Equipment,True,0.947729,0.0,2026,5,1.0,0.0
2026-05-01,LATVIA,8517,Telephone Sets & Network Equipment,True,2.928028,0.533519,2026,5,3.2,0.6
2026-05-01,LEBANON,8517,Telephone Sets & Network Equipment,True,0.378044,0.280025,2026,5,0.4,0.3
2026-05-01,LESOTHO,8517,Telephone Sets & Network Equipment,True,0.0,0.041745,2026,5,0.0,0.0
2026-05-01,LIBERIA,8517,Telephone Sets & Network Equipment,True,0.0,0.037054,2026,5,0.0,0.0
2026-05-01,LIBYA,8517,Telephone Sets & Network Equipment,True,0.0,0.019662,2026,5,0.0,0.0
2026-05-01,LIECHTENSTEIN,8517,Telephone Sets & Network Equipment,True,0.035137,0.0,2026,5,0.0,0.0
2026-05-01,LITHUANIA,8517,Telephone Sets & Network Equipment,True,3.786282,2.064993,2026,5,4.2,2.3
2026-05-01,LUXEMBOURG,8517,Telephone Sets & Network Equipment,True,0.119534,0.540838,2026,5,0.1,0.6
2026-05-01,MACAU,8517,Telephone Sets & Network Equipment,True,0.0,0.052474,2026,5,0.0,0.1
2026-05-01,MACEDONIA,8517,Telephone Sets & Network Equipment,True,1.061752,0.014898,2026,5,1.2,0.0
2026-05-01,MADAGASCAR,8517,Telephone Sets & Network Equipment,True,0.0,0.0,2026,5,0.0,0.0
2026-05-01,MALAWI,8517,Telephone Sets & Network Equipment,True,0.0,0.110498,2026,5,0.0,0.1
2026-05-01,MALAYSIA,8517,Telephone Sets & Network Equipment,True,748.336967,128.558406,2026,5,823.2,141.4
2026-05-01,MALDIVES,8517,Telephone Sets & Network Equipment,True,0.0,0.041154,2026,5,0.0,0.0
2026-05-01,MALI,8517,Telephone Sets & Network Equipment,True,0.0,0.0,2026,5,0.0,0.0
2026-05-01,MALTA,8517,Telephone Sets & Network Equipment,True,0.002886,0.448041,2026,5,0.0,0.5
2026-05-01,MARSHALL ISLANDS,8517,Telephone Sets & Network Equipment,True,0.0,0.0,2026,5,0.0,0.0
2026-05-01,MARTINIQUE,8517,Telephone Sets & Network Equipment,True,0.0,0.057455,2026,5,0.0,0.1
2026-05-01,MAURITANIA,8517,Telephone Sets & Network Equipment,True,0.0,0.091312,2026,5,0.0,0.1
2026-05-01,MAURITIUS,8517,Telephone Sets & Network Equipment,True,0.009571,0.234651,2026,5,0.0,0.3
2026-05-01,MEXICO,8517,Telephone Sets & Network Equipment,True,1529.965696,471.784775,2026,5,1683.0,519.0
2026-05-01,MICRONESIA,8517,Telephone Sets & Network Equipment,True,0.0,0.052875,2026,5,0.0,0.1
2026-05-01,MOLDOVA,8517,Telephone Sets & Network Equipment,True,0.01116,0.025882,2026,5,0.0,0.0
2026-05-01,MONACO,8517,Telephone Sets & Network Equipment,True,0.0,0.01291,2026,5,0.0,0.0
2026-05-01,MONGOLIA,8517,Telephone Sets & Network Equipment,True,0.0,0.494949,2026,5,0.0,0.5
2026-05-01,MONTENEGRO,8517,Telephone Sets & Network Equipment,True,0.0,0.0,2026,5,0.0,0.0
2026-05-01,MONTSERRAT,8517,Telephone Sets & Network Equipment,True,0.0,0.034873,2026,5,0.0,0.0
2026-05-01,MOROCCO,8517,Telephone Sets & Network Equipment,True,0.147995,0.388795,2026,5,0.2,0.4
2026-05-01,MOZAMBIQUE,8517,Telephone Sets & Network Equipment,True,0.0,0.145966,2026,5,0.0,0.2
2026-05-01,NAMIBIA,8517,Telephone Sets & Network Equipment,True,0.0,0.298932,2026,5,0.0,0.3
2026-05-01,NATO,8517,Telephone Sets & Network Equipment,True,342.73252,1246.044847,2026,5,377.0,1370.6
2026-05-01,NEPAL,8517,Telephone Sets & Network Equipment,True,0.0,0.019333,2026,5,0.0,0.0
2026-05-01,NETHERLANDS,8517,Telephone Sets & Network Equipment,True,2.647905,247.418644,2026,5,2.9,272.2
2026-05-01,NEW CALEDONIA,8517,Telephone Sets & Network Equipment,True,0.0,0.0,2026,5,0.0,0.0
2026-05-01,NEW ZEALAND,8517,Telephone Sets & Network Equipment,True,3.422246,7.112283,2026,5,3.8,7.8
2026-05-01,NICARAGUA,8517,Telephone Sets & Network Equipment,True,0.0,6.936744,2026,5,0.0,7.6
2026-05-01,NIGER,8517,Telephone Sets & Network Equipment,True,0.0,0.362962,2026,5,0.0,0.4
2026-05-01,NIGERIA,8517,Telephone Sets & Network Equipment,True,0.0,4.093163,2026,5,0.0,4.5
2026-05-01,NORTH AMERICA,8517,Telephone Sets & Network Equipment,True,1608.006413,891.485242,2026,5,1768.8,980.6
2026-05-01,NORWAY,8517,Telephone Sets & Network Equipment,True,4.046665,22.709201,2026,5,4.5,25.0
2026-05-01,OECD,8517,Telephone Sets & Network Equipment,True,2053.853531,2155.557703,2026,5,2259.2,2371.1
2026-05-01,OMAN,8517,Telephone Sets & Network Equipment,True,0.0,3.870966,2026,5,0.0,4.3
2026-05-01,PACIFIC RIM COUNTRIES,8517,Telephone Sets & Network Equipment,True,4222.017656,1157.295431,2026,5,4644.2,1273.0
2026-05-01,PAKISTAN,8517,Telephone Sets & Network Equipment,True,0.006712,0.271837,2026,5,0.0,0.3
2026-05-01,PALAU,8517,Telephone Sets & Network Equipment,True,0.0,0.00309,2026,5,0.0,0.0
2026-05-01,PANAMA,8517,Telephone Sets & Network Equipment,True,0.0,15.556329,2026,5,0.0,17.1
2026-05-01,PAPUA NEW GUINEA,8517,Telephone Sets & Network Equipment,True,0.0,0.152864,2026,5,0.0,0.2
2026-05-01,PARAGUAY,8517,Telephone Sets & Network Equipment,True,0.0,410.984961,2026,5,0.0,452.1
2026-05-01,PERU,8517,Telephone Sets & Network Equipment,True,0.0,23.603491,2026,5,0.0,26.0
2026-05-01,PHILIPPINES,8517,Telephone Sets & Network Equipment,True,116.823495,38.443262,2026,5,128.5,42.3
2026-05-01,POLAND,8517,Telephone Sets & Network Equipment,True,28.065822,23.779272,2026,5,30.9,26.2
2026-05-01,PORTUGAL,8517,Telephone Sets & Network Equipment,True,12.72507,0.637989,2026,5,14.0,0.7
2026-05-01,QATAR,8517,Telephone Sets & Network Equipment,True,0.005,10.05538,2026,5,0.0,11.1
2026-05-01,REUNION,8517,Telephone Sets & Network Equipment,True,0.002344,0.0,2026,5,0.0,0.0
2026-05-01,ROMANIA,8517,Telephone Sets & Network Equipment,True,28.808295,10.802334,2026,5,31.7,11.9
2026-05-01,RUSSIA,8517,Telephone Sets & Network Equipment,True,0.0,0.115531,2026,5,0.0,0.1
2026-05-01,RWANDA,8517,Telephone Sets & Network Equipment,True,0.0,0.292361,2026,5,0.0,0.3
2026-05-01,SAMOA,8517,Telephone Sets & Network Equipment,True,0.0,0.00609,2026,5,0.0,0.0
2026-05-01,SAN MARINO,8517,Telephone Sets & Network Equipment,True,0.0,0.0,2026,5,0.0,0.0
2026-05-01,SAO TOME AND PRINCIPE,8517,Telephone Sets & Network Equipment,True,0.0,0.0,2026,5,0.0,0.0
2026-05-01,SAUDI ARABIA,8517,Telephone Sets & Network Equipment,True,0.0,8.922523,2026,5,0.0,9.8
2026-05-01,SENEGAL,8517,Telephone Sets & Network Equipment,True,0.0,2.320501,2026,5,0.0,2.6
2026-05-01,SERBIA,8517,Telephone Sets & Network Equipment,True,0.0039,0.332897,2026,5,0.0,0.4
2026-05-01,SEYCHELLES,8517,Telephone Sets & Network Equipment,True,0.0,0.0,2026,5,0.0,0.0
2026-05-01,SIERRA LEONE,8517,Telephone Sets & Network Equipment,True,0.0,0.011628,2026,5,0.0,0.0
2026-05-01,SINGAPORE,8517,Telephone Sets & Network Equipment,True,33.666514,100.037054,2026,5,37.0,110.0
2026-05-01,SINT MAARTEN,8517,Telephone Sets & Network Equipment,True,0.0,0.891879,2026,5,0.0,1.0
2026-05-01,SLOVAKIA,8517,Telephone Sets & Network Equipment,True,0.126777,0.333849,2026,5,0.1,0.4
2026-05-01,SLOVENIA,8517,Telephone Sets & Network Equipment,True,1.45919,0.239687,2026,5,1.6,0.3
2026-05-01,SOLOMON ISLANDS,8517,Telephone Sets & Network Equipment,True,0.0,0.113247,2026,5,0.0,0.1
2026-05-01,SOMALIA,8517,Telephone Sets & Network Equipment,True,0.0,0.0,2026,5,0.0,0.0
2026-05-01,SOUTH AFRICA,8517,Telephone Sets & Network Equipment,True,0.781582,12.105098,2026,5,0.9,13.3
2026-05-01,SOUTH AMERICA,8517,Telephone Sets & Network Equipment,True,20.325433,733.171496,2026,5,22.4,806.5
2026-05-01,SOUTH SUDAN,8517,Telephone Sets & Network Equipment,True,0.0,0.002589,2026,5,0.0,0.0
2026-05-01,SPAIN,8517,Telephone Sets & Network Equipment,True,1.31759,12.22761,2026,5,1.4,13.5
2026-05-01,SRI LANKA,8517,Telephone Sets & Network Equipment,True,0.062583,0.079973,2026,5,0.1,0.1
2026-05-01,ST HELENA,8517,Telephone Sets & Network Equipment,True,0.0,0.007582,2026,5,0.0,0.0
2026-05-01,ST KITTS AND NEVIS,8517,Telephone Sets & Network Equipment,True,0.0,0.101568,2026,5,0.0,0.1
2026-05-01,ST LUCIA,8517,Telephone Sets & Network Equipment,True,0.0,0.299249,2026,5,0.0,0.3
2026-05-01,ST VINCENT AND THE GRENADINES,8517,Telephone Sets & Network Equipment,True,0.0,0.087385,2026,5,0.0,0.1
2026-05-01,SURINAME,8517,Telephone Sets & Network Equipment,True,0.0,2.871181,2026,5,0.0,3.2
2026-05-01,SWEDEN,8517,Telephone Sets & Network Equipment,True,6.531658,77.863148,2026,5,7.2,85.6
2026-05-01,SWITZERLAND,8517,Telephone Sets & Network Equipment,True,2.922092,5.566392,2026,5,3.2,6.1
2026-05-01,South Korea,8517,Telephone Sets & Network Equipment,True,48.410415,21.233626,2026,5,53.3,23.4
2026-05-01,TAIWAN,8517,Telephone Sets & Network Equipment,True,1282.592516,152.157748,2026,5,1410.9,167.4
2026-05-01,TAJIKISTAN,8517,Telephone Sets & Network Equipment,True,0.0,0.105455,2026,5,0.0,0.1
2026-05-01,TANZANIA,8517,Telephone Sets & Network Equipment,True,0.0,0.016813,2026,5,0.0,0.0
2026-05-01,THAILAND,8517,Telephone Sets & Network Equipment,True,2676.375462,53.750676,2026,5,2944.0,59.1
2026-05-01,TIMOR-LESTE,8517,Telephone Sets & Network Equipment,True,0.0,0.0,2026,5,0.0,0.0
2026-05-01,TOGO,8517,Telephone Sets & Network Equipment,True,0.0,0.0,2026,5,0.0,0.0
2026-05-01,TONGA,8517,Telephone Sets & Network Equipment,True,0.0,0.034811,2026,5,0.0,0.0
2026-05-01,TOTAL FOR ALL COUNTRIES,8517,Telephone Sets & Network Equipment,True,15092.333377,4319.827952,2026,5,16601.6,4751.8
2026-05-01,TRINIDAD AND TOBAGO,8517,Telephone Sets & Network Equipment,True,0.004803,3.766374,2026,5,0.0,4.1
2026-05-01,TUNISIA,8517,Telephone Sets & Network Equipment,True,0.151577,0.094798,2026,5,0.2,0.1
2026-05-01,TURKEY,8517,Telephone Sets & Network Equipment,True,2.552908,7.010646,2026,5,2.8,7.7
2026-05-01,TURKMENISTAN,8517,Telephone Sets & Network Equipment,True,0.0,0.0,2026,5,0.0,0.0
2026-05-01,TURKS AND CAICOS ISLANDS,8517,Telephone Sets & Network Equipment,True,0.0,0.138394,2026,5,0.0,0.2
2026-05-01,TWENTY LATIN AMERICAN REPUBLICS,8517,Telephone Sets & Network Equipment,True,1551.150874,1287.131914,2026,5,1706.3,1415.8
2026-05-01,UGANDA,8517,Telephone Sets & Network Equipment,True,0.0,0.723283,2026,5,0.0,0.8
2026-05-01,UKRAINE,8517,Telephone Sets & Network Equipment,True,2.362196,23.645141,2026,5,2.6,26.0
2026-05-01,UNITED ARAB EMIRATES,8517,Telephone Sets & Network Equipment,True,0.559142,190.184985,2026,5,0.6,209.2
2026-05-01,UNITED KINGDOM,8517,Telephone Sets & Network Equipment,True,29.108084,107.568058,2026,5,32.0,118.3
2026-05-01,URUGUAY,8517,Telephone Sets & Network Equipment,True,0.016517,16.390178,2026,5,0.0,18.0
2026-05-01,USMCA (NAFTA),8517,Telephone Sets & Network Equipment,True,1608.006413,891.455292,2026,5,1768.8,980.6
2026-05-01,UZBEKISTAN,8517,Telephone Sets & Network Equipment,True,0.0,0.257589,2026,5,0.0,0.3
2026-05-01,VANUATU,8517,Telephone Sets & Network Equipment,True,0.0,0.003668,2026,5,0.0,0.0
2026-05-01,VATICAN CITY,8517,Telephone Sets & Network Equipment,True,0.0,0.003465,2026,5,0.0,0.0
2026-05-01,VENEZUELA,8517,Telephone Sets & Network Equipment,True,0.002808,31.091084,2026,5,0.0,34.2
2026-05-01,VIETNAM,8517,Telephone Sets & Network Equipment,True,3403.394845,73.448477,2026,5,3743.7,80.8
2026-05-01,YEMEN,8517,Telephone Sets & Network Equipment,True,0.0,0.054,2026,5,0.0,0.1
2026-05-01,ZAMBIA,8517,Telephone Sets & Network Equipment,True,0.0,0.11771,2026,5,0.0,0.1
2026-05-01,ZIMBABWE,8517,Telephone Sets & Network Equipment,True,0.0,0.36776,2026,5,0.0,0.4
2026-05-01,AFGHANISTAN,8542,Electronic Integrated Circuits,True,0.0,0.0,2026,5,0.0,0.0
2026-05-01,AFRICA,8542,Electronic Integrated Circuits,True,0.407257,1.892849,2026,5,0.4,2.1
2026-05-01,ALBANIA,8542,Electronic Integrated Circuits,True,0.0,0.0,2026,5,0.0,0.0
2026-05-01,ALGERIA,8542,Electronic Integrated Circuits,True,0.0,0.030808,2026,5,0.0,0.0
2026-05-01,ANGOLA,8542,Electronic Integrated Circuits,True,0.0,0.0,2026,5,0.0,0.0
2026-05-01,ANGUILLA,8542,Electronic Integrated Circuits,True,0.0,0.0029,2026,5,0.0,0.0
2026-05-01,ANTIGUA AND BARBUDA,8542,Electronic Integrated Circuits,True,0.0,0.0,2026,5,0.0,0.0
2026-05-01,APEC,8542,Electronic Integrated Circuits,True,3528.201414,3994.708861,2026,5,3881.0,4394.2
2026-05-01,ARGENTINA,8542,Electronic Integrated Circuits,True,0.0704,5.120566,2026,5,0.1,5.6
2026-05-01,ARMENIA,8542,Electronic Integrated Circuits,True,0.0,0.004656,2026,5,0.0,0.0
2026-05-01,ARUBA,8542,Electronic Integrated Circuits,True,0.0,0.015826,2026,5,0.0,0.0
2026-05-01,ASEAN,8542,Electronic Integrated Circuits,True,1032.651888,1283.049095,2026,5,1135.9,1411.4
2026-05-01,ASIA,8542,Electronic Integrated Circuits,True,3883.464625,3123.315643,2026,5,4271.8,3435.6
2026-05-01,AUSTRALIA,8542,Electronic Integrated Circuits,True,0.235408,2.933538,2026,5,0.3,3.2
2026-05-01,AUSTRALIA AND OCEANIA,8542,Electronic Integrated Circuits,True,0.250638,3.211355,2026,5,0.3,3.5
2026-05-01,AUSTRIA,8542,Electronic Integrated Circuits,True,6.606933,1.249071,2026,5,7.3,1.4
2026-05-01,AZERBAIJAN,8542,Electronic Integrated Circuits,True,0.0,0.00519,2026,5,0.0,0.0
2026-05-01,BAHAMAS,8542,Electronic Integrated Circuits,True,0.0,0.035492,2026,5,0.0,0.0
2026-05-01,BAHRAIN,8542,Electronic Integrated Circuits,True,0.0,0.010959,2026,5,0.0,0.0
2026-05-01,BANGLADESH,8542,Electronic Integrated Circuits,True,0.0,0.06181,2026,5,0.0,0.1
2026-05-01,BARBADOS,8542,Electronic Integrated Circuits,True,0.0,0.022017,2026,5,0.0,0.0
2026-05-01,BELGIUM,8542,Electronic Integrated Circuits,True,1.205294,4.650701,2026,5,1.3,5.1
2026-05-01,BELIZE,8542,Electronic Integrated Circuits,True,0.0,0.0,2026,5,0.0,0.0
2026-05-01,BENIN,8542,Electronic Integrated Circuits,True,0.0,0.0,2026,5,0.0,0.0
2026-05-01,BERMUDA,8542,Electronic Integrated Circuits,True,0.0,0.0,2026,5,0.0,0.0
2026-05-01,BOLIVIA,8542,Electronic Integrated Circuits,True,0.0,0.2885,2026,5,0.0,0.3
2026-05-01,BOSNIA AND HERZEGOVINA,8542,Electronic Integrated Circuits,True,0.0,0.003133,2026,5,0.0,0.0
2026-05-01,BRAZIL,8542,Electronic Integrated Circuits,True,2.201144,89.401615,2026,5,2.4,98.3
2026-05-01,BRITISH INDIAN OCEAN TERRITORIES,8542,Electronic Integrated Circuits,True,0.0,0.0,2026,5,0.0,0.0
2026-05-01,BRUNEI,8542,Electronic Integrated Circuits,True,0.0,0.00653,2026,5,0.0,0.0
2026-05-01,BULGARIA,8542,Electronic Integrated Circuits,True,0.148548,0.626336,2026,5,0.2,0.7
2026-05-01,BURMA,8542,Electronic Integrated Circuits,True,0.0,0.0,2026,5,0.0,0.0
2026-05-01,BURUNDI,8542,Electronic Integrated Circuits,True,0.0,0.0,2026,5,0.0,0.0
2026-05-01,CACM,8542,Electronic Integrated Circuits,True,35.252901,11.675884,2026,5,38.8,12.8
2026-05-01,CAFTA-DR,8542,Electronic Integrated Circuits,True,35.366467,12.791046,2026,5,38.9,14.1
2026-05-01,CAMBODIA,8542,Electronic Integrated Circuits,True,0.165927,0.037999,2026,5,0.2,0.0
2026-05-01,CAMEROON,8542,Electronic Integrated Circuits,True,0.0,0.0,2026,5,0.0,0.0
2026-05-01,CANADA,8542,Electronic Integrated Circuits,True,10.565209,68.790155,2026,5,11.6,75.7
2026-05-01,CAYMAN ISLANDS,8542,Electronic Integrated Circuits,True,0.00693,0.011635,2026,5,0.0,0.0
2026-05-01,CENTRAL AMERICA,8542,Electronic Integrated Circuits,True,35.424382,14.11902,2026,5,39.0,15.5
2026-05-01,CHILE,8542,Electronic Integrated Circuits,True,0.0,1.724326,2026,5,0.0,1.9
2026-05-01,CHINA,8542,Electronic Integrated Circuits,True,113.7362,1032.059119,2026,5,125.1,1135.3
2026-05-01,COLOMBIA,8542,Electronic Integrated Circuits,True,0.166256,1.455424,2026,5,0.2,1.6
2026-05-01,COSTA RICA,8542,Electronic Integrated Circuits,True,34.776344,10.160213,2026,5,38.3,11.2
2026-05-01,CROATIA,8542,Electronic Integrated Circuits,True,0.045901,0.192421,2026,5,0.1,0.2
2026-05-01,CURACAO,8542,Electronic Integrated Circuits,True,0.0,0.00511,2026,5,0.0,0.0
2026-05-01,CYPRUS,8542,Electronic Integrated Circuits,True,0.002068,0.002559,2026,5,0.0,0.0
2026-05-01,CZECH REPUBLIC,8542,Electronic Integrated Circuits,True,1.182291,21.546009,2026,5,1.3,23.7
2026-05-01,DENMARK,8542,Electronic Integrated Circuits,True,0.465829,2.267741,2026,5,0.5,2.5
2026-05-01,DOMINICAN REPUBLIC,8542,Electronic Integrated Circuits,True,0.113566,1.115162,2026,5,0.1,1.2
2026-05-01,ECUADOR,8542,Electronic Integrated Circuits,True,0.096494,0.695116,2026,5,0.1,0.8
2026-05-01,EGYPT,8542,Electronic Integrated Circuits,True,0.0,0.253567,2026,5,0.0,0.3
2026-05-01,EL SALVADOR,8542,Electronic Integrated Circuits,True,0.202167,0.619532,2026,5,0.2,0.7
2026-05-01,EQUATORIAL GUINEA,8542,Electronic Integrated Circuits,True,0.0,0.0,2026,5,0.0,0.0
2026-05-01,ESTONIA,8542,Electronic Integrated Circuits,True,0.0,1.100996,2026,5,0.0,1.2
2026-05-01,ESWATINI,8542,Electronic Integrated Circuits,True,0.0,0.0,2026,5,0.0,0.0
2026-05-01,ETHIOPIA,8542,Electronic Integrated Circuits,True,0.0,0.006375,2026,5,0.0,0.0
2026-05-01,EURO AREA,8542,Electronic Integrated Circuits,True,507.020281,189.200864,2026,5,557.7,208.1
2026-05-01,EUROPE,8542,Electronic Integrated Circuits,True,525.305297,376.918594,2026,5,577.8,414.6
2026-05-01,EUROPEAN UNION,8542,Electronic Integrated Circuits,True,511.390508,306.889253,2026,5,562.5,337.6
2026-05-01,FAROE ISLANDS,8542,Electronic Integrated Circuits,True,0.0,0.0,2026,5,0.0,0.0
2026-05-01,FIJI,8542,Electronic Integrated Circuits,True,0.0,0.00588,2026,5,0.0,0.0
2026-05-01,FINLAND,8542,Electronic Integrated Circuits,True,0.049008,2.877655,2026,5,0.1,3.2
2026-05-01,FRANCE,8542,Electronic Integrated Circuits,True,49.294801,14.113567,2026,5,54.2,15.5
2026-05-01,FRENCH GUIANA,8542,Electronic Integrated Circuits,True,0.0,0.0,2026,5,0.0,0.0
2026-05-01,FRENCH POLYNESIA,8542,Electronic Integrated Circuits,True,0.0,0.02,2026,5,0.0,0.0
2026-05-01,GABON,8542,Electronic Integrated Circuits,True,0.0,0.008,2026,5,0.0,0.0
2026-05-01,GEORGIA,8542,Electronic Integrated Circuits,True,0.0,0.0,2026,5,0.0,0.0
2026-05-01,GERMANY,8542,Electronic Integrated Circuits,True,62.736402,37.194344,2026,5,69.0,40.9
2026-05-01,GHANA,8542,Electronic Integrated Circuits,True,0.0,0.010466,2026,5,0.0,0.0
2026-05-01,GREECE,8542,Electronic Integrated Circuits,True,0.576832,2.130151,2026,5,0.6,2.3
2026-05-01,GRENADA,8542,Electronic Integrated Circuits,True,0.0,0.0,2026,5,0.0,0.0
2026-05-01,GUADELOUPE,8542,Electronic Integrated Circuits,True,0.0,0.0,2026,5,0.0,0.0
2026-05-01,GUATEMALA,8542,Electronic Integrated Circuits,True,0.27439,0.599609,2026,5,0.3,0.7
2026-05-01,GUYANA,8542,Electronic Integrated Circuits,True,0.0,0.0,2026,5,0.0,0.0
2026-05-01,HAITI,8542,Electronic Integrated Circuits,True,0.0,0.004715,2026,5,0.0,0.0
2026-05-01,HONDURAS,8542,Electronic Integrated Circuits,True,0.0,0.143197,2026,5,0.0,0.2
2026-05-01,HONG KONG,8542,Electronic Integrated Circuits,True,2.2567,136.564247,2026,5,2.5,150.2
2026-05-01,HUNGARY,8542,Electronic Integrated Circuits,True,1.323089,76.573975,2026,5,1.5,84.2
2026-05-01,ICELAND,8542,Electronic Integrated Circuits,True,0.002886,0.0,2026,5,0.0,0.0
2026-05-01,INDIA,8542,Electronic Integrated Circuits,True,1.099112,13.6969,2026,5,1.2,15.1
2026-05-01,INDONESIA,8542,Electronic Integrated Circuits,True,0.961403,0.235607,2026,5,1.1,0.3
2026-05-01,IRELAND,8542,Electronic Integrated Circuits,True,360.257271,67.47231,2026,5,396.3,74.2
2026-05-01,ISRAEL,8542,Electronic Integrated Circuits,True,382.567768,25.123041,2026,5,420.8,27.6
2026-05-01,ITALY,8542,Electronic Integrated Circuits,True,10.511069,9.868445,2026,5,11.6,10.9
2026-05-01,JAMAICA,8542,Electronic Integrated Circuits,True,0.0,0.164344,2026,5,0.0,0.2
2026-05-01,JAPAN,8542,Electronic Integrated Circuits,True,199.285302,56.089507,2026,5,219.2,61.7
2026-05-01,JORDAN,8542,Electronic Integrated Circuits,True,0.0,0.0,2026,5,0.0,0.0
2026-05-01,KAZAKHSTAN,8542,Electronic Integrated Circuits,True,0.0,0.002803,2026,5,0.0,0.0
2026-05-01,KENYA,8542,Electronic Integrated Circuits,True,0.0,0.00849,2026,5,0.0,0.0
2026-05-01,KUWAIT,8542,Electronic Integrated Circuits,True,0.0,0.122488,2026,5,0.0,0.1
2026-05-01,KYRGYZSTAN,8542,Electronic Integrated Circuits,True,0.0,0.0,2026,5,0.0,0.0
2026-05-01,LAFTA,8542,Electronic Integrated Circuits,True,20.914235,940.471948,2026,5,23.0,1034.5
2026-05-01,LAOS,8542,Electronic Integrated Circuits,True,0.0048,0.0,2026,5,0.0,0.0
2026-05-01,LATVIA,8542,Electronic Integrated Circuits,True,0.027378,0.189906,2026,5,0.0,0.2
2026-05-01,LEBANON,8542,Electronic Integrated Circuits,True,0.0,0.0,2026,5,0.0,0.0
2026-05-01,LIBERIA,8542,Electronic Integrated Circuits,True,0.0,0.0,2026,5,0.0,0.0
2026-05-01,LIBYA,8542,Electronic Integrated Circuits,True,0.0,0.007888,2026,5,0.0,0.0
2026-05-01,LIECHTENSTEIN,8542,Electronic Integrated Circuits,True,0.0,0.0,2026,5,0.0,0.0
2026-05-01,LITHUANIA,8542,Electronic Integrated Circuits,True,0.77979,0.96617,2026,5,0.9,1.1
2026-05-01,LUXEMBOURG,8542,Electronic Integrated Circuits,True,0.0,0.143186,2026,5,0.0,0.2
2026-05-01,MACAU,8542,Electronic Integrated Circuits,True,0.0,0.091349,2026,5,0.0,0.1
2026-05-01,MACEDONIA,8542,Electronic Integrated Circuits,True,0.0,0.028066,2026,5,0.0,0.0
2026-05-01,MALAWI,8542,Electronic Integrated Circuits,True,0.0,0.0,2026,5,0.0,0.0
2026-05-01,MALAYSIA,8542,Electronic Integrated Circuits,True,552.854213,806.097152,2026,5,608.1,886.7
2026-05-01,MALDIVES,8542,Electronic Integrated Circuits,True,0.0,0.0,2026,5,0.0,0.0
2026-05-01,MALI,8542,Electronic Integrated Circuits,True,0.002054,0.0,2026,5,0.0,0.0
2026-05-01,MALTA,8542,Electronic Integrated Circuits,True,5.752618,1.285339,2026,5,6.3,1.4
2026-05-01,MARSHALL ISLANDS,8542,Electronic Integrated Circuits,True,0.0,0.0,2026,5,0.0,0.0
2026-05-01,MARTINIQUE,8542,Electronic Integrated Circuits,True,0.0,0.0,2026,5,0.0,0.0
2026-05-01,MAURITANIA,8542,Electronic Integrated Circuits,True,0.0,0.0,2026,5,0.0,0.0
2026-05-01,MAURITIUS,8542,Electronic Integrated Circuits,True,0.021395,0.004182,2026,5,0.0,0.0
2026-05-01,MEXICO,8542,Electronic Integrated Circuits,True,17.851617,837.09676,2026,5,19.6,920.8
2026-05-01,MOLDOVA,8542,Electronic Integrated Circuits,True,0.0,0.0,2026,5,0.0,0.0
2026-05-01,MONGOLIA,8542,Electronic Integrated Circuits,True,0.0,0.0,2026,5,0.0,0.0
2026-05-01,MONTENEGRO,8542,Electronic Integrated Circuits,True,0.0,0.0,2026,5,0.0,0.0
2026-05-01,MOROCCO,8542,Electronic Integrated Circuits,True,0.259811,0.041745,2026,5,0.3,0.0
2026-05-01,NAMIBIA,8542,Electronic Integrated Circuits,True,0.0,0.02766,2026,5,0.0,0.0
2026-05-01,NATO,8542,Electronic Integrated Circuits,True,159.223985,367.895668,2026,5,175.1,404.7
2026-05-01,NEPAL,8542,Electronic Integrated Circuits,True,0.0,0.0,2026,5,0.0,0.0
2026-05-01,NETHERLANDS,8542,Electronic Integrated Circuits,True,8.216025,28.424226,2026,5,9.0,31.3
2026-05-01,NEW ZEALAND,8542,Electronic Integrated Circuits,True,0.01523,0.231815,2026,5,0.0,0.3
2026-05-01,NICARAGUA,8542,Electronic Integrated Circuits,True,0.0,0.153333,2026,5,0.0,0.2
2026-05-01,NIGER,8542,Electronic Integrated Circuits,True,0.008283,0.0,2026,5,0.0,0.0
2026-05-01,NIGERIA,8542,Electronic Integrated Circuits,True,0.0,0.0,2026,5,0.0,0.0
2026-05-01,NORTH AMERICA,8542,Electronic Integrated Circuits,True,28.416826,905.886915,2026,5,31.3,996.5
2026-05-01,NORWAY,8542,Electronic Integrated Circuits,True,0.341065,0.849858,2026,5,0.4,0.9
2026-05-01,OECD,8542,Electronic Integrated Circuits,True,1519.577315,1508.633623,2026,5,1671.5,1659.5
2026-05-01,OMAN,8542,Electronic Integrated Circuits,True,0.0,0.017096,2026,5,0.0,0.0
2026-05-01,PACIFIC RIM COUNTRIES,8542,Electronic Integrated Circuits,True,3149.506916,2824.414555,2026,5,3464.5,3106.9
2026-05-01,PAKISTAN,8542,Electronic Integrated Circuits,True,0.0,0.150051,2026,5,0.0,0.2
2026-05-01,PANAMA,8542,Electronic Integrated Circuits,True,0.0,0.192284,2026,5,0.0,0.2
2026-05-01,PARAGUAY,8542,Electronic Integrated Circuits,True,0.0,0.895714,2026,5,0.0,1.0
2026-05-01,PERU,8542,Electronic Integrated Circuits,True,0.0,3.093423,2026,5,0.0,3.4
2026-05-01,PHILIPPINES,8542,Electronic Integrated Circuits,True,68.730334,123.531293,2026,5,75.6,135.9
2026-05-01,POLAND,8542,Electronic Integrated Circuits,True,0.500341,5.37141,2026,5,0.6,5.9
2026-05-01,PORTUGAL,8542,Electronic Integrated Circuits,True,0.119182,10.837553,2026,5,0.1,11.9
2026-05-01,QATAR,8542,Electronic Integrated Circuits,True,0.0,0.278532,2026,5,0.0,0.3
2026-05-01,ROMANIA,8542,Electronic Integrated Circuits,True,0.117042,2.747324,2026,5,0.1,3.0
2026-05-01,RUSSIA,8542,Electronic Integrated Circuits,True,0.0,0.004138,2026,5,0.0,0.0
2026-05-01,RWANDA,8542,Electronic Integrated Circuits,True,0.0,0.0,2026,5,0.0,0.0
2026-05-01,SAN MARINO,8542,Electronic Integrated Circuits,True,0.00291,0.0,2026,5,0.0,0.0
2026-05-01,SAUDI ARABIA,8542,Electronic Integrated Circuits,True,0.0,1.339881,2026,5,0.0,1.5
2026-05-01,SENEGAL,8542,Electronic Integrated Circuits,True,0.0,0.003181,2026,5,0.0,0.0
2026-05-01,SERBIA,8542,Electronic Integrated Circuits,True,0.01464,0.30747,2026,5,0.0,0.3
2026-05-01,SIERRA LEONE,8542,Electronic Integrated Circuits,True,0.0,0.0,2026,5,0.0,0.0
2026-05-01,SINGAPORE,8542,Electronic Integrated Circuits,True,59.657539,93.463661,2026,5,65.6,102.8
2026-05-01,SINT MAARTEN,8542,Electronic Integrated Circuits,True,0.0,0.0,2026,5,0.0,0.0
2026-05-01,SLOVAKIA,8542,Electronic Integrated Circuits,True,0.229272,0.524656,2026,5,0.3,0.6
2026-05-01,SLOVENIA,8542,Electronic Integrated Circuits,True,0.044332,0.190477,2026,5,0.0,0.2
2026-05-01,SOLOMON ISLANDS,8542,Electronic Integrated Circuits,True,0.0,0.020122,2026,5,0.0,0.0
2026-05-01,SOUTH AFRICA,8542,Electronic Integrated Circuits,True,0.115714,1.415535,2026,5,0.1,1.6
2026-05-01,SOUTH AMERICA,8542,Electronic Integrated Circuits,True,3.062618,103.402028,2026,5,3.4,113.7
2026-05-01,SPAIN,8542,Electronic Integrated Circuits,True,0.417557,5.160795,2026,5,0.5,5.7
2026-05-01,SRI LANKA,8542,Electronic Integrated Circuits,True,0.059857,0.163915,2026,5,0.1,0.2
2026-05-01,ST KITTS AND NEVIS,8542,Electronic Integrated Circuits,True,0.0,0.004821,2026,5,0.0,0.0
2026-05-01,ST LUCIA,8542,Electronic Integrated Circuits,True,0.0,0.00494,2026,5,0.0,0.0
2026-05-01,ST VINCENT AND THE GRENADINES,8542,Electronic Integrated Circuits,True,0.0,0.003208,2026,5,0.0,0.0
2026-05-01,SURINAME,8542,Electronic Integrated Circuits,True,0.0,0.02684,2026,5,0.0,0.0
2026-05-01,SWEDEN,8542,Electronic Integrated Circuits,True,0.781635,9.18193,2026,5,0.9,10.1
2026-05-01,SWITZERLAND,8542,Electronic Integrated Circuits,True,4.007168,5.37134,2026,5,4.4,5.9
2026-05-01,South Korea,8542,Electronic Integrated Circuits,True,354.895524,135.424757,2026,5,390.4,149.0
2026-05-01,TAIWAN,8542,Electronic Integrated Circuits,True,1796.879063,437.68598,2026,5,1976.6,481.5
2026-05-01,TANZANIA,8542,Electronic Integrated Circuits,True,0.0,0.0,2026,5,0.0,0.0
2026-05-01,THAILAND,8542,Electronic Integrated Circuits,True,82.745756,91.760786,2026,5,91.0,100.9
2026-05-01,TOTAL FOR ALL COUNTRIES,8542,Electronic Integrated Circuits,True,4476.331643,4528.746404,2026,5,4924.0,4981.6
2026-05-01,TRINIDAD AND TOBAGO,8542,Electronic Integrated Circuits,True,0.0,0.790729,2026,5,0.0,0.9
2026-05-01,TUNISIA,8542,Electronic Integrated Circuits,True,0.0,0.071106,2026,5,0.0,0.1
2026-05-01,TURKEY,8542,Electronic Integrated Circuits,True,2.600328,9.573969,2026,5,2.9,10.5
2026-05-01,TURKS AND CAICOS ISLANDS,8542,Electronic Integrated Circuits,True,0.050985,0.069953,2026,5,0.1,0.1
2026-05-01,TWENTY LATIN AMERICAN REPUBLICS,8542,Electronic Integrated Circuits,True,56.280702,953.459993,2026,5,61.9,1048.8
2026-05-01,UKRAINE,8542,Electronic Integrated Circuits,True,0.002913,2.105072,2026,5,0.0,2.3
2026-05-01,UNITED ARAB EMIRATES,8542,Electronic Integrated Circuits,True,0.033211,1.386916,2026,5,0.0,1.5
2026-05-01,UNITED KINGDOM,8542,Electronic Integrated Circuits,True,6.942879,51.773646,2026,5,7.6,57.0
2026-05-01,URUGUAY,8542,Electronic Integrated Circuits,True,0.0,0.343008,2026,5,0.0,0.4
2026-05-01,USMCA (NAFTA),8542,Electronic Integrated Circuits,True,28.416826,905.886915,2026,5,31.3,996.5
2026-05-01,UZBEKISTAN,8542,Electronic Integrated Circuits,True,0.0,0.0,2026,5,0.0,0.0
2026-05-01,VENEZUELA,8542,Electronic Integrated Circuits,True,0.528324,0.357496,2026,5,0.6,0.4
2026-05-01,VIETNAM,8542,Electronic Integrated Circuits,True,267.531916,167.916067,2026,5,294.3,184.7
2026-05-01,ZAMBIA,8542,Electronic Integrated Circuits,True,0.0,0.003846,2026,5,0.0,0.0
2026-05-01,AFGHANISTAN,8703,Motor Cars & Vehicles,False,0.0,0.0135,2026,5,0.0,0.0
2026-05-01,AFRICA,8703,Motor Cars & Vehicles,False,74.464715,248.661989,2026,5,81.9,273.5
2026-05-01,ALBANIA,8703,Motor Cars & Vehicles,False,0.0,15.282796,2026,5,0.0,16.8
2026-05-01,ALGERIA,8703,Motor Cars & Vehicles,False,0.0,2.427559,2026,5,0.0,2.7
2026-05-01,ANDORRA,8703,Motor Cars & Vehicles,False,0.0,0.0,2026,5,0.0,0.0
2026-05-01,ANGOLA,8703,Motor Cars & Vehicles,False,0.0,0.580729,2026,5,0.0,0.6
2026-05-01,ANGUILLA,8703,Motor Cars & Vehicles,False,0.0,0.167101,2026,5,0.0,0.2
2026-05-01,ANTIGUA AND BARBUDA,8703,Motor Cars & Vehicles,False,0.0,0.089234,2026,5,0.0,0.1
2026-05-01,APEC,8703,Motor Cars & Vehicles,False,11320.914751,2124.694634,2026,5,12453.0,2337.2
2026-05-01,ARGENTINA,8703,Motor Cars & Vehicles,False,0.0,1.56558,2026,5,0.0,1.7
2026-05-01,ARMENIA,8703,Motor Cars & Vehicles,False,0.0,6.557504,2026,5,0.0,7.2
2026-05-01,ARUBA,8703,Motor Cars & Vehicles,False,0.0,0.3912,2026,5,0.0,0.4
2026-05-01,ASEAN,8703,Motor Cars & Vehicles,False,34.741469,24.120629,2026,5,38.2,26.5
2026-05-01,ASIA,8703,Motor Cars & Vehicles,False,5571.990895,868.442192,2026,5,6129.2,955.3
2026-05-01,AUSTRALIA,8703,Motor Cars & Vehicles,False,0.0,63.857537,2026,5,0.0,70.2
2026-05-01,AUSTRALIA AND OCEANIA,8703,Motor Cars & Vehicles,False,0.045728,78.746606,2026,5,0.1,86.6
2026-05-01,AUSTRIA,8703,Motor Cars & Vehicles,False,198.680615,42.187739,2026,5,218.5,46.4
2026-05-01,AZERBAIJAN,8703,Motor Cars & Vehicles,False,0.0,0.617896,2026,5,0.0,0.7
2026-05-01,BAHAMAS,8703,Motor Cars & Vehicles,False,0.0,8.629508,2026,5,0.0,9.5
2026-05-01,BAHRAIN,8703,Motor Cars & Vehicles,False,0.0,0.717352,2026,5,0.0,0.8
2026-05-01,BANGLADESH,8703,Motor Cars & Vehicles,False,0.0,0.0,2026,5,0.0,0.0
2026-05-01,BARBADOS,8703,Motor Cars & Vehicles,False,0.0,0.05,2026,5,0.0,0.1
2026-05-01,BELGIUM,8703,Motor Cars & Vehicles,False,96.457556,112.091601,2026,5,106.1,123.3
2026-05-01,BELIZE,8703,Motor Cars & Vehicles,False,0.0,2.412742,2026,5,0.0,2.7
2026-05-01,BENIN,8703,Motor Cars & Vehicles,False,0.0,26.853821,2026,5,0.0,29.5
2026-05-01,BERMUDA,8703,Motor Cars & Vehicles,False,0.0,0.0082,2026,5,0.0,0.0
2026-05-01,BOLIVIA,8703,Motor Cars & Vehicles,False,0.0,3.081234,2026,5,0.0,3.4
2026-05-01,BOSNIA AND HERZEGOVINA,8703,Motor Cars & Vehicles,False,0.0,0.379554,2026,5,0.0,0.4
2026-05-01,BOTSWANA,8703,Motor Cars & Vehicles,False,0.0,0.0,2026,5,0.0,0.0
2026-05-01,BRAZIL,8703,Motor Cars & Vehicles,False,0.755449,31.481977,2026,5,0.8,34.6
2026-05-01,BRITISH VIRGIN ISLANDS,8703,Motor Cars & Vehicles,False,0.0,0.356571,2026,5,0.0,0.4
2026-05-01,BRUNEI,8703,Motor Cars & Vehicles,False,0.0,0.125,2026,5,0.0,0.1
2026-05-01,BULGARIA,8703,Motor Cars & Vehicles,False,0.0,2.468266,2026,5,0.0,2.7
2026-05-01,BURKINA FASO,8703,Motor Cars & Vehicles,False,0.0,0.404665,2026,5,0.0,0.4
2026-05-01,CABO VERDE,8703,Motor Cars & Vehicles,False,0.0,0.200082,2026,5,0.0,0.2
2026-05-01,CACM,8703,Motor Cars & Vehicles,False,0.0,98.150862,2026,5,0.0,108.0
2026-05-01,CAFTA-DR,8703,Motor Cars & Vehicles,False,0.0,162.356354,2026,5,0.0,178.6
2026-05-01,CAMBODIA,8703,Motor Cars & Vehicles,False,0.36236,12.943582,2026,5,0.4,14.2
2026-05-01,CAMEROON,8703,Motor Cars & Vehicles,False,0.0,1.750439,2026,5,0.0,1.9
2026-05-01,CANADA,8703,Motor Cars & Vehicles,False,2183.312654,1075.946004,2026,5,2401.6,1183.5
2026-05-01,CAYMAN ISLANDS,8703,Motor Cars & Vehicles,False,0.0,1.461116,2026,5,0.0,1.6
2026-05-01,CENTRAL AFRICAN REPUBLIC,8703,Motor Cars & Vehicles,False,0.0,0.0,2026,5,0.0,0.0
2026-05-01,CENTRAL AMERICA,8703,Motor Cars & Vehicles,False,0.0,205.501208,2026,5,0.0,226.1
2026-05-01,CHILE,8703,Motor Cars & Vehicles,False,0.0,21.225228,2026,5,0.0,23.3
2026-05-01,CHINA,8703,Motor Cars & Vehicles,False,181.172975,170.894365,2026,5,199.3,188.0
2026-05-01,COLOMBIA,8703,Motor Cars & Vehicles,False,0.04824,32.667446,2026,5,0.1,35.9
2026-05-01,COMOROS,8703,Motor Cars & Vehicles,False,0.0,0.0,2026,5,0.0,0.0
2026-05-01,CONGO,8703,Motor Cars & Vehicles,False,0.0,1.732636,2026,5,0.0,1.9
2026-05-01,COSTA RICA,8703,Motor Cars & Vehicles,False,0.0,21.168013,2026,5,0.0,23.3
2026-05-01,COTE D'IVOIRE,8703,Motor Cars & Vehicles,False,0.0,2.805921,2026,5,0.0,3.1
2026-05-01,CROATIA,8703,Motor Cars & Vehicles,False,0.0,2.052376,2026,5,0.0,2.3
2026-05-01,CUBA,8703,Motor Cars & Vehicles,False,0.0,15.83084,2026,5,0.0,17.4
2026-05-01,CURACAO,8703,Motor Cars & Vehicles,False,0.0,1.913856,2026,5,0.0,2.1
2026-05-01,CYPRUS,8703,Motor Cars & Vehicles,False,0.0,0.763645,2026,5,0.0,0.8
2026-05-01,CZECH REPUBLIC,8703,Motor Cars & Vehicles,False,0.059854,1.202307,2026,5,0.1,1.3
2026-05-01,DEMOCRATIC REPUBLIC OF THE CONGO,8703,Motor Cars & Vehicles,False,0.0,0.970166,2026,5,0.0,1.1
2026-05-01,DENMARK,8703,Motor Cars & Vehicles,False,0.0,1.399485,2026,5,0.0,1.5
2026-05-01,DJIBOUTI,8703,Motor Cars & Vehicles,False,0.0,0.166,2026,5,0.0,0.2
2026-05-01,DOMINICA,8703,Motor Cars & Vehicles,False,0.0,0.053905,2026,5,0.0,0.1
2026-05-01,DOMINICAN REPUBLIC,8703,Motor Cars & Vehicles,False,0.0,64.205492,2026,5,0.0,70.6
2026-05-01,ECUADOR,8703,Motor Cars & Vehicles,False,0.0,4.173794,2026,5,0.0,4.6
2026-05-01,EGYPT,8703,Motor Cars & Vehicles,False,0.0,3.905992,2026,5,0.0,4.3
2026-05-01,EL SALVADOR,8703,Motor Cars & Vehicles,False,0.0,23.341577,2026,5,0.0,25.7
2026-05-01,EQUATORIAL GUINEA,8703,Motor Cars & Vehicles,False,0.0,0.026636,2026,5,0.0,0.0
2026-05-01,ESTONIA,8703,Motor Cars & Vehicles,False,0.0,0.671575,2026,5,0.0,0.7
2026-05-01,ETHIOPIA,8703,Motor Cars & Vehicles,False,0.0,0.066554,2026,5,0.0,0.1
2026-05-01,EURO AREA,8703,Motor Cars & Vehicles,False,2627.393273,980.422484,2026,5,2890.1,1078.5
2026-05-01,EUROPE,8703,Motor Cars & Vehicles,False,3704.051381,1392.225112,2026,5,4074.5,1531.4
2026-05-01,EUROPEAN UNION,8703,Motor Cars & Vehicles,False,3107.245566,1031.463701,2026,5,3418.0,1134.6
2026-05-01,FIJI,8703,Motor Cars & Vehicles,False,0.0,0.005,2026,5,0.0,0.0
2026-05-01,FINLAND,8703,Motor Cars & Vehicles,False,0.004232,0.711945,2026,5,0.0,0.8
2026-05-01,FRANCE,8703,Motor Cars & Vehicles,False,31.400263,4.849775,2026,5,34.5,5.3
2026-05-01,FRENCH GUIANA,8703,Motor Cars & Vehicles,False,0.0,0.0,2026,5,0.0,0.0
2026-05-01,FRENCH POLYNESIA,8703,Motor Cars & Vehicles,False,0.0,0.075788,2026,5,0.0,0.1
2026-05-01,GABON,8703,Motor Cars & Vehicles,False,0.0,0.318718,2026,5,0.0,0.4
2026-05-01,GAMBIA,8703,Motor Cars & Vehicles,False,0.0,1.367666,2026,5,0.0,1.5
2026-05-01,GEORGIA,8703,Motor Cars & Vehicles,False,0.0,142.887485,2026,5,0.0,157.2
2026-05-01,GERMANY,8703,Motor Cars & Vehicles,False,1730.14379,551.974413,2026,5,1903.2,607.2
2026-05-01,GHANA,8703,Motor Cars & Vehicles,False,0.0,37.060902,2026,5,0.0,40.8
2026-05-01,GREECE,8703,Motor Cars & Vehicles,False,0.0,0.837624,2026,5,0.0,0.9
2026-05-01,GREENLAND,8703,Motor Cars & Vehicles,False,0.0,0.0,2026,5,0.0,0.0
2026-05-01,GRENADA,8703,Motor Cars & Vehicles,False,0.0,0.12447,2026,5,0.0,0.1
2026-05-01,GUADELOUPE,8703,Motor Cars & Vehicles,False,0.0,0.141666,2026,5,0.0,0.2
2026-05-01,GUATEMALA,8703,Motor Cars & Vehicles,False,0.0,25.167346,2026,5,0.0,27.7
2026-05-01,GUINEA,8703,Motor Cars & Vehicles,False,0.0,1.969688,2026,5,0.0,2.2
2026-05-01,GUINEA-BISSAU,8703,Motor Cars & Vehicles,False,0.0,0.0153,2026,5,0.0,0.0
2026-05-01,GUYANA,8703,Motor Cars & Vehicles,False,0.0,2.59416,2026,5,0.0,2.9
2026-05-01,HAITI,8703,Motor Cars & Vehicles,False,0.0,2.043087,2026,5,0.0,2.2
2026-05-01,HONDURAS,8703,Motor Cars & Vehicles,False,0.0,27.702515,2026,5,0.0,30.5
2026-05-01,HONG KONG,8703,Motor Cars & Vehicles,False,0.0,2.022385,2026,5,0.0,2.2
2026-05-01,HUNGARY,8703,Motor Cars & Vehicles,False,75.642817,0.125875,2026,5,83.2,0.1
2026-05-01,ICELAND,8703,Motor Cars & Vehicles,False,0.0,1.381831,2026,5,0.0,1.5
2026-05-01,INDIA,8703,Motor Cars & Vehicles,False,0.374904,0.13344,2026,5,0.4,0.1
2026-05-01,INDONESIA,8703,Motor Cars & Vehicles,False,0.0,0.128672,2026,5,0.0,0.1
2026-05-01,IRAQ,8703,Motor Cars & Vehicles,False,0.0,1.088218,2026,5,0.0,1.2
2026-05-01,IRELAND,8703,Motor Cars & Vehicles,False,0.0,0.897658,2026,5,0.0,1.0
2026-05-01,ISRAEL,8703,Motor Cars & Vehicles,False,0.0,41.261496,2026,5,0.0,45.4
2026-05-01,ITALY,8703,Motor Cars & Vehicles,False,164.975063,10.9222,2026,5,181.5,12.0
2026-05-01,JAMAICA,8703,Motor Cars & Vehicles,False,0.0,1.076857,2026,5,0.0,1.2
2026-05-01,JAPAN,8703,Motor Cars & Vehicles,False,2819.67666,85.115431,2026,5,3101.6,93.6
2026-05-01,JORDAN,8703,Motor Cars & Vehicles,False,0.0,65.097922,2026,5,0.0,71.6
2026-05-01,KAZAKHSTAN,8703,Motor Cars & Vehicles,False,0.028281,6.900055,2026,5,0.0,7.6
2026-05-01,KENYA,8703,Motor Cars & Vehicles,False,0.0,0.053808,2026,5,0.0,0.1
2026-05-01,KUWAIT,8703,Motor Cars & Vehicles,False,0.0,5.193826,2026,5,0.0,5.7
2026-05-01,KYRGYZSTAN,8703,Motor Cars & Vehicles,False,0.0,6.893612,2026,5,0.0,7.6
2026-05-01,LAFTA,8703,Motor Cars & Vehicles,False,3567.106427,486.554228,2026,5,3923.8,535.2
2026-05-01,LAOS,8703,Motor Cars & Vehicles,False,0.0,0.0,2026,5,0.0,0.0
2026-05-01,LATVIA,8703,Motor Cars & Vehicles,False,0.0,0.094024,2026,5,0.0,0.1
2026-05-01,LEBANON,8703,Motor Cars & Vehicles,False,0.0,13.611398,2026,5,0.0,15.0
2026-05-01,LIBERIA,8703,Motor Cars & Vehicles,False,0.0,2.20657,2026,5,0.0,2.4
2026-05-01,LIBYA,8703,Motor Cars & Vehicles,False,0.0,23.63683,2026,5,0.0,26.0
2026-05-01,LITHUANIA,8703,Motor Cars & Vehicles,False,0.0,110.417412,2026,5,0.0,121.5
2026-05-01,LUXEMBOURG,8703,Motor Cars & Vehicles,False,0.0,3.578323,2026,5,0.0,3.9
2026-05-01,MACEDONIA,8703,Motor Cars & Vehicles,False,0.0,0.0542,2026,5,0.0,0.1
2026-05-01,MADAGASCAR,8703,Motor Cars & Vehicles,False,0.0,0.0,2026,5,0.0,0.0
2026-05-01,MALAYSIA,8703,Motor Cars & Vehicles,False,0.152712,0.0,2026,5,0.2,0.0
2026-05-01,MALI,8703,Motor Cars & Vehicles,False,0.0,0.615216,2026,5,0.0,0.7
2026-05-01,MALTA,8703,Motor Cars & Vehicles,False,0.0,0.02,2026,5,0.0,0.0
2026-05-01,MARSHALL ISLANDS,8703,Motor Cars & Vehicles,False,0.0,0.123137,2026,5,0.0,0.1
2026-05-01,MARTINIQUE,8703,Motor Cars & Vehicles,False,0.0,0.0,2026,5,0.0,0.0
2026-05-01,MAURITANIA,8703,Motor Cars & Vehicles,False,0.0,2.719638,2026,5,0.0,3.0
2026-05-01,MAYOTTE,8703,Motor Cars & Vehicles,False,0.0,0.0,2026,5,0.0,0.0
2026-05-01,MEXICO,8703,Motor Cars & Vehicles,False,3566.302738,367.230272,2026,5,3922.9,404.0
2026-05-01,MOLDOVA,8703,Motor Cars & Vehicles,False,0.0,1.246743,2026,5,0.0,1.4
2026-05-01,MONGOLIA,8703,Motor Cars & Vehicles,False,0.0,5.265944,2026,5,0.0,5.8
2026-05-01,MONTENEGRO,8703,Motor Cars & Vehicles,False,0.0,1.041257,2026,5,0.0,1.1
2026-05-01,MONTSERRAT,8703,Motor Cars & Vehicles,False,0.0,0.0075,2026,5,0.0,0.0
2026-05-01,MOROCCO,8703,Motor Cars & Vehicles,False,0.0,0.538195,2026,5,0.0,0.6
2026-05-01,MOZAMBIQUE,8703,Motor Cars & Vehicles,False,0.0,0.0,2026,5,0.0,0.0
2026-05-01,NAMIBIA,8703,Motor Cars & Vehicles,False,0.0,0.0,2026,5,0.0,0.0
2026-05-01,NATO,8703,Motor Cars & Vehicles,False,5688.655139,2222.9225,2026,5,6257.5,2445.2
2026-05-01,NETHERLANDS,8703,Motor Cars & Vehicles,False,0.109522,101.478133,2026,5,0.1,111.6
2026-05-01,NEW CALEDONIA,8703,Motor Cars & Vehicles,False,0.0,0.082519,2026,5,0.0,0.1
2026-05-01,NEW ZEALAND,8703,Motor Cars & Vehicles,False,0.045728,14.49741,2026,5,0.1,15.9
2026-05-01,NICARAGUA,8703,Motor Cars & Vehicles,False,0.0,0.771411,2026,5,0.0,0.8
2026-05-01,NIGER,8703,Motor Cars & Vehicles,False,0.0,1.094733,2026,5,0.0,1.2
2026-05-01,NIGERIA,8703,Motor Cars & Vehicles,False,0.0,96.175953,2026,5,0.0,105.8
2026-05-01,NIUE,8703,Motor Cars & Vehicles,False,0.0,0.105215,2026,5,0.0,0.1
2026-05-01,NORTH AMERICA,8703,Motor Cars & Vehicles,False,5749.615392,1443.176276,2026,5,6324.6,1587.5
2026-05-01,NORWAY,8703,Motor Cars & Vehicles,False,0.0,25.300214,2026,5,0.0,27.8
2026-05-01,OECD,8703,Motor Cars & Vehicles,False,14800.424194,3113.029766,2026,5,16280.5,3424.3
2026-05-01,OMAN,8703,Motor Cars & Vehicles,False,0.0,23.511958,2026,5,0.0,25.9
2026-05-01,PACIFIC RIM COUNTRIES,8703,Motor Cars & Vehicles,False,5543.295122,650.810655,2026,5,6097.6,715.9
2026-05-01,PAKISTAN,8703,Motor Cars & Vehicles,False,0.0,0.0,2026,5,0.0,0.0
2026-05-01,PANAMA,8703,Motor Cars & Vehicles,False,0.0,5.588784,2026,5,0.0,6.1
2026-05-01,PARAGUAY,8703,Motor Cars & Vehicles,False,0.0,3.757298,2026,5,0.0,4.1
2026-05-01,PERU,8703,Motor Cars & Vehicles,False,0.0,2.155109,2026,5,0.0,2.4
2026-05-01,PHILIPPINES,8703,Motor Cars & Vehicles,False,0.0,1.49131,2026,5,0.0,1.6
2026-05-01,POLAND,8703,Motor Cars & Vehicles,False,0.408202,15.892922,2026,5,0.4,17.5
2026-05-01,PORTUGAL,8703,Motor Cars & Vehicles,False,0.0,31.601484,2026,5,0.0,34.8
2026-05-01,QATAR,8703,Motor Cars & Vehicles,False,0.0,1.074966,2026,5,0.0,1.2
2026-05-01,REUNION,8703,Motor Cars & Vehicles,False,0.0,0.0,2026,5,0.0,0.0
2026-05-01,ROMANIA,8703,Motor Cars & Vehicles,False,0.035319,4.507724,2026,5,0.0,5.0
2026-05-01,RUSSIA,8703,Motor Cars & Vehicles,False,0.0,0.0,2026,5,0.0,0.0
2026-05-01,RWANDA,8703,Motor Cars & Vehicles,False,0.0,1.00456,2026,5,0.0,1.1
2026-05-01,SAMOA,8703,Motor Cars & Vehicles,False,0.0,0.0,2026,5,0.0,0.0
2026-05-01,SAUDI ARABIA,8703,Motor Cars & Vehicles,False,0.0,45.56316,2026,5,0.0,50.1
2026-05-01,SENEGAL,8703,Motor Cars & Vehicles,False,0.0,7.407048,2026,5,0.0,8.1
2026-05-01,SERBIA,8703,Motor Cars & Vehicles,False,0.0,0.329869,2026,5,0.0,0.4
2026-05-01,SIERRA LEONE,8703,Motor Cars & Vehicles,False,0.0,3.339458,2026,5,0.0,3.7
2026-05-01,SINGAPORE,8703,Motor Cars & Vehicles,False,6.22216,2.104699,2026,5,6.8,2.3
2026-05-01,SINT MAARTEN,8703,Motor Cars & Vehicles,False,0.0,1.033496,2026,5,0.0,1.1
2026-05-01,SLOVAKIA,8703,Motor Cars & Vehicles,False,405.583466,0.229317,2026,5,446.1,0.3
2026-05-01,SLOVENIA,8703,Motor Cars & Vehicles,False,0.0,0.0892,2026,5,0.0,0.1
2026-05-01,SOMALIA,8703,Motor Cars & Vehicles,False,0.0,0.012558,2026,5,0.0,0.0
2026-05-01,SOUTH AFRICA,8703,Motor Cars & Vehicles,False,74.464715,18.052792,2026,5,81.9,19.9
2026-05-01,SOUTH AMERICA,8703,Motor Cars & Vehicles,False,0.803689,122.730427,2026,5,0.9,135.0
2026-05-01,SPAIN,8703,Motor Cars & Vehicles,False,0.038766,2.485774,2026,5,0.0,2.7
2026-05-01,SRI LANKA,8703,Motor Cars & Vehicles,False,0.0,0.051727,2026,5,0.0,0.1
2026-05-01,ST KITTS AND NEVIS,8703,Motor Cars & Vehicles,False,0.0,0.303694,2026,5,0.0,0.3
2026-05-01,ST LUCIA,8703,Motor Cars & Vehicles,False,0.0,0.052195,2026,5,0.0,0.1
2026-05-01,ST VINCENT AND THE GRENADINES,8703,Motor Cars & Vehicles,False,0.0,0.0655,2026,5,0.0,0.1
2026-05-01,SURINAME,8703,Motor Cars & Vehicles,False,0.0,0.812311,2026,5,0.0,0.9
2026-05-01,SWEDEN,8703,Motor Cars & Vehicles,False,403.706101,27.912904,2026,5,444.1,30.7
2026-05-01,SWITZERLAND,8703,Motor Cars & Vehicles,False,0.0,1.417786,2026,5,0.0,1.6
2026-05-01,South Korea,8703,Motor Cars & Vehicles,False,2527.050393,223.987869,2026,5,2779.8,246.4
2026-05-01,TAIWAN,8703,Motor Cars & Vehicles,False,8.974494,86.585977,2026,5,9.9,95.2
2026-05-01,TAJIKISTAN,8703,Motor Cars & Vehicles,False,0.0,0.21147,2026,5,0.0,0.2
2026-05-01,TANZANIA,8703,Motor Cars & Vehicles,False,0.0,0.398133,2026,5,0.0,0.4
2026-05-01,THAILAND,8703,Motor Cars & Vehicles,False,9.62494,1.216037,2026,5,10.6,1.3
2026-05-01,TIMOR-LESTE,8703,Motor Cars & Vehicles,False,0.0,0.0,2026,5,0.0,0.0
2026-05-01,TOGO,8703,Motor Cars & Vehicles,False,0.0,7.670647,2026,5,0.0,8.4
2026-05-01,TOTAL FOR ALL COUNTRIES,8703,Motor Cars & Vehicles,False,15100.9718,4359.48381,2026,5,16611.1,4795.4
2026-05-01,TRINIDAD AND TOBAGO,8703,Motor Cars & Vehicles,False,0.0,0.082283,2026,5,0.0,0.1
2026-05-01,TUNISIA,8703,Motor Cars & Vehicles,False,0.0,0.43818,2026,5,0.0,0.5
2026-05-01,TURKEY,8703,Motor Cars & Vehicles,False,0.246111,44.307891,2026,5,0.3,48.7
2026-05-01,TURKMENISTAN,8703,Motor Cars & Vehicles,False,0.0,0.586936,2026,5,0.0,0.6
2026-05-01,TURKS AND CAICOS ISLANDS,8703,Motor Cars & Vehicles,False,0.0,1.261049,2026,5,0.0,1.4
2026-05-01,TWENTY LATIN AMERICAN REPUBLICS,8703,Motor Cars & Vehicles,False,3567.106427,672.373293,2026,5,3923.8,739.6
2026-05-01,UGANDA,8703,Motor Cars & Vehicles,False,0.0,0.04568,2026,5,0.0,0.1
2026-05-01,UKRAINE,8703,Motor Cars & Vehicles,False,0.0,28.487554,2026,5,0.0,31.3
2026-05-01,UNITED ARAB EMIRATES,8703,Motor Cars & Vehicles,False,0.0,72.880155,2026,5,0.0,80.2
2026-05-01,UNITED KINGDOM,8703,Motor Cars & Vehicles,False,596.531423,72.013648,2026,5,656.2,79.2
2026-05-01,URUGUAY,8703,Motor Cars & Vehicles,False,0.0,0.927541,2026,5,0.0,1.0
2026-05-01,USMCA (NAFTA),8703,Motor Cars & Vehicles,False,5749.615392,1443.176276,2026,5,6324.6,1587.5
2026-05-01,UZBEKISTAN,8703,Motor Cars & Vehicles,False,0.0,4.86311,2026,5,0.0,5.3
2026-05-01,VENEZUELA,8703,Motor Cars & Vehicles,False,0.0,18.288749,2026,5,0.0,20.1
2026-05-01,VIETNAM,8703,Motor Cars & Vehicles,False,18.379297,6.111329,2026,5,20.2,6.7
2026-05-01,WEST BANK ADMINISTERED BY ISRAEL,8703,Motor Cars & Vehicles,False,0.0,0.0865,2026,5,0.0,0.1
2026-05-01,YEMEN,8703,Motor Cars & Vehicles,False,0.0,0.163974,2026,5,0.0,0.2
2026-05-01,ZAMBIA,8703,Motor Cars & Vehicles,False,0.0,0.0,2026,5,0.0,0.0
2026-05-01,ZIMBABWE,8703,Motor Cars & Vehicles,False,0.0,0.628516,2026,5,0.0,0.7
2026-05-01,AFGHANISTAN,8708,Motor Vehicle Parts,False,0.0,0.077009,2026,5,0.0,0.1
2026-05-01,AFRICA,8708,Motor Vehicle Parts,False,42.8341,112.524269,2026,5,47.1,123.8
2026-05-01,ALBANIA,8708,Motor Vehicle Parts,False,0.029989,0.647247,2026,5,0.0,0.7
2026-05-01,ALGERIA,8708,Motor Vehicle Parts,False,0.0,0.058899,2026,5,0.0,0.1
2026-05-01,ANDORRA,8708,Motor Vehicle Parts,False,0.0,0.0,2026,5,0.0,0.0
2026-05-01,ANGOLA,8708,Motor Vehicle Parts,False,0.0,0.031346,2026,5,0.0,0.0
2026-05-01,ANGUILLA,8708,Motor Vehicle Parts,False,0.0,0.019571,2026,5,0.0,0.0
2026-05-01,ANTIGUA AND BARBUDA,8708,Motor Vehicle Parts,False,0.0,0.028649,2026,5,0.0,0.0
2026-05-01,APEC,8708,Motor Vehicle Parts,False,6280.030263,3610.00344,2026,5,6908.0,3971.0
2026-05-01,ARGENTINA,8708,Motor Vehicle Parts,False,0.517707,26.602,2026,5,0.6,29.3
2026-05-01,ARMENIA,8708,Motor Vehicle Parts,False,0.0,2.755924,2026,5,0.0,3.0
2026-05-01,ARUBA,8708,Motor Vehicle Parts,False,0.0,0.173641,2026,5,0.0,0.2
2026-05-01,ASEAN,8708,Motor Vehicle Parts,False,262.365602,48.798371,2026,5,288.6,53.7
2026-05-01,ASIA,8708,Motor Vehicle Parts,False,2254.996989,220.480669,2026,5,2480.5,242.5
2026-05-01,AUSTRALIA,8708,Motor Vehicle Parts,False,8.264484,74.090557,2026,5,9.1,81.5
2026-05-01,AUSTRALIA AND OCEANIA,8708,Motor Vehicle Parts,False,8.832452,75.336542,2026,5,9.7,82.9
2026-05-01,AUSTRIA,8708,Motor Vehicle Parts,False,15.264127,4.921714,2026,5,16.8,5.4
2026-05-01,AZERBAIJAN,8708,Motor Vehicle Parts,False,0.005541,0.077058,2026,5,0.0,0.1
2026-05-01,BAHAMAS,8708,Motor Vehicle Parts,False,0.0,1.128969,2026,5,0.0,1.2
2026-05-01,BAHRAIN,8708,Motor Vehicle Parts,False,0.0,0.020055,2026,5,0.0,0.0
2026-05-01,BANGLADESH,8708,Motor Vehicle Parts,False,0.036044,0.0,2026,5,0.0,0.0
2026-05-01,BARBADOS,8708,Motor Vehicle Parts,False,0.034254,0.135162,2026,5,0.0,0.1
2026-05-01,BELARUS,8708,Motor Vehicle Parts,False,0.0,0.0,2026,5,0.0,0.0
2026-05-01,BELGIUM,8708,Motor Vehicle Parts,False,3.911779,10.931751,2026,5,4.3,12.0
2026-05-01,BELIZE,8708,Motor Vehicle Parts,False,0.0,0.783897,2026,5,0.0,0.9
2026-05-01,BENIN,8708,Motor Vehicle Parts,False,0.0,12.718844,2026,5,0.0,14.0
2026-05-01,BERMUDA,8708,Motor Vehicle Parts,False,0.0,0.085851,2026,5,0.0,0.1
2026-05-01,BOLIVIA,8708,Motor Vehicle Parts,False,0.0,0.54387,2026,5,0.0,0.6
2026-05-01,BOSNIA AND HERZEGOVINA,8708,Motor Vehicle Parts,False,0.332737,0.075495,2026,5,0.4,0.1
2026-05-01,BOTSWANA,8708,Motor Vehicle Parts,False,0.0,0.0,2026,5,0.0,0.0
2026-05-01,BRAZIL,8708,Motor Vehicle Parts,False,23.93693,63.553948,2026,5,26.3,69.9
2026-05-01,BRITISH VIRGIN ISLANDS,8708,Motor Vehicle Parts,False,0.0,0.078382,2026,5,0.0,0.1
2026-05-01,BRUNEI,8708,Motor Vehicle Parts,False,0.0,0.01591,2026,5,0.0,0.0
2026-05-01,BULGARIA,8708,Motor Vehicle Parts,False,2.005032,0.294707,2026,5,2.2,0.3
2026-05-01,BURKINA FASO,8708,Motor Vehicle Parts,False,0.005,0.232262,2026,5,0.0,0.3
2026-05-01,BURMA,8708,Motor Vehicle Parts,False,0.051268,0.0,2026,5,0.1,0.0
2026-05-01,CABO VERDE,8708,Motor Vehicle Parts,False,0.0,0.214436,2026,5,0.0,0.2
2026-05-01,CACM,8708,Motor Vehicle Parts,False,3.503486,29.979971,2026,5,3.9,33.0
2026-05-01,CAFTA-DR,8708,Motor Vehicle Parts,False,7.688046,40.03295,2026,5,8.5,44.0
2026-05-01,CAMBODIA,8708,Motor Vehicle Parts,False,2.187558,1.491498,2026,5,2.4,1.6
2026-05-01,CAMEROON,8708,Motor Vehicle Parts,False,0.0,0.322846,2026,5,0.0,0.4
2026-05-01,CANADA,8708,Motor Vehicle Parts,False,972.943811,1471.982531,2026,5,1070.2,1619.2
2026-05-01,CAYMAN ISLANDS,8708,Motor Vehicle Parts,False,0.0,0.095427,2026,5,0.0,0.1
2026-05-01,CENTRAL AFRICAN REPUBLIC,8708,Motor Vehicle Parts,False,0.0,0.0,2026,5,0.0,0.0
2026-05-01,CENTRAL AMERICA,8708,Motor Vehicle Parts,False,7.977023,48.834214,2026,5,8.8,53.7
2026-05-01,CHAD,8708,Motor Vehicle Parts,False,0.0,0.005969,2026,5,0.0,0.0
2026-05-01,CHILE,8708,Motor Vehicle Parts,False,0.712025,35.781291,2026,5,0.8,39.4
2026-05-01,CHINA,8708,Motor Vehicle Parts,False,572.974084,55.292872,2026,5,630.3,60.8
2026-05-01,COLOMBIA,8708,Motor Vehicle Parts,False,1.063893,8.969761,2026,5,1.2,9.9
2026-05-01,CONGO,8708,Motor Vehicle Parts,False,0.0,0.07917,2026,5,0.0,0.1
2026-05-01,COOK ISLANDS,8708,Motor Vehicle Parts,False,0.0,0.0,2026,5,0.0,0.0
2026-05-01,COSTA RICA,8708,Motor Vehicle Parts,False,0.526557,4.134265,2026,5,0.6,4.5
2026-05-01,COTE D'IVOIRE,8708,Motor Vehicle Parts,False,0.0,0.546629,2026,5,0.0,0.6
2026-05-01,CROATIA,8708,Motor Vehicle Parts,False,0.37421,0.18951,2026,5,0.4,0.2
2026-05-01,CUBA,8708,Motor Vehicle Parts,False,0.0,0.047893,2026,5,0.0,0.1
2026-05-01,CURACAO,8708,Motor Vehicle Parts,False,0.0,0.464154,2026,5,0.0,0.5
2026-05-01,CYPRUS,8708,Motor Vehicle Parts,False,0.0,0.021989,2026,5,0.0,0.0
2026-05-01,CZECH REPUBLIC,8708,Motor Vehicle Parts,False,29.319175,1.597567,2026,5,32.3,1.8
2026-05-01,DEMOCRATIC REPUBLIC OF THE CONGO,8708,Motor Vehicle Parts,False,0.078724,0.129236,2026,5,0.1,0.1
2026-05-01,DENMARK,8708,Motor Vehicle Parts,False,1.793575,0.318534,2026,5,2.0,0.4
2026-05-01,DJIBOUTI,8708,Motor Vehicle Parts,False,0.0,0.0,2026,5,0.0,0.0
2026-05-01,DOMINICA,8708,Motor Vehicle Parts,False,0.0,0.088588,2026,5,0.0,0.1
2026-05-01,DOMINICAN REPUBLIC,8708,Motor Vehicle Parts,False,4.18456,10.052979,2026,5,4.6,11.1
2026-05-01,ECUADOR,8708,Motor Vehicle Parts,False,0.0,4.794353,2026,5,0.0,5.3
2026-05-01,EGYPT,8708,Motor Vehicle Parts,False,0.012041,0.908286,2026,5,0.0,1.0
2026-05-01,EL SALVADOR,8708,Motor Vehicle Parts,False,0.034006,3.845447,2026,5,0.0,4.2
2026-05-01,EQUATORIAL GUINEA,8708,Motor Vehicle Parts,False,0.0,0.0,2026,5,0.0,0.0
2026-05-01,ESTONIA,8708,Motor Vehicle Parts,False,0.503021,0.074454,2026,5,0.6,0.1
2026-05-01,ETHIOPIA,8708,Motor Vehicle Parts,False,0.0,0.734142,2026,5,0.0,0.8
2026-05-01,EURO AREA,8708,Motor Vehicle Parts,False,591.212114,142.290949,2026,5,650.3,156.5
2026-05-01,EUROPE,8708,Motor Vehicle Parts,False,825.691457,289.251945,2026,5,908.3,318.2
2026-05-01,EUROPEAN UNION,8708,Motor Vehicle Parts,False,730.658934,176.089131,2026,5,803.7,193.7
2026-05-01,FIJI,8708,Motor Vehicle Parts,False,0.0,0.036426,2026,5,0.0,0.0
2026-05-01,FINLAND,8708,Motor Vehicle Parts,False,2.25014,0.713955,2026,5,2.5,0.8
2026-05-01,FRANCE,8708,Motor Vehicle Parts,False,28.043719,7.064978,2026,5,30.8,7.8
2026-05-01,FRENCH GUIANA,8708,Motor Vehicle Parts,False,0.0,0.0,2026,5,0.0,0.0
2026-05-01,FRENCH POLYNESIA,8708,Motor Vehicle Parts,False,0.0,0.020496,2026,5,0.0,0.0
2026-05-01,GABON,8708,Motor Vehicle Parts,False,0.0,0.086753,2026,5,0.0,0.1
2026-05-01,GAMBIA,8708,Motor Vehicle Parts,False,0.0,0.496136,2026,5,0.0,0.5
2026-05-01,GEORGIA,8708,Motor Vehicle Parts,False,0.222032,10.559804,2026,5,0.2,11.6
2026-05-01,GERMANY,8708,Motor Vehicle Parts,False,435.681939,63.697779,2026,5,479.3,70.1
2026-05-01,GHANA,8708,Motor Vehicle Parts,False,0.00269,5.186434,2026,5,0.0,5.7
2026-05-01,GIBRALTAR,8708,Motor Vehicle Parts,False,0.0,0.0,2026,5,0.0,0.0
2026-05-01,GREECE,8708,Motor Vehicle Parts,False,0.01785,0.31283,2026,5,0.0,0.3
2026-05-01,GREENLAND,8708,Motor Vehicle Parts,False,0.0,0.0,2026,5,0.0,0.0
2026-05-01,GRENADA,8708,Motor Vehicle Parts,False,0.0,0.08075,2026,5,0.0,0.1
2026-05-01,GUADELOUPE,8708,Motor Vehicle Parts,False,0.0,0.004768,2026,5,0.0,0.0
2026-05-01,GUATEMALA,8708,Motor Vehicle Parts,False,0.037657,12.890744,2026,5,0.0,14.2
2026-05-01,GUINEA,8708,Motor Vehicle Parts,False,0.0,0.876265,2026,5,0.0,1.0
2026-05-01,GUYANA,8708,Motor Vehicle Parts,False,0.0,1.851513,2026,5,0.0,2.0
2026-05-01,HAITI,8708,Motor Vehicle Parts,False,0.0035,0.920484,2026,5,0.0,1.0
2026-05-01,HONDURAS,8708,Motor Vehicle Parts,False,2.905266,7.498826,2026,5,3.2,8.2
2026-05-01,HONG KONG,8708,Motor Vehicle Parts,False,0.105383,2.779062,2026,5,0.1,3.1
2026-05-01,HUNGARY,8708,Motor Vehicle Parts,False,22.343596,14.915812,2026,5,24.6,16.4
2026-05-01,ICELAND,8708,Motor Vehicle Parts,False,0.0,0.152351,2026,5,0.0,0.2
2026-05-01,INDIA,8708,Motor Vehicle Parts,False,165.716891,37.187351,2026,5,182.3,40.9
2026-05-01,INDONESIA,8708,Motor Vehicle Parts,False,11.927922,0.77318,2026,5,13.1,0.9
2026-05-01,IRAQ,8708,Motor Vehicle Parts,False,0.0,0.675894,2026,5,0.0,0.7
2026-05-01,IRELAND,8708,Motor Vehicle Parts,False,0.66935,0.102075,2026,5,0.7,0.1
2026-05-01,ISRAEL,8708,Motor Vehicle Parts,False,1.761421,1.29595,2026,5,1.9,1.4
2026-05-01,ITALY,8708,Motor Vehicle Parts,False,65.379648,9.274487,2026,5,71.9,10.2
2026-05-01,JAMAICA,8708,Motor Vehicle Parts,False,0.0,1.010248,2026,5,0.0,1.1
2026-05-01,JAPAN,8708,Motor Vehicle Parts,False,602.525195,34.773067,2026,5,662.8,38.3
2026-05-01,JORDAN,8708,Motor Vehicle Parts,False,1.494188,2.114648,2026,5,1.6,2.3
2026-05-01,KAZAKHSTAN,8708,Motor Vehicle Parts,False,0.178375,0.854532,2026,5,0.2,0.9
2026-05-01,KENYA,8708,Motor Vehicle Parts,False,0.0,1.657288,2026,5,0.0,1.8
2026-05-01,KOSOVO,8708,Motor Vehicle Parts,False,0.003284,0.011513,2026,5,0.0,0.0
2026-05-01,KUWAIT,8708,Motor Vehicle Parts,False,0.0,3.587197,2026,5,0.0,3.9
2026-05-01,KYRGYZSTAN,8708,Motor Vehicle Parts,False,0.0,3.299939,2026,5,0.0,3.6
2026-05-01,LAFTA,8708,Motor Vehicle Parts,False,3242.001934,2018.346797,2026,5,3566.2,2220.2
2026-05-01,LAOS,8708,Motor Vehicle Parts,False,0.0,0.006624,2026,5,0.0,0.0
2026-05-01,LATVIA,8708,Motor Vehicle Parts,False,0.308637,0.061665,2026,5,0.3,0.1
2026-05-01,LEBANON,8708,Motor Vehicle Parts,False,0.0,0.829629,2026,5,0.0,0.9
2026-05-01,LIBERIA,8708,Motor Vehicle Parts,False,0.0,0.271924,2026,5,0.0,0.3
2026-05-01,LIBYA,8708,Motor Vehicle Parts,False,0.0,4.012854,2026,5,0.0,4.4
2026-05-01,LIECHTENSTEIN,8708,Motor Vehicle Parts,False,0.753047,0.05474,2026,5,0.8,0.1
2026-05-01,LITHUANIA,8708,Motor Vehicle Parts,False,0.127249,11.58047,2026,5,0.1,12.7
2026-05-01,LUXEMBOURG,8708,Motor Vehicle Parts,False,0.746165,0.310774,2026,5,0.8,0.3
2026-05-01,MACAU,8708,Motor Vehicle Parts,False,0.0,0.0,2026,5,0.0,0.0
2026-05-01,MACEDONIA,8708,Motor Vehicle Parts,False,1.807776,0.121671,2026,5,2.0,0.1
2026-05-01,MADAGASCAR,8708,Motor Vehicle Parts,False,0.013797,0.0,2026,5,0.0,0.0
2026-05-01,MALAWI,8708,Motor Vehicle Parts,False,0.0,0.1451,2026,5,0.0,0.2
2026-05-01,MALAYSIA,8708,Motor Vehicle Parts,False,25.170677,2.362934,2026,5,27.7,2.6
2026-05-01,MALDIVES,8708,Motor Vehicle Parts,False,0.0,0.0,2026,5,0.0,0.0
2026-05-01,MALI,8708,Motor Vehicle Parts,False,0.021841,0.03941,2026,5,0.0,0.0
2026-05-01,MALTA,8708,Motor Vehicle Parts,False,0.00315,0.0,2026,5,0.0,0.0
2026-05-01,MARSHALL ISLANDS,8708,Motor Vehicle Parts,False,0.0122,0.0,2026,5,0.0,0.0
2026-05-01,MARTINIQUE,8708,Motor Vehicle Parts,False,0.0,0.097352,2026,5,0.0,0.1
2026-05-01,MAURITANIA,8708,Motor Vehicle Parts,False,0.0,0.343235,2026,5,0.0,0.4
2026-05-01,MAURITIUS,8708,Motor Vehicle Parts,False,0.0,0.0,2026,5,0.0,0.0
2026-05-01,MAYOTTE,8708,Motor Vehicle Parts,False,0.0,0.0,2026,5,0.0,0.0
2026-05-01,MEXICO,8708,Motor Vehicle Parts,False,3215.659043,1852.427469,2026,5,3537.2,2037.7
2026-05-01,MICRONESIA,8708,Motor Vehicle Parts,False,0.0,0.006008,2026,5,0.0,0.0
2026-05-01,MOLDOVA,8708,Motor Vehicle Parts,False,0.003498,0.124074,2026,5,0.0,0.1
2026-05-01,MONACO,8708,Motor Vehicle Parts,False,0.037626,0.0,2026,5,0.0,0.0
2026-05-01,MONGOLIA,8708,Motor Vehicle Parts,False,0.059402,0.162553,2026,5,0.1,0.2
2026-05-01,MONTENEGRO,8708,Motor Vehicle Parts,False,0.0,0.14835,2026,5,0.0,0.2
2026-05-01,MONTSERRAT,8708,Motor Vehicle Parts,False,0.0,0.0,2026,5,0.0,0.0
2026-05-01,MOROCCO,8708,Motor Vehicle Parts,False,35.892749,0.048984,2026,5,39.5,0.1
2026-05-01,MOZAMBIQUE,8708,Motor Vehicle Parts,False,0.025932,0.002928,2026,5,0.0,0.0
2026-05-01,NAMIBIA,8708,Motor Vehicle Parts,False,0.0,0.093402,2026,5,0.0,0.1
2026-05-01,NATO,8708,Motor Vehicle Parts,False,1772.238567,1727.623856,2026,5,1949.5,1900.4
2026-05-01,NEPAL,8708,Motor Vehicle Parts,False,0.0,0.0,2026,5,0.0,0.0
2026-05-01,NETHERLANDS,8708,Motor Vehicle Parts,False,5.042731,14.651669,2026,5,5.5,16.1
2026-05-01,NEW CALEDONIA,8708,Motor Vehicle Parts,False,0.0,0.015307,2026,5,0.0,0.0
2026-05-01,NEW ZEALAND,8708,Motor Vehicle Parts,False,0.555768,1.167748,2026,5,0.6,1.3
2026-05-01,NICARAGUA,8708,Motor Vehicle Parts,False,0.0,1.610689,2026,5,0.0,1.8
2026-05-01,NIGER,8708,Motor Vehicle Parts,False,0.0,1.440257,2026,5,0.0,1.6
2026-05-01,NIGERIA,8708,Motor Vehicle Parts,False,0.0,24.956492,2026,5,0.0,27.5
2026-05-01,NORTH AMERICA,8708,Motor Vehicle Parts,False,4188.602854,3324.41,2026,5,4607.5,3656.9
2026-05-01,NORWAY,8708,Motor Vehicle Parts,False,0.466074,0.507977,2026,5,0.5,0.6
2026-05-01,OECD,8708,Motor Vehicle Parts,False,6109.194456,3757.891073,2026,5,6720.1,4133.7
2026-05-01,OMAN,8708,Motor Vehicle Parts,False,0.0,0.260527,2026,5,0.0,0.3
2026-05-01,PACIFIC RIM COUNTRIES,8708,Motor Vehicle Parts,False,1871.92137,192.137229,2026,5,2059.1,211.4
2026-05-01,PAKISTAN,8708,Motor Vehicle Parts,False,0.717744,0.076451,2026,5,0.8,0.1
2026-05-01,PALAU,8708,Motor Vehicle Parts,False,0.0,0.0,2026,5,0.0,0.0
2026-05-01,PANAMA,8708,Motor Vehicle Parts,False,0.251223,2.691633,2026,5,0.3,3.0
2026-05-01,PAPUA NEW GUINEA,8708,Motor Vehicle Parts,False,0.0,0.0,2026,5,0.0,0.0
2026-05-01,PARAGUAY,8708,Motor Vehicle Parts,False,0.0,0.82719,2026,5,0.0,0.9
2026-05-01,PERU,8708,Motor Vehicle Parts,False,0.112336,19.056045,2026,5,0.1,21.0
2026-05-01,PHILIPPINES,8708,Motor Vehicle Parts,False,2.460598,0.424295,2026,5,2.7,0.5
2026-05-01,POLAND,8708,Motor Vehicle Parts,False,51.784475,12.366079,2026,5,57.0,13.6
2026-05-01,PORTUGAL,8708,Motor Vehicle Parts,False,0.739233,0.221683,2026,5,0.8,0.2
2026-05-01,QATAR,8708,Motor Vehicle Parts,False,0.0,0.060243,2026,5,0.0,0.1
2026-05-01,REUNION,8708,Motor Vehicle Parts,False,0.0,0.0,2026,5,0.0,0.0
2026-05-01,ROMANIA,8708,Motor Vehicle Parts,False,23.358913,0.817344,2026,5,25.7,0.9
2026-05-01,RUSSIA,8708,Motor Vehicle Parts,False,0.019052,0.0,2026,5,0.0,0.0
2026-05-01,RWANDA,8708,Motor Vehicle Parts,False,0.0,0.0,2026,5,0.0,0.0
2026-05-01,SAMOA,8708,Motor Vehicle Parts,False,0.0,0.0,2026,5,0.0,0.0
2026-05-01,SAUDI ARABIA,8708,Motor Vehicle Parts,False,0.0,5.914484,2026,5,0.0,6.5
2026-05-01,SENEGAL,8708,Motor Vehicle Parts,False,0.0,1.631601,2026,5,0.0,1.8
2026-05-01,SERBIA,8708,Motor Vehicle Parts,False,6.341725,0.112771,2026,5,7.0,0.1
2026-05-01,SEYCHELLES,8708,Motor Vehicle Parts,False,0.0,0.020882,2026,5,0.0,0.0
2026-05-01,SIERRA LEONE,8708,Motor Vehicle Parts,False,0.0,0.428041,2026,5,0.0,0.5
2026-05-01,SINGAPORE,8708,Motor Vehicle Parts,False,1.904953,5.105055,2026,5,2.1,5.6
2026-05-01,SINT MAARTEN,8708,Motor Vehicle Parts,False,0.0,0.107203,2026,5,0.0,0.1
2026-05-01,SLOVAKIA,8708,Motor Vehicle Parts,False,10.693687,0.440659,2026,5,11.8,0.5
2026-05-01,SLOVENIA,8708,Motor Vehicle Parts,False,3.078763,0.020693,2026,5,3.4,0.0
2026-05-01,SOMALIA,8708,Motor Vehicle Parts,False,0.0,0.0,2026,5,0.0,0.0
2026-05-01,SOUTH AFRICA,8708,Motor Vehicle Parts,False,5.387596,51.038487,2026,5,5.9,56.1
2026-05-01,SOUTH AMERICA,8708,Motor Vehicle Parts,False,26.605425,169.188933,2026,5,29.3,186.1
2026-05-01,SPAIN,8708,Motor Vehicle Parts,False,16.371684,17.403107,2026,5,18.0,19.1
2026-05-01,SRI LANKA,8708,Motor Vehicle Parts,False,0.569044,0.011495,2026,5,0.6,0.0
2026-05-01,ST KITTS AND NEVIS,8708,Motor Vehicle Parts,False,0.0,0.007826,2026,5,0.0,0.0
2026-05-01,ST LUCIA,8708,Motor Vehicle Parts,False,0.0,0.110255,2026,5,0.0,0.1
2026-05-01,ST VINCENT AND THE GRENADINES,8708,Motor Vehicle Parts,False,0.0,0.062457,2026,5,0.0,0.1
2026-05-01,SURINAME,8708,Motor Vehicle Parts,False,0.262534,1.418092,2026,5,0.3,1.6
2026-05-01,SWEDEN,8708,Motor Vehicle Parts,False,10.847086,3.782846,2026,5,11.9,4.2
2026-05-01,SWITZERLAND,8708,Motor Vehicle Parts,False,2.421488,0.650687,2026,5,2.7,0.7
2026-05-01,South Korea,8708,Motor Vehicle Parts,False,515.108458,14.171462,2026,5,566.6,15.6
2026-05-01,TAIWAN,8708,Motor Vehicle Parts,False,130.923848,1.181087,2026,5,144.0,1.3
2026-05-01,TAJIKISTAN,8708,Motor Vehicle Parts,False,0.0,0.01741,2026,5,0.0,0.0
2026-05-01,TANZANIA,8708,Motor Vehicle Parts,False,0.0,0.079693,2026,5,0.0,0.1
2026-05-01,THAILAND,8708,Motor Vehicle Parts,False,149.293247,37.788359,2026,5,164.2,41.6
2026-05-01,TOGO,8708,Motor Vehicle Parts,False,0.0,2.833638,2026,5,0.0,3.1
2026-05-01,TOTAL FOR ALL COUNTRIES,8708,Motor Vehicle Parts,False,7355.5403,4240.026572,2026,5,8091.1,4664.0
2026-05-01,TRINIDAD AND TOBAGO,8708,Motor Vehicle Parts,False,0.0,0.352337,2026,5,0.0,0.4
2026-05-01,TUNISIA,8708,Motor Vehicle Parts,False,1.348475,0.238185,2026,5,1.5,0.3
2026-05-01,TURKEY,8708,Motor Vehicle Parts,False,54.720793,53.809571,2026,5,60.2,59.2
2026-05-01,TURKMENISTAN,8708,Motor Vehicle Parts,False,0.0,0.290369,2026,5,0.0,0.3
2026-05-01,TURKS AND CAICOS ISLANDS,8708,Motor Vehicle Parts,False,0.0,0.225767,2026,5,0.0,0.2
2026-05-01,TWENTY LATIN AMERICAN REPUBLICS,8708,Motor Vehicle Parts,False,3249.944703,2062.039757,2026,5,3574.9,2268.2
2026-05-01,UGANDA,8708,Motor Vehicle Parts,False,0.0,0.014157,2026,5,0.0,0.0
2026-05-01,UKRAINE,8708,Motor Vehicle Parts,False,0.141669,9.374871,2026,5,0.2,10.3
2026-05-01,UNITED ARAB EMIRATES,8708,Motor Vehicle Parts,False,0.639685,11.204515,2026,5,0.7,12.3
2026-05-01,UNITED KINGDOM,8708,Motor Vehicle Parts,False,27.547817,29.210805,2026,5,30.3,32.1
2026-05-01,URUGUAY,8708,Motor Vehicle Parts,False,0.0,0.408686,2026,5,0.0,0.4
2026-05-01,USMCA (NAFTA),8708,Motor Vehicle Parts,False,4188.602854,3324.41,2026,5,4607.5,3656.9
2026-05-01,UZBEKISTAN,8708,Motor Vehicle Parts,False,0.0,0.305655,2026,5,0.0,0.3
2026-05-01,VENEZUELA,8708,Motor Vehicle Parts,False,0.0,5.382184,2026,5,0.0,5.9
2026-05-01,VIETNAM,8708,Motor Vehicle Parts,False,69.369379,0.830516,2026,5,76.3,0.9
2026-05-01,WALLIS AND FUTUNA,8708,Motor Vehicle Parts,False,0.0,0.0,2026,5,0.0,0.0
2026-05-01,YEMEN,8708,Motor Vehicle Parts,False,0.0,0.006747,2026,5,0.0,0.0
2026-05-01,ZAMBIA,8708,Motor Vehicle Parts,False,0.045255,0.277831,2026,5,0.0,0.3
2026-05-01,ZIMBABWE,8708,Motor Vehicle Parts,False,0.0,0.322227,2026,5,0.0,0.4
2026-06-01,AFRICA,2709,Crude Petroleum Oils,True,399.881741,0.0,2026,6,439.9,0.0
2026-06-01,ALGERIA,2709,Crude Petroleum Oils,True,16.634357,0.0,2026,6,18.3,0.0
2026-06-01,ANGOLA,2709,Crude Petroleum Oils,True,107.450135,0.0,2026,6,118.2,0.0
2026-06-01,APEC,2709,Crude Petroleum Oils,True,10401.942894,7832.312761,2026,6,11442.1,8615.5
2026-06-01,ARGENTINA,2709,Crude Petroleum Oils,True,178.933137,0.0,2026,6,196.8,0.0
2026-06-01,ASEAN,2709,Crude Petroleum Oils,True,0.0,1383.312901,2026,6,0.0,1521.6
2026-06-01,ASIA,2709,Crude Petroleum Oils,True,207.58929,6914.76238,2026,6,228.3,7606.2
2026-06-01,AUSTRALIA,2709,Crude Petroleum Oils,True,0.0,76.766254,2026,6,0.0,84.4
2026-06-01,AUSTRALIA AND OCEANIA,2709,Crude Petroleum Oils,True,0.0,76.766254,2026,6,0.0,84.4
2026-06-01,BRAZIL,2709,Crude Petroleum Oils,True,325.697492,204.724442,2026,6,358.3,225.2
2026-06-01,CACM,2709,Crude Petroleum Oils,True,0.0,20.699629,2026,6,0.0,22.8
2026-06-01,CAFTA-DR,2709,Crude Petroleum Oils,True,0.0,69.54328,2026,6,0.0,76.5
2026-06-01,CAMEROON,2709,Crude Petroleum Oils,True,5.404865,0.0,2026,6,5.9,0.0
2026-06-01,CANADA,2709,Crude Petroleum Oils,True,9814.153899,1190.389084,2026,6,10795.6,1309.4
2026-06-01,CENTRAL AMERICA,2709,Crude Petroleum Oils,True,126.606536,170.345877,2026,6,139.3,187.4
2026-06-01,CHINA,2709,Crude Petroleum Oils,True,0.0,0.0,2026,6,0.0,0.0
2026-06-01,COLOMBIA,2709,Crude Petroleum Oils,True,436.592007,91.604586,2026,6,480.3,100.8
2026-06-01,COSTA RICA,2709,Crude Petroleum Oils,True,0.0,0.0,2026,6,0.0,0.0
2026-06-01,COTE D'IVOIRE,2709,Crude Petroleum Oils,True,0.0,0.0,2026,6,0.0,0.0
2026-06-01,CROATIA,2709,Crude Petroleum Oils,True,0.0,0.0,2026,6,0.0,0.0
2026-06-01,DEMOCRATIC REPUBLIC OF THE CONGO,2709,Crude Petroleum Oils,True,0.0,0.0,2026,6,0.0,0.0
2026-06-01,DENMARK,2709,Crude Petroleum Oils,True,0.0,0.0,2026,6,0.0,0.0
2026-06-01,DOMINICAN REPUBLIC,2709,Crude Petroleum Oils,True,0.0,48.843651,2026,6,0.0,53.7
2026-06-01,ECUADOR,2709,Crude Petroleum Oils,True,448.940407,0.0,2026,6,493.8,0.0
2026-06-01,EURO AREA,2709,Crude Petroleum Oils,True,0.0,3878.988651,2026,6,0.0,4266.9
2026-06-01,EUROPE,2709,Crude Petroleum Oils,True,0.355396,4817.459494,2026,6,0.4,5299.2
2026-06-01,EUROPEAN UNION,2709,Crude Petroleum Oils,True,0.0,3951.795379,2026,6,0.0,4347.0
2026-06-01,FINLAND,2709,Crude Petroleum Oils,True,0.0,132.502497,2026,6,0.0,145.8
2026-06-01,FRANCE,2709,Crude Petroleum Oils,True,0.0,309.519215,2026,6,0.0,340.5
2026-06-01,GABON,2709,Crude Petroleum Oils,True,0.0,0.0,2026,6,0.0,0.0
2026-06-01,GERMANY,2709,Crude Petroleum Oils,True,0.0,414.194358,2026,6,0.0,455.6
2026-06-01,GHANA,2709,Crude Petroleum Oils,True,32.902963,0.0,2026,6,36.2,0.0
2026-06-01,GREECE,2709,Crude Petroleum Oils,True,0.0,21.49,2026,6,0.0,23.6
2026-06-01,GUATEMALA,2709,Crude Petroleum Oils,True,0.0,0.3024,2026,6,0.0,0.3
2026-06-01,GUYANA,2709,Crude Petroleum Oils,True,804.42249,0.0,2026,6,884.9,0.0
2026-06-01,INDIA,2709,Crude Petroleum Oils,True,0.0,361.569505,2026,6,0.0,397.7
2026-06-01,INDONESIA,2709,Crude Petroleum Oils,True,0.0,88.294038,2026,6,0.0,97.1
2026-06-01,IRAQ,2709,Crude Petroleum Oils,True,0.0,0.0,2026,6,0.0,0.0
2026-06-01,IRELAND,2709,Crude Petroleum Oils,True,0.0,130.209256,2026,6,0.0,143.2
2026-06-01,ISRAEL,2709,Crude Petroleum Oils,True,0.0,0.0,2026,6,0.0,0.0
2026-06-01,ITALY,2709,Crude Petroleum Oils,True,0.0,302.328729,2026,6,0.0,332.6
2026-06-01,JAPAN,2709,Crude Petroleum Oils,True,0.0,2489.797055,2026,6,0.0,2738.8
2026-06-01,KUWAIT,2709,Crude Petroleum Oils,True,0.0,0.0,2026,6,0.0,0.0
2026-06-01,LAFTA,2709,Crude Petroleum Oils,True,3557.169718,447.164056,2026,6,3912.9,491.9
2026-06-01,LIBERIA,2709,Crude Petroleum Oils,True,0.0,0.0,2026,6,0.0,0.0
2026-06-01,LIBYA,2709,Crude Petroleum Oils,True,210.785685,0.0,2026,6,231.9,0.0
2026-06-01,MALAYSIA,2709,Crude Petroleum Oils,True,0.0,278.993569,2026,6,0.0,306.9
2026-06-01,MEXICO,2709,Crude Petroleum Oils,True,565.149653,69.671232,2026,6,621.7,76.6
2026-06-01,NATO,2709,Crude Petroleum Oils,True,9814.509295,5877.639322,2026,6,10796.0,6465.4
2026-06-01,NETHERLANDS,2709,Crude Petroleum Oils,True,0.0,1944.879562,2026,6,0.0,2139.4
2026-06-01,NICARAGUA,2709,Crude Petroleum Oils,True,0.0,20.397229,2026,6,0.0,22.4
2026-06-01,NIGERIA,2709,Crude Petroleum Oils,True,26.703736,0.0,2026,6,29.4,0.0
2026-06-01,NORTH AMERICA,2709,Crude Petroleum Oils,True,10379.303552,1260.060316,2026,6,11417.2,1386.1
2026-06-01,NORWAY,2709,Crude Petroleum Oils,True,0.0,146.011629,2026,6,0.0,160.6
2026-06-01,OECD,2709,Crude Petroleum Oils,True,10816.250955,10781.889495,2026,6,11897.9,11860.1
2026-06-01,PACIFIC RIM COUNTRIES,2709,Crude Petroleum Oils,True,0.0,5786.229523,2026,6,0.0,6364.9
2026-06-01,PAKISTAN,2709,Crude Petroleum Oils,True,0.0,117.38048,2026,6,0.0,129.1
2026-06-01,PANAMA,2709,Crude Petroleum Oils,True,0.0,100.802597,2026,6,0.0,110.9
2026-06-01,PERU,2709,Crude Petroleum Oils,True,22.639342,59.673796,2026,6,24.9,65.6
2026-06-01,POLAND,2709,Crude Petroleum Oils,True,0.0,0.0,2026,6,0.0,0.0
2026-06-01,PORTUGAL,2709,Crude Petroleum Oils,True,0.0,67.045689,2026,6,0.0,73.8
2026-06-01,SAUDI ARABIA,2709,Crude Petroleum Oils,True,207.58929,0.0,2026,6,228.3,0.0
2026-06-01,SINGAPORE,2709,Crude Petroleum Oils,True,0.0,289.676168,2026,6,0.0,318.6
2026-06-01,SOUTH AMERICA,2709,Crude Petroleum Oils,True,3796.442555,377.492824,2026,6,4176.1,415.2
2026-06-01,SPAIN,2709,Crude Petroleum Oils,True,0.0,556.819345,2026,6,0.0,612.5
2026-06-01,SRI LANKA,2709,Crude Petroleum Oils,True,0.0,0.0,2026,6,0.0,0.0
2026-06-01,SWEDEN,2709,Crude Petroleum Oils,True,0.0,72.806728,2026,6,0.0,80.1
2026-06-01,SWITZERLAND,2709,Crude Petroleum Oils,True,0.0,0.0,2026,6,0.0,0.0
2026-06-01,South Korea,2709,Crude Petroleum Oils,True,0.0,2046.20179,2026,6,0.0,2250.8
2026-06-01,TAIWAN,2709,Crude Petroleum Oils,True,0.0,516.500649,2026,6,0.0,568.2
2026-06-01,THAILAND,2709,Crude Petroleum Oils,True,0.0,726.349126,2026,6,0.0,799.0
2026-06-01,TOTAL FOR ALL COUNTRIES,2709,Crude Petroleum Oils,True,14910.17907,13616.887145,2026,6,16401.2,14978.6
2026-06-01,TRINIDAD AND TOBAGO,2709,Crude Petroleum Oils,True,126.606536,0.0,2026,6,139.3,0.0
2026-06-01,TURKEY,2709,Crude Petroleum Oils,True,0.0,121.408082,2026,6,0.0,133.5
2026-06-01,TWENTY LATIN AMERICAN REPUBLICS,2709,Crude Petroleum Oils,True,3557.169718,617.509933,2026,6,3912.9,679.3
2026-06-01,UNITED KINGDOM,2709,Crude Petroleum Oils,True,0.355396,598.244404,2026,6,0.4,658.1
2026-06-01,URUGUAY,2709,Crude Petroleum Oils,True,0.0,21.49,2026,6,0.0,23.6
2026-06-01,USMCA (NAFTA),2709,Crude Petroleum Oils,True,10379.303552,1260.060316,2026,6,11417.2,1386.1
2026-06-01,VENEZUELA,2709,Crude Petroleum Oils,True,1579.21768,0.0,2026,6,1737.1,0.0
2026-06-01,VIETNAM,2709,Crude Petroleum Oils,True,0.0,0.0,2026,6,0.0,0.0
2026-06-01,AFRICA,2711,Petroleum Gases,True,2.269344,731.656022,2026,6,2.5,804.8
2026-06-01,ALBANIA,2711,Petroleum Gases,True,0.0,0.0,2026,6,0.0,0.0
2026-06-01,ALGERIA,2711,Petroleum Gases,True,0.0,0.0,2026,6,0.0,0.0
2026-06-01,ANGOLA,2711,Petroleum Gases,True,0.0,0.003762,2026,6,0.0,0.0
2026-06-01,ANGUILLA,2711,Petroleum Gases,True,0.0,0.040645,2026,6,0.0,0.0
2026-06-01,ANTIGUA AND BARBUDA,2711,Petroleum Gases,True,0.0,0.0,2026,6,0.0,0.0
2026-06-01,APEC,2711,Petroleum Gases,True,739.019629,3614.540481,2026,6,812.9,3976.0
2026-06-01,ARGENTINA,2711,Petroleum Gases,True,0.0,84.249439,2026,6,0.0,92.7
2026-06-01,ARUBA,2711,Petroleum Gases,True,0.0,0.379765,2026,6,0.0,0.4
2026-06-01,ASEAN,2711,Petroleum Gases,True,0.0,506.72061,2026,6,0.0,557.4
2026-06-01,ASIA,2711,Petroleum Gases,True,3.159132,3341.99486,2026,6,3.5,3676.2
2026-06-01,AUSTRALIA,2711,Petroleum Gases,True,0.002452,38.064664,2026,6,0.0,41.9
2026-06-01,AUSTRALIA AND OCEANIA,2711,Petroleum Gases,True,0.002452,38.227246,2026,6,0.0,42.0
2026-06-01,AUSTRIA,2711,Petroleum Gases,True,0.0,0.0,2026,6,0.0,0.0
2026-06-01,BAHAMAS,2711,Petroleum Gases,True,0.0,1.571855,2026,6,0.0,1.7
2026-06-01,BANGLADESH,2711,Petroleum Gases,True,0.0,103.965885,2026,6,0.0,114.4
2026-06-01,BARBADOS,2711,Petroleum Gases,True,0.0,0.8331,2026,6,0.0,0.9
2026-06-01,BELGIUM,2711,Petroleum Gases,True,0.007957,60.820882,2026,6,0.0,66.9
2026-06-01,BELIZE,2711,Petroleum Gases,True,0.0,2.094369,2026,6,0.0,2.3
2026-06-01,BERMUDA,2711,Petroleum Gases,True,0.0,0.017355,2026,6,0.0,0.0
2026-06-01,BOLIVIA,2711,Petroleum Gases,True,0.0,0.0,2026,6,0.0,0.0
2026-06-01,BRAZIL,2711,Petroleum Gases,True,0.0,108.81858,2026,6,0.0,119.7
2026-06-01,BRITISH VIRGIN ISLANDS,2711,Petroleum Gases,True,0.0,0.0,2026,6,0.0,0.0
2026-06-01,CACM,2711,Petroleum Gases,True,0.0,64.109929,2026,6,0.0,70.5
2026-06-01,CAFTA-DR,2711,Petroleum Gases,True,1.352928,173.370622,2026,6,1.5,190.7
2026-06-01,CAMEROON,2711,Petroleum Gases,True,0.0,0.0,2026,6,0.0,0.0
2026-06-01,CANADA,2711,Petroleum Gases,True,720.938906,180.103939,2026,6,793.0,198.1
2026-06-01,CAYMAN ISLANDS,2711,Petroleum Gases,True,0.0,0.88696,2026,6,0.0,1.0
2026-06-01,CENTRAL AMERICA,2711,Petroleum Gases,True,26.737395,268.626913,2026,6,29.4,295.5
2026-06-01,CHAD,2711,Petroleum Gases,True,0.0,0.022022,2026,6,0.0,0.0
2026-06-01,CHILE,2711,Petroleum Gases,True,0.0,64.0583,2026,6,0.0,70.5
2026-06-01,CHINA,2711,Petroleum Gases,True,0.588163,448.040987,2026,6,0.6,492.8
2026-06-01,COLOMBIA,2711,Petroleum Gases,True,0.0,35.281079,2026,6,0.0,38.8
2026-06-01,CONGO,2711,Petroleum Gases,True,0.0,0.0,2026,6,0.0,0.0
2026-06-01,COSTA RICA,2711,Petroleum Gases,True,0.0,2.281919,2026,6,0.0,2.5
2026-06-01,COTE D'IVOIRE,2711,Petroleum Gases,True,0.0,10.583738,2026,6,0.0,11.6
2026-06-01,CROATIA,2711,Petroleum Gases,True,0.0,58.124009,2026,6,0.0,63.9
2026-06-01,CUBA,2711,Petroleum Gases,True,0.0,0.20916,2026,6,0.0,0.2
2026-06-01,CURACAO,2711,Petroleum Gases,True,0.0,0.0,2026,6,0.0,0.0
2026-06-01,CZECH REPUBLIC,2711,Petroleum Gases,True,0.0,0.0,2026,6,0.0,0.0
2026-06-01,DOMINICA,2711,Petroleum Gases,True,0.0,0.0,2026,6,0.0,0.0
2026-06-01,DOMINICAN REPUBLIC,2711,Petroleum Gases,True,1.352928,109.260693,2026,6,1.5,120.2
2026-06-01,ECUADOR,2711,Petroleum Gases,True,0.0,45.602118,2026,6,0.0,50.2
2026-06-01,EGYPT,2711,Petroleum Gases,True,0.0,520.533499,2026,6,0.0,572.6
2026-06-01,EL SALVADOR,2711,Petroleum Gases,True,0.0,35.484014,2026,6,0.0,39.0
2026-06-01,EQUATORIAL GUINEA,2711,Petroleum Gases,True,2.269344,0.0,2026,6,2.5,0.0
2026-06-01,EURO AREA,2711,Petroleum Gases,True,0.424647,1841.534382,2026,6,0.5,2025.7
2026-06-01,EUROPE,2711,Petroleum Gases,True,0.531091,2092.289519,2026,6,0.6,2301.5
2026-06-01,EUROPEAN UNION,2711,Petroleum Gases,True,0.424647,2029.710764,2026,6,0.5,2232.7
2026-06-01,FINLAND,2711,Petroleum Gases,True,0.0,22.559796,2026,6,0.0,24.8
2026-06-01,FRANCE,2711,Petroleum Gases,True,0.040277,181.208202,2026,6,0.0,199.3
2026-06-01,FRENCH POLYNESIA,2711,Petroleum Gases,True,0.0,0.0,2026,6,0.0,0.0
2026-06-01,GABON,2711,Petroleum Gases,True,0.0,0.0,2026,6,0.0,0.0
2026-06-01,GERMANY,2711,Petroleum Gases,True,0.0,207.633298,2026,6,0.0,228.4
2026-06-01,GHANA,2711,Petroleum Gases,True,0.0,0.0,2026,6,0.0,0.0
2026-06-01,GIBRALTAR,2711,Petroleum Gases,True,0.0,1.226056,2026,6,0.0,1.3
2026-06-01,GREECE,2711,Petroleum Gases,True,0.0,52.641842,2026,6,0.0,57.9
2026-06-01,GUATEMALA,2711,Petroleum Gases,True,0.0,8.792568,2026,6,0.0,9.7
2026-06-01,GUYANA,2711,Petroleum Gases,True,0.0,0.0,2026,6,0.0,0.0
2026-06-01,HAITI,2711,Petroleum Gases,True,0.0,0.18,2026,6,0.0,0.2
2026-06-01,HONDURAS,2711,Petroleum Gases,True,0.0,17.551428,2026,6,0.0,19.3
2026-06-01,HONG KONG,2711,Petroleum Gases,True,0.0,0.0,2026,6,0.0,0.0
2026-06-01,INDIA,2711,Petroleum Gases,True,0.0,636.215402,2026,6,0.0,699.8
2026-06-01,INDONESIA,2711,Petroleum Gases,True,0.0,139.463263,2026,6,0.0,153.4
2026-06-01,IRAQ,2711,Petroleum Gases,True,0.0,0.0,2026,6,0.0,0.0
2026-06-01,IRELAND,2711,Petroleum Gases,True,0.0,0.0,2026,6,0.0,0.0
2026-06-01,ISRAEL,2711,Petroleum Gases,True,0.0,0.06222,2026,6,0.0,0.1
2026-06-01,ITALY,2711,Petroleum Gases,True,0.376413,364.720761,2026,6,0.4,401.2
2026-06-01,JAMAICA,2711,Petroleum Gases,True,0.0,39.363989,2026,6,0.0,43.3
2026-06-01,JAPAN,2711,Petroleum Gases,True,0.0,822.945329,2026,6,0.0,905.2
2026-06-01,JORDAN,2711,Petroleum Gases,True,0.0,0.0,2026,6,0.0,0.0
2026-06-01,KENYA,2711,Petroleum Gases,True,0.0,51.783473,2026,6,0.0,57.0
2026-06-01,LAFTA,2711,Petroleum Gases,True,14.989105,1142.079561,2026,6,16.5,1256.3
2026-06-01,LATVIA,2711,Petroleum Gases,True,0.0,30.203382,2026,6,0.0,33.2
2026-06-01,LIBYA,2711,Petroleum Gases,True,0.0,0.0,2026,6,0.0,0.0
2026-06-01,LITHUANIA,2711,Petroleum Gases,True,0.0,79.882553,2026,6,0.0,87.9
2026-06-01,MALAYSIA,2711,Petroleum Gases,True,0.0,5.796656,2026,6,0.0,6.4
2026-06-01,MALDIVES,2711,Petroleum Gases,True,0.0,29.328215,2026,6,0.0,32.3
2026-06-01,MALTA,2711,Petroleum Gases,True,0.0,13.155405,2026,6,0.0,14.5
2026-06-01,MARSHALL ISLANDS,2711,Petroleum Gases,True,0.0,0.150786,2026,6,0.0,0.2
2026-06-01,MEXICO,2711,Petroleum Gases,True,14.989105,767.021373,2026,6,16.5,843.7
2026-06-01,MOROCCO,2711,Petroleum Gases,True,0.0,61.809371,2026,6,0.0,68.0
2026-06-01,NAMIBIA,2711,Petroleum Gases,True,0.0,0.0,2026,6,0.0,0.0
2026-06-01,NATO,2711,Petroleum Gases,True,721.469997,2258.011997,2026,6,793.6,2483.8
2026-06-01,NETHERLANDS,2711,Petroleum Gases,True,0.0,583.289185,2026,6,0.0,641.6
2026-06-01,NEW ZEALAND,2711,Petroleum Gases,True,0.0,0.011796,2026,6,0.0,0.0
2026-06-01,NIGERIA,2711,Petroleum Gases,True,0.0,5.271407,2026,6,0.0,5.8
2026-06-01,NORTH AMERICA,2711,Petroleum Gases,True,735.928011,947.125312,2026,6,809.5,1041.8
2026-06-01,NORWAY,2711,Petroleum Gases,True,0.0,0.0,2026,6,0.0,0.0
2026-06-01,OECD,2711,Petroleum Gases,True,738.914005,4451.862095,2026,6,812.8,4897.0
2026-06-01,OMAN,2711,Petroleum Gases,True,0.0,0.0,2026,6,0.0,0.0
2026-06-01,PACIFIC RIM COUNTRIES,2711,Petroleum Gases,True,3.091618,2386.150244,2026,6,3.4,2624.8
2026-06-01,PAKISTAN,2711,Petroleum Gases,True,0.0,21.422871,2026,6,0.0,23.6
2026-06-01,PANAMA,2711,Petroleum Gases,True,0.0,49.457884,2026,6,0.0,54.4
2026-06-01,PERU,2711,Petroleum Gases,True,0.0,37.048672,2026,6,0.0,40.8
2026-06-01,PHILIPPINES,2711,Petroleum Gases,True,0.0,0.0,2026,6,0.0,0.0
2026-06-01,POLAND,2711,Petroleum Gases,True,0.0,167.723823,2026,6,0.0,184.5
2026-06-01,PORTUGAL,2711,Petroleum Gases,True,0.0,0.0,2026,6,0.0,0.0
2026-06-01,ROMANIA,2711,Petroleum Gases,True,0.0,0.0,2026,6,0.0,0.0
2026-06-01,SAUDI ARABIA,2711,Petroleum Gases,True,0.0,0.0,2026,6,0.0,0.0
2026-06-01,SENEGAL,2711,Petroleum Gases,True,0.0,23.933494,2026,6,0.0,26.3
2026-06-01,SINGAPORE,2711,Petroleum Gases,True,0.0,181.302738,2026,6,0.0,199.4
2026-06-01,SINT MAARTEN,2711,Petroleum Gases,True,0.0,0.084415,2026,6,0.0,0.1
2026-06-01,SLOVENIA,2711,Petroleum Gases,True,0.0,0.0,2026,6,0.0,0.0
2026-06-01,SOUTH AFRICA,2711,Petroleum Gases,True,0.0,47.800474,2026,6,0.0,52.6
2026-06-01,SOUTH AMERICA,2711,Petroleum Gases,True,0.0,375.058188,2026,6,0.0,412.6
2026-06-01,SPAIN,2711,Petroleum Gases,True,0.0,187.295067,2026,6,0.0,206.0
2026-06-01,ST LUCIA,2711,Petroleum Gases,True,0.0,0.0,2026,6,0.0,0.0
2026-06-01,SURINAME,2711,Petroleum Gases,True,0.0,0.0,2026,6,0.0,0.0
2026-06-01,SWEDEN,2711,Petroleum Gases,True,0.0,20.452559,2026,6,0.0,22.5
2026-06-01,SWITZERLAND,2711,Petroleum Gases,True,0.0,0.0,2026,6,0.0,0.0
2026-06-01,South Korea,2711,Petroleum Gases,True,2.452451,522.247427,2026,6,2.7,574.5
2026-06-01,TAIWAN,2711,Petroleum Gases,True,0.048552,228.277384,2026,6,0.1,251.1
2026-06-01,TANZANIA,2711,Petroleum Gases,True,0.0,0.0,2026,6,0.0,0.0
2026-06-01,THAILAND,2711,Petroleum Gases,True,0.0,96.52878,2026,6,0.0,106.2
2026-06-01,TOGO,2711,Petroleum Gases,True,0.0,9.914782,2026,6,0.0,10.9
2026-06-01,TOTAL FOR ALL COUNTRIES,2711,Petroleum Gases,True,768.627425,7794.97806,2026,6,845.5,8574.5
2026-06-01,TRINIDAD AND TOBAGO,2711,Petroleum Gases,True,25.384467,0.013668,2026,6,27.9,0.0
2026-06-01,TUNISIA,2711,Petroleum Gases,True,0.0,0.0,2026,6,0.0,0.0
2026-06-01,TURKEY,2711,Petroleum Gases,True,0.0,11.663623,2026,6,0.0,12.8
2026-06-01,TURKS AND CAICOS ISLANDS,2711,Petroleum Gases,True,0.0,0.123126,2026,6,0.0,0.1
2026-06-01,TWENTY LATIN AMERICAN REPUBLICS,2711,Petroleum Gases,True,16.342033,1365.297227,2026,6,18.0,1501.8
2026-06-01,UNITED ARAB EMIRATES,2711,Petroleum Gases,True,0.069966,22.76853,2026,6,0.1,25.0
2026-06-01,UNITED KINGDOM,2711,Petroleum Gases,True,0.106444,49.689076,2026,6,0.1,54.7
2026-06-01,URUGUAY,2711,Petroleum Gases,True,0.0,0.0,2026,6,0.0,0.0
2026-06-01,USMCA (NAFTA),2711,Petroleum Gases,True,735.928011,947.125312,2026,6,809.5,1041.8
2026-06-01,VENEZUELA,2711,Petroleum Gases,True,0.0,0.0,2026,6,0.0,0.0
2026-06-01,VIETNAM,2711,Petroleum Gases,True,0.0,83.629173,2026,6,0.0,92.0
2026-06-01,AFGHANISTAN,3004,Medicaments Packaged,True,0.0,0.016115,2026,6,0.0,0.0
2026-06-01,AFRICA,3004,Medicaments Packaged,True,0.454168,13.263472,2026,6,0.5,14.6
2026-06-01,ALBANIA,3004,Medicaments Packaged,True,0.0,0.0,2026,6,0.0,0.0
2026-06-01,ALGERIA,3004,Medicaments Packaged,True,0.0,0.031242,2026,6,0.0,0.0
2026-06-01,ANDORRA,3004,Medicaments Packaged,True,0.0,0.018889,2026,6,0.0,0.0
2026-06-01,ANGOLA,3004,Medicaments Packaged,True,0.0,0.00331,2026,6,0.0,0.0
2026-06-01,ANGUILLA,3004,Medicaments Packaged,True,0.0,0.002562,2026,6,0.0,0.0
2026-06-01,ANTIGUA AND BARBUDA,3004,Medicaments Packaged,True,0.0,0.107672,2026,6,0.0,0.1
2026-06-01,APEC,3004,Medicaments Packaged,True,1165.136459,1219.628651,2026,6,1281.7,1341.6
2026-06-01,ARGENTINA,3004,Medicaments Packaged,True,0.522965,17.265449,2026,6,0.6,19.0
2026-06-01,ARMENIA,3004,Medicaments Packaged,True,0.0,0.0,2026,6,0.0,0.0
2026-06-01,ARUBA,3004,Medicaments Packaged,True,0.0,0.069538,2026,6,0.0,0.1
2026-06-01,ASEAN,3004,Medicaments Packaged,True,288.130584,40.617062,2026,6,316.9,44.7
2026-06-01,ASIA,3004,Medicaments Packaged,True,2119.40254,747.563311,2026,6,2331.3,822.3
2026-06-01,AUSTRALIA,3004,Medicaments Packaged,True,5.155691,92.862134,2026,6,5.7,102.1
2026-06-01,AUSTRALIA AND OCEANIA,3004,Medicaments Packaged,True,5.814369,94.167639,2026,6,6.4,103.6
2026-06-01,AUSTRIA,3004,Medicaments Packaged,True,38.421945,0.587631,2026,6,42.3,0.6
2026-06-01,AZERBAIJAN,3004,Medicaments Packaged,True,0.0,0.0,2026,6,0.0,0.0
2026-06-01,BAHAMAS,3004,Medicaments Packaged,True,0.0,0.666135,2026,6,0.0,0.7
2026-06-01,BAHRAIN,3004,Medicaments Packaged,True,0.0,0.23116,2026,6,0.0,0.3
2026-06-01,BANGLADESH,3004,Medicaments Packaged,True,1.505403,0.893683,2026,6,1.7,1.0
2026-06-01,BARBADOS,3004,Medicaments Packaged,True,0.0,0.28616,2026,6,0.0,0.3
2026-06-01,BELGIUM,3004,Medicaments Packaged,True,38.281024,256.948298,2026,6,42.1,282.6
2026-06-01,BELIZE,3004,Medicaments Packaged,True,0.0,1.718518,2026,6,0.0,1.9
2026-06-01,BERMUDA,3004,Medicaments Packaged,True,0.0,0.413353,2026,6,0.0,0.5
2026-06-01,BOLIVIA,3004,Medicaments Packaged,True,0.0,0.0,2026,6,0.0,0.0
2026-06-01,BOSNIA AND HERZEGOVINA,3004,Medicaments Packaged,True,0.0,0.0,2026,6,0.0,0.0
2026-06-01,BOTSWANA,3004,Medicaments Packaged,True,0.0,0.0,2026,6,0.0,0.0
2026-06-01,BRAZIL,3004,Medicaments Packaged,True,3.211051,114.545487,2026,6,3.5,126.0
2026-06-01,BRITISH VIRGIN ISLANDS,3004,Medicaments Packaged,True,0.0,0.00912,2026,6,0.0,0.0
2026-06-01,BRUNEI,3004,Medicaments Packaged,True,0.0,0.037104,2026,6,0.0,0.0
2026-06-01,BULGARIA,3004,Medicaments Packaged,True,0.675075,0.35996,2026,6,0.7,0.4
2026-06-01,BURMA,3004,Medicaments Packaged,True,0.0,0.0,2026,6,0.0,0.0
2026-06-01,CACM,3004,Medicaments Packaged,True,2.729839,2.377804,2026,6,3.0,2.6
2026-06-01,CAFTA-DR,3004,Medicaments Packaged,True,2.85284,3.455529,2026,6,3.1,3.8
2026-06-01,CAMBODIA,3004,Medicaments Packaged,True,0.0,0.02,2026,6,0.0,0.0
2026-06-01,CAMEROON,3004,Medicaments Packaged,True,0.0,0.117145,2026,6,0.0,0.1
2026-06-01,CANADA,3004,Medicaments Packaged,True,262.024918,278.577405,2026,6,288.2,306.4
2026-06-01,CAYMAN ISLANDS,3004,Medicaments Packaged,True,0.0,0.609779,2026,6,0.0,0.7
2026-06-01,CENTRAL AFRICAN REPUBLIC,3004,Medicaments Packaged,True,0.0,0.0,2026,6,0.0,0.0
2026-06-01,CENTRAL AMERICA,3004,Medicaments Packaged,True,2.85284,34.569629,2026,6,3.1,38.0
2026-06-01,CHAD,3004,Medicaments Packaged,True,0.0,0.0,2026,6,0.0,0.0
2026-06-01,CHILE,3004,Medicaments Packaged,True,0.0,3.974558,2026,6,0.0,4.4
2026-06-01,CHINA,3004,Medicaments Packaged,True,455.237668,161.349441,2026,6,500.8,177.5
2026-06-01,CHRISTMAS ISLAND,3004,Medicaments Packaged,True,0.0,0.0,2026,6,0.0,0.0
2026-06-01,COLOMBIA,3004,Medicaments Packaged,True,0.725153,32.104073,2026,6,0.8,35.3
2026-06-01,CONGO,3004,Medicaments Packaged,True,0.0,0.0,2026,6,0.0,0.0
2026-06-01,COSTA RICA,3004,Medicaments Packaged,True,0.050369,0.907821,2026,6,0.1,1.0
2026-06-01,CROATIA,3004,Medicaments Packaged,True,6.980658,0.041034,2026,6,7.7,0.0
2026-06-01,CURACAO,3004,Medicaments Packaged,True,0.0,0.031772,2026,6,0.0,0.0
2026-06-01,CYPRUS,3004,Medicaments Packaged,True,0.0,0.059353,2026,6,0.0,0.1
2026-06-01,CZECH REPUBLIC,3004,Medicaments Packaged,True,32.990894,3.68522,2026,6,36.3,4.1
2026-06-01,DENMARK,3004,Medicaments Packaged,True,41.392671,39.30241,2026,6,45.5,43.2
2026-06-01,DOMINICA,3004,Medicaments Packaged,True,0.0,0.018556,2026,6,0.0,0.0
2026-06-01,DOMINICAN REPUBLIC,3004,Medicaments Packaged,True,0.123001,1.077725,2026,6,0.1,1.2
2026-06-01,ECUADOR,3004,Medicaments Packaged,True,0.00832,0.349725,2026,6,0.0,0.4
2026-06-01,EGYPT,3004,Medicaments Packaged,True,0.00792,6.31625,2026,6,0.0,6.9
2026-06-01,EL SALVADOR,3004,Medicaments Packaged,True,1.859192,0.125161,2026,6,2.0,0.1
2026-06-01,ESTONIA,3004,Medicaments Packaged,True,0.0,0.0,2026,6,0.0,0.0
2026-06-01,ETHIOPIA,3004,Medicaments Packaged,True,0.0,0.0,2026,6,0.0,0.0
2026-06-01,EURO AREA,3004,Medicaments Packaged,True,3243.408333,703.740998,2026,6,3567.7,774.1
2026-06-01,EUROPE,3004,Medicaments Packaged,True,4376.746706,1005.207208,2026,6,4814.4,1105.7
2026-06-01,EUROPEAN UNION,3004,Medicaments Packaged,True,3368.945409,756.164788,2026,6,3705.8,831.8
2026-06-01,FINLAND,3004,Medicaments Packaged,True,99.387515,0.308776,2026,6,109.3,0.3
2026-06-01,FRANCE,3004,Medicaments Packaged,True,331.151845,18.91325,2026,6,364.3,20.8
2026-06-01,FRENCH POLYNESIA,3004,Medicaments Packaged,True,0.0,0.01389,2026,6,0.0,0.0
2026-06-01,GABON,3004,Medicaments Packaged,True,0.0,0.0,2026,6,0.0,0.0
2026-06-01,GAMBIA,3004,Medicaments Packaged,True,0.0,0.0,2026,6,0.0,0.0
2026-06-01,GEORGIA,3004,Medicaments Packaged,True,0.0,0.158966,2026,6,0.0,0.2
2026-06-01,GERMANY,3004,Medicaments Packaged,True,294.561389,129.812032,2026,6,324.0,142.8
2026-06-01,GHANA,3004,Medicaments Packaged,True,0.0,0.0,2026,6,0.0,0.0
2026-06-01,GREECE,3004,Medicaments Packaged,True,0.725154,2.258128,2026,6,0.8,2.5
2026-06-01,GRENADA,3004,Medicaments Packaged,True,0.0,0.0,2026,6,0.0,0.0
2026-06-01,GUATEMALA,3004,Medicaments Packaged,True,0.0,0.546127,2026,6,0.0,0.6
2026-06-01,GUYANA,3004,Medicaments Packaged,True,0.0,0.127452,2026,6,0.0,0.1
2026-06-01,HAITI,3004,Medicaments Packaged,True,0.0,18.64748,2026,6,0.0,20.5
2026-06-01,HONDURAS,3004,Medicaments Packaged,True,0.667906,0.784227,2026,6,0.7,0.9
2026-06-01,HONG KONG,3004,Medicaments Packaged,True,0.09763,6.939114,2026,6,0.1,7.6
2026-06-01,HUNGARY,3004,Medicaments Packaged,True,3.028021,4.826353,2026,6,3.3,5.3
2026-06-01,ICELAND,3004,Medicaments Packaged,True,0.228565,0.170076,2026,6,0.3,0.2
2026-06-01,INDIA,3004,Medicaments Packaged,True,927.222014,11.679408,2026,6,1019.9,12.8
2026-06-01,INDONESIA,3004,Medicaments Packaged,True,0.372463,3.848228,2026,6,0.4,4.2
2026-06-01,IRAN,3004,Medicaments Packaged,True,0.0,0.0,2026,6,0.0,0.0
2026-06-01,IRAQ,3004,Medicaments Packaged,True,0.0,0.644278,2026,6,0.0,0.7
2026-06-01,IRELAND,3004,Medicaments Packaged,True,1285.572411,66.736208,2026,6,1414.1,73.4
2026-06-01,ISRAEL,3004,Medicaments Packaged,True,338.339039,11.199116,2026,6,372.2,12.3
2026-06-01,ITALY,3004,Medicaments Packaged,True,570.142601,28.995252,2026,6,627.2,31.9
2026-06-01,JAMAICA,3004,Medicaments Packaged,True,0.0,0.052373,2026,6,0.0,0.1
2026-06-01,JAPAN,3004,Medicaments Packaged,True,82.534019,261.505131,2026,6,90.8,287.7
2026-06-01,JORDAN,3004,Medicaments Packaged,True,1.735986,0.65681,2026,6,1.9,0.7
2026-06-01,KAZAKHSTAN,3004,Medicaments Packaged,True,0.0,6.263837,2026,6,0.0,6.9
2026-06-01,KENYA,3004,Medicaments Packaged,True,0.0,0.189206,2026,6,0.0,0.2
2026-06-01,KIRIBATI,3004,Medicaments Packaged,True,0.0,0.0,2026,6,0.0,0.0
2026-06-01,KOSOVO,3004,Medicaments Packaged,True,0.0,0.0,2026,6,0.0,0.0
2026-06-01,KUWAIT,3004,Medicaments Packaged,True,0.0,4.729453,2026,6,0.0,5.2
2026-06-01,KYRGYZSTAN,3004,Medicaments Packaged,True,0.0,0.201014,2026,6,0.0,0.2
2026-06-01,LAFTA,3004,Medicaments Packaged,True,51.240727,340.680991,2026,6,56.4,374.7
2026-06-01,LAOS,3004,Medicaments Packaged,True,0.0,0.019965,2026,6,0.0,0.0
2026-06-01,LATVIA,3004,Medicaments Packaged,True,0.0,0.765793,2026,6,0.0,0.8
2026-06-01,LEBANON,3004,Medicaments Packaged,True,0.0,0.540809,2026,6,0.0,0.6
2026-06-01,LIBYA,3004,Medicaments Packaged,True,0.0,0.0,2026,6,0.0,0.0
2026-06-01,LIECHTENSTEIN,3004,Medicaments Packaged,True,0.09306,0.0,2026,6,0.1,0.0
2026-06-01,LITHUANIA,3004,Medicaments Packaged,True,0.0,0.853804,2026,6,0.0,0.9
2026-06-01,LUXEMBOURG,3004,Medicaments Packaged,True,0.0,0.045189,2026,6,0.0,0.0
2026-06-01,MACAU,3004,Medicaments Packaged,True,0.0,0.029838,2026,6,0.0,0.0
2026-06-01,MACEDONIA,3004,Medicaments Packaged,True,0.0,0.0,2026,6,0.0,0.0
2026-06-01,MADAGASCAR,3004,Medicaments Packaged,True,0.0,0.0,2026,6,0.0,0.0
2026-06-01,MALAWI,3004,Medicaments Packaged,True,0.0,0.0,2026,6,0.0,0.0
2026-06-01,MALAYSIA,3004,Medicaments Packaged,True,12.315833,3.984441,2026,6,13.5,4.4
2026-06-01,MALDIVES,3004,Medicaments Packaged,True,0.0,0.0,2026,6,0.0,0.0
2026-06-01,MALTA,3004,Medicaments Packaged,True,0.042145,0.0,2026,6,0.0,0.0
2026-06-01,MARSHALL ISLANDS,3004,Medicaments Packaged,True,0.0,0.0,2026,6,0.0,0.0
2026-06-01,MAURITIUS,3004,Medicaments Packaged,True,0.0,0.120323,2026,6,0.0,0.1
2026-06-01,MEXICO,3004,Medicaments Packaged,True,46.773238,161.432338,2026,6,51.5,177.6
2026-06-01,MOLDOVA,3004,Medicaments Packaged,True,0.0,0.05068,2026,6,0.0,0.1
2026-06-01,MONGOLIA,3004,Medicaments Packaged,True,0.0,0.049965,2026,6,0.0,0.1
2026-06-01,MOROCCO,3004,Medicaments Packaged,True,0.0,1.085486,2026,6,0.0,1.2
2026-06-01,MOZAMBIQUE,3004,Medicaments Packaged,True,0.0,0.0,2026,6,0.0,0.0
2026-06-01,NAMIBIA,3004,Medicaments Packaged,True,0.0,0.0,2026,6,0.0,0.0
2026-06-01,NATO,3004,Medicaments Packaged,True,2647.649579,1180.221179,2026,6,2912.4,1298.2
2026-06-01,NEPAL,3004,Medicaments Packaged,True,0.0,0.281814,2026,6,0.0,0.3
2026-06-01,NETHERLANDS,3004,Medicaments Packaged,True,37.860223,134.481151,2026,6,41.6,147.9
2026-06-01,NEW ZEALAND,3004,Medicaments Packaged,True,0.658678,1.232345,2026,6,0.7,1.4
2026-06-01,NICARAGUA,3004,Medicaments Packaged,True,0.152372,0.014468,2026,6,0.2,0.0
2026-06-01,NIGER,3004,Medicaments Packaged,True,0.0,0.0,2026,6,0.0,0.0
2026-06-01,NIGERIA,3004,Medicaments Packaged,True,0.0,0.255648,2026,6,0.0,0.3
2026-06-01,NORTH AMERICA,3004,Medicaments Packaged,True,308.798156,440.009743,2026,6,339.7,484.0
2026-06-01,NORWAY,3004,Medicaments Packaged,True,0.0,0.528322,2026,6,0.0,0.6
2026-06-01,OECD,3004,Medicaments Packaged,True,5107.463327,2027.37343,2026,6,5618.2,2230.1
2026-06-01,OMAN,3004,Medicaments Packaged,True,0.0,0.66084,2026,6,0.0,0.7
2026-06-01,PACIFIC RIM COUNTRIES,3004,Medicaments Packaged,True,855.18154,754.21664,2026,6,940.7,829.6
2026-06-01,PAKISTAN,3004,Medicaments Packaged,True,0.068244,0.158814,2026,6,0.1,0.2
2026-06-01,PALAU,3004,Medicaments Packaged,True,0.0,0.044959,2026,6,0.0,0.0
2026-06-01,PANAMA,3004,Medicaments Packaged,True,0.0,8.058169,2026,6,0.0,8.9
2026-06-01,PAPUA NEW GUINEA,3004,Medicaments Packaged,True,0.0,0.0,2026,6,0.0,0.0
2026-06-01,PARAGUAY,3004,Medicaments Packaged,True,0.0,0.615734,2026,6,0.0,0.7
2026-06-01,PERU,3004,Medicaments Packaged,True,0.0,1.401782,2026,6,0.0,1.5
2026-06-01,PHILIPPINES,3004,Medicaments Packaged,True,0.0,5.052693,2026,6,0.0,5.6
2026-06-01,POLAND,3004,Medicaments Packaged,True,0.247317,0.905515,2026,6,0.3,1.0
2026-06-01,PORTUGAL,3004,Medicaments Packaged,True,259.89501,0.417924,2026,6,285.9,0.5
2026-06-01,QATAR,3004,Medicaments Packaged,True,0.0,1.566629,2026,6,0.0,1.7
2026-06-01,ROMANIA,3004,Medicaments Packaged,True,0.693136,0.714628,2026,6,0.8,0.8
2026-06-01,RUSSIA,3004,Medicaments Packaged,True,0.09504,5.871771,2026,6,0.1,6.5
2026-06-01,RWANDA,3004,Medicaments Packaged,True,0.0,0.0,2026,6,0.0,0.0
2026-06-01,SAMOA,3004,Medicaments Packaged,True,0.0,0.0,2026,6,0.0,0.0
2026-06-01,SAUDI ARABIA,3004,Medicaments Packaged,True,0.0,20.735131,2026,6,0.0,22.8
2026-06-01,SENEGAL,3004,Medicaments Packaged,True,0.0,0.003601,2026,6,0.0,0.0
2026-06-01,SERBIA,3004,Medicaments Packaged,True,0.0,0.427655,2026,6,0.0,0.5
2026-06-01,SEYCHELLES,3004,Medicaments Packaged,True,0.0,0.0,2026,6,0.0,0.0
2026-06-01,SIERRA LEONE,3004,Medicaments Packaged,True,0.0,0.0,2026,6,0.0,0.0
2026-06-01,SINGAPORE,3004,Medicaments Packaged,True,274.380565,13.470636,2026,6,301.8,14.8
2026-06-01,SINT MAARTEN,3004,Medicaments Packaged,True,0.0,0.0427,2026,6,0.0,0.0
2026-06-01,SLOVAKIA,3004,Medicaments Packaged,True,0.0,0.27731,2026,6,0.0,0.3
2026-06-01,SLOVENIA,3004,Medicaments Packaged,True,180.913229,1.0472,2026,6,199.0,1.2
2026-06-01,SOMALIA,3004,Medicaments Packaged,True,0.0,0.0,2026,6,0.0,0.0
2026-06-01,SOUTH AFRICA,3004,Medicaments Packaged,True,0.446248,4.388688,2026,6,0.5,4.8
2026-06-01,SOUTH AMERICA,3004,Medicaments Packaged,True,4.467489,179.376105,2026,6,4.9,197.3
2026-06-01,SOUTH SUDAN,3004,Medicaments Packaged,True,0.0,0.048788,2026,6,0.0,0.1
2026-06-01,SPAIN,3004,Medicaments Packaged,True,98.798109,60.832705,2026,6,108.7,66.9
2026-06-01,SRI LANKA,3004,Medicaments Packaged,True,0.0,0.109798,2026,6,0.0,0.1
2026-06-01,ST KITTS AND NEVIS,3004,Medicaments Packaged,True,0.0,0.018427,2026,6,0.0,0.0
2026-06-01,ST LUCIA,3004,Medicaments Packaged,True,0.0,0.025951,2026,6,0.0,0.0
2026-06-01,ST VINCENT AND THE GRENADINES,3004,Medicaments Packaged,True,0.0,0.002994,2026,6,0.0,0.0
2026-06-01,SUDAN,3004,Medicaments Packaged,True,0.0,0.657566,2026,6,0.0,0.7
2026-06-01,SURINAME,3004,Medicaments Packaged,True,0.0,0.0,2026,6,0.0,0.0
2026-06-01,SWEDEN,3004,Medicaments Packaged,True,47.185037,2.989664,2026,6,51.9,3.3
2026-06-01,SWITZERLAND,3004,Medicaments Packaged,True,666.897444,23.043695,2026,6,733.6,25.3
2026-06-01,South Korea,3004,Medicaments Packaged,True,3.03463,192.682823,2026,6,3.3,212.0
2026-06-01,TAIWAN,3004,Medicaments Packaged,True,21.394363,11.222712,2026,6,23.5,12.3
2026-06-01,TANZANIA,3004,Medicaments Packaged,True,0.0,0.0,2026,6,0.0,0.0
2026-06-01,THAILAND,3004,Medicaments Packaged,True,1.061723,9.476822,2026,6,1.2,10.4
2026-06-01,TOTAL FOR ALL COUNTRIES,3004,Medicaments Packaged,True,6818.536268,2514.157107,2026,6,7500.4,2765.6
2026-06-01,TRINIDAD AND TOBAGO,3004,Medicaments Packaged,True,0.0,0.30773,2026,6,0.0,0.3
2026-06-01,TUNISIA,3004,Medicaments Packaged,True,0.0,0.0,2026,6,0.0,0.0
2026-06-01,TURKEY,3004,Medicaments Packaged,True,2.440898,6.254786,2026,6,2.7,6.9
2026-06-01,TURKS AND CAICOS ISLANDS,3004,Medicaments Packaged,True,0.0,0.025111,2026,6,0.0,0.0
2026-06-01,TWENTY LATIN AMERICAN REPUBLICS,3004,Medicaments Packaged,True,54.093567,370.842169,2026,6,59.5,407.9
2026-06-01,UGANDA,3004,Medicaments Packaged,True,0.0,0.022667,2026,6,0.0,0.0
2026-06-01,UKRAINE,3004,Medicaments Packaged,True,0.0,0.100323,2026,6,0.0,0.1
2026-06-01,UNITED ARAB EMIRATES,3004,Medicaments Packaged,True,0.10296,18.938507,2026,6,0.1,20.8
2026-06-01,UNITED KINGDOM,3004,Medicaments Packaged,True,338.04629,205.908994,2026,6,371.9,226.5
2026-06-01,URUGUAY,3004,Medicaments Packaged,True,0.0,8.860501,2026,6,0.0,9.7
2026-06-01,USMCA (NAFTA),3004,Medicaments Packaged,True,308.798156,440.009743,2026,6,339.7,484.0
2026-06-01,UZBEKISTAN,3004,Medicaments Packaged,True,0.0,0.043412,2026,6,0.0,0.0
2026-06-01,VANUATU,3004,Medicaments Packaged,True,0.0,0.014311,2026,6,0.0,0.0
2026-06-01,VENEZUELA,3004,Medicaments Packaged,True,0.0,0.131344,2026,6,0.0,0.1
2026-06-01,VIETNAM,3004,Medicaments Packaged,True,0.0,4.707173,2026,6,0.0,5.2
2026-06-01,WEST BANK ADMINISTERED BY ISRAEL,3004,Medicaments Packaged,True,0.0,0.12486,2026,6,0.0,0.1
2026-06-01,ZAMBIA,3004,Medicaments Packaged,True,0.0,0.00348,2026,6,0.0,0.0
2026-06-01,ZIMBABWE,3004,Medicaments Packaged,True,0.0,0.020072,2026,6,0.0,0.0
2026-06-01,AFGHANISTAN,8471,Automatic Data Processing Machines,True,0.0,0.004,2026,6,0.0,0.0
2026-06-01,AFRICA,8471,Automatic Data Processing Machines,True,0.049631,44.596478,2026,6,0.1,49.1
2026-06-01,ALBANIA,8471,Automatic Data Processing Machines,True,0.0,0.267455,2026,6,0.0,0.3
2026-06-01,ALGERIA,8471,Automatic Data Processing Machines,True,0.0,2.089616,2026,6,0.0,2.3
2026-06-01,ANDORRA,8471,Automatic Data Processing Machines,True,0.0,0.0,2026,6,0.0,0.0
2026-06-01,ANGOLA,8471,Automatic Data Processing Machines,True,0.0,0.295457,2026,6,0.0,0.3
2026-06-01,ANGUILLA,8471,Automatic Data Processing Machines,True,0.0,0.015618,2026,6,0.0,0.0
2026-06-01,ANTIGUA AND BARBUDA,8471,Automatic Data Processing Machines,True,0.0,0.189624,2026,6,0.0,0.2
2026-06-01,APEC,8471,Automatic Data Processing Machines,True,34000.647479,3473.19856,2026,6,37400.7,3820.5
2026-06-01,ARGENTINA,8471,Automatic Data Processing Machines,True,0.018,27.716337,2026,6,0.0,30.5
2026-06-01,ARMENIA,8471,Automatic Data Processing Machines,True,0.0,0.11002,2026,6,0.0,0.1
2026-06-01,ARUBA,8471,Automatic Data Processing Machines,True,0.0,0.582812,2026,6,0.0,0.6
2026-06-01,ASEAN,8471,Automatic Data Processing Machines,True,8410.083877,622.771689,2026,6,9251.1,685.0
2026-06-01,ASIA,8471,Automatic Data Processing Machines,True,18987.958274,1801.791843,2026,6,20886.8,1982.0
2026-06-01,AUSTRALIA,8471,Automatic Data Processing Machines,True,1.035082,91.76113,2026,6,1.1,100.9
2026-06-01,AUSTRALIA AND OCEANIA,8471,Automatic Data Processing Machines,True,1.398633,97.344102,2026,6,1.5,107.1
2026-06-01,AUSTRIA,8471,Automatic Data Processing Machines,True,6.419314,4.12492,2026,6,7.1,4.5
2026-06-01,AZERBAIJAN,8471,Automatic Data Processing Machines,True,0.0,0.063399,2026,6,0.0,0.1
2026-06-01,BAHAMAS,8471,Automatic Data Processing Machines,True,0.0,1.003168,2026,6,0.0,1.1
2026-06-01,BAHRAIN,8471,Automatic Data Processing Machines,True,0.0,0.42719,2026,6,0.0,0.5
2026-06-01,BANGLADESH,8471,Automatic Data Processing Machines,True,0.002124,0.446779,2026,6,0.0,0.5
2026-06-01,BARBADOS,8471,Automatic Data Processing Machines,True,0.0,1.941999,2026,6,0.0,2.1
2026-06-01,BELARUS,8471,Automatic Data Processing Machines,True,0.0,0.0,2026,6,0.0,0.0
2026-06-01,BELGIUM,8471,Automatic Data Processing Machines,True,0.763901,28.690167,2026,6,0.8,31.6
2026-06-01,BELIZE,8471,Automatic Data Processing Machines,True,0.0,0.224633,2026,6,0.0,0.2
2026-06-01,BENIN,8471,Automatic Data Processing Machines,True,0.0,0.046907,2026,6,0.0,0.1
2026-06-01,BERMUDA,8471,Automatic Data Processing Machines,True,0.0,0.779095,2026,6,0.0,0.9
2026-06-01,BHUTAN,8471,Automatic Data Processing Machines,True,0.0,0.0,2026,6,0.0,0.0
2026-06-01,BOLIVIA,8471,Automatic Data Processing Machines,True,0.0,3.627765,2026,6,0.0,4.0
2026-06-01,BOSNIA AND HERZEGOVINA,8471,Automatic Data Processing Machines,True,0.030637,0.033699,2026,6,0.0,0.0
2026-06-01,BOTSWANA,8471,Automatic Data Processing Machines,True,0.0,0.040707,2026,6,0.0,0.0
2026-06-01,BRAZIL,8471,Automatic Data Processing Machines,True,0.25238,104.714578,2026,6,0.3,115.2
2026-06-01,BRITISH INDIAN OCEAN TERRITORIES,8471,Automatic Data Processing Machines,True,0.0,0.0,2026,6,0.0,0.0
2026-06-01,BRITISH VIRGIN ISLANDS,8471,Automatic Data Processing Machines,True,0.00845,0.296001,2026,6,0.0,0.3
2026-06-01,BRUNEI,8471,Automatic Data Processing Machines,True,0.0,0.173342,2026,6,0.0,0.2
2026-06-01,BULGARIA,8471,Automatic Data Processing Machines,True,1.721831,3.493786,2026,6,1.9,3.8
2026-06-01,BURKINA FASO,8471,Automatic Data Processing Machines,True,0.0,0.0535,2026,6,0.0,0.1
2026-06-01,BURMA,8471,Automatic Data Processing Machines,True,0.0,0.815562,2026,6,0.0,0.9
2026-06-01,BURUNDI,8471,Automatic Data Processing Machines,True,0.0,0.0,2026,6,0.0,0.0
2026-06-01,CABO VERDE,8471,Automatic Data Processing Machines,True,0.0,0.07341,2026,6,0.0,0.1
2026-06-01,CACM,8471,Automatic Data Processing Machines,True,0.087437,63.819679,2026,6,0.1,70.2
2026-06-01,CAFTA-DR,8471,Automatic Data Processing Machines,True,0.234025,76.759623,2026,6,0.3,84.4
2026-06-01,CAMBODIA,8471,Automatic Data Processing Machines,True,0.963747,0.243241,2026,6,1.1,0.3
2026-06-01,CAMEROON,8471,Automatic Data Processing Machines,True,0.0,0.162379,2026,6,0.0,0.2
2026-06-01,CANADA,8471,Automatic Data Processing Machines,True,53.735125,696.514864,2026,6,59.1,766.2
2026-06-01,CAYMAN ISLANDS,8471,Automatic Data Processing Machines,True,0.0036,0.83273,2026,6,0.0,0.9
2026-06-01,CENTRAL AFRICAN REPUBLIC,8471,Automatic Data Processing Machines,True,0.0,0.0,2026,6,0.0,0.0
2026-06-01,CENTRAL AMERICA,8471,Automatic Data Processing Machines,True,0.325765,110.740008,2026,6,0.4,121.8
2026-06-01,CHAD,8471,Automatic Data Processing Machines,True,0.0,0.01458,2026,6,0.0,0.0
2026-06-01,CHILE,8471,Automatic Data Processing Machines,True,0.0028,54.804108,2026,6,0.0,60.3
2026-06-01,CHINA,8471,Automatic Data Processing Machines,True,853.247496,73.374983,2026,6,938.6,80.7
2026-06-01,COLOMBIA,8471,Automatic Data Processing Machines,True,0.026619,26.630423,2026,6,0.0,29.3
2026-06-01,COMOROS,8471,Automatic Data Processing Machines,True,0.0,0.0,2026,6,0.0,0.0
2026-06-01,CONGO,8471,Automatic Data Processing Machines,True,0.0,0.0,2026,6,0.0,0.0
2026-06-01,COOK ISLANDS,8471,Automatic Data Processing Machines,True,0.0,0.0,2026,6,0.0,0.0
2026-06-01,COSTA RICA,8471,Automatic Data Processing Machines,True,0.081057,19.416692,2026,6,0.1,21.4
2026-06-01,COTE D'IVOIRE,8471,Automatic Data Processing Machines,True,0.0,0.121103,2026,6,0.0,0.1
2026-06-01,CROATIA,8471,Automatic Data Processing Machines,True,0.025135,0.025722,2026,6,0.0,0.0
2026-06-01,CUBA,8471,Automatic Data Processing Machines,True,0.0,0.0,2026,6,0.0,0.0
2026-06-01,CURACAO,8471,Automatic Data Processing Machines,True,0.0,0.925618,2026,6,0.0,1.0
2026-06-01,CYPRUS,8471,Automatic Data Processing Machines,True,0.0,1.941348,2026,6,0.0,2.1
2026-06-01,CZECH REPUBLIC,8471,Automatic Data Processing Machines,True,138.101072,9.445833,2026,6,151.9,10.4
2026-06-01,DEMOCRATIC REPUBLIC OF THE CONGO,8471,Automatic Data Processing Machines,True,0.0,0.018096,2026,6,0.0,0.0
2026-06-01,DENMARK,8471,Automatic Data Processing Machines,True,3.661612,10.480389,2026,6,4.0,11.5
2026-06-01,DJIBOUTI,8471,Automatic Data Processing Machines,True,0.0,0.69781,2026,6,0.0,0.8
2026-06-01,DOMINICA,8471,Automatic Data Processing Machines,True,0.0,0.128289,2026,6,0.0,0.1
2026-06-01,DOMINICAN REPUBLIC,8471,Automatic Data Processing Machines,True,0.146588,12.939944,2026,6,0.2,14.2
2026-06-01,ECUADOR,8471,Automatic Data Processing Machines,True,0.0,11.393371,2026,6,0.0,12.5
2026-06-01,EGYPT,8471,Automatic Data Processing Machines,True,0.010446,2.153628,2026,6,0.0,2.4
2026-06-01,EL SALVADOR,8471,Automatic Data Processing Machines,True,0.0,7.86488,2026,6,0.0,8.7
2026-06-01,EQUATORIAL GUINEA,8471,Automatic Data Processing Machines,True,0.0,0.050849,2026,6,0.0,0.1
2026-06-01,ESTONIA,8471,Automatic Data Processing Machines,True,0.817977,0.148323,2026,6,0.9,0.2
2026-06-01,ESWATINI,8471,Automatic Data Processing Machines,True,0.0,0.052868,2026,6,0.0,0.1
2026-06-01,ETHIOPIA,8471,Automatic Data Processing Machines,True,0.0,0.842151,2026,6,0.0,0.9
2026-06-01,EURO AREA,8471,Automatic Data Processing Machines,True,305.748629,1222.172288,2026,6,336.3,1344.4
2026-06-01,EUROPE,8471,Automatic Data Processing Machines,True,1174.739678,1496.303998,2026,6,1292.2,1645.9
2026-06-01,EUROPEAN UNION,8471,Automatic Data Processing Machines,True,1129.685355,1304.220341,2026,6,1242.7,1434.6
2026-06-01,FAROE ISLANDS,8471,Automatic Data Processing Machines,True,0.0,0.0,2026,6,0.0,0.0
2026-06-01,FIJI,8471,Automatic Data Processing Machines,True,0.0,0.923875,2026,6,0.0,1.0
2026-06-01,FINLAND,8471,Automatic Data Processing Machines,True,0.887047,20.529956,2026,6,1.0,22.6
2026-06-01,FRANCE,8471,Automatic Data Processing Machines,True,12.04536,34.220366,2026,6,13.2,37.6
2026-06-01,FRENCH GUIANA,8471,Automatic Data Processing Machines,True,0.0,0.020722,2026,6,0.0,0.0
2026-06-01,FRENCH POLYNESIA,8471,Automatic Data Processing Machines,True,0.0,0.02025,2026,6,0.0,0.0
2026-06-01,GABON,8471,Automatic Data Processing Machines,True,0.0,0.04041,2026,6,0.0,0.0
2026-06-01,GAMBIA,8471,Automatic Data Processing Machines,True,0.0,0.00346,2026,6,0.0,0.0
2026-06-01,GEORGIA,8471,Automatic Data Processing Machines,True,0.003409,0.988858,2026,6,0.0,1.1
2026-06-01,GERMANY,8471,Automatic Data Processing Machines,True,90.203767,186.068921,2026,6,99.2,204.7
2026-06-01,GHANA,8471,Automatic Data Processing Machines,True,0.00245,2.341758,2026,6,0.0,2.6
2026-06-01,GIBRALTAR,8471,Automatic Data Processing Machines,True,0.0,0.161517,2026,6,0.0,0.2
2026-06-01,GREECE,8471,Automatic Data Processing Machines,True,0.009478,0.782218,2026,6,0.0,0.9
2026-06-01,GREENLAND,8471,Automatic Data Processing Machines,True,0.0,0.0,2026,6,0.0,0.0
2026-06-01,GRENADA,8471,Automatic Data Processing Machines,True,0.0,0.141944,2026,6,0.0,0.2
2026-06-01,GUADELOUPE,8471,Automatic Data Processing Machines,True,0.0,0.044777,2026,6,0.0,0.0
2026-06-01,GUATEMALA,8471,Automatic Data Processing Machines,True,0.0,27.724953,2026,6,0.0,30.5
2026-06-01,GUINEA,8471,Automatic Data Processing Machines,True,0.0,0.003929,2026,6,0.0,0.0
2026-06-01,GUINEA-BISSAU,8471,Automatic Data Processing Machines,True,0.0,0.0,2026,6,0.0,0.0
2026-06-01,GUYANA,8471,Automatic Data Processing Machines,True,0.0,1.154798,2026,6,0.0,1.3
2026-06-01,HAITI,8471,Automatic Data Processing Machines,True,0.0,0.17981,2026,6,0.0,0.2
2026-06-01,HONDURAS,8471,Automatic Data Processing Machines,True,0.00638,7.31545,2026,6,0.0,8.0
2026-06-01,HONG KONG,8471,Automatic Data Processing Machines,True,1.866578,97.317876,2026,6,2.1,107.0
2026-06-01,HUNGARY,8471,Automatic Data Processing Machines,True,663.729113,22.989031,2026,6,730.1,25.3
2026-06-01,ICELAND,8471,Automatic Data Processing Machines,True,0.168401,16.457811,2026,6,0.2,18.1
2026-06-01,INDIA,8471,Automatic Data Processing Machines,True,4.786364,209.125292,2026,6,5.3,230.0
2026-06-01,INDONESIA,8471,Automatic Data Processing Machines,True,44.881861,117.349027,2026,6,49.4,129.1
2026-06-01,IRAN,8471,Automatic Data Processing Machines,True,0.0,0.042997,2026,6,0.0,0.0
2026-06-01,IRAQ,8471,Automatic Data Processing Machines,True,0.0,3.523101,2026,6,0.0,3.9
2026-06-01,IRELAND,8471,Automatic Data Processing Machines,True,170.10756,52.883724,2026,6,187.1,58.2
2026-06-01,ISRAEL,8471,Automatic Data Processing Machines,True,12.865578,47.891516,2026,6,14.2,52.7
2026-06-01,ITALY,8471,Automatic Data Processing Machines,True,7.846421,125.322324,2026,6,8.6,137.9
2026-06-01,JAMAICA,8471,Automatic Data Processing Machines,True,0.0,3.067818,2026,6,0.0,3.4
2026-06-01,JAPAN,8471,Automatic Data Processing Machines,True,44.226187,100.315246,2026,6,48.6,110.3
2026-06-01,JORDAN,8471,Automatic Data Processing Machines,True,0.101884,0.977232,2026,6,0.1,1.1
2026-06-01,KAZAKHSTAN,8471,Automatic Data Processing Machines,True,0.0,1.233923,2026,6,0.0,1.4
2026-06-01,KENYA,8471,Automatic Data Processing Machines,True,0.0,6.090038,2026,6,0.0,6.7
2026-06-01,KIRIBATI,8471,Automatic Data Processing Machines,True,0.0,0.0,2026,6,0.0,0.0
2026-06-01,KOSOVO,8471,Automatic Data Processing Machines,True,0.0,0.151458,2026,6,0.0,0.2
2026-06-01,KUWAIT,8471,Automatic Data Processing Machines,True,0.0098,0.138385,2026,6,0.0,0.2
2026-06-01,KYRGYZSTAN,8471,Automatic Data Processing Machines,True,0.0,0.226326,2026,6,0.0,0.2
2026-06-01,LAFTA,8471,Automatic Data Processing Machines,True,14981.20672,1603.523451,2026,6,16479.3,1763.9
2026-06-01,LAOS,8471,Automatic Data Processing Machines,True,0.013376,0.011381,2026,6,0.0,0.0
2026-06-01,LATVIA,8471,Automatic Data Processing Machines,True,0.16989,0.285332,2026,6,0.2,0.3
2026-06-01,LEBANON,8471,Automatic Data Processing Machines,True,0.0,0.392747,2026,6,0.0,0.4
2026-06-01,LESOTHO,8471,Automatic Data Processing Machines,True,0.0,0.0,2026,6,0.0,0.0
2026-06-01,LIBERIA,8471,Automatic Data Processing Machines,True,0.005,0.059606,2026,6,0.0,0.1
2026-06-01,LIBYA,8471,Automatic Data Processing Machines,True,0.0,0.008549,2026,6,0.0,0.0
2026-06-01,LIECHTENSTEIN,8471,Automatic Data Processing Machines,True,0.0,0.0,2026,6,0.0,0.0
2026-06-01,LITHUANIA,8471,Automatic Data Processing Machines,True,0.172015,0.277508,2026,6,0.2,0.3
2026-06-01,LUXEMBOURG,8471,Automatic Data Processing Machines,True,0.026589,1.166655,2026,6,0.0,1.3
2026-06-01,MACAU,8471,Automatic Data Processing Machines,True,0.0,0.943108,2026,6,0.0,1.0
2026-06-01,MACEDONIA,8471,Automatic Data Processing Machines,True,0.007682,0.058768,2026,6,0.0,0.1
2026-06-01,MADAGASCAR,8471,Automatic Data Processing Machines,True,0.0,0.031817,2026,6,0.0,0.0
2026-06-01,MALAWI,8471,Automatic Data Processing Machines,True,0.004739,0.076011,2026,6,0.0,0.1
2026-06-01,MALAYSIA,8471,Automatic Data Processing Machines,True,238.129573,206.700417,2026,6,261.9,227.4
2026-06-01,MALDIVES,8471,Automatic Data Processing Machines,True,0.0,0.244932,2026,6,0.0,0.3
2026-06-01,MALI,8471,Automatic Data Processing Machines,True,0.0,0.0,2026,6,0.0,0.0
2026-06-01,MALTA,8471,Automatic Data Processing Machines,True,0.008157,0.170602,2026,6,0.0,0.2
2026-06-01,MARSHALL ISLANDS,8471,Automatic Data Processing Machines,True,0.0,0.416456,2026,6,0.0,0.5
2026-06-01,MARTINIQUE,8471,Automatic Data Processing Machines,True,0.0,0.021851,2026,6,0.0,0.0
2026-06-01,MAURITANIA,8471,Automatic Data Processing Machines,True,0.0,0.051887,2026,6,0.0,0.1
2026-06-01,MAURITIUS,8471,Automatic Data Processing Machines,True,0.0,0.066668,2026,6,0.0,0.1
2026-06-01,MAYOTTE,8471,Automatic Data Processing Machines,True,0.0,0.0,2026,6,0.0,0.0
2026-06-01,MEXICO,8471,Automatic Data Processing Machines,True,14980.899226,1295.417416,2026,6,16479.0,1425.0
2026-06-01,MICRONESIA,8471,Automatic Data Processing Machines,True,0.0,0.129679,2026,6,0.0,0.1
2026-06-01,MOLDOVA,8471,Automatic Data Processing Machines,True,0.0,0.072063,2026,6,0.0,0.1
2026-06-01,MONACO,8471,Automatic Data Processing Machines,True,0.0,0.0,2026,6,0.0,0.0
2026-06-01,MONGOLIA,8471,Automatic Data Processing Machines,True,0.0,0.478657,2026,6,0.0,0.5
2026-06-01,MONTENEGRO,8471,Automatic Data Processing Machines,True,0.0,0.002569,2026,6,0.0,0.0
2026-06-01,MONTSERRAT,8471,Automatic Data Processing Machines,True,0.0,0.022075,2026,6,0.0,0.0
2026-06-01,MOROCCO,8471,Automatic Data Processing Machines,True,0.0,1.481612,2026,6,0.0,1.6
2026-06-01,MOZAMBIQUE,8471,Automatic Data Processing Machines,True,0.0,0.005104,2026,6,0.0,0.0
2026-06-01,NAMIBIA,8471,Automatic Data Processing Machines,True,0.003979,0.145092,2026,6,0.0,0.2
2026-06-01,NATO,8471,Automatic Data Processing Machines,True,1044.862483,2109.722597,2026,6,1149.3,2320.7
2026-06-01,NAURU,8471,Automatic Data Processing Machines,True,0.0,0.0,2026,6,0.0,0.0
2026-06-01,NEPAL,8471,Automatic Data Processing Machines,True,0.0,1.259803,2026,6,0.0,1.4
2026-06-01,NETHERLANDS,8471,Automatic Data Processing Machines,True,9.683705,744.830638,2026,6,10.7,819.3
2026-06-01,NEW CALEDONIA,8471,Automatic Data Processing Machines,True,0.0,0.335978,2026,6,0.0,0.4
2026-06-01,NEW ZEALAND,8471,Automatic Data Processing Machines,True,0.363551,3.524267,2026,6,0.4,3.9
2026-06-01,NICARAGUA,8471,Automatic Data Processing Machines,True,0.0,1.497704,2026,6,0.0,1.6
2026-06-01,NIGERIA,8471,Automatic Data Processing Machines,True,0.007,1.661143,2026,6,0.0,1.8
2026-06-01,NORTH AMERICA,8471,Automatic Data Processing Machines,True,15034.634351,1991.93228,2026,6,16538.1,2191.1
2026-06-01,NORWAY,8471,Automatic Data Processing Machines,True,1.449533,17.353508,2026,6,1.6,19.1
2026-06-01,OECD,8471,Automatic Data Processing Machines,True,16310.790026,3862.490709,2026,6,17941.9,4248.7
2026-06-01,OMAN,8471,Automatic Data Processing Machines,True,0.0,1.247425,2026,6,0.0,1.4
2026-06-01,PACIFIC RIM COUNTRIES,8471,Automatic Data Processing Machines,True,11335.900332,1376.55327,2026,6,12469.5,1514.2
2026-06-01,PAKISTAN,8471,Automatic Data Processing Machines,True,0.0,2.504031,2026,6,0.0,2.8
2026-06-01,PALAU,8471,Automatic Data Processing Machines,True,0.0,0.019151,2026,6,0.0,0.0
2026-06-01,PANAMA,8471,Automatic Data Processing Machines,True,0.07475,20.291557,2026,6,0.1,22.3
2026-06-01,PAPUA NEW GUINEA,8471,Automatic Data Processing Machines,True,0.0,0.105889,2026,6,0.0,0.1
2026-06-01,PARAGUAY,8471,Automatic Data Processing Machines,True,0.0,47.328487,2026,6,0.0,52.1
2026-06-01,PERU,8471,Automatic Data Processing Machines,True,0.0,17.507562,2026,6,0.0,19.3
2026-06-01,PHILIPPINES,8471,Automatic Data Processing Machines,True,167.316036,10.619706,2026,6,184.0,11.7
2026-06-01,POLAND,8471,Automatic Data Processing Machines,True,15.281281,16.113301,2026,6,16.8,17.7
2026-06-01,PORTUGAL,8471,Automatic Data Processing Machines,True,0.321839,0.722558,2026,6,0.4,0.8
2026-06-01,QATAR,8471,Automatic Data Processing Machines,True,0.0,9.906356,2026,6,0.0,10.9
2026-06-01,REUNION,8471,Automatic Data Processing Machines,True,0.0,0.014468,2026,6,0.0,0.0
2026-06-01,ROMANIA,8471,Automatic Data Processing Machines,True,1.061156,5.06434,2026,6,1.2,5.6
2026-06-01,RUSSIA,8471,Automatic Data Processing Machines,True,0.0,0.459504,2026,6,0.0,0.5
2026-06-01,RWANDA,8471,Automatic Data Processing Machines,True,0.0,0.302451,2026,6,0.0,0.3
2026-06-01,SAMOA,8471,Automatic Data Processing Machines,True,0.0,0.0,2026,6,0.0,0.0
2026-06-01,SAN MARINO,8471,Automatic Data Processing Machines,True,0.002385,0.0,2026,6,0.0,0.0
2026-06-01,SAUDI ARABIA,8471,Automatic Data Processing Machines,True,0.264531,37.214164,2026,6,0.3,40.9
2026-06-01,SENEGAL,8471,Automatic Data Processing Machines,True,0.009171,0.36128,2026,6,0.0,0.4
2026-06-01,SERBIA,8471,Automatic Data Processing Machines,True,0.014127,0.28571,2026,6,0.0,0.3
2026-06-01,SEYCHELLES,8471,Automatic Data Processing Machines,True,0.0,0.01514,2026,6,0.0,0.0
2026-06-01,SIERRA LEONE,8471,Automatic Data Processing Machines,True,0.0,0.042297,2026,6,0.0,0.0
2026-06-01,SINGAPORE,8471,Automatic Data Processing Machines,True,328.669288,253.974069,2026,6,361.5,279.4
2026-06-01,SINT MAARTEN,8471,Automatic Data Processing Machines,True,0.0,0.222865,2026,6,0.0,0.2
2026-06-01,SLOVAKIA,8471,Automatic Data Processing Machines,True,2.989886,0.790891,2026,6,3.3,0.9
2026-06-01,SLOVENIA,8471,Automatic Data Processing Machines,True,0.47553,0.749356,2026,6,0.5,0.8
2026-06-01,SOLOMON ISLANDS,8471,Automatic Data Processing Machines,True,0.0,0.0,2026,6,0.0,0.0
2026-06-01,SOMALIA,8471,Automatic Data Processing Machines,True,0.0,0.031264,2026,6,0.0,0.0
2026-06-01,SOUTH AFRICA,8471,Automatic Data Processing Machines,True,0.002816,24.117001,2026,6,0.0,26.5
2026-06-01,SOUTH AMERICA,8471,Automatic Data Processing Machines,True,0.307494,310.792791,2026,6,0.3,341.9
2026-06-01,SOUTH SUDAN,8471,Automatic Data Processing Machines,True,0.0,0.0,2026,6,0.0,0.0
2026-06-01,SPAIN,8471,Automatic Data Processing Machines,True,1.053227,14.946973,2026,6,1.2,16.4
2026-06-01,SRI LANKA,8471,Automatic Data Processing Machines,True,0.061763,0.216038,2026,6,0.1,0.2
2026-06-01,ST HELENA,8471,Automatic Data Processing Machines,True,0.0,0.0,2026,6,0.0,0.0
2026-06-01,ST KITTS AND NEVIS,8471,Automatic Data Processing Machines,True,0.00254,0.26034,2026,6,0.0,0.3
2026-06-01,ST LUCIA,8471,Automatic Data Processing Machines,True,0.0,0.858885,2026,6,0.0,0.9
2026-06-01,ST VINCENT AND THE GRENADINES,8471,Automatic Data Processing Machines,True,0.0,0.083924,2026,6,0.0,0.1
2026-06-01,SURINAME,8471,Automatic Data Processing Machines,True,0.0,1.511236,2026,6,0.0,1.7
2026-06-01,SWEDEN,8471,Automatic Data Processing Machines,True,2.102492,17.955159,2026,6,2.3,19.8
2026-06-01,SWITZERLAND,8471,Automatic Data Processing Machines,True,7.021141,15.842226,2026,6,7.7,17.4
2026-06-01,South Korea,8471,Automatic Data Processing Machines,True,45.695232,49.069084,2026,6,50.3,54.0
2026-06-01,TAIWAN,8471,Automatic Data Processing Machines,True,9610.469448,371.325126,2026,6,10571.5,408.5
2026-06-01,TAJIKISTAN,8471,Automatic Data Processing Machines,True,0.0,0.003417,2026,6,0.0,0.0
2026-06-01,TANZANIA,8471,Automatic Data Processing Machines,True,0.0,0.163042,2026,6,0.0,0.2
2026-06-01,THAILAND,8471,Automatic Data Processing Machines,True,3264.266391,14.127951,2026,6,3590.7,15.5
2026-06-01,TIMOR-LESTE,8471,Automatic Data Processing Machines,True,0.0,0.0,2026,6,0.0,0.0
2026-06-01,TOGO,8471,Automatic Data Processing Machines,True,0.0,0.0,2026,6,0.0,0.0
2026-06-01,TONGA,8471,Automatic Data Processing Machines,True,0.0,0.0,2026,6,0.0,0.0
2026-06-01,TOTAL FOR ALL COUNTRIES,8471,Automatic Data Processing Machines,True,35199.413826,5853.5015,2026,6,38719.4,6438.9
2026-06-01,TRINIDAD AND TOBAGO,8471,Automatic Data Processing Machines,True,0.0024,1.809464,2026,6,0.0,2.0
2026-06-01,TUNISIA,8471,Automatic Data Processing Machines,True,0.00403,0.273243,2026,6,0.0,0.3
2026-06-01,TURKEY,8471,Automatic Data Processing Machines,True,0.122724,21.542222,2026,6,0.1,23.7
2026-06-01,TURKMENISTAN,8471,Automatic Data Processing Machines,True,0.0,0.0,2026,6,0.0,0.0
2026-06-01,TURKS AND CAICOS ISLANDS,8471,Automatic Data Processing Machines,True,0.0,0.055488,2026,6,0.0,0.1
2026-06-01,TWENTY LATIN AMERICAN REPUBLICS,8471,Automatic Data Processing Machines,True,14981.515495,1700.754441,2026,6,16479.7,1870.8
2026-06-01,UGANDA,8471,Automatic Data Processing Machines,True,0.0,0.190987,2026,6,0.0,0.2
2026-06-01,UKRAINE,8471,Automatic Data Processing Machines,True,0.00559,4.040412,2026,6,0.0,4.4
2026-06-01,UNITED ARAB EMIRATES,8471,Automatic Data Processing Machines,True,4.277412,170.634086,2026,6,4.7,187.7
2026-06-01,UNITED KINGDOM,8471,Automatic Data Processing Machines,True,36.228694,112.425653,2026,6,39.9,123.7
2026-06-01,URUGUAY,8471,Automatic Data Processing Machines,True,0.007695,7.339128,2026,6,0.0,8.1
2026-06-01,USMCA (NAFTA),8471,Automatic Data Processing Machines,True,15034.634351,1991.93228,2026,6,16538.1,2191.1
2026-06-01,UZBEKISTAN,8471,Automatic Data Processing Machines,True,0.0,0.303139,2026,6,0.0,0.3
2026-06-01,VANUATU,8471,Automatic Data Processing Machines,True,0.0,0.107427,2026,6,0.0,0.1
2026-06-01,VENEZUELA,8471,Automatic Data Processing Machines,True,0.0,7.044276,2026,6,0.0,7.7
2026-06-01,VIETNAM,8471,Automatic Data Processing Machines,True,4365.843605,18.756993,2026,6,4802.4,20.6
2026-06-01,YEMEN,8471,Automatic Data Processing Machines,True,0.0,0.0,2026,6,0.0,0.0
2026-06-01,ZAMBIA,8471,Automatic Data Processing Machines,True,0.0,0.237745,2026,6,0.0,0.3
2026-06-01,ZIMBABWE,8471,Automatic Data Processing Machines,True,0.0,0.067415,2026,6,0.0,0.1
2026-06-01,AFGHANISTAN,8517,Telephone Sets & Network Equipment,True,0.0,0.057015,2026,6,0.0,0.1
2026-06-01,AFRICA,8517,Telephone Sets & Network Equipment,True,1.450535,53.947988,2026,6,1.6,59.3
2026-06-01,ALBANIA,8517,Telephone Sets & Network Equipment,True,0.016801,0.0294,2026,6,0.0,0.0
2026-06-01,ALGERIA,8517,Telephone Sets & Network Equipment,True,0.0,6.766402,2026,6,0.0,7.4
2026-06-01,ANDORRA,8517,Telephone Sets & Network Equipment,True,0.0,0.00858,2026,6,0.0,0.0
2026-06-01,ANGOLA,8517,Telephone Sets & Network Equipment,True,0.0,0.362138,2026,6,0.0,0.4
2026-06-01,ANGUILLA,8517,Telephone Sets & Network Equipment,True,0.0,0.05715,2026,6,0.0,0.1
2026-06-01,ANTIGUA AND BARBUDA,8517,Telephone Sets & Network Equipment,True,0.0,0.585447,2026,6,0.0,0.6
2026-06-01,APEC,8517,Telephone Sets & Network Equipment,True,14064.701952,2464.120657,2026,6,15471.2,2710.5
2026-06-01,ARGENTINA,8517,Telephone Sets & Network Equipment,True,0.00299,29.213825,2026,6,0.0,32.1
2026-06-01,ARMENIA,8517,Telephone Sets & Network Equipment,True,0.0,0.13798,2026,6,0.0,0.2
2026-06-01,ARUBA,8517,Telephone Sets & Network Equipment,True,0.0,0.99422,2026,6,0.0,1.1
2026-06-01,ASEAN,8517,Telephone Sets & Network Equipment,True,8580.965019,536.66245,2026,6,9439.1,590.3
2026-06-01,ASIA,8517,Telephone Sets & Network Equipment,True,14996.707747,1739.109797,2026,6,16496.4,1913.0
2026-06-01,AUSTRALIA,8517,Telephone Sets & Network Equipment,True,6.988637,157.059979,2026,6,7.7,172.8
2026-06-01,AUSTRALIA AND OCEANIA,8517,Telephone Sets & Network Equipment,True,15.771601,162.714052,2026,6,17.3,179.0
2026-06-01,AUSTRIA,8517,Telephone Sets & Network Equipment,True,2.255854,1.566802,2026,6,2.5,1.7
2026-06-01,AZERBAIJAN,8517,Telephone Sets & Network Equipment,True,0.0,0.087565,2026,6,0.0,0.1
2026-06-01,BAHAMAS,8517,Telephone Sets & Network Equipment,True,0.00215,1.23701,2026,6,0.0,1.4
2026-06-01,BAHRAIN,8517,Telephone Sets & Network Equipment,True,0.0,0.074238,2026,6,0.0,0.1
2026-06-01,BANGLADESH,8517,Telephone Sets & Network Equipment,True,0.014456,0.436097,2026,6,0.0,0.5
2026-06-01,BARBADOS,8517,Telephone Sets & Network Equipment,True,0.0,1.291654,2026,6,0.0,1.4
2026-06-01,BELARUS,8517,Telephone Sets & Network Equipment,True,0.0,0.0,2026,6,0.0,0.0
2026-06-01,BELGIUM,8517,Telephone Sets & Network Equipment,True,3.181916,30.884552,2026,6,3.5,34.0
2026-06-01,BELIZE,8517,Telephone Sets & Network Equipment,True,0.0,0.221714,2026,6,0.0,0.2
2026-06-01,BENIN,8517,Telephone Sets & Network Equipment,True,0.0,0.008248,2026,6,0.0,0.0
2026-06-01,BERMUDA,8517,Telephone Sets & Network Equipment,True,0.0,2.151935,2026,6,0.0,2.4
2026-06-01,BHUTAN,8517,Telephone Sets & Network Equipment,True,0.0,0.007,2026,6,0.0,0.0
2026-06-01,BOLIVIA,8517,Telephone Sets & Network Equipment,True,0.0,4.695458,2026,6,0.0,5.2
2026-06-01,BOSNIA AND HERZEGOVINA,8517,Telephone Sets & Network Equipment,True,0.0,0.0,2026,6,0.0,0.0
2026-06-01,BOTSWANA,8517,Telephone Sets & Network Equipment,True,0.0,0.08349,2026,6,0.0,0.1
2026-06-01,BRAZIL,8517,Telephone Sets & Network Equipment,True,12.303493,96.434873,2026,6,13.5,106.1
2026-06-01,BRITISH INDIAN OCEAN TERRITORIES,8517,Telephone Sets & Network Equipment,True,0.0,0.0,2026,6,0.0,0.0
2026-06-01,BRITISH VIRGIN ISLANDS,8517,Telephone Sets & Network Equipment,True,0.0,0.241755,2026,6,0.0,0.3
2026-06-01,BRUNEI,8517,Telephone Sets & Network Equipment,True,0.0,0.037367,2026,6,0.0,0.0
2026-06-01,BULGARIA,8517,Telephone Sets & Network Equipment,True,2.612324,0.640327,2026,6,2.9,0.7
2026-06-01,BURKINA FASO,8517,Telephone Sets & Network Equipment,True,0.0,0.0,2026,6,0.0,0.0
2026-06-01,BURMA,8517,Telephone Sets & Network Equipment,True,0.0,0.00696,2026,6,0.0,0.0
2026-06-01,BURUNDI,8517,Telephone Sets & Network Equipment,True,0.0,0.0,2026,6,0.0,0.0
2026-06-01,CABO VERDE,8517,Telephone Sets & Network Equipment,True,0.0,0.0183,2026,6,0.0,0.0
2026-06-01,CACM,8517,Telephone Sets & Network Equipment,True,0.759053,68.706317,2026,6,0.8,75.6
2026-06-01,CAFTA-DR,8517,Telephone Sets & Network Equipment,True,1.253554,83.743667,2026,6,1.4,92.1
2026-06-01,CAMBODIA,8517,Telephone Sets & Network Equipment,True,0.985871,0.003045,2026,6,1.1,0.0
2026-06-01,CAMEROON,8517,Telephone Sets & Network Equipment,True,0.00405,0.006399,2026,6,0.0,0.0
2026-06-01,CANADA,8517,Telephone Sets & Network Equipment,True,89.551156,488.764855,2026,6,98.5,537.6
2026-06-01,CAYMAN ISLANDS,8517,Telephone Sets & Network Equipment,True,1.316284,0.686417,2026,6,1.4,0.8
2026-06-01,CENTRAL AFRICAN REPUBLIC,8517,Telephone Sets & Network Equipment,True,0.0,0.0,2026,6,0.0,0.0
2026-06-01,CENTRAL AMERICA,8517,Telephone Sets & Network Equipment,True,2.851855,121.713273,2026,6,3.1,133.9
2026-06-01,CHAD,8517,Telephone Sets & Network Equipment,True,0.0,0.367774,2026,6,0.0,0.4
2026-06-01,CHILE,8517,Telephone Sets & Network Equipment,True,0.062213,37.883347,2026,6,0.1,41.7
2026-06-01,CHINA,8517,Telephone Sets & Network Equipment,True,1916.309097,56.259345,2026,6,2107.9,61.9
2026-06-01,CHRISTMAS ISLAND,8517,Telephone Sets & Network Equipment,True,0.0,0.0,2026,6,0.0,0.0
2026-06-01,COLOMBIA,8517,Telephone Sets & Network Equipment,True,0.042393,44.780184,2026,6,0.0,49.3
2026-06-01,COMOROS,8517,Telephone Sets & Network Equipment,True,0.0,0.0,2026,6,0.0,0.0
2026-06-01,CONGO,8517,Telephone Sets & Network Equipment,True,0.0,0.0905,2026,6,0.0,0.1
2026-06-01,COOK ISLANDS,8517,Telephone Sets & Network Equipment,True,3.7965,0.0,2026,6,4.2,0.0
2026-06-01,COSTA RICA,8517,Telephone Sets & Network Equipment,True,0.702953,34.695689,2026,6,0.8,38.2
2026-06-01,COTE D'IVOIRE,8517,Telephone Sets & Network Equipment,True,0.0,0.107472,2026,6,0.0,0.1
2026-06-01,CROATIA,8517,Telephone Sets & Network Equipment,True,0.445787,0.384724,2026,6,0.5,0.4
2026-06-01,CUBA,8517,Telephone Sets & Network Equipment,True,0.0,0.0,2026,6,0.0,0.0
2026-06-01,CURACAO,8517,Telephone Sets & Network Equipment,True,0.0,1.308517,2026,6,0.0,1.4
2026-06-01,CYPRUS,8517,Telephone Sets & Network Equipment,True,0.397599,0.493652,2026,6,0.4,0.5
2026-06-01,CZECH REPUBLIC,8517,Telephone Sets & Network Equipment,True,36.078348,17.393804,2026,6,39.7,19.1
2026-06-01,DEMOCRATIC REPUBLIC OF THE CONGO,8517,Telephone Sets & Network Equipment,True,0.0,0.285649,2026,6,0.0,0.3
2026-06-01,DENMARK,8517,Telephone Sets & Network Equipment,True,9.472496,14.126633,2026,6,10.4,15.5
2026-06-01,DJIBOUTI,8517,Telephone Sets & Network Equipment,True,0.0,7.606735,2026,6,0.0,8.4
2026-06-01,DOMINICA,8517,Telephone Sets & Network Equipment,True,0.0,0.087689,2026,6,0.0,0.1
2026-06-01,DOMINICAN REPUBLIC,8517,Telephone Sets & Network Equipment,True,0.494501,15.03735,2026,6,0.5,16.5
2026-06-01,ECUADOR,8517,Telephone Sets & Network Equipment,True,0.0,13.45478,2026,6,0.0,14.8
2026-06-01,EGYPT,8517,Telephone Sets & Network Equipment,True,0.002492,4.116572,2026,6,0.0,4.5
2026-06-01,EL SALVADOR,8517,Telephone Sets & Network Equipment,True,0.05008,10.591894,2026,6,0.1,11.7
2026-06-01,EQUATORIAL GUINEA,8517,Telephone Sets & Network Equipment,True,0.0,0.07385,2026,6,0.0,0.1
2026-06-01,ERITREA,8517,Telephone Sets & Network Equipment,True,0.0,0.0,2026,6,0.0,0.0
2026-06-01,ESTONIA,8517,Telephone Sets & Network Equipment,True,14.847844,20.332397,2026,6,16.3,22.4
2026-06-01,ESWATINI,8517,Telephone Sets & Network Equipment,True,0.0,0.012601,2026,6,0.0,0.0
2026-06-01,ETHIOPIA,8517,Telephone Sets & Network Equipment,True,0.0,0.529449,2026,6,0.0,0.6
2026-06-01,EURO AREA,8517,Telephone Sets & Network Equipment,True,126.020425,563.106057,2026,6,138.6,619.4
2026-06-01,EUROPE,8517,Telephone Sets & Network Equipment,True,324.483572,856.954969,2026,6,356.9,942.7
2026-06-01,EUROPEAN UNION,8517,Telephone Sets & Network Equipment,True,273.238126,655.123384,2026,6,300.6,720.6
2026-06-01,FAROE ISLANDS,8517,Telephone Sets & Network Equipment,True,0.0,0.0,2026,6,0.0,0.0
2026-06-01,FIJI,8517,Telephone Sets & Network Equipment,True,0.0,0.293668,2026,6,0.0,0.3
2026-06-01,FINLAND,8517,Telephone Sets & Network Equipment,True,3.178032,4.22194,2026,6,3.5,4.6
2026-06-01,FRANCE,8517,Telephone Sets & Network Equipment,True,11.361121,42.803101,2026,6,12.5,47.1
2026-06-01,FRENCH GUIANA,8517,Telephone Sets & Network Equipment,True,0.0,0.090659,2026,6,0.0,0.1
2026-06-01,FRENCH POLYNESIA,8517,Telephone Sets & Network Equipment,True,0.0,0.024195,2026,6,0.0,0.0
2026-06-01,GABON,8517,Telephone Sets & Network Equipment,True,0.0,0.0,2026,6,0.0,0.0
2026-06-01,GAMBIA,8517,Telephone Sets & Network Equipment,True,0.0,0.005085,2026,6,0.0,0.0
2026-06-01,GEORGIA,8517,Telephone Sets & Network Equipment,True,0.004122,0.645641,2026,6,0.0,0.7
2026-06-01,GERMANY,8517,Telephone Sets & Network Equipment,True,49.591044,87.899817,2026,6,54.6,96.7
2026-06-01,GHANA,8517,Telephone Sets & Network Equipment,True,0.0,1.211816,2026,6,0.0,1.3
2026-06-01,GIBRALTAR,8517,Telephone Sets & Network Equipment,True,0.0,0.0,2026,6,0.0,0.0
2026-06-01,GREECE,8517,Telephone Sets & Network Equipment,True,0.223764,5.124097,2026,6,0.2,5.6
2026-06-01,GREENLAND,8517,Telephone Sets & Network Equipment,True,0.0,0.00642,2026,6,0.0,0.0
2026-06-01,GRENADA,8517,Telephone Sets & Network Equipment,True,0.0,0.246126,2026,6,0.0,0.3
2026-06-01,GUADELOUPE,8517,Telephone Sets & Network Equipment,True,0.0,0.18155,2026,6,0.0,0.2
2026-06-01,GUATEMALA,8517,Telephone Sets & Network Equipment,True,0.00602,10.737828,2026,6,0.0,11.8
2026-06-01,GUINEA,8517,Telephone Sets & Network Equipment,True,0.0,0.05268,2026,6,0.0,0.1
2026-06-01,GUINEA-BISSAU,8517,Telephone Sets & Network Equipment,True,0.0,0.016768,2026,6,0.0,0.0
2026-06-01,GUYANA,8517,Telephone Sets & Network Equipment,True,0.120856,7.658635,2026,6,0.1,8.4
2026-06-01,HAITI,8517,Telephone Sets & Network Equipment,True,0.0,0.621075,2026,6,0.0,0.7
2026-06-01,HONDURAS,8517,Telephone Sets & Network Equipment,True,0.0,6.360445,2026,6,0.0,7.0
2026-06-01,HONG KONG,8517,Telephone Sets & Network Equipment,True,9.773137,408.93786,2026,6,10.8,449.8
2026-06-01,HUNGARY,8517,Telephone Sets & Network Equipment,True,4.586589,19.066086,2026,6,5.0,21.0
2026-06-01,ICELAND,8517,Telephone Sets & Network Equipment,True,0.0,14.804131,2026,6,0.0,16.3
2026-06-01,INDIA,8517,Telephone Sets & Network Equipment,True,2663.306076,78.146716,2026,6,2929.6,86.0
2026-06-01,INDONESIA,8517,Telephone Sets & Network Equipment,True,146.118107,26.023246,2026,6,160.7,28.6
2026-06-01,IRAN,8517,Telephone Sets & Network Equipment,True,0.0,0.0,2026,6,0.0,0.0
2026-06-01,IRAQ,8517,Telephone Sets & Network Equipment,True,0.003895,0.979838,2026,6,0.0,1.1
2026-06-01,IRELAND,8517,Telephone Sets & Network Equipment,True,4.393241,19.682084,2026,6,4.8,21.7
2026-06-01,ISRAEL,8517,Telephone Sets & Network Equipment,True,160.78197,49.42389,2026,6,176.9,54.4
2026-06-01,ITALY,8517,Telephone Sets & Network Equipment,True,6.489003,23.202772,2026,6,7.1,25.5
2026-06-01,JAMAICA,8517,Telephone Sets & Network Equipment,True,0.0,2.252597,2026,6,0.0,2.5
2026-06-01,JAPAN,8517,Telephone Sets & Network Equipment,True,64.04567,68.773808,2026,6,70.5,75.7
2026-06-01,JORDAN,8517,Telephone Sets & Network Equipment,True,0.0,1.774291,2026,6,0.0,2.0
2026-06-01,KAZAKHSTAN,8517,Telephone Sets & Network Equipment,True,0.0,1.70675,2026,6,0.0,1.9
2026-06-01,KENYA,8517,Telephone Sets & Network Equipment,True,0.0,5.389131,2026,6,0.0,5.9
2026-06-01,KOSOVO,8517,Telephone Sets & Network Equipment,True,0.0,0.016704,2026,6,0.0,0.0
2026-06-01,KUWAIT,8517,Telephone Sets & Network Equipment,True,0.0,0.23633,2026,6,0.0,0.3
2026-06-01,KYRGYZSTAN,8517,Telephone Sets & Network Equipment,True,0.0,0.037747,2026,6,0.0,0.0
2026-06-01,LAFTA,8517,Telephone Sets & Network Equipment,True,1806.662677,1212.294302,2026,6,1987.3,1333.5
2026-06-01,LAOS,8517,Telephone Sets & Network Equipment,True,1.275581,0.0,2026,6,1.4,0.0
2026-06-01,LATVIA,8517,Telephone Sets & Network Equipment,True,3.813679,2.712385,2026,6,4.2,3.0
2026-06-01,LEBANON,8517,Telephone Sets & Network Equipment,True,0.919752,0.19729,2026,6,1.0,0.2
2026-06-01,LESOTHO,8517,Telephone Sets & Network Equipment,True,0.0,0.0,2026,6,0.0,0.0
2026-06-01,LIBERIA,8517,Telephone Sets & Network Equipment,True,0.0,0.035,2026,6,0.0,0.0
2026-06-01,LIBYA,8517,Telephone Sets & Network Equipment,True,0.0,1.868576,2026,6,0.0,2.1
2026-06-01,LIECHTENSTEIN,8517,Telephone Sets & Network Equipment,True,0.0,0.0088,2026,6,0.0,0.0
2026-06-01,LITHUANIA,8517,Telephone Sets & Network Equipment,True,4.815655,0.169609,2026,6,5.3,0.2
2026-06-01,LUXEMBOURG,8517,Telephone Sets & Network Equipment,True,0.018406,0.773808,2026,6,0.0,0.9
2026-06-01,MACAU,8517,Telephone Sets & Network Equipment,True,0.0,0.04302,2026,6,0.0,0.0
2026-06-01,MACEDONIA,8517,Telephone Sets & Network Equipment,True,0.058072,0.011761,2026,6,0.1,0.0
2026-06-01,MADAGASCAR,8517,Telephone Sets & Network Equipment,True,0.0,0.168114,2026,6,0.0,0.2
2026-06-01,MALAWI,8517,Telephone Sets & Network Equipment,True,0.0,0.389371,2026,6,0.0,0.4
2026-06-01,MALAYSIA,8517,Telephone Sets & Network Equipment,True,851.703941,250.568545,2026,6,936.9,275.6
2026-06-01,MALDIVES,8517,Telephone Sets & Network Equipment,True,0.0,0.140387,2026,6,0.0,0.2
2026-06-01,MALI,8517,Telephone Sets & Network Equipment,True,0.0,0.027616,2026,6,0.0,0.0
2026-06-01,MALTA,8517,Telephone Sets & Network Equipment,True,0.404861,0.202719,2026,6,0.4,0.2
2026-06-01,MARSHALL ISLANDS,8517,Telephone Sets & Network Equipment,True,0.0,0.415897,2026,6,0.0,0.5
2026-06-01,MARTINIQUE,8517,Telephone Sets & Network Equipment,True,0.0,2.280262,2026,6,0.0,2.5
2026-06-01,MAURITANIA,8517,Telephone Sets & Network Equipment,True,0.0,0.148735,2026,6,0.0,0.2
2026-06-01,MAURITIUS,8517,Telephone Sets & Network Equipment,True,0.0,0.083345,2026,6,0.0,0.1
2026-06-01,MEXICO,8517,Telephone Sets & Network Equipment,True,1794.208266,560.4553,2026,6,1973.6,616.5
2026-06-01,MICRONESIA,8517,Telephone Sets & Network Equipment,True,0.0,0.072365,2026,6,0.0,0.1
2026-06-01,MOLDOVA,8517,Telephone Sets & Network Equipment,True,0.0,0.012833,2026,6,0.0,0.0
2026-06-01,MONACO,8517,Telephone Sets & Network Equipment,True,0.0,0.049539,2026,6,0.0,0.1
2026-06-01,MONGOLIA,8517,Telephone Sets & Network Equipment,True,0.0,1.012887,2026,6,0.0,1.1
2026-06-01,MONTENEGRO,8517,Telephone Sets & Network Equipment,True,0.059534,0.003988,2026,6,0.1,0.0
2026-06-01,MONTSERRAT,8517,Telephone Sets & Network Equipment,True,0.0,0.004533,2026,6,0.0,0.0
2026-06-01,MOROCCO,8517,Telephone Sets & Network Equipment,True,0.130509,1.007444,2026,6,0.1,1.1
2026-06-01,MOZAMBIQUE,8517,Telephone Sets & Network Equipment,True,0.0,0.442821,2026,6,0.0,0.5
2026-06-01,NAMIBIA,8517,Telephone Sets & Network Equipment,True,0.0,0.163824,2026,6,0.0,0.2
2026-06-01,NATO,8517,Telephone Sets & Network Equipment,True,400.033792,1263.749179,2026,6,440.0,1390.1
2026-06-01,NEPAL,8517,Telephone Sets & Network Equipment,True,0.005995,0.006748,2026,6,0.0,0.0
2026-06-01,NETHERLANDS,8517,Telephone Sets & Network Equipment,True,3.02883,305.444722,2026,6,3.3,336.0
2026-06-01,NEW CALEDONIA,8517,Telephone Sets & Network Equipment,True,0.0,0.0,2026,6,0.0,0.0
2026-06-01,NEW ZEALAND,8517,Telephone Sets & Network Equipment,True,4.986464,4.078797,2026,6,5.5,4.5
2026-06-01,NICARAGUA,8517,Telephone Sets & Network Equipment,True,0.0,6.320461,2026,6,0.0,7.0
2026-06-01,NIGER,8517,Telephone Sets & Network Equipment,True,0.0,0.60646,2026,6,0.0,0.7
2026-06-01,NIGERIA,8517,Telephone Sets & Network Equipment,True,0.0,3.51949,2026,6,0.0,3.9
2026-06-01,NORTH AMERICA,8517,Telephone Sets & Network Equipment,True,1883.759422,1049.226575,2026,6,2072.1,1154.1
2026-06-01,NORWAY,8517,Telephone Sets & Network Equipment,True,4.981388,11.95759,2026,6,5.5,13.2
2026-06-01,OECD,8517,Telephone Sets & Network Equipment,True,2424.242425,2267.783601,2026,6,2666.7,2494.6
2026-06-01,OMAN,8517,Telephone Sets & Network Equipment,True,0.006304,0.356249,2026,6,0.0,0.4
2026-06-01,PACIFIC RIM COUNTRIES,8517,Telephone Sets & Network Equipment,True,4748.041243,1215.605165,2026,6,5222.8,1337.2
2026-06-01,PAKISTAN,8517,Telephone Sets & Network Equipment,True,0.0,0.746322,2026,6,0.0,0.8
2026-06-01,PALAU,8517,Telephone Sets & Network Equipment,True,0.0,0.0,2026,6,0.0,0.0
2026-06-01,PANAMA,8517,Telephone Sets & Network Equipment,True,0.239382,19.316985,2026,6,0.3,21.2
2026-06-01,PAPUA NEW GUINEA,8517,Telephone Sets & Network Equipment,True,0.0,0.682267,2026,6,0.0,0.8
2026-06-01,PARAGUAY,8517,Telephone Sets & Network Equipment,True,0.0,355.094814,2026,6,0.0,390.6
2026-06-01,PERU,8517,Telephone Sets & Network Equipment,True,0.0,21.397486,2026,6,0.0,23.5
2026-06-01,PHILIPPINES,8517,Telephone Sets & Network Equipment,True,118.86396,32.091765,2026,6,130.8,35.3
2026-06-01,POLAND,8517,Telephone Sets & Network Equipment,True,42.549878,17.955564,2026,6,46.8,19.8
2026-06-01,PORTUGAL,8517,Telephone Sets & Network Equipment,True,11.952997,1.187552,2026,6,13.1,1.3
2026-06-01,QATAR,8517,Telephone Sets & Network Equipment,True,0.0,6.211616,2026,6,0.0,6.8
2026-06-01,REUNION,8517,Telephone Sets & Network Equipment,True,0.00503,0.005698,2026,6,0.0,0.0
2026-06-01,ROMANIA,8517,Telephone Sets & Network Equipment,True,44.421547,11.883292,2026,6,48.9,13.1
2026-06-01,RUSSIA,8517,Telephone Sets & Network Equipment,True,0.0,0.070503,2026,6,0.0,0.1
2026-06-01,RWANDA,8517,Telephone Sets & Network Equipment,True,0.0,2.769485,2026,6,0.0,3.0
2026-06-01,SAMOA,8517,Telephone Sets & Network Equipment,True,0.0,0.0,2026,6,0.0,0.0
2026-06-01,SAN MARINO,8517,Telephone Sets & Network Equipment,True,0.0,0.0,2026,6,0.0,0.0
2026-06-01,SAO TOME AND PRINCIPE,8517,Telephone Sets & Network Equipment,True,0.0,0.0,2026,6,0.0,0.0
2026-06-01,SAUDI ARABIA,8517,Telephone Sets & Network Equipment,True,0.0,26.363569,2026,6,0.0,29.0
2026-06-01,SENEGAL,8517,Telephone Sets & Network Equipment,True,0.0,4.623704,2026,6,0.0,5.1
2026-06-01,SERBIA,8517,Telephone Sets & Network Equipment,True,0.051168,0.440985,2026,6,0.1,0.5
2026-06-01,SEYCHELLES,8517,Telephone Sets & Network Equipment,True,0.0,0.280831,2026,6,0.0,0.3
2026-06-01,SIERRA LEONE,8517,Telephone Sets & Network Equipment,True,0.0,0.361047,2026,6,0.0,0.4
2026-06-01,SINGAPORE,8517,Telephone Sets & Network Equipment,True,29.178485,87.944501,2026,6,32.1,96.7
2026-06-01,SINT MAARTEN,8517,Telephone Sets & Network Equipment,True,0.0,0.974617,2026,6,0.0,1.1
2026-06-01,SLOVAKIA,8517,Telephone Sets & Network Equipment,True,0.257824,0.633262,2026,6,0.3,0.7
2026-06-01,SLOVENIA,8517,Telephone Sets & Network Equipment,True,0.680217,0.895809,2026,6,0.7,1.0
2026-06-01,SOLOMON ISLANDS,8517,Telephone Sets & Network Equipment,True,0.0,0.058324,2026,6,0.0,0.1
2026-06-01,SOMALIA,8517,Telephone Sets & Network Equipment,True,0.0,0.03129,2026,6,0.0,0.0
2026-06-01,SOUTH AFRICA,8517,Telephone Sets & Network Equipment,True,1.152409,8.620485,2026,6,1.3,9.5
2026-06-01,SOUTH AMERICA,8517,Telephone Sets & Network Equipment,True,12.575267,661.688549,2026,6,13.8,727.9
2026-06-01,SOUTH SUDAN,8517,Telephone Sets & Network Equipment,True,0.0,0.091157,2026,6,0.0,0.1
2026-06-01,SPAIN,8517,Telephone Sets & Network Equipment,True,2.070427,13.849926,2026,6,2.3,15.2
2026-06-01,SRI LANKA,8517,Telephone Sets & Network Equipment,True,0.12456,0.062082,2026,6,0.1,0.1
2026-06-01,ST HELENA,8517,Telephone Sets & Network Equipment,True,0.0,0.067115,2026,6,0.0,0.1
2026-06-01,ST KITTS AND NEVIS,8517,Telephone Sets & Network Equipment,True,0.035485,0.018595,2026,6,0.0,0.0
2026-06-01,ST LUCIA,8517,Telephone Sets & Network Equipment,True,0.0,0.481424,2026,6,0.0,0.5
2026-06-01,ST VINCENT AND THE GRENADINES,8517,Telephone Sets & Network Equipment,True,0.005,0.035398,2026,6,0.0,0.0
2026-06-01,SURINAME,8517,Telephone Sets & Network Equipment,True,0.0,2.100253,2026,6,0.0,2.3
2026-06-01,SWEDEN,8517,Telephone Sets & Network Equipment,True,10.108843,11.591948,2026,6,11.1,12.8
2026-06-01,SWITZERLAND,8517,Telephone Sets & Network Equipment,True,2.865649,6.528344,2026,6,3.2,7.2
2026-06-01,South Korea,8517,Telephone Sets & Network Equipment,True,30.489388,32.05969,2026,6,33.5,35.3
2026-06-01,TAIWAN,8517,Telephone Sets & Network Equipment,True,1569.584357,91.044975,2026,6,1726.5,100.1
2026-06-01,TAJIKISTAN,8517,Telephone Sets & Network Equipment,True,0.0,0.0064,2026,6,0.0,0.0
2026-06-01,TANZANIA,8517,Telephone Sets & Network Equipment,True,0.0,0.014385,2026,6,0.0,0.0
2026-06-01,THAILAND,8517,Telephone Sets & Network Equipment,True,3227.625068,48.401631,2026,6,3550.4,53.2
2026-06-01,TIMOR-LESTE,8517,Telephone Sets & Network Equipment,True,0.0,0.0,2026,6,0.0,0.0
2026-06-01,TOGO,8517,Telephone Sets & Network Equipment,True,0.0,0.0,2026,6,0.0,0.0
2026-06-01,TONGA,8517,Telephone Sets & Network Equipment,True,0.0,0.0,2026,6,0.0,0.0
2026-06-01,TOTAL FOR ALL COUNTRIES,8517,Telephone Sets & Network Equipment,True,17237.599999,4645.355203,2026,6,18961.4,5109.9
2026-06-01,TRINIDAD AND TOBAGO,8517,Telephone Sets & Network Equipment,True,0.0,2.561254,2026,6,0.0,2.8
2026-06-01,TUNISIA,8517,Telephone Sets & Network Equipment,True,0.156045,0.249977,2026,6,0.2,0.3
2026-06-01,TURKEY,8517,Telephone Sets & Network Equipment,True,2.499124,7.339268,2026,6,2.7,8.1
2026-06-01,TURKMENISTAN,8517,Telephone Sets & Network Equipment,True,0.0,0.080311,2026,6,0.0,0.1
2026-06-01,TURKS AND CAICOS ISLANDS,8517,Telephone Sets & Network Equipment,True,0.0,0.131682,2026,6,0.0,0.1
2026-06-01,TWENTY LATIN AMERICAN REPUBLICS,8517,Telephone Sets & Network Equipment,True,1808.155613,1315.976029,2026,6,1989.0,1447.6
2026-06-01,UGANDA,8517,Telephone Sets & Network Equipment,True,0.0,0.017303,2026,6,0.0,0.0
2026-06-01,UKRAINE,8517,Telephone Sets & Network Equipment,True,3.626367,48.869208,2026,6,4.0,53.8
2026-06-01,UNITED ARAB EMIRATES,8517,Telephone Sets & Network Equipment,True,0.378071,379.079584,2026,6,0.4,417.0
2026-06-01,UNITED KINGDOM,8517,Telephone Sets & Network Equipment,True,37.081146,107.660059,2026,6,40.8,118.4
2026-06-01,URUGUAY,8517,Telephone Sets & Network Equipment,True,0.043322,21.14368,2026,6,0.0,23.3
2026-06-01,USMCA (NAFTA),8517,Telephone Sets & Network Equipment,True,1883.759422,1049.220155,2026,6,2072.1,1154.1
2026-06-01,UZBEKISTAN,8517,Telephone Sets & Network Equipment,True,0.002075,1.317498,2026,6,0.0,1.4
2026-06-01,VANUATU,8517,Telephone Sets & Network Equipment,True,0.0,0.02856,2026,6,0.0,0.0
2026-06-01,VATICAN CITY,8517,Telephone Sets & Network Equipment,True,0.0,0.0,2026,6,0.0,0.0
2026-06-01,VENEZUELA,8517,Telephone Sets & Network Equipment,True,0.0,27.740555,2026,6,0.0,30.5
2026-06-01,VIETNAM,8517,Telephone Sets & Network Equipment,True,4205.214006,91.58539,2026,6,4625.7,100.7
2026-06-01,YEMEN,8517,Telephone Sets & Network Equipment,True,0.0,0.0165,2026,6,0.0,0.0
2026-06-01,ZAMBIA,8517,Telephone Sets & Network Equipment,True,0.0,0.121039,2026,6,0.0,0.1
2026-06-01,ZIMBABWE,8517,Telephone Sets & Network Equipment,True,0.0,1.122617,2026,6,0.0,1.2
2026-06-01,AFGHANISTAN,8542,Electronic Integrated Circuits,True,0.0,0.0,2026,6,0.0,0.0
2026-06-01,AFRICA,8542,Electronic Integrated Circuits,True,3.324359,3.068172,2026,6,3.7,3.4
2026-06-01,ALBANIA,8542,Electronic Integrated Circuits,True,0.035598,0.0,2026,6,0.0,0.0
2026-06-01,ALGERIA,8542,Electronic Integrated Circuits,True,0.0,0.0,2026,6,0.0,0.0
2026-06-01,ANDORRA,8542,Electronic Integrated Circuits,True,0.08646,0.0,2026,6,0.1,0.0
2026-06-01,ANGOLA,8542,Electronic Integrated Circuits,True,0.0,0.204312,2026,6,0.0,0.2
2026-06-01,ANGUILLA,8542,Electronic Integrated Circuits,True,0.0,0.014167,2026,6,0.0,0.0
2026-06-01,ANTIGUA AND BARBUDA,8542,Electronic Integrated Circuits,True,0.0,0.007254,2026,6,0.0,0.0
2026-06-01,APEC,8542,Electronic Integrated Circuits,True,3549.249546,4053.896012,2026,6,3904.2,4459.3
2026-06-01,ARGENTINA,8542,Electronic Integrated Circuits,True,0.07056,5.54709,2026,6,0.1,6.1
2026-06-01,ARMENIA,8542,Electronic Integrated Circuits,True,0.0,0.027166,2026,6,0.0,0.0
2026-06-01,ARUBA,8542,Electronic Integrated Circuits,True,0.0,0.010935,2026,6,0.0,0.0
2026-06-01,ASEAN,8542,Electronic Integrated Circuits,True,645.348945,1119.618069,2026,6,709.9,1231.6
2026-06-01,ASIA,8542,Electronic Integrated Circuits,True,4274.144299,3110.69455,2026,6,4701.6,3421.8
2026-06-01,AUSTRALIA,8542,Electronic Integrated Circuits,True,0.288105,6.141288,2026,6,0.3,6.8
2026-06-01,AUSTRALIA AND OCEANIA,8542,Electronic Integrated Circuits,True,0.298005,6.444059,2026,6,0.3,7.1
2026-06-01,AUSTRIA,8542,Electronic Integrated Circuits,True,7.567977,1.923838,2026,6,8.3,2.1
2026-06-01,AZERBAIJAN,8542,Electronic Integrated Circuits,True,0.0,0.0,2026,6,0.0,0.0
2026-06-01,BAHAMAS,8542,Electronic Integrated Circuits,True,0.0,0.03322,2026,6,0.0,0.0
2026-06-01,BAHRAIN,8542,Electronic Integrated Circuits,True,0.0,0.005178,2026,6,0.0,0.0
2026-06-01,BANGLADESH,8542,Electronic Integrated Circuits,True,0.0,0.0,2026,6,0.0,0.0
2026-06-01,BARBADOS,8542,Electronic Integrated Circuits,True,0.0,0.042897,2026,6,0.0,0.0
2026-06-01,BELGIUM,8542,Electronic Integrated Circuits,True,0.732374,8.671467,2026,6,0.8,9.5
2026-06-01,BELIZE,8542,Electronic Integrated Circuits,True,0.0,0.0,2026,6,0.0,0.0
2026-06-01,BENIN,8542,Electronic Integrated Circuits,True,0.0,0.0,2026,6,0.0,0.0
2026-06-01,BERMUDA,8542,Electronic Integrated Circuits,True,0.031742,0.016134,2026,6,0.0,0.0
2026-06-01,BOLIVIA,8542,Electronic Integrated Circuits,True,0.0,0.008876,2026,6,0.0,0.0
2026-06-01,BOSNIA AND HERZEGOVINA,8542,Electronic Integrated Circuits,True,0.0,0.0,2026,6,0.0,0.0
2026-06-01,BRAZIL,8542,Electronic Integrated Circuits,True,2.450248,68.388229,2026,6,2.7,75.2
2026-06-01,BRITISH INDIAN OCEAN TERRITORIES,8542,Electronic Integrated Circuits,True,0.0,0.0,2026,6,0.0,0.0
2026-06-01,BRUNEI,8542,Electronic Integrated Circuits,True,0.0,0.02667,2026,6,0.0,0.0
2026-06-01,BULGARIA,8542,Electronic Integrated Circuits,True,0.027488,0.732238,2026,6,0.0,0.8
2026-06-01,BURMA,8542,Electronic Integrated Circuits,True,0.012525,0.0,2026,6,0.0,0.0
2026-06-01,BURUNDI,8542,Electronic Integrated Circuits,True,0.0,0.0,2026,6,0.0,0.0
2026-06-01,CACM,8542,Electronic Integrated Circuits,True,10.110998,9.61441,2026,6,11.1,10.6
2026-06-01,CAFTA-DR,8542,Electronic Integrated Circuits,True,10.286398,11.144371,2026,6,11.3,12.3
2026-06-01,CAMBODIA,8542,Electronic Integrated Circuits,True,0.05485,0.088117,2026,6,0.1,0.1
2026-06-01,CAMEROON,8542,Electronic Integrated Circuits,True,0.0,0.0,2026,6,0.0,0.0
2026-06-01,CANADA,8542,Electronic Integrated Circuits,True,9.712455,71.425058,2026,6,10.7,78.6
2026-06-01,CAYMAN ISLANDS,8542,Electronic Integrated Circuits,True,0.0,0.023101,2026,6,0.0,0.0
2026-06-01,CENTRAL AMERICA,8542,Electronic Integrated Circuits,True,10.409064,11.511907,2026,6,11.4,12.7
2026-06-01,CHILE,8542,Electronic Integrated Circuits,True,0.0,1.938696,2026,6,0.0,2.1
2026-06-01,CHINA,8542,Electronic Integrated Circuits,True,90.093462,1198.761153,2026,6,99.1,1318.6
2026-06-01,COLOMBIA,8542,Electronic Integrated Circuits,True,0.387325,1.152092,2026,6,0.4,1.3
2026-06-01,CONGO,8542,Electronic Integrated Circuits,True,0.0,0.006531,2026,6,0.0,0.0
2026-06-01,COSTA RICA,8542,Electronic Integrated Circuits,True,9.661035,6.864749,2026,6,10.6,7.6
2026-06-01,CROATIA,8542,Electronic Integrated Circuits,True,0.100092,0.256047,2026,6,0.1,0.3
2026-06-01,CURACAO,8542,Electronic Integrated Circuits,True,0.0021,0.006276,2026,6,0.0,0.0
2026-06-01,CYPRUS,8542,Electronic Integrated Circuits,True,0.0,0.003216,2026,6,0.0,0.0
2026-06-01,CZECH REPUBLIC,8542,Electronic Integrated Circuits,True,1.143381,21.762274,2026,6,1.3,23.9
2026-06-01,DENMARK,8542,Electronic Integrated Circuits,True,0.588472,2.235656,2026,6,0.6,2.5
2026-06-01,DJIBOUTI,8542,Electronic Integrated Circuits,True,0.0,0.014751,2026,6,0.0,0.0
2026-06-01,DOMINICAN REPUBLIC,8542,Electronic Integrated Circuits,True,0.1754,1.529961,2026,6,0.2,1.7
2026-06-01,ECUADOR,8542,Electronic Integrated Circuits,True,0.011894,0.448641,2026,6,0.0,0.5
2026-06-01,EGYPT,8542,Electronic Integrated Circuits,True,0.0,0.074797,2026,6,0.0,0.1
2026-06-01,EL SALVADOR,8542,Electronic Integrated Circuits,True,0.101896,0.571598,2026,6,0.1,0.6
2026-06-01,EQUATORIAL GUINEA,8542,Electronic Integrated Circuits,True,0.0,0.0,2026,6,0.0,0.0
2026-06-01,ESTONIA,8542,Electronic Integrated Circuits,True,0.002732,0.742213,2026,6,0.0,0.8
2026-06-01,ESWATINI,8542,Electronic Integrated Circuits,True,0.0,0.232986,2026,6,0.0,0.3
2026-06-01,ETHIOPIA,8542,Electronic Integrated Circuits,True,3.081466,0.0,2026,6,3.4,0.0
2026-06-01,EURO AREA,8542,Electronic Integrated Circuits,True,682.121482,201.824297,2026,6,750.3,222.0
2026-06-01,EUROPE,8542,Electronic Integrated Circuits,True,703.877244,378.676304,2026,6,774.3,416.5
2026-06-01,EUROPEAN UNION,8542,Electronic Integrated Circuits,True,686.101247,312.147859,2026,6,754.7,343.4
2026-06-01,FAROE ISLANDS,8542,Electronic Integrated Circuits,True,0.0,0.0,2026,6,0.0,0.0
2026-06-01,FIJI,8542,Electronic Integrated Circuits,True,0.0,0.0,2026,6,0.0,0.0
2026-06-01,FINLAND,8542,Electronic Integrated Circuits,True,0.189589,2.768421,2026,6,0.2,3.0
2026-06-01,FRANCE,8542,Electronic Integrated Circuits,True,51.26117,12.499621,2026,6,56.4,13.7
2026-06-01,FRENCH GUIANA,8542,Electronic Integrated Circuits,True,0.0,0.0,2026,6,0.0,0.0
2026-06-01,FRENCH POLYNESIA,8542,Electronic Integrated Circuits,True,0.0,0.046426,2026,6,0.0,0.1
2026-06-01,GABON,8542,Electronic Integrated Circuits,True,0.0,0.008,2026,6,0.0,0.0
2026-06-01,GEORGIA,8542,Electronic Integrated Circuits,True,0.0,0.0,2026,6,0.0,0.0
2026-06-01,GERMANY,8542,Electronic Integrated Circuits,True,68.091818,44.047331,2026,6,74.9,48.5
2026-06-01,GHANA,8542,Electronic Integrated Circuits,True,0.0,0.005548,2026,6,0.0,0.0
2026-06-01,GREECE,8542,Electronic Integrated Circuits,True,0.1342,4.54983,2026,6,0.1,5.0
2026-06-01,GRENADA,8542,Electronic Integrated Circuits,True,0.0,0.0,2026,6,0.0,0.0
2026-06-01,GUADELOUPE,8542,Electronic Integrated Circuits,True,0.0,0.0,2026,6,0.0,0.0
2026-06-01,GUATEMALA,8542,Electronic Integrated Circuits,True,0.0,1.792149,2026,6,0.0,2.0
2026-06-01,GUYANA,8542,Electronic Integrated Circuits,True,0.0,0.018263,2026,6,0.0,0.0
2026-06-01,HAITI,8542,Electronic Integrated Circuits,True,0.0,0.0,2026,6,0.0,0.0
2026-06-01,HONDURAS,8542,Electronic Integrated Circuits,True,0.217639,0.329797,2026,6,0.2,0.4
2026-06-01,HONG KONG,8542,Electronic Integrated Circuits,True,1.569731,146.62503,2026,6,1.7,161.3
2026-06-01,HUNGARY,8542,Electronic Integrated Circuits,True,1.003285,61.852395,2026,6,1.1,68.0
2026-06-01,ICELAND,8542,Electronic Integrated Circuits,True,6.194666,0.005615,2026,6,6.8,0.0
2026-06-01,INDIA,8542,Electronic Integrated Circuits,True,1.017222,23.449134,2026,6,1.1,25.8
2026-06-01,INDONESIA,8542,Electronic Integrated Circuits,True,1.182621,0.467061,2026,6,1.3,0.5
2026-06-01,IRAQ,8542,Electronic Integrated Circuits,True,0.0,0.019726,2026,6,0.0,0.0
2026-06-01,IRELAND,8542,Electronic Integrated Circuits,True,522.972956,69.112499,2026,6,575.3,76.0
2026-06-01,ISRAEL,8542,Electronic Integrated Circuits,True,751.225603,31.685053,2026,6,826.3,34.9
2026-06-01,ITALY,8542,Electronic Integrated Circuits,True,11.499309,9.024906,2026,6,12.6,9.9
2026-06-01,JAMAICA,8542,Electronic Integrated Circuits,True,0.0,0.041082,2026,6,0.0,0.0
2026-06-01,JAPAN,8542,Electronic Integrated Circuits,True,318.057461,34.154089,2026,6,349.9,37.6
2026-06-01,JORDAN,8542,Electronic Integrated Circuits,True,0.0,0.025721,2026,6,0.0,0.0
2026-06-01,KAZAKHSTAN,8542,Electronic Integrated Circuits,True,0.0,0.118903,2026,6,0.0,0.1
2026-06-01,KENYA,8542,Electronic Integrated Circuits,True,0.0,0.0,2026,6,0.0,0.0
2026-06-01,KUWAIT,8542,Electronic Integrated Circuits,True,0.0,0.039275,2026,6,0.0,0.0
2026-06-01,KYRGYZSTAN,8542,Electronic Integrated Circuits,True,0.0,0.0,2026,6,0.0,0.0
2026-06-01,LAFTA,8542,Electronic Integrated Circuits,True,21.045666,1000.687125,2026,6,23.2,1100.8
2026-06-01,LAOS,8542,Electronic Integrated Circuits,True,0.0,0.0,2026,6,0.0,0.0
2026-06-01,LATVIA,8542,Electronic Integrated Circuits,True,0.050517,0.241355,2026,6,0.1,0.3
2026-06-01,LEBANON,8542,Electronic Integrated Circuits,True,0.0,0.109422,2026,6,0.0,0.1
2026-06-01,LIBERIA,8542,Electronic Integrated Circuits,True,0.0,0.0,2026,6,0.0,0.0
2026-06-01,LIBYA,8542,Electronic Integrated Circuits,True,0.0,0.0,2026,6,0.0,0.0
2026-06-01,LIECHTENSTEIN,8542,Electronic Integrated Circuits,True,0.0,0.044041,2026,6,0.0,0.0
2026-06-01,LITHUANIA,8542,Electronic Integrated Circuits,True,0.33089,0.833218,2026,6,0.4,0.9
2026-06-01,LUXEMBOURG,8542,Electronic Integrated Circuits,True,0.0,0.045041,2026,6,0.0,0.0
2026-06-01,MACAU,8542,Electronic Integrated Circuits,True,0.0,0.311484,2026,6,0.0,0.3
2026-06-01,MACEDONIA,8542,Electronic Integrated Circuits,True,0.0,0.012325,2026,6,0.0,0.0
2026-06-01,MALAWI,8542,Electronic Integrated Circuits,True,0.0,0.0,2026,6,0.0,0.0
2026-06-01,MALAYSIA,8542,Electronic Integrated Circuits,True,343.417402,648.663353,2026,6,377.8,713.5
2026-06-01,MALDIVES,8542,Electronic Integrated Circuits,True,0.0,0.0,2026,6,0.0,0.0
2026-06-01,MALI,8542,Electronic Integrated Circuits,True,0.0,0.0,2026,6,0.0,0.0
2026-06-01,MALTA,8542,Electronic Integrated Circuits,True,9.466894,0.86747,2026,6,10.4,1.0
2026-06-01,MARSHALL ISLANDS,8542,Electronic Integrated Circuits,True,0.0,0.0,2026,6,0.0,0.0
2026-06-01,MARTINIQUE,8542,Electronic Integrated Circuits,True,0.0,0.0,2026,6,0.0,0.0
2026-06-01,MAURITANIA,8542,Electronic Integrated Circuits,True,0.0,0.026475,2026,6,0.0,0.0
2026-06-01,MAURITIUS,8542,Electronic Integrated Circuits,True,0.0,0.0,2026,6,0.0,0.0
2026-06-01,MEXICO,8542,Electronic Integrated Circuits,True,17.805624,920.184586,2026,6,19.6,1012.2
2026-06-01,MOLDOVA,8542,Electronic Integrated Circuits,True,0.0,0.003092,2026,6,0.0,0.0
2026-06-01,MONGOLIA,8542,Electronic Integrated Circuits,True,0.0,0.0,2026,6,0.0,0.0
2026-06-01,MONTENEGRO,8542,Electronic Integrated Circuits,True,0.0,0.0,2026,6,0.0,0.0
2026-06-01,MOROCCO,8542,Electronic Integrated Circuits,True,0.072469,0.26214,2026,6,0.1,0.3
2026-06-01,NAMIBIA,8542,Electronic Integrated Circuits,True,0.002755,0.010493,2026,6,0.0,0.0
2026-06-01,NATO,8542,Electronic Integrated Circuits,True,170.119166,369.771797,2026,6,187.1,406.7
2026-06-01,NEPAL,8542,Electronic Integrated Circuits,True,0.002148,0.0,2026,6,0.0,0.0
2026-06-01,NETHERLANDS,8542,Electronic Integrated Circuits,True,8.765044,31.483014,2026,6,9.6,34.6
2026-06-01,NEW ZEALAND,8542,Electronic Integrated Circuits,True,0.0099,0.252145,2026,6,0.0,0.3
2026-06-01,NICARAGUA,8542,Electronic Integrated Circuits,True,0.130428,0.056117,2026,6,0.1,0.1
2026-06-01,NIGER,8542,Electronic Integrated Circuits,True,0.0,0.0,2026,6,0.0,0.0
2026-06-01,NIGERIA,8542,Electronic Integrated Circuits,True,0.0,0.093341,2026,6,0.0,0.1
2026-06-01,NORTH AMERICA,8542,Electronic Integrated Circuits,True,27.518079,991.609644,2026,6,30.3,1090.8
2026-06-01,NORWAY,8542,Electronic Integrated Circuits,True,0.072468,1.932833,2026,6,0.1,2.1
2026-06-01,OECD,8542,Electronic Integrated Circuits,True,2393.982774,1570.661703,2026,6,2633.4,1727.7
2026-06-01,OMAN,8542,Electronic Integrated Circuits,True,0.0,0.020947,2026,6,0.0,0.0
2026-06-01,PACIFIC RIM COUNTRIES,8542,Electronic Integrated Circuits,True,3352.685758,2799.967777,2026,6,3688.0,3080.0
2026-06-01,PAKISTAN,8542,Electronic Integrated Circuits,True,0.0,0.05045,2026,6,0.0,0.1
2026-06-01,PANAMA,8542,Electronic Integrated Circuits,True,0.088824,0.0933,2026,6,0.1,0.1
2026-06-01,PAPUA NEW GUINEA,8542,Electronic Integrated Circuits,True,0.0,0.0042,2026,6,0.0,0.0
2026-06-01,PARAGUAY,8542,Electronic Integrated Circuits,True,0.0,0.670311,2026,6,0.0,0.7
2026-06-01,PERU,8542,Electronic Integrated Circuits,True,0.0,1.597443,2026,6,0.0,1.8
2026-06-01,PHILIPPINES,8542,Electronic Integrated Circuits,True,59.78806,98.320422,2026,6,65.8,108.2
2026-06-01,POLAND,8542,Electronic Integrated Circuits,True,0.295809,15.051289,2026,6,0.3,16.6
2026-06-01,PORTUGAL,8542,Electronic Integrated Circuits,True,0.462592,4.310877,2026,6,0.5,4.7
2026-06-01,QATAR,8542,Electronic Integrated Circuits,True,0.0,0.222715,2026,6,0.0,0.2
2026-06-01,ROMANIA,8542,Electronic Integrated Circuits,True,0.153926,2.318549,2026,6,0.2,2.6
2026-06-01,RUSSIA,8542,Electronic Integrated Circuits,True,0.0,0.008723,2026,6,0.0,0.0
2026-06-01,RWANDA,8542,Electronic Integrated Circuits,True,0.0,0.0,2026,6,0.0,0.0
2026-06-01,SAN MARINO,8542,Electronic Integrated Circuits,True,0.0,0.005947,2026,6,0.0,0.0
2026-06-01,SAUDI ARABIA,8542,Electronic Integrated Circuits,True,0.0,0.867211,2026,6,0.0,1.0
2026-06-01,SENEGAL,8542,Electronic Integrated Circuits,True,0.0,0.0,2026,6,0.0,0.0
2026-06-01,SERBIA,8542,Electronic Integrated Circuits,True,0.0095,0.366376,2026,6,0.0,0.4
2026-06-01,SIERRA LEONE,8542,Electronic Integrated Circuits,True,0.0,0.0,2026,6,0.0,0.0
2026-06-01,SINGAPORE,8542,Electronic Integrated Circuits,True,71.847778,112.967233,2026,6,79.0,124.3
2026-06-01,SINT MAARTEN,8542,Electronic Integrated Circuits,True,0.0,0.003162,2026,6,0.0,0.0
2026-06-01,SLOVAKIA,8542,Electronic Integrated Circuits,True,0.095373,1.534282,2026,6,0.1,1.7
2026-06-01,SLOVENIA,8542,Electronic Integrated Circuits,True,0.084313,0.216144,2026,6,0.1,0.2
2026-06-01,SOLOMON ISLANDS,8542,Electronic Integrated Circuits,True,0.0,0.0,2026,6,0.0,0.0
2026-06-01,SOUTH AFRICA,8542,Electronic Integrated Circuits,True,0.167669,2.072866,2026,6,0.2,2.3
2026-06-01,SOUTH AMERICA,8542,Electronic Integrated Circuits,True,3.240042,80.520802,2026,6,3.6,88.6
2026-06-01,SPAIN,8542,Electronic Integrated Circuits,True,0.286154,7.961269,2026,6,0.3,8.8
2026-06-01,SRI LANKA,8542,Electronic Integrated Circuits,True,0.304969,0.463744,2026,6,0.3,0.5
2026-06-01,ST KITTS AND NEVIS,8542,Electronic Integrated Circuits,True,0.0,0.062831,2026,6,0.0,0.1
2026-06-01,ST LUCIA,8542,Electronic Integrated Circuits,True,0.0,0.003888,2026,6,0.0,0.0
2026-06-01,ST VINCENT AND THE GRENADINES,8542,Electronic Integrated Circuits,True,0.0,0.0,2026,6,0.0,0.0
2026-06-01,SURINAME,8542,Electronic Integrated Circuits,True,0.0,0.0,2026,6,0.0,0.0
2026-06-01,SWEDEN,8542,Electronic Integrated Circuits,True,0.794892,7.103399,2026,6,0.9,7.8
2026-06-01,SWITZERLAND,8542,Electronic Integrated Circuits,True,3.366746,5.673688,2026,6,3.7,6.2
2026-06-01,South Korea,8542,Electronic Integrated Circuits,True,592.83798,125.126342,2026,6,652.1,137.6
2026-06-01,TAIWAN,8542,Electronic Integrated Circuits,True,1873.593258,428.147307,2026,6,2061.0,471.0
2026-06-01,TANZANIA,8542,Electronic Integrated Circuits,True,0.0,0.0,2026,6,0.0,0.0
2026-06-01,THAILAND,8542,Electronic Integrated Circuits,True,103.221003,93.836416,2026,6,113.5,103.2
2026-06-01,TOTAL FOR ALL COUNTRIES,8542,Electronic Integrated Circuits,True,5022.811092,4582.525438,2026,6,5525.1,5040.8
2026-06-01,TRINIDAD AND TOBAGO,8542,Electronic Integrated Circuits,True,0.0,0.003448,2026,6,0.0,0.0
2026-06-01,TUNISIA,8542,Electronic Integrated Circuits,True,0.0,0.055932,2026,6,0.0,0.1
2026-06-01,TURKEY,8542,Electronic Integrated Circuits,True,0.631931,5.555987,2026,6,0.7,6.1
2026-06-01,TURKS AND CAICOS ISLANDS,8542,Electronic Integrated Circuits,True,0.0,0.005841,2026,6,0.0,0.0
2026-06-01,TWENTY LATIN AMERICAN REPUBLICS,8542,Electronic Integrated Circuits,True,31.420888,1011.924796,2026,6,34.6,1113.1
2026-06-01,UKRAINE,8542,Electronic Integrated Circuits,True,0.0,2.174606,2026,6,0.0,2.4
2026-06-01,UNITED ARAB EMIRATES,8542,Electronic Integrated Circuits,True,0.09352,0.9925,2026,6,0.1,1.1
2026-06-01,UNITED KINGDOM,8542,Electronic Integrated Circuits,True,7.378628,50.599143,2026,6,8.1,55.7
2026-06-01,URUGUAY,8542,Electronic Integrated Circuits,True,0.0,0.493568,2026,6,0.0,0.5
2026-06-01,USMCA (NAFTA),8542,Electronic Integrated Circuits,True,27.518079,991.609644,2026,6,30.3,1090.8
2026-06-01,UZBEKISTAN,8542,Electronic Integrated Circuits,True,0.0,0.0,2026,6,0.0,0.0
2026-06-01,VENEZUELA,8542,Electronic Integrated Circuits,True,0.320015,0.257593,2026,6,0.4,0.3
2026-06-01,VIETNAM,8542,Electronic Integrated Circuits,True,65.824706,165.248797,2026,6,72.4,181.8
2026-06-01,ZAMBIA,8542,Electronic Integrated Circuits,True,0.0,0.0,2026,6,0.0,0.0
2026-06-01,AFGHANISTAN,8703,Motor Cars & Vehicles,False,0.0,0.0,2026,6,0.0,0.0
2026-06-01,AFRICA,8703,Motor Cars & Vehicles,False,61.465174,216.033307,2026,6,67.6,237.6
2026-06-01,ALBANIA,8703,Motor Cars & Vehicles,False,0.0,6.816299,2026,6,0.0,7.5
2026-06-01,ALGERIA,8703,Motor Cars & Vehicles,False,0.0,1.37781,2026,6,0.0,1.5
2026-06-01,ANDORRA,8703,Motor Cars & Vehicles,False,0.0,0.0,2026,6,0.0,0.0
2026-06-01,ANGOLA,8703,Motor Cars & Vehicles,False,0.0,0.986799,2026,6,0.0,1.1
2026-06-01,ANGUILLA,8703,Motor Cars & Vehicles,False,0.0,0.315854,2026,6,0.0,0.3
2026-06-01,ANTIGUA AND BARBUDA,8703,Motor Cars & Vehicles,False,0.0,0.079393,2026,6,0.0,0.1
2026-06-01,APEC,8703,Motor Cars & Vehicles,False,11564.693408,1996.826332,2026,6,12721.2,2196.5
2026-06-01,ARGENTINA,8703,Motor Cars & Vehicles,False,0.0035,8.010052,2026,6,0.0,8.8
2026-06-01,ARMENIA,8703,Motor Cars & Vehicles,False,0.0174,5.048234,2026,6,0.0,5.6
2026-06-01,ARUBA,8703,Motor Cars & Vehicles,False,0.0,1.020959,2026,6,0.0,1.1
2026-06-01,ASEAN,8703,Motor Cars & Vehicles,False,34.470673,25.514037,2026,6,37.9,28.1
2026-06-01,ASIA,8703,Motor Cars & Vehicles,False,5909.303781,912.749213,2026,6,6500.2,1004.0
2026-06-01,AUSTRALIA,8703,Motor Cars & Vehicles,False,0.05549,31.06745,2026,6,0.1,34.2
2026-06-01,AUSTRALIA AND OCEANIA,8703,Motor Cars & Vehicles,False,0.078485,41.71601,2026,6,0.1,45.9
2026-06-01,AUSTRIA,8703,Motor Cars & Vehicles,False,168.864958,0.251902,2026,6,185.8,0.3
2026-06-01,AZERBAIJAN,8703,Motor Cars & Vehicles,False,0.0,0.278112,2026,6,0.0,0.3
2026-06-01,BAHAMAS,8703,Motor Cars & Vehicles,False,0.0,7.393185,2026,6,0.0,8.1
2026-06-01,BAHRAIN,8703,Motor Cars & Vehicles,False,0.0,4.438231,2026,6,0.0,4.9
2026-06-01,BANGLADESH,8703,Motor Cars & Vehicles,False,0.0,0.0,2026,6,0.0,0.0
2026-06-01,BARBADOS,8703,Motor Cars & Vehicles,False,0.0,0.336026,2026,6,0.0,0.4
2026-06-01,BELGIUM,8703,Motor Cars & Vehicles,False,40.97262,125.659933,2026,6,45.1,138.2
2026-06-01,BELIZE,8703,Motor Cars & Vehicles,False,0.0,2.939344,2026,6,0.0,3.2
2026-06-01,BENIN,8703,Motor Cars & Vehicles,False,0.0,25.060831,2026,6,0.0,27.6
2026-06-01,BERMUDA,8703,Motor Cars & Vehicles,False,0.0,0.474305,2026,6,0.0,0.5
2026-06-01,BOLIVIA,8703,Motor Cars & Vehicles,False,0.0,3.150721,2026,6,0.0,3.5
2026-06-01,BOSNIA AND HERZEGOVINA,8703,Motor Cars & Vehicles,False,0.0,0.5315,2026,6,0.0,0.6
2026-06-01,BOTSWANA,8703,Motor Cars & Vehicles,False,0.0,0.0,2026,6,0.0,0.0
2026-06-01,BRAZIL,8703,Motor Cars & Vehicles,False,0.180846,16.656338,2026,6,0.2,18.3
2026-06-01,BRITISH VIRGIN ISLANDS,8703,Motor Cars & Vehicles,False,0.0,0.4432,2026,6,0.0,0.5
2026-06-01,BRUNEI,8703,Motor Cars & Vehicles,False,0.0,0.0,2026,6,0.0,0.0
2026-06-01,BULGARIA,8703,Motor Cars & Vehicles,False,0.0,2.613601,2026,6,0.0,2.9
2026-06-01,BURKINA FASO,8703,Motor Cars & Vehicles,False,0.0,0.740146,2026,6,0.0,0.8
2026-06-01,CABO VERDE,8703,Motor Cars & Vehicles,False,0.0,0.203064,2026,6,0.0,0.2
2026-06-01,CACM,8703,Motor Cars & Vehicles,False,0.0,90.292381,2026,6,0.0,99.3
2026-06-01,CAFTA-DR,8703,Motor Cars & Vehicles,False,0.0,170.965,2026,6,0.0,188.1
2026-06-01,CAMBODIA,8703,Motor Cars & Vehicles,False,0.36256,10.633374,2026,6,0.4,11.7
2026-06-01,CAMEROON,8703,Motor Cars & Vehicles,False,0.0,1.417088,2026,6,0.0,1.6
2026-06-01,CANADA,8703,Motor Cars & Vehicles,False,2322.018334,1087.663032,2026,6,2554.2,1196.4
2026-06-01,CAYMAN ISLANDS,8703,Motor Cars & Vehicles,False,0.0,1.511363,2026,6,0.0,1.7
2026-06-01,CENTRAL AFRICAN REPUBLIC,8703,Motor Cars & Vehicles,False,0.0,0.0168,2026,6,0.0,0.0
2026-06-01,CENTRAL AMERICA,8703,Motor Cars & Vehicles,False,0.003,212.938928,2026,6,0.0,234.2
2026-06-01,CHILE,8703,Motor Cars & Vehicles,False,0.0,38.188597,2026,6,0.0,42.0
2026-06-01,CHINA,8703,Motor Cars & Vehicles,False,168.470125,167.854934,2026,6,185.3,184.6
2026-06-01,COLOMBIA,8703,Motor Cars & Vehicles,False,0.0088,49.780069,2026,6,0.0,54.8
2026-06-01,COMOROS,8703,Motor Cars & Vehicles,False,0.0,0.0,2026,6,0.0,0.0
2026-06-01,CONGO,8703,Motor Cars & Vehicles,False,0.0,0.734636,2026,6,0.0,0.8
2026-06-01,COSTA RICA,8703,Motor Cars & Vehicles,False,0.0,21.082446,2026,6,0.0,23.2
2026-06-01,COTE D'IVOIRE,8703,Motor Cars & Vehicles,False,0.0,2.840861,2026,6,0.0,3.1
2026-06-01,CROATIA,8703,Motor Cars & Vehicles,False,0.0,1.006293,2026,6,0.0,1.1
2026-06-01,CUBA,8703,Motor Cars & Vehicles,False,0.0,12.452298,2026,6,0.0,13.7
2026-06-01,CURACAO,8703,Motor Cars & Vehicles,False,0.0,2.15425,2026,6,0.0,2.4
2026-06-01,CYPRUS,8703,Motor Cars & Vehicles,False,0.0,0.524581,2026,6,0.0,0.6
2026-06-01,CZECH REPUBLIC,8703,Motor Cars & Vehicles,False,0.179473,0.716445,2026,6,0.2,0.8
2026-06-01,DEMOCRATIC REPUBLIC OF THE CONGO,8703,Motor Cars & Vehicles,False,0.0,0.801867,2026,6,0.0,0.9
2026-06-01,DENMARK,8703,Motor Cars & Vehicles,False,0.0,0.822158,2026,6,0.0,0.9
2026-06-01,DJIBOUTI,8703,Motor Cars & Vehicles,False,0.0,0.042,2026,6,0.0,0.0
2026-06-01,DOMINICA,8703,Motor Cars & Vehicles,False,0.0,0.01551,2026,6,0.0,0.0
2026-06-01,DOMINICAN REPUBLIC,8703,Motor Cars & Vehicles,False,0.0,80.672619,2026,6,0.0,88.7
2026-06-01,ECUADOR,8703,Motor Cars & Vehicles,False,0.0,9.136318,2026,6,0.0,10.0
2026-06-01,EGYPT,8703,Motor Cars & Vehicles,False,0.0,2.287986,2026,6,0.0,2.5
2026-06-01,EL SALVADOR,8703,Motor Cars & Vehicles,False,0.0,19.219539,2026,6,0.0,21.1
2026-06-01,EQUATORIAL GUINEA,8703,Motor Cars & Vehicles,False,0.0,0.093681,2026,6,0.0,0.1
2026-06-01,ESTONIA,8703,Motor Cars & Vehicles,False,0.0,0.274974,2026,6,0.0,0.3
2026-06-01,ETHIOPIA,8703,Motor Cars & Vehicles,False,0.0,0.0,2026,6,0.0,0.0
2026-06-01,EURO AREA,8703,Motor Cars & Vehicles,False,2914.17664,950.11969,2026,6,3205.6,1045.1
2026-06-01,EUROPE,8703,Motor Cars & Vehicles,False,3765.735238,1327.494332,2026,6,4142.3,1460.2
2026-06-01,EUROPEAN UNION,8703,Motor Cars & Vehicles,False,3164.839136,982.845526,2026,6,3481.3,1081.1
2026-06-01,FIJI,8703,Motor Cars & Vehicles,False,0.0,0.0,2026,6,0.0,0.0
2026-06-01,FINLAND,8703,Motor Cars & Vehicles,False,0.0,4.95211,2026,6,0.0,5.4
2026-06-01,FRANCE,8703,Motor Cars & Vehicles,False,34.639263,4.973765,2026,6,38.1,5.5
2026-06-01,FRENCH GUIANA,8703,Motor Cars & Vehicles,False,0.0,0.049058,2026,6,0.0,0.1
2026-06-01,FRENCH POLYNESIA,8703,Motor Cars & Vehicles,False,0.0,0.14224,2026,6,0.0,0.2
2026-06-01,GABON,8703,Motor Cars & Vehicles,False,0.0,0.303569,2026,6,0.0,0.3
2026-06-01,GAMBIA,8703,Motor Cars & Vehicles,False,0.0,1.191072,2026,6,0.0,1.3
2026-06-01,GEORGIA,8703,Motor Cars & Vehicles,False,0.0,118.897552,2026,6,0.0,130.8
2026-06-01,GERMANY,8703,Motor Cars & Vehicles,False,1703.789393,594.535587,2026,6,1874.2,654.0
2026-06-01,GHANA,8703,Motor Cars & Vehicles,False,0.0,33.988635,2026,6,0.0,37.4
2026-06-01,GREECE,8703,Motor Cars & Vehicles,False,0.0,0.537634,2026,6,0.0,0.6
2026-06-01,GREENLAND,8703,Motor Cars & Vehicles,False,0.0,0.0,2026,6,0.0,0.0
2026-06-01,GRENADA,8703,Motor Cars & Vehicles,False,0.0,0.116896,2026,6,0.0,0.1
2026-06-01,GUADELOUPE,8703,Motor Cars & Vehicles,False,0.0,0.0098,2026,6,0.0,0.0
2026-06-01,GUATEMALA,8703,Motor Cars & Vehicles,False,0.0,26.592992,2026,6,0.0,29.3
2026-06-01,GUINEA,8703,Motor Cars & Vehicles,False,0.0,3.045183,2026,6,0.0,3.3
2026-06-01,GUINEA-BISSAU,8703,Motor Cars & Vehicles,False,0.0,0.0,2026,6,0.0,0.0
2026-06-01,GUYANA,8703,Motor Cars & Vehicles,False,0.0,2.108815,2026,6,0.0,2.3
2026-06-01,HAITI,8703,Motor Cars & Vehicles,False,0.0,1.656711,2026,6,0.0,1.8
2026-06-01,HONDURAS,8703,Motor Cars & Vehicles,False,0.0,22.797777,2026,6,0.0,25.1
2026-06-01,HONG KONG,8703,Motor Cars & Vehicles,False,0.0,0.695028,2026,6,0.0,0.8
2026-06-01,HUNGARY,8703,Motor Cars & Vehicles,False,88.353829,0.226146,2026,6,97.2,0.2
2026-06-01,ICELAND,8703,Motor Cars & Vehicles,False,0.0,0.908367,2026,6,0.0,1.0
2026-06-01,INDIA,8703,Motor Cars & Vehicles,False,1.023423,0.222364,2026,6,1.1,0.2
2026-06-01,INDONESIA,8703,Motor Cars & Vehicles,False,0.136454,0.649639,2026,6,0.2,0.7
2026-06-01,IRAQ,8703,Motor Cars & Vehicles,False,0.0,1.312126,2026,6,0.0,1.4
2026-06-01,IRELAND,8703,Motor Cars & Vehicles,False,0.0,1.380203,2026,6,0.0,1.5
2026-06-01,ISRAEL,8703,Motor Cars & Vehicles,False,0.0,56.293429,2026,6,0.0,61.9
2026-06-01,ITALY,8703,Motor Cars & Vehicles,False,227.187653,21.98936,2026,6,249.9,24.2
2026-06-01,JAMAICA,8703,Motor Cars & Vehicles,False,0.0,1.788142,2026,6,0.0,2.0
2026-06-01,JAPAN,8703,Motor Cars & Vehicles,False,3074.781483,34.817484,2026,6,3382.3,38.3
2026-06-01,JORDAN,8703,Motor Cars & Vehicles,False,0.006,84.873787,2026,6,0.0,93.4
2026-06-01,KAZAKHSTAN,8703,Motor Cars & Vehicles,False,0.0,7.379129,2026,6,0.0,8.1
2026-06-01,KENYA,8703,Motor Cars & Vehicles,False,0.0,0.15683,2026,6,0.0,0.2
2026-06-01,KUWAIT,8703,Motor Cars & Vehicles,False,0.0,56.08364,2026,6,0.0,61.7
2026-06-01,KYRGYZSTAN,8703,Motor Cars & Vehicles,False,0.0,5.680254,2026,6,0.0,6.2
2026-06-01,LAFTA,8703,Motor Cars & Vehicles,False,3334.882637,542.018619,2026,6,3668.4,596.2
2026-06-01,LAOS,8703,Motor Cars & Vehicles,False,0.0,0.0,2026,6,0.0,0.0
2026-06-01,LATVIA,8703,Motor Cars & Vehicles,False,0.0,0.125145,2026,6,0.0,0.1
2026-06-01,LEBANON,8703,Motor Cars & Vehicles,False,0.0,12.405982,2026,6,0.0,13.6
2026-06-01,LIBERIA,8703,Motor Cars & Vehicles,False,0.0,1.306794,2026,6,0.0,1.4
2026-06-01,LIBYA,8703,Motor Cars & Vehicles,False,0.0,25.533615,2026,6,0.0,28.1
2026-06-01,LITHUANIA,8703,Motor Cars & Vehicles,False,0.0,100.169174,2026,6,0.0,110.2
2026-06-01,LUXEMBOURG,8703,Motor Cars & Vehicles,False,0.0,0.0,2026,6,0.0,0.0
2026-06-01,MACEDONIA,8703,Motor Cars & Vehicles,False,0.0,0.91016,2026,6,0.0,1.0
2026-06-01,MADAGASCAR,8703,Motor Cars & Vehicles,False,0.0,0.0,2026,6,0.0,0.0
2026-06-01,MALAYSIA,8703,Motor Cars & Vehicles,False,0.078848,0.04537,2026,6,0.1,0.0
2026-06-01,MALI,8703,Motor Cars & Vehicles,False,0.0,0.364447,2026,6,0.0,0.4
2026-06-01,MALTA,8703,Motor Cars & Vehicles,False,0.0,0.0,2026,6,0.0,0.0
2026-06-01,MARSHALL ISLANDS,8703,Motor Cars & Vehicles,False,0.0,0.0,2026,6,0.0,0.0
2026-06-01,MARTINIQUE,8703,Motor Cars & Vehicles,False,0.0,0.027,2026,6,0.0,0.0
2026-06-01,MAURITANIA,8703,Motor Cars & Vehicles,False,0.0,3.075101,2026,6,0.0,3.4
2026-06-01,MAURITIUS,8703,Motor Cars & Vehicles,False,0.0,0.256214,2026,6,0.0,0.3
2026-06-01,MAYOTTE,8703,Motor Cars & Vehicles,False,0.0,0.0,2026,6,0.0,0.0
2026-06-01,MEXICO,8703,Motor Cars & Vehicles,False,3334.689491,377.929654,2026,6,3668.2,415.7
2026-06-01,MOLDOVA,8703,Motor Cars & Vehicles,False,0.0,1.247077,2026,6,0.0,1.4
2026-06-01,MONGOLIA,8703,Motor Cars & Vehicles,False,0.0,3.110948,2026,6,0.0,3.4
2026-06-01,MONTENEGRO,8703,Motor Cars & Vehicles,False,0.0,1.018179,2026,6,0.0,1.1
2026-06-01,MONTSERRAT,8703,Motor Cars & Vehicles,False,0.0,0.01887,2026,6,0.0,0.0
2026-06-01,MOROCCO,8703,Motor Cars & Vehicles,False,2.22423,3.566648,2026,6,2.4,3.9
2026-06-01,MOZAMBIQUE,8703,Motor Cars & Vehicles,False,0.0,0.0,2026,6,0.0,0.0
2026-06-01,NAMIBIA,8703,Motor Cars & Vehicles,False,0.0,0.0,2026,6,0.0,0.0
2026-06-01,NATO,8703,Motor Cars & Vehicles,False,5918.865914,2238.617952,2026,6,6510.8,2462.5
2026-06-01,NETHERLANDS,8703,Motor Cars & Vehicles,False,0.0172,86.892112,2026,6,0.0,95.6
2026-06-01,NEW CALEDONIA,8703,Motor Cars & Vehicles,False,0.0,0.06186,2026,6,0.0,0.1
2026-06-01,NEW ZEALAND,8703,Motor Cars & Vehicles,False,0.022995,10.219462,2026,6,0.0,11.2
2026-06-01,NICARAGUA,8703,Motor Cars & Vehicles,False,0.0,0.599627,2026,6,0.0,0.7
2026-06-01,NIGER,8703,Motor Cars & Vehicles,False,0.0,1.607709,2026,6,0.0,1.8
2026-06-01,NIGERIA,8703,Motor Cars & Vehicles,False,0.0,86.621641,2026,6,0.0,95.3
2026-06-01,NIUE,8703,Motor Cars & Vehicles,False,0.0,0.0,2026,6,0.0,0.0
2026-06-01,NORTH AMERICA,8703,Motor Cars & Vehicles,False,5656.707825,1465.592686,2026,6,6222.4,1612.2
2026-06-01,NORWAY,8703,Motor Cars & Vehicles,False,0.0,21.872877,2026,6,0.0,24.1
2026-06-01,OECD,8703,Motor Cars & Vehicles,False,15117.454433,3010.313779,2026,6,16629.2,3311.3
2026-06-01,OMAN,8703,Motor Cars & Vehicles,False,0.0,32.46569,2026,6,0.0,35.7
2026-06-01,PACIFIC RIM COUNTRIES,8703,Motor Cars & Vehicles,False,5879.865192,468.072637,2026,6,6467.9,514.9
2026-06-01,PAKISTAN,8703,Motor Cars & Vehicles,False,0.0,0.0,2026,6,0.0,0.0
2026-06-01,PANAMA,8703,Motor Cars & Vehicles,False,0.0,4.941162,2026,6,0.0,5.4
2026-06-01,PARAGUAY,8703,Motor Cars & Vehicles,False,0.0,2.918329,2026,6,0.0,3.2
2026-06-01,PERU,8703,Motor Cars & Vehicles,False,0.0,16.989174,2026,6,0.0,18.7
2026-06-01,PHILIPPINES,8703,Motor Cars & Vehicles,False,0.0,4.610899,2026,6,0.0,5.1
2026-06-01,POLAND,8703,Motor Cars & Vehicles,False,0.206221,14.405282,2026,6,0.2,15.8
2026-06-01,PORTUGAL,8703,Motor Cars & Vehicles,False,0.009,0.413796,2026,6,0.0,0.5
2026-06-01,QATAR,8703,Motor Cars & Vehicles,False,0.0,10.682081,2026,6,0.0,11.8
2026-06-01,REUNION,8703,Motor Cars & Vehicles,False,0.0,0.0,2026,6,0.0,0.0
2026-06-01,ROMANIA,8703,Motor Cars & Vehicles,False,0.035037,3.887348,2026,6,0.0,4.3
2026-06-01,RUSSIA,8703,Motor Cars & Vehicles,False,0.0053,0.0,2026,6,0.0,0.0
2026-06-01,RWANDA,8703,Motor Cars & Vehicles,False,0.0,0.0,2026,6,0.0,0.0
2026-06-01,SAMOA,8703,Motor Cars & Vehicles,False,0.0,0.101988,2026,6,0.0,0.1
2026-06-01,SAUDI ARABIA,8703,Motor Cars & Vehicles,False,0.01,81.306556,2026,6,0.0,89.4
2026-06-01,SENEGAL,8703,Motor Cars & Vehicles,False,0.0,5.845074,2026,6,0.0,6.4
2026-06-01,SERBIA,8703,Motor Cars & Vehicles,False,0.0,0.945164,2026,6,0.0,1.0
2026-06-01,SEYCHELLES,8703,Motor Cars & Vehicles,False,0.0,0.105586,2026,6,0.0,0.1
2026-06-01,SIERRA LEONE,8703,Motor Cars & Vehicles,False,0.0,3.627841,2026,6,0.0,4.0
2026-06-01,SINGAPORE,8703,Motor Cars & Vehicles,False,5.77772,1.591517,2026,6,6.4,1.8
2026-06-01,SINT MAARTEN,8703,Motor Cars & Vehicles,False,0.0,1.514679,2026,6,0.0,1.7
2026-06-01,SLOVAKIA,8703,Motor Cars & Vehicles,False,738.386274,0.262077,2026,6,812.2,0.3
2026-06-01,SLOVENIA,8703,Motor Cars & Vehicles,False,0.0,0.040259,2026,6,0.0,0.0
2026-06-01,SOMALIA,8703,Motor Cars & Vehicles,False,0.0,0.052564,2026,6,0.0,0.1
2026-06-01,SOUTH AFRICA,8703,Motor Cars & Vehicles,False,59.240944,1.814535,2026,6,65.2,2.0
2026-06-01,SOUTH AMERICA,8703,Motor Cars & Vehicles,False,0.193146,167.010105,2026,6,0.2,183.7
2026-06-01,SPAIN,8703,Motor Cars & Vehicles,False,0.310279,3.517184,2026,6,0.3,3.9
2026-06-01,SRI LANKA,8703,Motor Cars & Vehicles,False,0.0,0.250553,2026,6,0.0,0.3
2026-06-01,ST KITTS AND NEVIS,8703,Motor Cars & Vehicles,False,0.0,0.374593,2026,6,0.0,0.4
2026-06-01,ST LUCIA,8703,Motor Cars & Vehicles,False,0.0,0.16317,2026,6,0.0,0.2
2026-06-01,ST VINCENT AND THE GRENADINES,8703,Motor Cars & Vehicles,False,0.003,0.357323,2026,6,0.0,0.4
2026-06-01,SURINAME,8703,Motor Cars & Vehicles,False,0.0,0.763267,2026,6,0.0,0.8
2026-06-01,SWEDEN,8703,Motor Cars & Vehicles,False,161.887936,12.668457,2026,6,178.1,13.9
2026-06-01,SWITZERLAND,8703,Motor Cars & Vehicles,False,0.0,1.468281,2026,6,0.0,1.6
2026-06-01,South Korea,8703,Motor Cars & Vehicles,False,2620.200339,165.46873,2026,6,2882.2,182.0
2026-06-01,TAIWAN,8703,Motor Cars & Vehicles,False,10.341738,51.052124,2026,6,11.4,56.2
2026-06-01,TAJIKISTAN,8703,Motor Cars & Vehicles,False,0.0,0.346535,2026,6,0.0,0.4
2026-06-01,TANZANIA,8703,Motor Cars & Vehicles,False,0.0,0.257024,2026,6,0.0,0.3
2026-06-01,THAILAND,8703,Motor Cars & Vehicles,False,11.43023,0.689501,2026,6,12.6,0.8
2026-06-01,TIMOR-LESTE,8703,Motor Cars & Vehicles,False,0.0,0.0,2026,6,0.0,0.0
2026-06-01,TOGO,8703,Motor Cars & Vehicles,False,0.0,5.837073,2026,6,0.0,6.4
2026-06-01,TOTAL FOR ALL COUNTRIES,8703,Motor Cars & Vehicles,False,15393.486649,4343.534581,2026,6,16932.8,4777.9
2026-06-01,TRINIDAD AND TOBAGO,8703,Motor Cars & Vehicles,False,0.0,0.194441,2026,6,0.0,0.2
2026-06-01,TUNISIA,8703,Motor Cars & Vehicles,False,0.0,0.872583,2026,6,0.0,1.0
2026-06-01,TURKEY,8703,Motor Cars & Vehicles,False,0.09714,47.655251,2026,6,0.1,52.4
2026-06-01,TURKMENISTAN,8703,Motor Cars & Vehicles,False,0.0,0.680423,2026,6,0.0,0.7
2026-06-01,TURKS AND CAICOS ISLANDS,8703,Motor Cars & Vehicles,False,0.0,1.675454,2026,6,0.0,1.8
2026-06-01,TWENTY LATIN AMERICAN REPUBLICS,8703,Motor Cars & Vehicles,False,3334.882637,732.03379,2026,6,3668.4,805.2
2026-06-01,UGANDA,8703,Motor Cars & Vehicles,False,0.0,0.0,2026,6,0.0,0.0
2026-06-01,UKRAINE,8703,Motor Cars & Vehicles,False,0.0,25.97453,2026,6,0.0,28.6
2026-06-01,UNITED ARAB EMIRATES,8703,Motor Cars & Vehicles,False,0.0,123.569629,2026,6,0.0,135.9
2026-06-01,UNITED KINGDOM,8703,Motor Cars & Vehicles,False,600.776262,91.084947,2026,6,660.9,100.2
2026-06-01,URUGUAY,8703,Motor Cars & Vehicles,False,0.0,0.486992,2026,6,0.0,0.5
2026-06-01,USMCA (NAFTA),8703,Motor Cars & Vehicles,False,5656.707825,1465.592686,2026,6,6222.4,1612.2
2026-06-01,UZBEKISTAN,8703,Motor Cars & Vehicles,False,0.0,5.905935,2026,6,0.0,6.5
2026-06-01,VANUATU,8703,Motor Cars & Vehicles,False,0.0,0.12301,2026,6,0.0,0.1
2026-06-01,VENEZUELA,8703,Motor Cars & Vehicles,False,0.0,18.772375,2026,6,0.0,20.6
2026-06-01,VIETNAM,8703,Motor Cars & Vehicles,False,16.684861,7.293737,2026,6,18.4,8.0
2026-06-01,WEST BANK ADMINISTERED BY ISRAEL,8703,Motor Cars & Vehicles,False,0.0,0.0,2026,6,0.0,0.0
2026-06-01,YEMEN,8703,Motor Cars & Vehicles,False,0.0,0.33186,2026,6,0.0,0.4
2026-06-01,ZAMBIA,8703,Motor Cars & Vehicles,False,0.0,0.0,2026,6,0.0,0.0
2026-06-01,ZIMBABWE,8703,Motor Cars & Vehicles,False,0.0,0.0,2026,6,0.0,0.0
2026-06-01,AFGHANISTAN,8708,Motor Vehicle Parts,False,0.0,0.023503,2026,6,0.0,0.0
2026-06-01,AFRICA,8708,Motor Vehicle Parts,False,30.694859,93.646782,2026,6,33.8,103.0
2026-06-01,ALBANIA,8708,Motor Vehicle Parts,False,0.025463,0.380328,2026,6,0.0,0.4
2026-06-01,ALGERIA,8708,Motor Vehicle Parts,False,0.0,0.118352,2026,6,0.0,0.1
2026-06-01,ANDORRA,8708,Motor Vehicle Parts,False,0.0,0.0,2026,6,0.0,0.0
2026-06-01,ANGOLA,8708,Motor Vehicle Parts,False,0.0,0.005952,2026,6,0.0,0.0
2026-06-01,ANGUILLA,8708,Motor Vehicle Parts,False,0.0,0.0,2026,6,0.0,0.0
2026-06-01,ANTIGUA AND BARBUDA,8708,Motor Vehicle Parts,False,0.0,0.23023,2026,6,0.0,0.3
2026-06-01,APEC,8708,Motor Vehicle Parts,False,5965.599178,3509.312211,2026,6,6562.2,3860.2
2026-06-01,ARGENTINA,8708,Motor Vehicle Parts,False,0.875049,20.380657,2026,6,1.0,22.4
2026-06-01,ARMENIA,8708,Motor Vehicle Parts,False,0.0,1.677871,2026,6,0.0,1.8
2026-06-01,ARUBA,8708,Motor Vehicle Parts,False,0.0,0.19138,2026,6,0.0,0.2
2026-06-01,ASEAN,8708,Motor Vehicle Parts,False,273.21652,65.528834,2026,6,300.5,72.1
2026-06-01,ASIA,8708,Motor Vehicle Parts,False,2099.967521,261.59531,2026,6,2310.0,287.8
2026-06-01,AUSTRALIA,8708,Motor Vehicle Parts,False,8.590885,66.575096,2026,6,9.4,73.2
2026-06-01,AUSTRALIA AND OCEANIA,8708,Motor Vehicle Parts,False,9.206108,68.038465,2026,6,10.1,74.8
2026-06-01,AUSTRIA,8708,Motor Vehicle Parts,False,13.258101,3.531909,2026,6,14.6,3.9
2026-06-01,AZERBAIJAN,8708,Motor Vehicle Parts,False,0.00518,0.025632,2026,6,0.0,0.0
2026-06-01,BAHAMAS,8708,Motor Vehicle Parts,False,0.0,1.026564,2026,6,0.0,1.1
2026-06-01,BAHRAIN,8708,Motor Vehicle Parts,False,0.0,0.026722,2026,6,0.0,0.0
2026-06-01,BANGLADESH,8708,Motor Vehicle Parts,False,0.003593,0.0,2026,6,0.0,0.0
2026-06-01,BARBADOS,8708,Motor Vehicle Parts,False,0.0,0.129333,2026,6,0.0,0.1
2026-06-01,BELARUS,8708,Motor Vehicle Parts,False,0.0,0.005,2026,6,0.0,0.0
2026-06-01,BELGIUM,8708,Motor Vehicle Parts,False,3.449297,8.15724,2026,6,3.8,9.0
2026-06-01,BELIZE,8708,Motor Vehicle Parts,False,0.0,0.526758,2026,6,0.0,0.6
2026-06-01,BENIN,8708,Motor Vehicle Parts,False,0.0,10.1889,2026,6,0.0,11.2
2026-06-01,BERMUDA,8708,Motor Vehicle Parts,False,0.0,0.021515,2026,6,0.0,0.0
2026-06-01,BOLIVIA,8708,Motor Vehicle Parts,False,0.0,0.419707,2026,6,0.0,0.5
2026-06-01,BOSNIA AND HERZEGOVINA,8708,Motor Vehicle Parts,False,0.315583,0.077321,2026,6,0.3,0.1
2026-06-01,BOTSWANA,8708,Motor Vehicle Parts,False,0.0,0.0,2026,6,0.0,0.0
2026-06-01,BRAZIL,8708,Motor Vehicle Parts,False,29.975215,49.380289,2026,6,33.0,54.3
2026-06-01,BRITISH VIRGIN ISLANDS,8708,Motor Vehicle Parts,False,0.0,0.04469,2026,6,0.0,0.0
2026-06-01,BRUNEI,8708,Motor Vehicle Parts,False,0.0,0.065933,2026,6,0.0,0.1
2026-06-01,BULGARIA,8708,Motor Vehicle Parts,False,2.59642,0.212592,2026,6,2.9,0.2
2026-06-01,BURKINA FASO,8708,Motor Vehicle Parts,False,0.0,0.130354,2026,6,0.0,0.1
2026-06-01,BURMA,8708,Motor Vehicle Parts,False,0.071418,0.0,2026,6,0.1,0.0
2026-06-01,CABO VERDE,8708,Motor Vehicle Parts,False,0.0,0.335567,2026,6,0.0,0.4
2026-06-01,CACM,8708,Motor Vehicle Parts,False,3.045302,30.317526,2026,6,3.3,33.3
2026-06-01,CAFTA-DR,8708,Motor Vehicle Parts,False,6.72693,40.577819,2026,6,7.4,44.6
2026-06-01,CAMBODIA,8708,Motor Vehicle Parts,False,1.814228,1.452064,2026,6,2.0,1.6
2026-06-01,CAMEROON,8708,Motor Vehicle Parts,False,0.0,0.443148,2026,6,0.0,0.5
2026-06-01,CANADA,8708,Motor Vehicle Parts,False,969.936292,1515.06592,2026,6,1066.9,1666.6
2026-06-01,CAYMAN ISLANDS,8708,Motor Vehicle Parts,False,0.0,0.104403,2026,6,0.0,0.1
2026-06-01,CENTRAL AFRICAN REPUBLIC,8708,Motor Vehicle Parts,False,0.0,0.0,2026,6,0.0,0.0
2026-06-01,CENTRAL AMERICA,8708,Motor Vehicle Parts,False,6.72693,48.03023,2026,6,7.4,52.8
2026-06-01,CHAD,8708,Motor Vehicle Parts,False,0.0,0.0,2026,6,0.0,0.0
2026-06-01,CHILE,8708,Motor Vehicle Parts,False,1.044561,38.918747,2026,6,1.1,42.8
2026-06-01,CHINA,8708,Motor Vehicle Parts,False,587.100878,54.175067,2026,6,645.8,59.6
2026-06-01,COLOMBIA,8708,Motor Vehicle Parts,False,1.076383,8.894562,2026,6,1.2,9.8
2026-06-01,CONGO,8708,Motor Vehicle Parts,False,0.0,0.074799,2026,6,0.0,0.1
2026-06-01,COOK ISLANDS,8708,Motor Vehicle Parts,False,0.0,0.0,2026,6,0.0,0.0
2026-06-01,COSTA RICA,8708,Motor Vehicle Parts,False,0.813507,4.305809,2026,6,0.9,4.7
2026-06-01,COTE D'IVOIRE,8708,Motor Vehicle Parts,False,0.0,0.403612,2026,6,0.0,0.4
2026-06-01,CROATIA,8708,Motor Vehicle Parts,False,0.285717,0.256453,2026,6,0.3,0.3
2026-06-01,CUBA,8708,Motor Vehicle Parts,False,0.0,0.067184,2026,6,0.0,0.1
2026-06-01,CURACAO,8708,Motor Vehicle Parts,False,0.0,0.220317,2026,6,0.0,0.2
2026-06-01,CYPRUS,8708,Motor Vehicle Parts,False,0.0,0.004914,2026,6,0.0,0.0
2026-06-01,CZECH REPUBLIC,8708,Motor Vehicle Parts,False,27.340124,1.156658,2026,6,30.1,1.3
2026-06-01,DEMOCRATIC REPUBLIC OF THE CONGO,8708,Motor Vehicle Parts,False,0.0,0.0779,2026,6,0.0,0.1
2026-06-01,DENMARK,8708,Motor Vehicle Parts,False,1.339802,0.438633,2026,6,1.5,0.5
2026-06-01,DJIBOUTI,8708,Motor Vehicle Parts,False,0.0,0.029123,2026,6,0.0,0.0
2026-06-01,DOMINICA,8708,Motor Vehicle Parts,False,0.0,0.006311,2026,6,0.0,0.0
2026-06-01,DOMINICAN REPUBLIC,8708,Motor Vehicle Parts,False,3.681628,10.260293,2026,6,4.0,11.3
2026-06-01,ECUADOR,8708,Motor Vehicle Parts,False,0.019229,3.989339,2026,6,0.0,4.4
2026-06-01,EGYPT,8708,Motor Vehicle Parts,False,0.038587,3.207546,2026,6,0.0,3.5
2026-06-01,EL SALVADOR,8708,Motor Vehicle Parts,False,0.0,3.38402,2026,6,0.0,3.7
2026-06-01,EQUATORIAL GUINEA,8708,Motor Vehicle Parts,False,0.0,0.014,2026,6,0.0,0.0
2026-06-01,ESTONIA,8708,Motor Vehicle Parts,False,0.322852,0.062109,2026,6,0.4,0.1
2026-06-01,ETHIOPIA,8708,Motor Vehicle Parts,False,0.0,0.021606,2026,6,0.0,0.0
2026-06-01,EURO AREA,8708,Motor Vehicle Parts,False,528.694624,115.443774,2026,6,581.6,127.0
2026-06-01,EUROPE,8708,Motor Vehicle Parts,False,752.568563,239.670768,2026,6,827.8,263.6
2026-06-01,EUROPEAN UNION,8708,Motor Vehicle Parts,False,657.962521,147.404321,2026,6,723.8,162.1
2026-06-01,FIJI,8708,Motor Vehicle Parts,False,0.0,0.002569,2026,6,0.0,0.0
2026-06-01,FINLAND,8708,Motor Vehicle Parts,False,2.355073,0.497588,2026,6,2.6,0.5
2026-06-01,FRANCE,8708,Motor Vehicle Parts,False,21.1112,4.52531,2026,6,23.2,5.0
2026-06-01,FRENCH GUIANA,8708,Motor Vehicle Parts,False,0.0,0.00614,2026,6,0.0,0.0
2026-06-01,FRENCH POLYNESIA,8708,Motor Vehicle Parts,False,0.0,0.021928,2026,6,0.0,0.0
2026-06-01,GABON,8708,Motor Vehicle Parts,False,0.0,0.033221,2026,6,0.0,0.0
2026-06-01,GAMBIA,8708,Motor Vehicle Parts,False,0.0,0.31549,2026,6,0.0,0.3
2026-06-01,GEORGIA,8708,Motor Vehicle Parts,False,0.126056,8.542048,2026,6,0.1,9.4
2026-06-01,GERMANY,8708,Motor Vehicle Parts,False,384.001035,57.5488,2026,6,422.4,63.3
2026-06-01,GHANA,8708,Motor Vehicle Parts,False,0.0,4.625841,2026,6,0.0,5.1
2026-06-01,GIBRALTAR,8708,Motor Vehicle Parts,False,0.0,0.0,2026,6,0.0,0.0
2026-06-01,GREECE,8708,Motor Vehicle Parts,False,0.029013,0.291267,2026,6,0.0,0.3
2026-06-01,GREENLAND,8708,Motor Vehicle Parts,False,0.0,0.0,2026,6,0.0,0.0
2026-06-01,GRENADA,8708,Motor Vehicle Parts,False,0.0,0.112521,2026,6,0.0,0.1
2026-06-01,GUADELOUPE,8708,Motor Vehicle Parts,False,0.0,0.008698,2026,6,0.0,0.0
2026-06-01,GUATEMALA,8708,Motor Vehicle Parts,False,0.0,12.770912,2026,6,0.0,14.0
2026-06-01,GUINEA,8708,Motor Vehicle Parts,False,0.0,1.062805,2026,6,0.0,1.2
2026-06-01,GUYANA,8708,Motor Vehicle Parts,False,0.0,1.175802,2026,6,0.0,1.3
2026-06-01,HAITI,8708,Motor Vehicle Parts,False,0.0,0.907877,2026,6,0.0,1.0
2026-06-01,HONDURAS,8708,Motor Vehicle Parts,False,2.231795,7.766842,2026,6,2.5,8.5
2026-06-01,HONG KONG,8708,Motor Vehicle Parts,False,0.051459,1.905782,2026,6,0.1,2.1
2026-06-01,HUNGARY,8708,Motor Vehicle Parts,False,19.915321,15.763975,2026,6,21.9,17.3
2026-06-01,ICELAND,8708,Motor Vehicle Parts,False,0.0,0.107169,2026,6,0.0,0.1
2026-06-01,INDIA,8708,Motor Vehicle Parts,False,170.374154,40.545731,2026,6,187.4,44.6
2026-06-01,INDONESIA,8708,Motor Vehicle Parts,False,15.790484,1.030553,2026,6,17.4,1.1
2026-06-01,IRAQ,8708,Motor Vehicle Parts,False,0.0,0.127461,2026,6,0.0,0.1
2026-06-01,IRELAND,8708,Motor Vehicle Parts,False,0.410769,0.12669,2026,6,0.5,0.1
2026-06-01,ISRAEL,8708,Motor Vehicle Parts,False,1.106357,11.151752,2026,6,1.2,12.3
2026-06-01,ITALY,8708,Motor Vehicle Parts,False,63.864063,7.385206,2026,6,70.3,8.1
2026-06-01,JAMAICA,8708,Motor Vehicle Parts,False,0.0,0.601473,2026,6,0.0,0.7
2026-06-01,JAPAN,8708,Motor Vehicle Parts,False,495.283967,39.734226,2026,6,544.8,43.7
2026-06-01,JORDAN,8708,Motor Vehicle Parts,False,1.174827,1.958819,2026,6,1.3,2.2
2026-06-01,KAZAKHSTAN,8708,Motor Vehicle Parts,False,0.087524,0.53914,2026,6,0.1,0.6
2026-06-01,KENYA,8708,Motor Vehicle Parts,False,0.0,0.632669,2026,6,0.0,0.7
2026-06-01,KOSOVO,8708,Motor Vehicle Parts,False,0.0,0.002928,2026,6,0.0,0.0
2026-06-01,KUWAIT,8708,Motor Vehicle Parts,False,0.0,1.539323,2026,6,0.0,1.7
2026-06-01,KYRGYZSTAN,8708,Motor Vehicle Parts,False,0.0,3.374096,2026,6,0.0,3.7
2026-06-01,LAFTA,8708,Motor Vehicle Parts,False,3095.566195,1841.739267,2026,6,3405.1,2025.9
2026-06-01,LAOS,8708,Motor Vehicle Parts,False,0.0,0.004742,2026,6,0.0,0.0
2026-06-01,LATVIA,8708,Motor Vehicle Parts,False,0.206066,0.04035,2026,6,0.2,0.0
2026-06-01,LEBANON,8708,Motor Vehicle Parts,False,0.0,0.915396,2026,6,0.0,1.0
2026-06-01,LIBERIA,8708,Motor Vehicle Parts,False,0.0,0.324015,2026,6,0.0,0.4
2026-06-01,LIBYA,8708,Motor Vehicle Parts,False,0.0,3.249721,2026,6,0.0,3.6
2026-06-01,LIECHTENSTEIN,8708,Motor Vehicle Parts,False,0.802343,0.071171,2026,6,0.9,0.1
2026-06-01,LITHUANIA,8708,Motor Vehicle Parts,False,0.303693,10.859022,2026,6,0.3,11.9
2026-06-01,LUXEMBOURG,8708,Motor Vehicle Parts,False,0.890364,0.029418,2026,6,1.0,0.0
2026-06-01,MACAU,8708,Motor Vehicle Parts,False,0.0,0.0,2026,6,0.0,0.0
2026-06-01,MACEDONIA,8708,Motor Vehicle Parts,False,0.926652,0.377873,2026,6,1.0,0.4
2026-06-01,MADAGASCAR,8708,Motor Vehicle Parts,False,0.0,0.0,2026,6,0.0,0.0
2026-06-01,MALAWI,8708,Motor Vehicle Parts,False,0.0,0.0,2026,6,0.0,0.0
2026-06-01,MALAYSIA,8708,Motor Vehicle Parts,False,23.324407,2.921506,2026,6,25.7,3.2
2026-06-01,MALDIVES,8708,Motor Vehicle Parts,False,0.0,0.003167,2026,6,0.0,0.0
2026-06-01,MALI,8708,Motor Vehicle Parts,False,0.0,0.045638,2026,6,0.0,0.1
2026-06-01,MALTA,8708,Motor Vehicle Parts,False,0.008207,0.007608,2026,6,0.0,0.0
2026-06-01,MARSHALL ISLANDS,8708,Motor Vehicle Parts,False,0.0,0.0,2026,6,0.0,0.0
2026-06-01,MARTINIQUE,8708,Motor Vehicle Parts,False,0.0,0.032632,2026,6,0.0,0.0
2026-06-01,MAURITANIA,8708,Motor Vehicle Parts,False,0.0,0.254637,2026,6,0.0,0.3
2026-06-01,MAURITIUS,8708,Motor Vehicle Parts,False,0.004307,0.0,2026,6,0.0,0.0
2026-06-01,MAYOTTE,8708,Motor Vehicle Parts,False,0.0,0.0,2026,6,0.0,0.0
2026-06-01,MEXICO,8708,Motor Vehicle Parts,False,3062.145362,1700.501576,2026,6,3368.4,1870.6
2026-06-01,MICRONESIA,8708,Motor Vehicle Parts,False,0.0,0.006027,2026,6,0.0,0.0
2026-06-01,MOLDOVA,8708,Motor Vehicle Parts,False,0.0,0.116954,2026,6,0.0,0.1
2026-06-01,MONACO,8708,Motor Vehicle Parts,False,0.0,0.0,2026,6,0.0,0.0
2026-06-01,MONGOLIA,8708,Motor Vehicle Parts,False,0.012902,0.088026,2026,6,0.0,0.1
2026-06-01,MONTENEGRO,8708,Motor Vehicle Parts,False,0.0,0.31365,2026,6,0.0,0.3
2026-06-01,MONTSERRAT,8708,Motor Vehicle Parts,False,0.0,0.005683,2026,6,0.0,0.0
2026-06-01,MOROCCO,8708,Motor Vehicle Parts,False,26.925584,0.650521,2026,6,29.6,0.7
2026-06-01,MOZAMBIQUE,8708,Motor Vehicle Parts,False,0.032535,0.0,2026,6,0.0,0.0
2026-06-01,NAMIBIA,8708,Motor Vehicle Parts,False,0.012,0.0,2026,6,0.0,0.0
2026-06-01,NATO,8708,Motor Vehicle Parts,False,1699.481206,1726.759364,2026,6,1869.4,1899.4
2026-06-01,NEPAL,8708,Motor Vehicle Parts,False,0.0,0.0,2026,6,0.0,0.0
2026-06-01,NETHERLANDS,8708,Motor Vehicle Parts,False,3.803946,11.751456,2026,6,4.2,12.9
2026-06-01,NEW CALEDONIA,8708,Motor Vehicle Parts,False,0.0,0.009843,2026,6,0.0,0.0
2026-06-01,NEW ZEALAND,8708,Motor Vehicle Parts,False,0.615223,1.354661,2026,6,0.7,1.5
2026-06-01,NICARAGUA,8708,Motor Vehicle Parts,False,0.0,2.089943,2026,6,0.0,2.3
2026-06-01,NIGER,8708,Motor Vehicle Parts,False,0.0,0.919968,2026,6,0.0,1.0
2026-06-01,NIGERIA,8708,Motor Vehicle Parts,False,0.036377,21.031827,2026,6,0.0,23.1
2026-06-01,NORTH AMERICA,8708,Motor Vehicle Parts,False,4032.081654,3215.567496,2026,6,4435.3,3537.1
2026-06-01,NORWAY,8708,Motor Vehicle Parts,False,0.492944,0.534695,2026,6,0.5,0.6
2026-06-01,OECD,8708,Motor Vehicle Parts,False,5684.875408,3610.786726,2026,6,6253.4,3971.9
2026-06-01,OMAN,8708,Motor Vehicle Parts,False,0.48939,0.980832,2026,6,0.5,1.1
2026-06-01,PACIFIC RIM COUNTRIES,8708,Motor Vehicle Parts,False,1705.817188,186.232793,2026,6,1876.4,204.9
2026-06-01,PAKISTAN,8708,Motor Vehicle Parts,False,0.297924,0.07958,2026,6,0.3,0.1
2026-06-01,PALAU,8708,Motor Vehicle Parts,False,0.0,0.002961,2026,6,0.0,0.0
2026-06-01,PANAMA,8708,Motor Vehicle Parts,False,0.0,2.609339,2026,6,0.0,2.9
2026-06-01,PAPUA NEW GUINEA,8708,Motor Vehicle Parts,False,0.0,0.035452,2026,6,0.0,0.0
2026-06-01,PARAGUAY,8708,Motor Vehicle Parts,False,0.015656,0.446723,2026,6,0.0,0.5
2026-06-01,PERU,8708,Motor Vehicle Parts,False,0.411818,14.687759,2026,6,0.5,16.2
2026-06-01,PHILIPPINES,8708,Motor Vehicle Parts,False,3.727835,0.276729,2026,6,4.1,0.3
2026-06-01,POLAND,8708,Motor Vehicle Parts,False,48.648831,10.658381,2026,6,53.5,11.7
2026-06-01,PORTUGAL,8708,Motor Vehicle Parts,False,0.560218,0.203769,2026,6,0.6,0.2
2026-06-01,QATAR,8708,Motor Vehicle Parts,False,0.0,1.216723,2026,6,0.0,1.3
2026-06-01,REUNION,8708,Motor Vehicle Parts,False,0.0,0.0038,2026,6,0.0,0.0
2026-06-01,ROMANIA,8708,Motor Vehicle Parts,False,18.914798,0.876656,2026,6,20.8,1.0
2026-06-01,RUSSIA,8708,Motor Vehicle Parts,False,0.013411,0.0,2026,6,0.0,0.0
2026-06-01,RWANDA,8708,Motor Vehicle Parts,False,0.0,0.009467,2026,6,0.0,0.0
2026-06-01,SAMOA,8708,Motor Vehicle Parts,False,0.0,0.029928,2026,6,0.0,0.0
2026-06-01,SAUDI ARABIA,8708,Motor Vehicle Parts,False,0.017277,7.498786,2026,6,0.0,8.2
2026-06-01,SENEGAL,8708,Motor Vehicle Parts,False,0.012648,1.22526,2026,6,0.0,1.3
2026-06-01,SERBIA,8708,Motor Vehicle Parts,False,5.553633,0.133458,2026,6,6.1,0.1
2026-06-01,SEYCHELLES,8708,Motor Vehicle Parts,False,0.0,0.002666,2026,6,0.0,0.0
2026-06-01,SIERRA LEONE,8708,Motor Vehicle Parts,False,0.004224,0.304364,2026,6,0.0,0.3
2026-06-01,SINGAPORE,8708,Motor Vehicle Parts,False,2.257602,5.871891,2026,6,2.5,6.5
2026-06-01,SINT MAARTEN,8708,Motor Vehicle Parts,False,0.0,0.036042,2026,6,0.0,0.0
2026-06-01,SLOVAKIA,8708,Motor Vehicle Parts,False,9.64061,0.514595,2026,6,10.6,0.6
2026-06-01,SLOVENIA,8708,Motor Vehicle Parts,False,2.590409,0.0,2026,6,2.8,0.0
2026-06-01,SOMALIA,8708,Motor Vehicle Parts,False,0.0,0.0,2026,6,0.0,0.0
2026-06-01,SOUTH AFRICA,8708,Motor Vehicle Parts,False,3.000718,41.396576,2026,6,3.3,45.5
2026-06-01,SOUTH AMERICA,8708,Motor Vehicle Parts,False,33.445238,143.728937,2026,6,36.8,158.1
2026-06-01,SPAIN,8708,Motor Vehicle Parts,False,19.007571,9.437478,2026,6,20.9,10.4
2026-06-01,SRI LANKA,8708,Motor Vehicle Parts,False,0.684435,0.0,2026,6,0.8,0.0
2026-06-01,ST KITTS AND NEVIS,8708,Motor Vehicle Parts,False,0.0,0.0162,2026,6,0.0,0.0
2026-06-01,ST LUCIA,8708,Motor Vehicle Parts,False,0.0,0.092579,2026,6,0.0,0.1
2026-06-01,ST VINCENT AND THE GRENADINES,8708,Motor Vehicle Parts,False,0.0,0.062105,2026,6,0.0,0.1
2026-06-01,SURINAME,8708,Motor Vehicle Parts,False,0.024405,1.309304,2026,6,0.0,1.4
2026-06-01,SWEDEN,8708,Motor Vehicle Parts,False,13.109021,3.066244,2026,6,14.4,3.4
2026-06-01,SWITZERLAND,8708,Motor Vehicle Parts,False,2.36269,0.198009,2026,6,2.6,0.2
2026-06-01,SYRIA,8708,Motor Vehicle Parts,False,0.0,0.065,2026,6,0.0,0.1
2026-06-01,South Korea,8708,Motor Vehicle Parts,False,421.435447,11.151877,2026,6,463.6,12.3
2026-06-01,TAIWAN,8708,Motor Vehicle Parts,False,147.639001,1.13402,2026,6,162.4,1.2
2026-06-01,TAJIKISTAN,8708,Motor Vehicle Parts,False,0.0,0.0,2026,6,0.0,0.0
2026-06-01,TANZANIA,8708,Motor Vehicle Parts,False,0.0,0.033108,2026,6,0.0,0.0
2026-06-01,THAILAND,8708,Motor Vehicle Parts,False,154.802399,49.785509,2026,6,170.3,54.8
2026-06-01,TOGO,8708,Motor Vehicle Parts,False,0.0,2.173751,2026,6,0.0,2.4
2026-06-01,TOTAL FOR ALL COUNTRIES,8708,Motor Vehicle Parts,False,6964.690873,4070.277988,2026,6,7661.2,4477.3
2026-06-01,TRINIDAD AND TOBAGO,8708,Motor Vehicle Parts,False,0.0,0.228741,2026,6,0.0,0.3
2026-06-01,TUNISIA,8708,Motor Vehicle Parts,False,0.627879,0.193489,2026,6,0.7,0.2
2026-06-01,TURKEY,8708,Motor Vehicle Parts,False,54.07727,46.408118,2026,6,59.5,51.0
2026-06-01,TURKMENISTAN,8708,Motor Vehicle Parts,False,0.0,0.36699,2026,6,0.0,0.4
2026-06-01,TURKS AND CAICOS ISLANDS,8708,Motor Vehicle Parts,False,0.0,0.169836,2026,6,0.0,0.2
2026-06-01,TWENTY LATIN AMERICAN REPUBLICS,8708,Motor Vehicle Parts,False,3102.293125,1885.901486,2026,6,3412.5,2074.5
2026-06-01,UGANDA,8708,Motor Vehicle Parts,False,0.0,0.0,2026,6,0.0,0.0
2026-06-01,UKRAINE,8708,Motor Vehicle Parts,False,0.080152,9.025236,2026,6,0.1,9.9
2026-06-01,UNITED ARAB EMIRATES,8708,Motor Vehicle Parts,False,1.07939,21.732932,2026,6,1.2,23.9
2026-06-01,UNITED KINGDOM,8708,Motor Vehicle Parts,False,29.737141,19.838411,2026,6,32.7,21.8
2026-06-01,URUGUAY,8708,Motor Vehicle Parts,False,0.0,0.531468,2026,6,0.0,0.6
2026-06-01,USMCA (NAFTA),8708,Motor Vehicle Parts,False,4032.081654,3215.567496,2026,6,4435.3,3537.1
2026-06-01,UZBEKISTAN,8708,Motor Vehicle Parts,False,0.0,0.150349,2026,6,0.0,0.2
2026-06-01,VENEZUELA,8708,Motor Vehicle Parts,False,0.002922,3.58844,2026,6,0.0,3.9
2026-06-01,VIETNAM,8708,Motor Vehicle Parts,False,71.428147,4.119907,2026,6,78.6,4.5
2026-06-01,WALLIS AND FUTUNA,8708,Motor Vehicle Parts,False,0.0,0.0,2026,6,0.0,0.0
2026-06-01,YEMEN,8708,Motor Vehicle Parts,False,0.0,0.011751,2026,6,0.0,0.0
2026-06-01,ZAMBIA,8708,Motor Vehicle Parts,False,0.0,0.084059,2026,6,0.0,0.1
2026-06-01,ZIMBABWE,8708,Motor Vehicle Parts,False,0.0,0.02303,2026,6,0.0,0.0
