date,country,hs_code,commodity,critical,value_usd_m,flow
2026-03-01,USMCA (NAFTA),8542,Electronic Integrated Circuits,True,1247.212872,exports
2026-03-01,EUROPEAN UNION,8542,Electronic Integrated Circuits,True,511.609451,exports
2026-03-01,PACIFIC RIM COUNTRIES,8542,Electronic Integrated Circuits,True,2718.364507,exports
2026-03-01,CAFTA-DR,8542,Electronic Integrated Circuits,True,15.018226,exports
2026-03-01,TWENTY LATIN AMERICAN REPUBLICS,8542,Electronic Integrated Circuits,True,1321.172314,exports
2026-03-01,OECD,8542,Electronic Integrated Circuits,True,2120.180676,exports
2026-03-01,NATO,8542,Electronic Integrated Circuits,True,462.92555,exports
2026-03-01,LAFTA,8542,Electronic Integrated Circuits,True,1306.09835,exports
2026-03-01,EURO AREA,8542,Electronic Integrated Circuits,True,333.790816,exports
2026-03-01,APEC,8542,Electronic Integrated Circuits,True,4231.431636,exports
2026-03-01,ASEAN,8542,Electronic Integrated Circuits,True,1173.506476,exports
2026-03-01,CACM,8542,Electronic Integrated Circuits,True,13.448409,exports
2026-03-01,CANADA,8542,Electronic Integrated Circuits,True,60.143764,exports
2026-03-01,NORTH AMERICA,8542,Electronic Integrated Circuits,True,1247.212872,exports
2026-03-01,MEXICO,8542,Electronic Integrated Circuits,True,1187.069108,exports
2026-03-01,GUATEMALA,8542,Electronic Integrated Circuits,True,1.348885,exports
2026-03-01,BELIZE,8542,Electronic Integrated Circuits,True,0.0354,exports
2026-03-01,EL SALVADOR,8542,Electronic Integrated Circuits,True,0.756035,exports
2026-03-01,HONDURAS,8542,Electronic Integrated Circuits,True,0.276653,exports
2026-03-01,NICARAGUA,8542,Electronic Integrated Circuits,True,0.037145,exports
2026-03-01,COSTA RICA,8542,Electronic Integrated Circuits,True,11.029691,exports
2026-03-01,PANAMA,8542,Electronic Integrated Circuits,True,0.026964,exports
2026-03-01,BERMUDA,8542,Electronic Integrated Circuits,True,0.012659,exports
2026-03-01,BAHAMAS,8542,Electronic Integrated Circuits,True,0.026167,exports
2026-03-01,JAMAICA,8542,Electronic Integrated Circuits,True,0.141687,exports
2026-03-01,TURKS AND CAICOS ISLANDS,8542,Electronic Integrated Circuits,True,0.0,exports
2026-03-01,CAYMAN ISLANDS,8542,Electronic Integrated Circuits,True,0.0,exports
2026-03-01,HAITI,8542,Electronic Integrated Circuits,True,0.028774,exports
2026-03-01,DOMINICAN REPUBLIC,8542,Electronic Integrated Circuits,True,1.569817,exports
2026-03-01,ANGUILLA,8542,Electronic Integrated Circuits,True,0.003622,exports
2026-03-01,GRENADA,8542,Electronic Integrated Circuits,True,0.0,exports
2026-03-01,ST KITTS AND NEVIS,8542,Electronic Integrated Circuits,True,0.052788,exports
2026-03-01,ANTIGUA AND BARBUDA,8542,Electronic Integrated Circuits,True,0.0,exports
2026-03-01,ST LUCIA,8542,Electronic Integrated Circuits,True,0.005572,exports
2026-03-01,BARBADOS,8542,Electronic Integrated Circuits,True,0.013162,exports
2026-03-01,TRINIDAD AND TOBAGO,8542,Electronic Integrated Circuits,True,0.019217,exports
2026-03-01,SINT MAARTEN,8542,Electronic Integrated Circuits,True,0.002695,exports
2026-03-01,CURACAO,8542,Electronic Integrated Circuits,True,0.028003,exports
2026-03-01,ARUBA,8542,Electronic Integrated Circuits,True,0.002622,exports
2026-03-01,GUADELOUPE,8542,Electronic Integrated Circuits,True,0.031141,exports
2026-03-01,MARTINIQUE,8542,Electronic Integrated Circuits,True,0.0,exports
2026-03-01,CENTRAL AMERICA,8542,Electronic Integrated Circuits,True,15.448699,exports
2026-03-01,COLOMBIA,8542,Electronic Integrated Circuits,True,1.361296,exports
2026-03-01,VENEZUELA,8542,Electronic Integrated Circuits,True,0.012534,exports
2026-03-01,GUYANA,8542,Electronic Integrated Circuits,True,0.117435,exports
2026-03-01,SURINAME,8542,Electronic Integrated Circuits,True,0.00448,exports
2026-03-01,FRENCH GUIANA,8542,Electronic Integrated Circuits,True,0.018928,exports
2026-03-01,ECUADOR,8542,Electronic Integrated Circuits,True,0.470457,exports
2026-03-01,PERU,8542,Electronic Integrated Circuits,True,3.375252,exports
2026-03-01,BOLIVIA,8542,Electronic Integrated Circuits,True,0.342876,exports
2026-03-01,CHILE,8542,Electronic Integrated Circuits,True,1.890856,exports
2026-03-01,BRAZIL,8542,Electronic Integrated Circuits,True,105.687179,exports
2026-03-01,PARAGUAY,8542,Electronic Integrated Circuits,True,0.877568,exports
2026-03-01,URUGUAY,8542,Electronic Integrated Circuits,True,0.558814,exports
2026-03-01,ARGENTINA,8542,Electronic Integrated Circuits,True,4.45241,exports
2026-03-01,SOUTH AMERICA,8542,Electronic Integrated Circuits,True,119.170085,exports
2026-03-01,ICELAND,8542,Electronic Integrated Circuits,True,0.0,exports
2026-03-01,SWEDEN,8542,Electronic Integrated Circuits,True,8.143799,exports
2026-03-01,NORWAY,8542,Electronic Integrated Circuits,True,1.218462,exports
2026-03-01,FINLAND,8542,Electronic Integrated Circuits,True,2.141817,exports
2026-03-01,DENMARK,8542,Electronic Integrated Circuits,True,2.966572,exports
2026-03-01,UNITED KINGDOM,8542,Electronic Integrated Circuits,True,60.437397,exports
2026-03-01,IRELAND,8542,Electronic Integrated Circuits,True,176.214724,exports
2026-03-01,NETHERLANDS,8542,Electronic Integrated Circuits,True,40.246422,exports
2026-03-01,BELGIUM,8542,Electronic Integrated Circuits,True,4.798396,exports
2026-03-01,LUXEMBOURG,8542,Electronic Integrated Circuits,True,0.118746,exports
2026-03-01,FRANCE,8542,Electronic Integrated Circuits,True,10.417626,exports
2026-03-01,GERMANY,8542,Electronic Integrated Circuits,True,64.590363,exports
2026-03-01,AUSTRIA,8542,Electronic Integrated Circuits,True,1.886468,exports
2026-03-01,CZECH REPUBLIC,8542,Electronic Integrated Circuits,True,34.255199,exports
2026-03-01,SLOVAKIA,8542,Electronic Integrated Circuits,True,0.862817,exports
2026-03-01,HUNGARY,8542,Electronic Integrated Circuits,True,71.547378,exports
2026-03-01,LIECHTENSTEIN,8542,Electronic Integrated Circuits,True,0.0,exports
2026-03-01,SWITZERLAND,8542,Electronic Integrated Circuits,True,3.967501,exports
2026-03-01,ESTONIA,8542,Electronic Integrated Circuits,True,0.261062,exports
2026-03-01,LATVIA,8542,Electronic Integrated Circuits,True,0.412515,exports
2026-03-01,LITHUANIA,8542,Electronic Integrated Circuits,True,1.287057,exports
2026-03-01,POLAND,8542,Electronic Integrated Circuits,True,58.509784,exports
2026-03-01,UKRAINE,8542,Electronic Integrated Circuits,True,1.83918,exports
2026-03-01,GEORGIA,8542,Electronic Integrated Circuits,True,0.003166,exports
2026-03-01,KAZAKHSTAN,8542,Electronic Integrated Circuits,True,0.0,exports
2026-03-01,KYRGYZSTAN,8542,Electronic Integrated Circuits,True,0.0,exports
2026-03-01,MOLDOVA,8542,Electronic Integrated Circuits,True,0.004139,exports
2026-03-01,UZBEKISTAN,8542,Electronic Integrated Circuits,True,0.05004,exports
2026-03-01,SPAIN,8542,Electronic Integrated Circuits,True,11.530617,exports
2026-03-01,PORTUGAL,8542,Electronic Integrated Circuits,True,2.373371,exports
2026-03-01,MALTA,8542,Electronic Integrated Circuits,True,0.037157,exports
2026-03-01,SAN MARINO,8542,Electronic Integrated Circuits,True,0.0,exports
2026-03-01,ITALY,8542,Electronic Integrated Circuits,True,12.244022,exports
2026-03-01,CROATIA,8542,Electronic Integrated Circuits,True,0.07546,exports
2026-03-01,SLOVENIA,8542,Electronic Integrated Circuits,True,0.29242,exports
2026-03-01,GREECE,8542,Electronic Integrated Circuits,True,2.825359,exports
2026-03-01,BOSNIA AND HERZEGOVINA,8542,Electronic Integrated Circuits,True,0.021799,exports
2026-03-01,MACEDONIA,8542,Electronic Integrated Circuits,True,0.00882,exports
2026-03-01,SERBIA,8542,Electronic Integrated Circuits,True,0.388365,exports
2026-03-01,ROMANIA,8542,Electronic Integrated Circuits,True,2.395903,exports
2026-03-01,BULGARIA,8542,Electronic Integrated Circuits,True,1.174397,exports
2026-03-01,TURKEY,8542,Electronic Integrated Circuits,True,7.646005,exports
2026-03-01,CYPRUS,8542,Electronic Integrated Circuits,True,0.0,exports
2026-03-01,EUROPE,8542,Electronic Integrated Circuits,True,587.194325,exports
2026-03-01,LEBANON,8542,Electronic Integrated Circuits,True,0.095857,exports
2026-03-01,ISRAEL,8542,Electronic Integrated Circuits,True,16.250775,exports
2026-03-01,JORDAN,8542,Electronic Integrated Circuits,True,0.0,exports
2026-03-01,KUWAIT,8542,Electronic Integrated Circuits,True,0.076263,exports
2026-03-01,SAUDI ARABIA,8542,Electronic Integrated Circuits,True,0.593332,exports
2026-03-01,QATAR,8542,Electronic Integrated Circuits,True,0.052738,exports
2026-03-01,UNITED ARAB EMIRATES,8542,Electronic Integrated Circuits,True,0.99971,exports
2026-03-01,OMAN,8542,Electronic Integrated Circuits,True,0.033328,exports
2026-03-01,BAHRAIN,8542,Electronic Integrated Circuits,True,0.00749,exports
2026-03-01,INDIA,8542,Electronic Integrated Circuits,True,15.037979,exports
2026-03-01,PAKISTAN,8542,Electronic Integrated Circuits,True,0.253231,exports
2026-03-01,NEPAL,8542,Electronic Integrated Circuits,True,0.0,exports
2026-03-01,SRI LANKA,8542,Electronic Integrated Circuits,True,0.163566,exports
2026-03-01,THAILAND,8542,Electronic Integrated Circuits,True,99.46916,exports
2026-03-01,VIETNAM,8542,Electronic Integrated Circuits,True,161.390287,exports
2026-03-01,CAMBODIA,8542,Electronic Integrated Circuits,True,0.0,exports
2026-03-01,MALAYSIA,8542,Electronic Integrated Circuits,True,668.134445,exports
2026-03-01,SINGAPORE,8542,Electronic Integrated Circuits,True,123.719922,exports
2026-03-01,INDONESIA,8542,Electronic Integrated Circuits,True,0.324163,exports
2026-03-01,BRUNEI,8542,Electronic Integrated Circuits,True,0.0,exports
2026-03-01,PHILIPPINES,8542,Electronic Integrated Circuits,True,120.468499,exports
2026-03-01,MACAU,8542,Electronic Integrated Circuits,True,0.271298,exports
2026-03-01,CHINA,8542,Electronic Integrated Circuits,True,1005.53295,exports
2026-03-01,MONGOLIA,8542,Electronic Integrated Circuits,True,0.0041,exports
2026-03-01,"KOREA, SOUTH",8542,Electronic Integrated Circuits,True,195.627989,exports
2026-03-01,HONG KONG,8542,Electronic Integrated Circuits,True,189.276801,exports
2026-03-01,TAIWAN,8542,Electronic Integrated Circuits,True,349.397142,exports
2026-03-01,JAPAN,8542,Electronic Integrated Circuits,True,58.604106,exports
2026-03-01,ASIA,8542,Electronic Integrated Circuits,True,3005.785131,exports
2026-03-01,AUSTRALIA,8542,Electronic Integrated Circuits,True,6.737811,exports
2026-03-01,NEW ZEALAND,8542,Electronic Integrated Circuits,True,0.269381,exports
2026-03-01,AUSTRALIA AND OCEANIA,8542,Electronic Integrated Circuits,True,7.007192,exports
2026-03-01,MOROCCO,8542,Electronic Integrated Circuits,True,0.050249,exports
2026-03-01,ALGERIA,8542,Electronic Integrated Circuits,True,0.003447,exports
2026-03-01,TUNISIA,8542,Electronic Integrated Circuits,True,0.107571,exports
2026-03-01,LIBYA,8542,Electronic Integrated Circuits,True,0.0,exports
2026-03-01,EGYPT,8542,Electronic Integrated Circuits,True,0.028291,exports
2026-03-01,MAURITANIA,8542,Electronic Integrated Circuits,True,0.0,exports
2026-03-01,CAMEROON,8542,Electronic Integrated Circuits,True,0.0,exports
2026-03-01,GHANA,8542,Electronic Integrated Circuits,True,0.0,exports
2026-03-01,NIGER,8542,Electronic Integrated Circuits,True,0.0,exports
2026-03-01,NIGERIA,8542,Electronic Integrated Circuits,True,0.0633,exports
2026-03-01,ANGOLA,8542,Electronic Integrated Circuits,True,0.0,exports
2026-03-01,LIBERIA,8542,Electronic Integrated Circuits,True,0.0,exports
2026-03-01,BURUNDI,8542,Electronic Integrated Circuits,True,0.0,exports
2026-03-01,KENYA,8542,Electronic Integrated Circuits,True,0.013898,exports
2026-03-01,BRITISH INDIAN OCEAN TERRITORIES,8542,Electronic Integrated Circuits,True,0.025196,exports
2026-03-01,TANZANIA,8542,Electronic Integrated Circuits,True,0.005781,exports
2026-03-01,SOUTH AFRICA,8542,Electronic Integrated Circuits,True,5.586868,exports
2026-03-01,NAMIBIA,8542,Electronic Integrated Circuits,True,0.0,exports
2026-03-01,ESWATINI,8542,Electronic Integrated Circuits,True,1.161,exports
2026-03-01,AFRICA,8542,Electronic Integrated Circuits,True,7.045601,exports
2026-03-01,TOTAL FOR ALL COUNTRIES,8542,Electronic Integrated Circuits,True,4988.863905,exports
2026-03-01,USMCA (NAFTA),8703,Motor Cars & Vehicles,False,1657.460941,exports
2026-03-01,EUROPEAN UNION,8703,Motor Cars & Vehicles,False,1198.167412,exports
2026-03-01,PACIFIC RIM COUNTRIES,8703,Motor Cars & Vehicles,False,593.949105,exports
2026-03-01,CAFTA-DR,8703,Motor Cars & Vehicles,False,167.755697,exports
2026-03-01,TWENTY LATIN AMERICAN REPUBLICS,8703,Motor Cars & Vehicles,False,753.359396,exports
2026-03-01,OECD,8703,Motor Cars & Vehicles,False,3397.223532,exports
2026-03-01,NATO,8703,Motor Cars & Vehicles,False,2525.019698,exports
2026-03-01,LAFTA,8703,Motor Cars & Vehicles,False,566.873876,exports
2026-03-01,EURO AREA,8703,Motor Cars & Vehicles,False,1164.962265,exports
2026-03-01,APEC,8703,Motor Cars & Vehicles,False,2307.001722,exports
2026-03-01,ASEAN,8703,Motor Cars & Vehicles,False,25.484072,exports
2026-03-01,CACM,8703,Motor Cars & Vehicles,False,92.092104,exports
2026-03-01,GREENLAND,8703,Motor Cars & Vehicles,False,0.0,exports
2026-03-01,CANADA,8703,Motor Cars & Vehicles,False,1260.505203,exports
2026-03-01,NORTH AMERICA,8703,Motor Cars & Vehicles,False,1657.460941,exports
2026-03-01,MEXICO,8703,Motor Cars & Vehicles,False,396.955738,exports
2026-03-01,GUATEMALA,8703,Motor Cars & Vehicles,False,27.706823,exports
2026-03-01,BELIZE,8703,Motor Cars & Vehicles,False,3.851801,exports
2026-03-01,EL SALVADOR,8703,Motor Cars & Vehicles,False,20.457421,exports
2026-03-01,HONDURAS,8703,Motor Cars & Vehicles,False,24.62643,exports
2026-03-01,NICARAGUA,8703,Motor Cars & Vehicles,False,0.50869,exports
2026-03-01,COSTA RICA,8703,Motor Cars & Vehicles,False,18.79274,exports
2026-03-01,PANAMA,8703,Motor Cars & Vehicles,False,5.977916,exports
2026-03-01,BERMUDA,8703,Motor Cars & Vehicles,False,0.028135,exports
2026-03-01,BAHAMAS,8703,Motor Cars & Vehicles,False,9.475274,exports
2026-03-01,CUBA,8703,Motor Cars & Vehicles,False,10.429273,exports
2026-03-01,JAMAICA,8703,Motor Cars & Vehicles,False,1.291635,exports
2026-03-01,TURKS AND CAICOS ISLANDS,8703,Motor Cars & Vehicles,False,1.192387,exports
2026-03-01,CAYMAN ISLANDS,8703,Motor Cars & Vehicles,False,1.945884,exports
2026-03-01,HAITI,8703,Motor Cars & Vehicles,False,2.322634,exports
2026-03-01,DOMINICAN REPUBLIC,8703,Motor Cars & Vehicles,False,75.663593,exports
2026-03-01,ANGUILLA,8703,Motor Cars & Vehicles,False,0.014,exports
2026-03-01,BRITISH VIRGIN ISLANDS,8703,Motor Cars & Vehicles,False,1.311108,exports
2026-03-01,ST KITTS AND NEVIS,8703,Motor Cars & Vehicles,False,0.172029,exports
2026-03-01,ANTIGUA AND BARBUDA,8703,Motor Cars & Vehicles,False,0.275936,exports
2026-03-01,MONTSERRAT,8703,Motor Cars & Vehicles,False,0.0,exports
2026-03-01,DOMINICA,8703,Motor Cars & Vehicles,False,0.104685,exports
2026-03-01,ST LUCIA,8703,Motor Cars & Vehicles,False,0.136813,exports
2026-03-01,ST VINCENT AND THE GRENADINES,8703,Motor Cars & Vehicles,False,0.088621,exports
2026-03-01,GRENADA,8703,Motor Cars & Vehicles,False,0.096935,exports
2026-03-01,BARBADOS,8703,Motor Cars & Vehicles,False,0.117375,exports
2026-03-01,TRINIDAD AND TOBAGO,8703,Motor Cars & Vehicles,False,0.118773,exports
2026-03-01,SINT MAARTEN,8703,Motor Cars & Vehicles,False,0.742646,exports
2026-03-01,CURACAO,8703,Motor Cars & Vehicles,False,2.212153,exports
2026-03-01,ARUBA,8703,Motor Cars & Vehicles,False,1.349423,exports
2026-03-01,GUADELOUPE,8703,Motor Cars & Vehicles,False,0.03075,exports
2026-03-01,MARTINIQUE,8703,Motor Cars & Vehicles,False,0.0059,exports
2026-03-01,CENTRAL AMERICA,8703,Motor Cars & Vehicles,False,211.047783,exports
2026-03-01,COLOMBIA,8703,Motor Cars & Vehicles,False,32.897017,exports
2026-03-01,FRENCH GUIANA,8703,Motor Cars & Vehicles,False,0.0,exports
2026-03-01,VENEZUELA,8703,Motor Cars & Vehicles,False,17.514585,exports
2026-03-01,GUYANA,8703,Motor Cars & Vehicles,False,1.734685,exports
2026-03-01,SURINAME,8703,Motor Cars & Vehicles,False,0.31548,exports
2026-03-01,ECUADOR,8703,Motor Cars & Vehicles,False,6.23088,exports
2026-03-01,PERU,8703,Motor Cars & Vehicles,False,16.975329,exports
2026-03-01,BOLIVIA,8703,Motor Cars & Vehicles,False,3.001866,exports
2026-03-01,CHILE,8703,Motor Cars & Vehicles,False,34.232829,exports
2026-03-01,BRAZIL,8703,Motor Cars & Vehicles,False,50.514177,exports
2026-03-01,PARAGUAY,8703,Motor Cars & Vehicles,False,2.613682,exports
2026-03-01,URUGUAY,8703,Motor Cars & Vehicles,False,0.912135,exports
2026-03-01,ARGENTINA,8703,Motor Cars & Vehicles,False,5.025638,exports
2026-03-01,SOUTH AMERICA,8703,Motor Cars & Vehicles,False,171.968303,exports
2026-03-01,ICELAND,8703,Motor Cars & Vehicles,False,1.701329,exports
2026-03-01,SWEDEN,8703,Motor Cars & Vehicles,False,7.61722,exports
2026-03-01,NORWAY,8703,Motor Cars & Vehicles,False,4.014062,exports
2026-03-01,FINLAND,8703,Motor Cars & Vehicles,False,0.504359,exports
2026-03-01,DENMARK,8703,Motor Cars & Vehicles,False,2.612748,exports
2026-03-01,UNITED KINGDOM,8703,Motor Cars & Vehicles,False,58.975809,exports
2026-03-01,IRELAND,8703,Motor Cars & Vehicles,False,1.420063,exports
2026-03-01,NETHERLANDS,8703,Motor Cars & Vehicles,False,119.344677,exports
2026-03-01,BELGIUM,8703,Motor Cars & Vehicles,False,174.613842,exports
2026-03-01,LUXEMBOURG,8703,Motor Cars & Vehicles,False,0.0388,exports
2026-03-01,FRANCE,8703,Motor Cars & Vehicles,False,4.756377,exports
2026-03-01,GERMANY,8703,Motor Cars & Vehicles,False,713.448069,exports
2026-03-01,AUSTRIA,8703,Motor Cars & Vehicles,False,26.60019,exports
2026-03-01,CZECH REPUBLIC,8703,Motor Cars & Vehicles,False,1.700519,exports
2026-03-01,SLOVAKIA,8703,Motor Cars & Vehicles,False,0.732621,exports
2026-03-01,HUNGARY,8703,Motor Cars & Vehicles,False,0.460189,exports
2026-03-01,SWITZERLAND,8703,Motor Cars & Vehicles,False,1.401669,exports
2026-03-01,ESTONIA,8703,Motor Cars & Vehicles,False,0.504218,exports
2026-03-01,LATVIA,8703,Motor Cars & Vehicles,False,0.312445,exports
2026-03-01,LITHUANIA,8703,Motor Cars & Vehicles,False,104.889091,exports
2026-03-01,POLAND,8703,Motor Cars & Vehicles,False,14.68712,exports
2026-03-01,UKRAINE,8703,Motor Cars & Vehicles,False,25.389305,exports
2026-03-01,ARMENIA,8703,Motor Cars & Vehicles,False,6.860122,exports
2026-03-01,AZERBAIJAN,8703,Motor Cars & Vehicles,False,0.466208,exports
2026-03-01,GEORGIA,8703,Motor Cars & Vehicles,False,183.211242,exports
2026-03-01,KAZAKHSTAN,8703,Motor Cars & Vehicles,False,5.631078,exports
2026-03-01,KYRGYZSTAN,8703,Motor Cars & Vehicles,False,4.628734,exports
2026-03-01,MOLDOVA,8703,Motor Cars & Vehicles,False,1.59464,exports
2026-03-01,TAJIKISTAN,8703,Motor Cars & Vehicles,False,0.084979,exports
2026-03-01,TURKMENISTAN,8703,Motor Cars & Vehicles,False,0.067203,exports
2026-03-01,UZBEKISTAN,8703,Motor Cars & Vehicles,False,1.050759,exports
2026-03-01,SPAIN,8703,Motor Cars & Vehicles,False,2.512541,exports
2026-03-01,PORTUGAL,8703,Motor Cars & Vehicles,False,0.467152,exports
2026-03-01,MALTA,8703,Motor Cars & Vehicles,False,0.0,exports
2026-03-01,ITALY,8703,Motor Cars & Vehicles,False,6.959426,exports
2026-03-01,CROATIA,8703,Motor Cars & Vehicles,False,2.589087,exports
2026-03-01,SLOVENIA,8703,Motor Cars & Vehicles,False,0.126842,exports
2026-03-01,BOSNIA AND HERZEGOVINA,8703,Motor Cars & Vehicles,False,0.498773,exports
2026-03-01,SERBIA,8703,Motor Cars & Vehicles,False,1.063486,exports
2026-03-01,MONTENEGRO,8703,Motor Cars & Vehicles,False,0.1777,exports
2026-03-01,ALBANIA,8703,Motor Cars & Vehicles,False,8.21948,exports
2026-03-01,TURKEY,8703,Motor Cars & Vehicles,False,22.547157,exports
2026-03-01,GREECE,8703,Motor Cars & Vehicles,False,1.549826,exports
2026-03-01,ROMANIA,8703,Motor Cars & Vehicles,False,6.127351,exports
2026-03-01,BULGARIA,8703,Motor Cars & Vehicles,False,2.324438,exports
2026-03-01,CYPRUS,8703,Motor Cars & Vehicles,False,1.268201,exports
2026-03-01,EUROPE,8703,Motor Cars & Vehicles,False,1525.751147,exports
2026-03-01,LEBANON,8703,Motor Cars & Vehicles,False,25.56902,exports
2026-03-01,IRAQ,8703,Motor Cars & Vehicles,False,3.555875,exports
2026-03-01,ISRAEL,8703,Motor Cars & Vehicles,False,56.892423,exports
2026-03-01,WEST BANK ADMINISTERED BY ISRAEL,8703,Motor Cars & Vehicles,False,0.137,exports
2026-03-01,JORDAN,8703,Motor Cars & Vehicles,False,41.758201,exports
2026-03-01,KUWAIT,8703,Motor Cars & Vehicles,False,11.490567,exports
2026-03-01,SAUDI ARABIA,8703,Motor Cars & Vehicles,False,109.231294,exports
2026-03-01,QATAR,8703,Motor Cars & Vehicles,False,2.564631,exports
2026-03-01,UNITED ARAB EMIRATES,8703,Motor Cars & Vehicles,False,113.820335,exports
2026-03-01,YEMEN,8703,Motor Cars & Vehicles,False,0.131611,exports
2026-03-01,OMAN,8703,Motor Cars & Vehicles,False,33.535257,exports
2026-03-01,BAHRAIN,8703,Motor Cars & Vehicles,False,1.706818,exports
2026-03-01,AFGHANISTAN,8703,Motor Cars & Vehicles,False,0.003,exports
2026-03-01,INDIA,8703,Motor Cars & Vehicles,False,0.1175,exports
2026-03-01,PAKISTAN,8703,Motor Cars & Vehicles,False,0.062,exports
2026-03-01,BANGLADESH,8703,Motor Cars & Vehicles,False,0.10181,exports
2026-03-01,SRI LANKA,8703,Motor Cars & Vehicles,False,0.384798,exports
2026-03-01,THAILAND,8703,Motor Cars & Vehicles,False,0.669634,exports
2026-03-01,VIETNAM,8703,Motor Cars & Vehicles,False,3.713884,exports
2026-03-01,LAOS,8703,Motor Cars & Vehicles,False,0.084902,exports
2026-03-01,CAMBODIA,8703,Motor Cars & Vehicles,False,15.961038,exports
2026-03-01,MALAYSIA,8703,Motor Cars & Vehicles,False,0.091616,exports
2026-03-01,SINGAPORE,8703,Motor Cars & Vehicles,False,2.452122,exports
2026-03-01,INDONESIA,8703,Motor Cars & Vehicles,False,0.610721,exports
2026-03-01,TIMOR-LESTE,8703,Motor Cars & Vehicles,False,0.0,exports
2026-03-01,BRUNEI,8703,Motor Cars & Vehicles,False,0.0,exports
2026-03-01,PHILIPPINES,8703,Motor Cars & Vehicles,False,1.900155,exports
2026-03-01,CHINA,8703,Motor Cars & Vehicles,False,202.388174,exports
2026-03-01,MONGOLIA,8703,Motor Cars & Vehicles,False,3.972661,exports
2026-03-01,"KOREA, SOUTH",8703,Motor Cars & Vehicles,False,173.209836,exports
2026-03-01,HONG KONG,8703,Motor Cars & Vehicles,False,2.935789,exports
2026-03-01,TAIWAN,8703,Motor Cars & Vehicles,False,61.121307,exports
2026-03-01,JAPAN,8703,Motor Cars & Vehicles,False,85.096563,exports
2026-03-01,ASIA,8703,Motor Cars & Vehicles,False,955.270542,exports
2026-03-01,AUSTRALIA,8703,Motor Cars & Vehicles,False,49.419045,exports
2026-03-01,NEW ZEALAND,8703,Motor Cars & Vehicles,False,14.723777,exports
2026-03-01,SAMOA,8703,Motor Cars & Vehicles,False,0.02,exports
2026-03-01,NEW CALEDONIA,8703,Motor Cars & Vehicles,False,0.0,exports
2026-03-01,FRENCH POLYNESIA,8703,Motor Cars & Vehicles,False,0.08255,exports
2026-03-01,MARSHALL ISLANDS,8703,Motor Cars & Vehicles,False,0.019,exports
2026-03-01,AUSTRALIA AND OCEANIA,8703,Motor Cars & Vehicles,False,64.264372,exports
2026-03-01,MOROCCO,8703,Motor Cars & Vehicles,False,2.890641,exports
2026-03-01,ALGERIA,8703,Motor Cars & Vehicles,False,1.366715,exports
2026-03-01,TUNISIA,8703,Motor Cars & Vehicles,False,0.248971,exports
2026-03-01,LIBYA,8703,Motor Cars & Vehicles,False,7.499903,exports
2026-03-01,EGYPT,8703,Motor Cars & Vehicles,False,2.871197,exports
2026-03-01,EQUATORIAL GUINEA,8703,Motor Cars & Vehicles,False,0.05843,exports
2026-03-01,MAURITANIA,8703,Motor Cars & Vehicles,False,2.271095,exports
2026-03-01,CAMEROON,8703,Motor Cars & Vehicles,False,1.441603,exports
2026-03-01,SENEGAL,8703,Motor Cars & Vehicles,False,7.285247,exports
2026-03-01,COTE D'IVOIRE,8703,Motor Cars & Vehicles,False,2.70596,exports
2026-03-01,MALI,8703,Motor Cars & Vehicles,False,0.363175,exports
2026-03-01,GUINEA,8703,Motor Cars & Vehicles,False,2.423589,exports
2026-03-01,SIERRA LEONE,8703,Motor Cars & Vehicles,False,2.996018,exports
2026-03-01,GHANA,8703,Motor Cars & Vehicles,False,40.18023,exports
2026-03-01,GAMBIA,8703,Motor Cars & Vehicles,False,1.107384,exports
2026-03-01,NIGER,8703,Motor Cars & Vehicles,False,0.623433,exports
2026-03-01,TOGO,8703,Motor Cars & Vehicles,False,6.853367,exports
2026-03-01,NIGERIA,8703,Motor Cars & Vehicles,False,119.465746,exports
2026-03-01,GABON,8703,Motor Cars & Vehicles,False,0.205343,exports
2026-03-01,BURKINA FASO,8703,Motor Cars & Vehicles,False,1.290004,exports
2026-03-01,BENIN,8703,Motor Cars & Vehicles,False,24.444749,exports
2026-03-01,ANGOLA,8703,Motor Cars & Vehicles,False,0.1695,exports
2026-03-01,CONGO,8703,Motor Cars & Vehicles,False,0.241278,exports
2026-03-01,CABO VERDE,8703,Motor Cars & Vehicles,False,0.06843,exports
2026-03-01,LIBERIA,8703,Motor Cars & Vehicles,False,1.638734,exports
2026-03-01,DEMOCRATIC REPUBLIC OF THE CONGO,8703,Motor Cars & Vehicles,False,0.254726,exports
2026-03-01,RWANDA,8703,Motor Cars & Vehicles,False,0.0,exports
2026-03-01,ETHIOPIA,8703,Motor Cars & Vehicles,False,0.066539,exports
2026-03-01,DJIBOUTI,8703,Motor Cars & Vehicles,False,0.167892,exports
2026-03-01,UGANDA,8703,Motor Cars & Vehicles,False,0.0125,exports
2026-03-01,KENYA,8703,Motor Cars & Vehicles,False,0.081,exports
2026-03-01,TANZANIA,8703,Motor Cars & Vehicles,False,0.0635,exports
2026-03-01,MOZAMBIQUE,8703,Motor Cars & Vehicles,False,0.069192,exports
2026-03-01,MADAGASCAR,8703,Motor Cars & Vehicles,False,0.0,exports
2026-03-01,MAYOTTE,8703,Motor Cars & Vehicles,False,0.0063,exports
2026-03-01,COMOROS,8703,Motor Cars & Vehicles,False,0.0,exports
2026-03-01,REUNION,8703,Motor Cars & Vehicles,False,0.0,exports
2026-03-01,SOUTH AFRICA,8703,Motor Cars & Vehicles,False,6.158834,exports
2026-03-01,NAMIBIA,8703,Motor Cars & Vehicles,False,0.16,exports
2026-03-01,BOTSWANA,8703,Motor Cars & Vehicles,False,0.0,exports
2026-03-01,ZAMBIA,8703,Motor Cars & Vehicles,False,0.0,exports
2026-03-01,ZIMBABWE,8703,Motor Cars & Vehicles,False,0.210863,exports
2026-03-01,AFRICA,8703,Motor Cars & Vehicles,False,237.962088,exports
2026-03-01,TOTAL FOR ALL COUNTRIES,8703,Motor Cars & Vehicles,False,4823.725176,exports
2026-03-01,TOTAL FOR ALL COUNTRIES,2709,Crude Petroleum Oils,True,10711.291294,exports
2026-03-01,USMCA (NAFTA),2709,Crude Petroleum Oils,True,929.467774,exports
2026-03-01,EUROPEAN UNION,2709,Crude Petroleum Oils,True,3969.293831,exports
2026-03-01,PACIFIC RIM COUNTRIES,2709,Crude Petroleum Oils,True,3585.313954,exports
2026-03-01,CAFTA-DR,2709,Crude Petroleum Oils,True,115.103209,exports
2026-03-01,TWENTY LATIN AMERICAN REPUBLICS,2709,Crude Petroleum Oils,True,523.832749,exports
2026-03-01,OECD,2709,Crude Petroleum Oils,True,8625.232752,exports
2026-03-01,NATO,2709,Crude Petroleum Oils,True,5444.760697,exports
2026-03-01,LAFTA,2709,Crude Petroleum Oils,True,408.72954,exports
2026-03-01,EURO AREA,2709,Crude Petroleum Oils,True,3680.299667,exports
2026-03-01,APEC,2709,Crude Petroleum Oils,True,5077.150958,exports
2026-03-01,ASEAN,2709,Crude Petroleum Oils,True,615.64502,exports
2026-03-01,CACM,2709,Crude Petroleum Oils,True,21.137645,exports
2026-03-01,CANADA,2709,Crude Petroleum Oils,True,929.467774,exports
2026-03-01,NORTH AMERICA,2709,Crude Petroleum Oils,True,929.467774,exports
2026-03-01,NICARAGUA,2709,Crude Petroleum Oils,True,21.137645,exports
2026-03-01,DOMINICAN REPUBLIC,2709,Crude Petroleum Oils,True,93.965564,exports
2026-03-01,CENTRAL AMERICA,2709,Crude Petroleum Oils,True,115.103209,exports
2026-03-01,COLOMBIA,2709,Crude Petroleum Oils,True,197.853404,exports
2026-03-01,PERU,2709,Crude Petroleum Oils,True,39.96492,exports
2026-03-01,BRAZIL,2709,Crude Petroleum Oils,True,105.494847,exports
2026-03-01,URUGUAY,2709,Crude Petroleum Oils,True,65.416369,exports
2026-03-01,SOUTH AMERICA,2709,Crude Petroleum Oils,True,408.72954,exports
2026-03-01,SWEDEN,2709,Crude Petroleum Oils,True,215.045814,exports
2026-03-01,NORWAY,2709,Crude Petroleum Oils,True,122.75017,exports
2026-03-01,FINLAND,2709,Crude Petroleum Oils,True,65.089845,exports
2026-03-01,DENMARK,2709,Crude Petroleum Oils,True,73.94835,exports
2026-03-01,UNITED KINGDOM,2709,Crude Petroleum Oils,True,480.739362,exports
2026-03-01,IRELAND,2709,Crude Petroleum Oils,True,57.49044,exports
2026-03-01,NETHERLANDS,2709,Crude Petroleum Oils,True,2327.934949,exports
2026-03-01,FRANCE,2709,Crude Petroleum Oils,True,402.048646,exports
2026-03-01,GERMANY,2709,Crude Petroleum Oils,True,255.297737,exports
2026-03-01,INDIA,2709,Crude Petroleum Oils,True,413.811014,exports
2026-03-01,SPAIN,2709,Crude Petroleum Oils,True,276.841434,exports
2026-03-01,ITALY,2709,Crude Petroleum Oils,True,295.596616,exports
2026-03-01,EUROPE,2709,Crude Petroleum Oils,True,4572.783363,exports
2026-03-01,PAKISTAN,2709,Crude Petroleum Oils,True,0.0,exports
2026-03-01,THAILAND,2709,Crude Petroleum Oils,True,522.40431,exports
2026-03-01,VIETNAM,2709,Crude Petroleum Oils,True,0.0,exports
2026-03-01,MALAYSIA,2709,Crude Petroleum Oils,True,0.0,exports
2026-03-01,SINGAPORE,2709,Crude Petroleum Oils,True,93.24071,exports
2026-03-01,"KOREA, SOUTH",2709,Crude Petroleum Oils,True,1978.536091,exports
2026-03-01,TAIWAN,2709,Crude Petroleum Oils,True,566.945033,exports
2026-03-01,JAPAN,2709,Crude Petroleum Oils,True,872.837919,exports
2026-03-01,ASIA,2709,Crude Petroleum Oils,True,4447.775077,exports
2026-03-01,AUSTRALIA,2709,Crude Petroleum Oils,True,73.754201,exports
2026-03-01,AUSTRALIA AND OCEANIA,2709,Crude Petroleum Oils,True,73.754201,exports
2026-03-01,NIGERIA,2709,Crude Petroleum Oils,True,163.67813,exports
2026-03-01,AFRICA,2709,Crude Petroleum Oils,True,163.67813,exports
2026-03-01,TOTAL FOR ALL COUNTRIES,3004,Medicaments Packaged,True,2968.484252,exports
2026-03-01,EUROPEAN UNION,3004,Medicaments Packaged,True,969.603069,exports
2026-03-01,PACIFIC RIM COUNTRIES,3004,Medicaments Packaged,True,706.150168,exports
2026-03-01,CAFTA-DR,3004,Medicaments Packaged,True,5.308439,exports
2026-03-01,USMCA (NAFTA),3004,Medicaments Packaged,True,411.073266,exports
2026-03-01,TWENTY LATIN AMERICAN REPUBLICS,3004,Medicaments Packaged,True,596.547864,exports
2026-03-01,OECD,3004,Medicaments Packaged,True,2178.383801,exports
2026-03-01,NATO,3004,Medicaments Packaged,True,1369.082538,exports
2026-03-01,LAFTA,3004,Medicaments Packaged,True,577.096461,exports
2026-03-01,EURO AREA,3004,Medicaments Packaged,True,935.221651,exports
2026-03-01,APEC,3004,Medicaments Packaged,True,1138.754481,exports
2026-03-01,ASEAN,3004,Medicaments Packaged,True,59.692166,exports
2026-03-01,CACM,3004,Medicaments Packaged,True,3.059024,exports
2026-03-01,CANADA,3004,Medicaments Packaged,True,326.16503,exports
2026-03-01,NORTH AMERICA,3004,Medicaments Packaged,True,411.073266,exports
2026-03-01,MEXICO,3004,Medicaments Packaged,True,84.908236,exports
2026-03-01,GUATEMALA,3004,Medicaments Packaged,True,0.561735,exports
2026-03-01,BELIZE,3004,Medicaments Packaged,True,0.956517,exports
2026-03-01,EL SALVADOR,3004,Medicaments Packaged,True,0.242881,exports
2026-03-01,HONDURAS,3004,Medicaments Packaged,True,1.310934,exports
2026-03-01,NICARAGUA,3004,Medicaments Packaged,True,0.050299,exports
2026-03-01,COSTA RICA,3004,Medicaments Packaged,True,0.893175,exports
2026-03-01,PANAMA,3004,Medicaments Packaged,True,14.136991,exports
2026-03-01,BERMUDA,3004,Medicaments Packaged,True,0.24361,exports
2026-03-01,BAHAMAS,3004,Medicaments Packaged,True,0.605121,exports
2026-03-01,JAMAICA,3004,Medicaments Packaged,True,0.232925,exports
2026-03-01,TURKS AND CAICOS ISLANDS,3004,Medicaments Packaged,True,0.180712,exports
2026-03-01,CAYMAN ISLANDS,3004,Medicaments Packaged,True,0.445638,exports
2026-03-01,HAITI,3004,Medicaments Packaged,True,0.005973,exports
2026-03-01,DOMINICAN REPUBLIC,3004,Medicaments Packaged,True,2.249415,exports
2026-03-01,ANGUILLA,3004,Medicaments Packaged,True,0.0,exports
2026-03-01,BRITISH VIRGIN ISLANDS,3004,Medicaments Packaged,True,0.024551,exports
2026-03-01,ST KITTS AND NEVIS,3004,Medicaments Packaged,True,0.011997,exports
2026-03-01,ANTIGUA AND BARBUDA,3004,Medicaments Packaged,True,0.05981,exports
2026-03-01,DOMINICA,3004,Medicaments Packaged,True,0.059672,exports
2026-03-01,ST LUCIA,3004,Medicaments Packaged,True,0.034576,exports
2026-03-01,ST VINCENT AND THE GRENADINES,3004,Medicaments Packaged,True,0.0,exports
2026-03-01,GRENADA,3004,Medicaments Packaged,True,0.0,exports
2026-03-01,BARBADOS,3004,Medicaments Packaged,True,0.400186,exports
2026-03-01,TRINIDAD AND TOBAGO,3004,Medicaments Packaged,True,0.334662,exports
2026-03-01,SINT MAARTEN,3004,Medicaments Packaged,True,0.029252,exports
2026-03-01,CURACAO,3004,Medicaments Packaged,True,0.029316,exports
2026-03-01,ARUBA,3004,Medicaments Packaged,True,0.073103,exports
2026-03-01,CENTRAL AMERICA,3004,Medicaments Packaged,True,23.173051,exports
2026-03-01,COLOMBIA,3004,Medicaments Packaged,True,32.150278,exports
2026-03-01,VENEZUELA,3004,Medicaments Packaged,True,0.234657,exports
2026-03-01,GUYANA,3004,Medicaments Packaged,True,0.0185,exports
2026-03-01,SURINAME,3004,Medicaments Packaged,True,0.0,exports
2026-03-01,ECUADOR,3004,Medicaments Packaged,True,0.848928,exports
2026-03-01,PERU,3004,Medicaments Packaged,True,1.271618,exports
2026-03-01,BOLIVIA,3004,Medicaments Packaged,True,0.054974,exports
2026-03-01,CHILE,3004,Medicaments Packaged,True,7.419211,exports
2026-03-01,BRAZIL,3004,Medicaments Packaged,True,408.207688,exports
2026-03-01,PARAGUAY,3004,Medicaments Packaged,True,0.566516,exports
2026-03-01,URUGUAY,3004,Medicaments Packaged,True,21.814113,exports
2026-03-01,ARGENTINA,3004,Medicaments Packaged,True,19.620242,exports
2026-03-01,SOUTH AMERICA,3004,Medicaments Packaged,True,492.206725,exports
2026-03-01,ICELAND,3004,Medicaments Packaged,True,0.140473,exports
2026-03-01,SWEDEN,3004,Medicaments Packaged,True,6.196707,exports
2026-03-01,NORWAY,3004,Medicaments Packaged,True,0.785645,exports
2026-03-01,FINLAND,3004,Medicaments Packaged,True,0.456095,exports
2026-03-01,DENMARK,3004,Medicaments Packaged,True,5.926959,exports
2026-03-01,UNITED KINGDOM,3004,Medicaments Packaged,True,177.95609,exports
2026-03-01,IRELAND,3004,Medicaments Packaged,True,113.571364,exports
2026-03-01,NETHERLANDS,3004,Medicaments Packaged,True,149.700024,exports
2026-03-01,BELGIUM,3004,Medicaments Packaged,True,172.273641,exports
2026-03-01,LUXEMBOURG,3004,Medicaments Packaged,True,0.087964,exports
2026-03-01,ANDORRA,3004,Medicaments Packaged,True,0.048553,exports
2026-03-01,FRANCE,3004,Medicaments Packaged,True,24.221012,exports
2026-03-01,GERMANY,3004,Medicaments Packaged,True,392.081413,exports
2026-03-01,AUSTRIA,3004,Medicaments Packaged,True,0.071772,exports
2026-03-01,CZECH REPUBLIC,3004,Medicaments Packaged,True,19.854942,exports
2026-03-01,SLOVAKIA,3004,Medicaments Packaged,True,0.05942,exports
2026-03-01,HUNGARY,3004,Medicaments Packaged,True,1.020506,exports
2026-03-01,SWITZERLAND,3004,Medicaments Packaged,True,52.854255,exports
2026-03-01,ESTONIA,3004,Medicaments Packaged,True,0.008443,exports
2026-03-01,LATVIA,3004,Medicaments Packaged,True,0.449945,exports
2026-03-01,LITHUANIA,3004,Medicaments Packaged,True,0.376804,exports
2026-03-01,POLAND,3004,Medicaments Packaged,True,0.46104,exports
2026-03-01,RUSSIA,3004,Medicaments Packaged,True,3.405034,exports
2026-03-01,UKRAINE,3004,Medicaments Packaged,True,0.050448,exports
2026-03-01,ARMENIA,3004,Medicaments Packaged,True,0.019728,exports
2026-03-01,AZERBAIJAN,3004,Medicaments Packaged,True,0.031985,exports
2026-03-01,GEORGIA,3004,Medicaments Packaged,True,0.0,exports
2026-03-01,KAZAKHSTAN,3004,Medicaments Packaged,True,0.119005,exports
2026-03-01,KYRGYZSTAN,3004,Medicaments Packaged,True,0.00955,exports
2026-03-01,MOLDOVA,3004,Medicaments Packaged,True,0.018846,exports
2026-03-01,SPAIN,3004,Medicaments Packaged,True,40.211868,exports
2026-03-01,PORTUGAL,3004,Medicaments Packaged,True,0.150858,exports
2026-03-01,ITALY,3004,Medicaments Packaged,True,36.975465,exports
2026-03-01,CROATIA,3004,Medicaments Packaged,True,0.164435,exports
2026-03-01,SLOVENIA,3004,Medicaments Packaged,True,0.883249,exports
2026-03-01,BOSNIA AND HERZEGOVINA,3004,Medicaments Packaged,True,0.0,exports
2026-03-01,MACEDONIA,3004,Medicaments Packaged,True,0.003378,exports
2026-03-01,SERBIA,3004,Medicaments Packaged,True,0.0,exports
2026-03-01,KOSOVO,3004,Medicaments Packaged,True,0.0,exports
2026-03-01,ALBANIA,3004,Medicaments Packaged,True,0.016089,exports
2026-03-01,GREECE,3004,Medicaments Packaged,True,3.092418,exports
2026-03-01,ROMANIA,3004,Medicaments Packaged,True,0.921264,exports
2026-03-01,BULGARIA,3004,Medicaments Packaged,True,0.24962,exports
2026-03-01,TURKEY,3004,Medicaments Packaged,True,8.191741,exports
2026-03-01,CYPRUS,3004,Medicaments Packaged,True,0.135841,exports
2026-03-01,EUROPE,3004,Medicaments Packaged,True,1213.253889,exports
2026-03-01,LEBANON,3004,Medicaments Packaged,True,0.031612,exports
2026-03-01,IRAQ,3004,Medicaments Packaged,True,0.0,exports
2026-03-01,IRAN,3004,Medicaments Packaged,True,0.0,exports
2026-03-01,ISRAEL,3004,Medicaments Packaged,True,36.892178,exports
2026-03-01,WEST BANK ADMINISTERED BY ISRAEL,3004,Medicaments Packaged,True,0.0,exports
2026-03-01,JORDAN,3004,Medicaments Packaged,True,0.476852,exports
2026-03-01,KUWAIT,3004,Medicaments Packaged,True,13.574465,exports
2026-03-01,SAUDI ARABIA,3004,Medicaments Packaged,True,14.157161,exports
2026-03-01,QATAR,3004,Medicaments Packaged,True,0.998593,exports
2026-03-01,AFGHANISTAN,3004,Medicaments Packaged,True,0.0,exports
2026-03-01,UNITED ARAB EMIRATES,3004,Medicaments Packaged,True,14.80148,exports
2026-03-01,OMAN,3004,Medicaments Packaged,True,0.333688,exports
2026-03-01,BAHRAIN,3004,Medicaments Packaged,True,0.272213,exports
2026-03-01,INDIA,3004,Medicaments Packaged,True,16.951527,exports
2026-03-01,PAKISTAN,3004,Medicaments Packaged,True,0.092023,exports
2026-03-01,NEPAL,3004,Medicaments Packaged,True,0.027545,exports
2026-03-01,BANGLADESH,3004,Medicaments Packaged,True,0.290588,exports
2026-03-01,SRI LANKA,3004,Medicaments Packaged,True,0.737674,exports
2026-03-01,BURMA,3004,Medicaments Packaged,True,0.0,exports
2026-03-01,THAILAND,3004,Medicaments Packaged,True,4.0663,exports
2026-03-01,VIETNAM,3004,Medicaments Packaged,True,5.39229,exports
2026-03-01,CAMBODIA,3004,Medicaments Packaged,True,0.045,exports
2026-03-01,MALAYSIA,3004,Medicaments Packaged,True,6.560488,exports
2026-03-01,SINGAPORE,3004,Medicaments Packaged,True,35.872157,exports
2026-03-01,INDONESIA,3004,Medicaments Packaged,True,2.540965,exports
2026-03-01,BRUNEI,3004,Medicaments Packaged,True,0.0,exports
2026-03-01,PHILIPPINES,3004,Medicaments Packaged,True,5.214966,exports
2026-03-01,MACAU,3004,Medicaments Packaged,True,0.023406,exports
2026-03-01,MALDIVES,3004,Medicaments Packaged,True,0.0,exports
2026-03-01,CHINA,3004,Medicaments Packaged,True,151.395449,exports
2026-03-01,MONGOLIA,3004,Medicaments Packaged,True,0.175375,exports
2026-03-01,"KOREA, SOUTH",3004,Medicaments Packaged,True,212.862265,exports
2026-03-01,HONG KONG,3004,Medicaments Packaged,True,7.456151,exports
2026-03-01,TAIWAN,3004,Medicaments Packaged,True,15.191006,exports
2026-03-01,JAPAN,3004,Medicaments Packaged,True,163.442329,exports
2026-03-01,ASIA,3004,Medicaments Packaged,True,709.875746,exports
2026-03-01,AUSTRALIA,3004,Medicaments Packaged,True,101.413924,exports
2026-03-01,CHRISTMAS ISLAND,3004,Medicaments Packaged,True,0.0,exports
2026-03-01,NEW ZEALAND,3004,Medicaments Packaged,True,4.177062,exports
2026-03-01,VANUATU,3004,Medicaments Packaged,True,0.0,exports
2026-03-01,MARSHALL ISLANDS,3004,Medicaments Packaged,True,0.095188,exports
2026-03-01,PALAU,3004,Medicaments Packaged,True,0.010737,exports
2026-03-01,AUSTRALIA AND OCEANIA,3004,Medicaments Packaged,True,105.696911,exports
2026-03-01,MOROCCO,3004,Medicaments Packaged,True,1.449741,exports
2026-03-01,ALGERIA,3004,Medicaments Packaged,True,1.818135,exports
2026-03-01,TUNISIA,3004,Medicaments Packaged,True,0.092184,exports
2026-03-01,LIBYA,3004,Medicaments Packaged,True,0.0,exports
2026-03-01,EGYPT,3004,Medicaments Packaged,True,1.102208,exports
2026-03-01,SUDAN,3004,Medicaments Packaged,True,0.02432,exports
2026-03-01,SENEGAL,3004,Medicaments Packaged,True,0.0,exports
2026-03-01,GHANA,3004,Medicaments Packaged,True,0.0,exports
2026-03-01,GAMBIA,3004,Medicaments Packaged,True,0.0,exports
2026-03-01,NIGERIA,3004,Medicaments Packaged,True,0.635683,exports
2026-03-01,CENTRAL AFRICAN REPUBLIC,3004,Medicaments Packaged,True,0.0,exports
2026-03-01,GABON,3004,Medicaments Packaged,True,0.0,exports
2026-03-01,CHAD,3004,Medicaments Packaged,True,0.0,exports
2026-03-01,CONGO,3004,Medicaments Packaged,True,0.0,exports
2026-03-01,RWANDA,3004,Medicaments Packaged,True,0.0,exports
2026-03-01,ETHIOPIA,3004,Medicaments Packaged,True,0.0,exports
2026-03-01,UGANDA,3004,Medicaments Packaged,True,0.474663,exports
2026-03-01,KENYA,3004,Medicaments Packaged,True,0.123419,exports
2026-03-01,TANZANIA,3004,Medicaments Packaged,True,0.0,exports
2026-03-01,MAURITIUS,3004,Medicaments Packaged,True,0.0,exports
2026-03-01,MOZAMBIQUE,3004,Medicaments Packaged,True,0.007104,exports
2026-03-01,SOUTH AFRICA,3004,Medicaments Packaged,True,6.288642,exports
2026-03-01,NAMIBIA,3004,Medicaments Packaged,True,0.0,exports
2026-03-01,BOTSWANA,3004,Medicaments Packaged,True,0.00793,exports
2026-03-01,ZAMBIA,3004,Medicaments Packaged,True,0.0,exports
2026-03-01,ZIMBABWE,3004,Medicaments Packaged,True,0.005574,exports
2026-03-01,MALAWI,3004,Medicaments Packaged,True,1.175061,exports
2026-03-01,AFRICA,3004,Medicaments Packaged,True,13.204664,exports
2026-03-01,USMCA (NAFTA),8517,Telephone Sets & Network Equipment,True,934.656486,exports
2026-03-01,EUROPEAN UNION,8517,Telephone Sets & Network Equipment,True,690.967911,exports
2026-03-01,PACIFIC RIM COUNTRIES,8517,Telephone Sets & Network Equipment,True,1075.292788,exports
2026-03-01,CAFTA-DR,8517,Telephone Sets & Network Equipment,True,86.469796,exports
2026-03-01,TWENTY LATIN AMERICAN REPUBLICS,8517,Telephone Sets & Network Equipment,True,1242.113509,exports
2026-03-01,OECD,8517,Telephone Sets & Network Equipment,True,2167.881291,exports
2026-03-01,NATO,8517,Telephone Sets & Network Equipment,True,1270.478096,exports
2026-03-01,LAFTA,8517,Telephone Sets & Network Equipment,True,1144.717076,exports
2026-03-01,EURO AREA,8517,Telephone Sets & Network Equipment,True,572.588304,exports
2026-03-01,APEC,8517,Telephone Sets & Network Equipment,True,2273.490311,exports
2026-03-01,ASEAN,8517,Telephone Sets & Network Equipment,True,388.114553,exports
2026-03-01,CACM,8517,Telephone Sets & Network Equipment,True,60.723279,exports
2026-03-01,GREENLAND,8517,Telephone Sets & Network Equipment,True,0.0,exports
2026-03-01,CANADA,8517,Telephone Sets & Network Equipment,True,486.082225,exports
2026-03-01,NORTH AMERICA,8517,Telephone Sets & Network Equipment,True,934.656486,exports
2026-03-01,MEXICO,8517,Telephone Sets & Network Equipment,True,448.574261,exports
2026-03-01,GUATEMALA,8517,Telephone Sets & Network Equipment,True,9.132959,exports
2026-03-01,BELIZE,8517,Telephone Sets & Network Equipment,True,0.32143,exports
2026-03-01,EL SALVADOR,8517,Telephone Sets & Network Equipment,True,8.104135,exports
2026-03-01,HONDURAS,8517,Telephone Sets & Network Equipment,True,9.063235,exports
2026-03-01,NICARAGUA,8517,Telephone Sets & Network Equipment,True,7.652151,exports
2026-03-01,COSTA RICA,8517,Telephone Sets & Network Equipment,True,26.770799,exports
2026-03-01,PANAMA,8517,Telephone Sets & Network Equipment,True,10.381822,exports
2026-03-01,BERMUDA,8517,Telephone Sets & Network Equipment,True,1.204143,exports
2026-03-01,BAHAMAS,8517,Telephone Sets & Network Equipment,True,1.088614,exports
2026-03-01,CUBA,8517,Telephone Sets & Network Equipment,True,0.00464,exports
2026-03-01,JAMAICA,8517,Telephone Sets & Network Equipment,True,2.574669,exports
2026-03-01,TURKS AND CAICOS ISLANDS,8517,Telephone Sets & Network Equipment,True,0.091598,exports
2026-03-01,CAYMAN ISLANDS,8517,Telephone Sets & Network Equipment,True,1.106696,exports
2026-03-01,HAITI,8517,Telephone Sets & Network Equipment,True,0.540175,exports
2026-03-01,DOMINICAN REPUBLIC,8517,Telephone Sets & Network Equipment,True,25.746517,exports
2026-03-01,ANGUILLA,8517,Telephone Sets & Network Equipment,True,0.040321,exports
2026-03-01,BRITISH VIRGIN ISLANDS,8517,Telephone Sets & Network Equipment,True,0.463681,exports
2026-03-01,DOMINICA,8517,Telephone Sets & Network Equipment,True,0.037758,exports
2026-03-01,ST KITTS AND NEVIS,8517,Telephone Sets & Network Equipment,True,0.067557,exports
2026-03-01,ANTIGUA AND BARBUDA,8517,Telephone Sets & Network Equipment,True,0.184109,exports
2026-03-01,MONTSERRAT,8517,Telephone Sets & Network Equipment,True,0.065798,exports
2026-03-01,ST LUCIA,8517,Telephone Sets & Network Equipment,True,0.399373,exports
2026-03-01,ST VINCENT AND THE GRENADINES,8517,Telephone Sets & Network Equipment,True,0.120989,exports
2026-03-01,GRENADA,8517,Telephone Sets & Network Equipment,True,0.233576,exports
2026-03-01,BARBADOS,8517,Telephone Sets & Network Equipment,True,0.835933,exports
2026-03-01,TRINIDAD AND TOBAGO,8517,Telephone Sets & Network Equipment,True,3.033939,exports
2026-03-01,SINT MAARTEN,8517,Telephone Sets & Network Equipment,True,0.831477,exports
2026-03-01,CURACAO,8517,Telephone Sets & Network Equipment,True,5.468725,exports
2026-03-01,ARUBA,8517,Telephone Sets & Network Equipment,True,1.18868,exports
2026-03-01,GUADELOUPE,8517,Telephone Sets & Network Equipment,True,0.139907,exports
2026-03-01,MARTINIQUE,8517,Telephone Sets & Network Equipment,True,0.093832,exports
2026-03-01,CENTRAL AMERICA,8517,Telephone Sets & Network Equipment,True,116.989238,exports
2026-03-01,COLOMBIA,8517,Telephone Sets & Network Equipment,True,52.098589,exports
2026-03-01,VENEZUELA,8517,Telephone Sets & Network Equipment,True,26.047801,exports
2026-03-01,GUYANA,8517,Telephone Sets & Network Equipment,True,8.291054,exports
2026-03-01,SURINAME,8517,Telephone Sets & Network Equipment,True,1.542418,exports
2026-03-01,FRENCH GUIANA,8517,Telephone Sets & Network Equipment,True,0.111448,exports
2026-03-01,ECUADOR,8517,Telephone Sets & Network Equipment,True,15.295512,exports
2026-03-01,PERU,8517,Telephone Sets & Network Equipment,True,32.294027,exports
2026-03-01,BOLIVIA,8517,Telephone Sets & Network Equipment,True,1.920006,exports
2026-03-01,CHILE,8517,Telephone Sets & Network Equipment,True,41.71054,exports
2026-03-01,BRAZIL,8517,Telephone Sets & Network Equipment,True,85.43505,exports
2026-03-01,PARAGUAY,8517,Telephone Sets & Network Equipment,True,343.089629,exports
2026-03-01,URUGUAY,8517,Telephone Sets & Network Equipment,True,29.119354,exports
2026-03-01,ARGENTINA,8517,Telephone Sets & Network Equipment,True,69.132307,exports
2026-03-01,SOUTH AMERICA,8517,Telephone Sets & Network Equipment,True,706.087735,exports
2026-03-01,ICELAND,8517,Telephone Sets & Network Equipment,True,0.982781,exports
2026-03-01,SWEDEN,8517,Telephone Sets & Network Equipment,True,40.873437,exports
2026-03-01,NORWAY,8517,Telephone Sets & Network Equipment,True,12.80594,exports
2026-03-01,FINLAND,8517,Telephone Sets & Network Equipment,True,13.185205,exports
2026-03-01,DENMARK,8517,Telephone Sets & Network Equipment,True,17.919493,exports
2026-03-01,UNITED KINGDOM,8517,Telephone Sets & Network Equipment,True,133.497884,exports
2026-03-01,IRELAND,8517,Telephone Sets & Network Equipment,True,57.978501,exports
2026-03-01,NETHERLANDS,8517,Telephone Sets & Network Equipment,True,313.380887,exports
2026-03-01,BELGIUM,8517,Telephone Sets & Network Equipment,True,12.917119,exports
2026-03-01,LUXEMBOURG,8517,Telephone Sets & Network Equipment,True,1.466358,exports
2026-03-01,MONACO,8517,Telephone Sets & Network Equipment,True,0.012529,exports
2026-03-01,FRANCE,8517,Telephone Sets & Network Equipment,True,32.30739,exports
2026-03-01,GERMANY,8517,Telephone Sets & Network Equipment,True,75.155076,exports
2026-03-01,AUSTRIA,8517,Telephone Sets & Network Equipment,True,2.610807,exports
2026-03-01,CZECH REPUBLIC,8517,Telephone Sets & Network Equipment,True,9.57302,exports
2026-03-01,SLOVAKIA,8517,Telephone Sets & Network Equipment,True,1.109741,exports
2026-03-01,HUNGARY,8517,Telephone Sets & Network Equipment,True,21.536009,exports
2026-03-01,LIECHTENSTEIN,8517,Telephone Sets & Network Equipment,True,0.119076,exports
2026-03-01,SWITZERLAND,8517,Telephone Sets & Network Equipment,True,8.996117,exports
2026-03-01,ESTONIA,8517,Telephone Sets & Network Equipment,True,6.644439,exports
2026-03-01,LATVIA,8517,Telephone Sets & Network Equipment,True,0.692793,exports
2026-03-01,LITHUANIA,8517,Telephone Sets & Network Equipment,True,0.26284,exports
2026-03-01,POLAND,8517,Telephone Sets & Network Equipment,True,20.894054,exports
2026-03-01,RUSSIA,8517,Telephone Sets & Network Equipment,True,0.112253,exports
2026-03-01,BELARUS,8517,Telephone Sets & Network Equipment,True,0.0,exports
2026-03-01,UKRAINE,8517,Telephone Sets & Network Equipment,True,16.421553,exports
2026-03-01,ARMENIA,8517,Telephone Sets & Network Equipment,True,0.237487,exports
2026-03-01,KYRGYZSTAN,8517,Telephone Sets & Network Equipment,True,0.16699,exports
2026-03-01,AZERBAIJAN,8517,Telephone Sets & Network Equipment,True,0.194556,exports
2026-03-01,GEORGIA,8517,Telephone Sets & Network Equipment,True,1.99114,exports
2026-03-01,KAZAKHSTAN,8517,Telephone Sets & Network Equipment,True,1.337886,exports
2026-03-01,MOLDOVA,8517,Telephone Sets & Network Equipment,True,0.028651,exports
2026-03-01,TAJIKISTAN,8517,Telephone Sets & Network Equipment,True,0.0,exports
2026-03-01,TURKMENISTAN,8517,Telephone Sets & Network Equipment,True,0.0,exports
2026-03-01,UZBEKISTAN,8517,Telephone Sets & Network Equipment,True,0.709648,exports
2026-03-01,SPAIN,8517,Telephone Sets & Network Equipment,True,23.189224,exports
2026-03-01,PORTUGAL,8517,Telephone Sets & Network Equipment,True,1.043173,exports
2026-03-01,GIBRALTAR,8517,Telephone Sets & Network Equipment,True,0.019078,exports
2026-03-01,MALTA,8517,Telephone Sets & Network Equipment,True,0.173903,exports
2026-03-01,SAN MARINO,8517,Telephone Sets & Network Equipment,True,0.0,exports
2026-03-01,ITALY,8517,Telephone Sets & Network Equipment,True,26.285065,exports
2026-03-01,CROATIA,8517,Telephone Sets & Network Equipment,True,0.419537,exports
2026-03-01,SLOVENIA,8517,Telephone Sets & Network Equipment,True,0.824074,exports
2026-03-01,BOSNIA AND HERZEGOVINA,8517,Telephone Sets & Network Equipment,True,0.02435,exports
2026-03-01,MACEDONIA,8517,Telephone Sets & Network Equipment,True,0.033114,exports
2026-03-01,SERBIA,8517,Telephone Sets & Network Equipment,True,0.298155,exports
2026-03-01,KOSOVO,8517,Telephone Sets & Network Equipment,True,0.010133,exports
2026-03-01,MONTENEGRO,8517,Telephone Sets & Network Equipment,True,0.010594,exports
2026-03-01,ALBANIA,8517,Telephone Sets & Network Equipment,True,0.039831,exports
2026-03-01,GREECE,8517,Telephone Sets & Network Equipment,True,1.850446,exports
2026-03-01,ROMANIA,8517,Telephone Sets & Network Equipment,True,7.583594,exports
2026-03-01,BULGARIA,8517,Telephone Sets & Network Equipment,True,0.872194,exports
2026-03-01,TURKEY,8517,Telephone Sets & Network Equipment,True,7.040559,exports
2026-03-01,CYPRUS,8517,Telephone Sets & Network Equipment,True,0.219532,exports
2026-03-01,EUROPE,8517,Telephone Sets & Network Equipment,True,876.058216,exports
2026-03-01,LEBANON,8517,Telephone Sets & Network Equipment,True,0.171682,exports
2026-03-01,IRAQ,8517,Telephone Sets & Network Equipment,True,0.077893,exports
2026-03-01,IRAN,8517,Telephone Sets & Network Equipment,True,0.0,exports
2026-03-01,ISRAEL,8517,Telephone Sets & Network Equipment,True,30.043587,exports
2026-03-01,JORDAN,8517,Telephone Sets & Network Equipment,True,0.240366,exports
2026-03-01,KUWAIT,8517,Telephone Sets & Network Equipment,True,0.430415,exports
2026-03-01,SAUDI ARABIA,8517,Telephone Sets & Network Equipment,True,9.165452,exports
2026-03-01,QATAR,8517,Telephone Sets & Network Equipment,True,8.218353,exports
2026-03-01,UNITED ARAB EMIRATES,8517,Telephone Sets & Network Equipment,True,123.967101,exports
2026-03-01,YEMEN,8517,Telephone Sets & Network Equipment,True,0.02327,exports
2026-03-01,OMAN,8517,Telephone Sets & Network Equipment,True,0.20882,exports
2026-03-01,BAHRAIN,8517,Telephone Sets & Network Equipment,True,0.479848,exports
2026-03-01,AFGHANISTAN,8517,Telephone Sets & Network Equipment,True,0.0,exports
2026-03-01,INDIA,8517,Telephone Sets & Network Equipment,True,98.223456,exports
2026-03-01,PAKISTAN,8517,Telephone Sets & Network Equipment,True,0.593207,exports
2026-03-01,NEPAL,8517,Telephone Sets & Network Equipment,True,0.00942,exports
2026-03-01,BANGLADESH,8517,Telephone Sets & Network Equipment,True,0.013355,exports
2026-03-01,SRI LANKA,8517,Telephone Sets & Network Equipment,True,0.139804,exports
2026-03-01,BURMA,8517,Telephone Sets & Network Equipment,True,0.009,exports
2026-03-01,THAILAND,8517,Telephone Sets & Network Equipment,True,91.547421,exports
2026-03-01,VIETNAM,8517,Telephone Sets & Network Equipment,True,98.390956,exports
2026-03-01,LAOS,8517,Telephone Sets & Network Equipment,True,0.040317,exports
2026-03-01,CAMBODIA,8517,Telephone Sets & Network Equipment,True,0.005,exports
2026-03-01,MALAYSIA,8517,Telephone Sets & Network Equipment,True,50.212087,exports
2026-03-01,SINGAPORE,8517,Telephone Sets & Network Equipment,True,103.214719,exports
2026-03-01,INDONESIA,8517,Telephone Sets & Network Equipment,True,7.643111,exports
2026-03-01,TIMOR-LESTE,8517,Telephone Sets & Network Equipment,True,0.144963,exports
2026-03-01,BRUNEI,8517,Telephone Sets & Network Equipment,True,0.018881,exports
2026-03-01,PHILIPPINES,8517,Telephone Sets & Network Equipment,True,37.033061,exports
2026-03-01,MACAU,8517,Telephone Sets & Network Equipment,True,0.51416,exports
2026-03-01,BHUTAN,8517,Telephone Sets & Network Equipment,True,0.0,exports
2026-03-01,MALDIVES,8517,Telephone Sets & Network Equipment,True,0.246616,exports
2026-03-01,CHINA,8517,Telephone Sets & Network Equipment,True,91.351555,exports
2026-03-01,TAIWAN,8517,Telephone Sets & Network Equipment,True,75.612624,exports
2026-03-01,MONGOLIA,8517,Telephone Sets & Network Equipment,True,0.396373,exports
2026-03-01,"KOREA, SOUTH",8517,Telephone Sets & Network Equipment,True,21.384365,exports
2026-03-01,HONG KONG,8517,Telephone Sets & Network Equipment,True,472.083602,exports
2026-03-01,JAPAN,8517,Telephone Sets & Network Equipment,True,91.447982,exports
2026-03-01,ASIA,8517,Telephone Sets & Network Equipment,True,1413.302822,exports
2026-03-01,AUSTRALIA,8517,Telephone Sets & Network Equipment,True,119.896211,exports
2026-03-01,CHRISTMAS ISLAND,8517,Telephone Sets & Network Equipment,True,0.0,exports
2026-03-01,PAPUA NEW GUINEA,8517,Telephone Sets & Network Equipment,True,0.03013,exports
2026-03-01,NEW ZEALAND,8517,Telephone Sets & Network Equipment,True,4.8503,exports
2026-03-01,SOLOMON ISLANDS,8517,Telephone Sets & Network Equipment,True,0.11478,exports
2026-03-01,VANUATU,8517,Telephone Sets & Network Equipment,True,0.00353,exports
2026-03-01,NEW CALEDONIA,8517,Telephone Sets & Network Equipment,True,0.097571,exports
2026-03-01,FRENCH POLYNESIA,8517,Telephone Sets & Network Equipment,True,0.735059,exports
2026-03-01,MARSHALL ISLANDS,8517,Telephone Sets & Network Equipment,True,0.235575,exports
2026-03-01,MICRONESIA,8517,Telephone Sets & Network Equipment,True,0.15629,exports
2026-03-01,PALAU,8517,Telephone Sets & Network Equipment,True,0.115597,exports
2026-03-01,FIJI,8517,Telephone Sets & Network Equipment,True,0.749049,exports
2026-03-01,TONGA,8517,Telephone Sets & Network Equipment,True,0.00468,exports
2026-03-01,AUSTRALIA AND OCEANIA,8517,Telephone Sets & Network Equipment,True,126.988772,exports
2026-03-01,MOROCCO,8517,Telephone Sets & Network Equipment,True,0.989641,exports
2026-03-01,ALGERIA,8517,Telephone Sets & Network Equipment,True,1.296407,exports
2026-03-01,TUNISIA,8517,Telephone Sets & Network Equipment,True,0.058112,exports
2026-03-01,LIBYA,8517,Telephone Sets & Network Equipment,True,0.118347,exports
2026-03-01,EGYPT,8517,Telephone Sets & Network Equipment,True,2.138478,exports
2026-03-01,SOUTH SUDAN,8517,Telephone Sets & Network Equipment,True,0.017362,exports
2026-03-01,EQUATORIAL GUINEA,8517,Telephone Sets & Network Equipment,True,0.0,exports
2026-03-01,MAURITANIA,8517,Telephone Sets & Network Equipment,True,0.0069,exports
2026-03-01,CAMEROON,8517,Telephone Sets & Network Equipment,True,0.002703,exports
2026-03-01,SENEGAL,8517,Telephone Sets & Network Equipment,True,6.540831,exports
2026-03-01,MALI,8517,Telephone Sets & Network Equipment,True,0.092092,exports
2026-03-01,GUINEA,8517,Telephone Sets & Network Equipment,True,0.020169,exports
2026-03-01,SIERRA LEONE,8517,Telephone Sets & Network Equipment,True,0.156226,exports
2026-03-01,COTE D'IVOIRE,8517,Telephone Sets & Network Equipment,True,0.240291,exports
2026-03-01,GHANA,8517,Telephone Sets & Network Equipment,True,0.536162,exports
2026-03-01,GAMBIA,8517,Telephone Sets & Network Equipment,True,0.05,exports
2026-03-01,NIGER,8517,Telephone Sets & Network Equipment,True,0.334848,exports
2026-03-01,TOGO,8517,Telephone Sets & Network Equipment,True,0.0,exports
2026-03-01,NIGERIA,8517,Telephone Sets & Network Equipment,True,3.432817,exports
2026-03-01,CENTRAL AFRICAN REPUBLIC,8517,Telephone Sets & Network Equipment,True,0.0,exports
2026-03-01,GABON,8517,Telephone Sets & Network Equipment,True,0.015394,exports
2026-03-01,CHAD,8517,Telephone Sets & Network Equipment,True,0.0,exports
2026-03-01,ST HELENA,8517,Telephone Sets & Network Equipment,True,0.0,exports
2026-03-01,BURKINA FASO,8517,Telephone Sets & Network Equipment,True,0.006899,exports
2026-03-01,BENIN,8517,Telephone Sets & Network Equipment,True,0.0,exports
2026-03-01,ANGOLA,8517,Telephone Sets & Network Equipment,True,0.270386,exports
2026-03-01,CONGO,8517,Telephone Sets & Network Equipment,True,0.0,exports
2026-03-01,GUINEA-BISSAU,8517,Telephone Sets & Network Equipment,True,0.0,exports
2026-03-01,CABO VERDE,8517,Telephone Sets & Network Equipment,True,0.0194,exports
2026-03-01,SAO TOME AND PRINCIPE,8517,Telephone Sets & Network Equipment,True,0.0,exports
2026-03-01,LIBERIA,8517,Telephone Sets & Network Equipment,True,0.024412,exports
2026-03-01,DEMOCRATIC REPUBLIC OF THE CONGO,8517,Telephone Sets & Network Equipment,True,2.640124,exports
2026-03-01,BURUNDI,8517,Telephone Sets & Network Equipment,True,0.0,exports
2026-03-01,RWANDA,8517,Telephone Sets & Network Equipment,True,0.080054,exports
2026-03-01,SOMALIA,8517,Telephone Sets & Network Equipment,True,0.24434,exports
2026-03-01,ETHIOPIA,8517,Telephone Sets & Network Equipment,True,0.874528,exports
2026-03-01,DJIBOUTI,8517,Telephone Sets & Network Equipment,True,0.038995,exports
2026-03-01,UGANDA,8517,Telephone Sets & Network Equipment,True,0.016865,exports
2026-03-01,KENYA,8517,Telephone Sets & Network Equipment,True,1.048536,exports
2026-03-01,SEYCHELLES,8517,Telephone Sets & Network Equipment,True,0.0,exports
2026-03-01,BRITISH INDIAN OCEAN TERRITORIES,8517,Telephone Sets & Network Equipment,True,0.210504,exports
2026-03-01,TANZANIA,8517,Telephone Sets & Network Equipment,True,0.105637,exports
2026-03-01,COMOROS,8517,Telephone Sets & Network Equipment,True,0.027199,exports
2026-03-01,MAURITIUS,8517,Telephone Sets & Network Equipment,True,0.096273,exports
2026-03-01,MOZAMBIQUE,8517,Telephone Sets & Network Equipment,True,0.145519,exports
2026-03-01,MADAGASCAR,8517,Telephone Sets & Network Equipment,True,0.408007,exports
2026-03-01,REUNION,8517,Telephone Sets & Network Equipment,True,0.00814,exports
2026-03-01,SOUTH AFRICA,8517,Telephone Sets & Network Equipment,True,10.748139,exports
2026-03-01,NAMIBIA,8517,Telephone Sets & Network Equipment,True,0.283567,exports
2026-03-01,BOTSWANA,8517,Telephone Sets & Network Equipment,True,0.235383,exports
2026-03-01,ZAMBIA,8517,Telephone Sets & Network Equipment,True,0.161566,exports
2026-03-01,ESWATINI,8517,Telephone Sets & Network Equipment,True,0.0,exports
2026-03-01,ZIMBABWE,8517,Telephone Sets & Network Equipment,True,0.314168,exports
2026-03-01,MALAWI,8517,Telephone Sets & Network Equipment,True,1.800253,exports
2026-03-01,LESOTHO,8517,Telephone Sets & Network Equipment,True,0.0,exports
2026-03-01,AFRICA,8517,Telephone Sets & Network Equipment,True,35.855674,exports
2026-03-01,TOTAL FOR ALL COUNTRIES,8517,Telephone Sets & Network Equipment,True,4209.938943,exports
2026-03-01,UNITED ARAB EMIRATES,8471,Automatic Data Processing Machines,True,74.843235,exports
2026-03-01,OMAN,8471,Automatic Data Processing Machines,True,1.009801,exports
2026-03-01,BAHRAIN,8471,Automatic Data Processing Machines,True,0.098569,exports
2026-03-01,AFGHANISTAN,8471,Automatic Data Processing Machines,True,0.0,exports
2026-03-01,INDIA,8471,Automatic Data Processing Machines,True,54.925,exports
2026-03-01,PAKISTAN,8471,Automatic Data Processing Machines,True,1.266013,exports
2026-03-01,NEPAL,8471,Automatic Data Processing Machines,True,0.660604,exports
2026-03-01,BANGLADESH,8471,Automatic Data Processing Machines,True,0.091267,exports
2026-03-01,SRI LANKA,8471,Automatic Data Processing Machines,True,0.30497,exports
2026-03-01,BURMA,8471,Automatic Data Processing Machines,True,0.0,exports
2026-03-01,THAILAND,8471,Automatic Data Processing Machines,True,51.741886,exports
2026-03-01,VIETNAM,8471,Automatic Data Processing Machines,True,25.282665,exports
2026-03-01,LAOS,8471,Automatic Data Processing Machines,True,0.0,exports
2026-03-01,CAMBODIA,8471,Automatic Data Processing Machines,True,0.006561,exports
2026-03-01,MALAYSIA,8471,Automatic Data Processing Machines,True,221.665954,exports
2026-03-01,SINGAPORE,8471,Automatic Data Processing Machines,True,248.501044,exports
2026-03-01,INDONESIA,8471,Automatic Data Processing Machines,True,21.775207,exports
2026-03-01,TIMOR-LESTE,8471,Automatic Data Processing Machines,True,0.0,exports
2026-03-01,BRUNEI,8471,Automatic Data Processing Machines,True,0.024407,exports
2026-03-01,PHILIPPINES,8471,Automatic Data Processing Machines,True,9.316997,exports
2026-03-01,MACAU,8471,Automatic Data Processing Machines,True,0.121069,exports
2026-03-01,MALDIVES,8471,Automatic Data Processing Machines,True,0.123284,exports
2026-03-01,CHINA,8471,Automatic Data Processing Machines,True,64.380596,exports
2026-03-01,MONGOLIA,8471,Automatic Data Processing Machines,True,0.340904,exports
2026-03-01,"KOREA, SOUTH",8471,Automatic Data Processing Machines,True,40.172403,exports
2026-03-01,HONG KONG,8471,Automatic Data Processing Machines,True,137.3861,exports
2026-03-01,TAIWAN,8471,Automatic Data Processing Machines,True,466.063172,exports
2026-03-01,JAPAN,8471,Automatic Data Processing Machines,True,162.135288,exports
2026-03-01,AUSTRALIA,8471,Automatic Data Processing Machines,True,434.109603,exports
2026-03-01,PAPUA NEW GUINEA,8471,Automatic Data Processing Machines,True,0.058185,exports
2026-03-01,NEW ZEALAND,8471,Automatic Data Processing Machines,True,6.610993,exports
2026-03-01,COOK ISLANDS,8471,Automatic Data Processing Machines,True,0.0555,exports
2026-03-01,SAMOA,8471,Automatic Data Processing Machines,True,0.010335,exports
2026-03-01,SOLOMON ISLANDS,8471,Automatic Data Processing Machines,True,0.022827,exports
2026-03-01,VANUATU,8471,Automatic Data Processing Machines,True,0.112334,exports
2026-03-01,KIRIBATI,8471,Automatic Data Processing Machines,True,0.00275,exports
2026-03-01,NEW CALEDONIA,8471,Automatic Data Processing Machines,True,0.006589,exports
2026-03-01,FRENCH POLYNESIA,8471,Automatic Data Processing Machines,True,0.17744,exports
2026-03-01,ST KITTS AND NEVIS,8471,Automatic Data Processing Machines,True,0.181128,exports
2026-03-01,ANTIGUA AND BARBUDA,8471,Automatic Data Processing Machines,True,0.237973,exports
2026-03-01,MONTSERRAT,8471,Automatic Data Processing Machines,True,0.227887,exports
2026-03-01,DOMINICA,8471,Automatic Data Processing Machines,True,0.151239,exports
2026-03-01,ST LUCIA,8471,Automatic Data Processing Machines,True,0.572248,exports
2026-03-01,ST VINCENT AND THE GRENADINES,8471,Automatic Data Processing Machines,True,0.088964,exports
2026-03-01,GRENADA,8471,Automatic Data Processing Machines,True,0.196341,exports
2026-03-01,BARBADOS,8471,Automatic Data Processing Machines,True,1.723273,exports
2026-03-01,TRINIDAD AND TOBAGO,8471,Automatic Data Processing Machines,True,2.533361,exports
2026-03-01,SINT MAARTEN,8471,Automatic Data Processing Machines,True,0.26182,exports
2026-03-01,CURACAO,8471,Automatic Data Processing Machines,True,0.745574,exports
2026-03-01,ARUBA,8471,Automatic Data Processing Machines,True,0.690675,exports
2026-03-01,GUADELOUPE,8471,Automatic Data Processing Machines,True,0.118859,exports
2026-03-01,MARTINIQUE,8471,Automatic Data Processing Machines,True,0.04151,exports
2026-03-01,COLOMBIA,8471,Automatic Data Processing Machines,True,24.874572,exports
2026-03-01,VENEZUELA,8471,Automatic Data Processing Machines,True,3.459324,exports
2026-03-01,GUYANA,8471,Automatic Data Processing Machines,True,2.262733,exports
2026-03-01,SURINAME,8471,Automatic Data Processing Machines,True,1.02068,exports
2026-03-01,FRENCH GUIANA,8471,Automatic Data Processing Machines,True,0.014388,exports
2026-03-01,ECUADOR,8471,Automatic Data Processing Machines,True,12.799724,exports
2026-03-01,PERU,8471,Automatic Data Processing Machines,True,19.221712,exports
2026-03-01,BOLIVIA,8471,Automatic Data Processing Machines,True,3.415476,exports
2026-03-01,CHILE,8471,Automatic Data Processing Machines,True,39.529137,exports
2026-03-01,BRAZIL,8471,Automatic Data Processing Machines,True,98.472631,exports
2026-03-01,PARAGUAY,8471,Automatic Data Processing Machines,True,63.706543,exports
2026-03-01,URUGUAY,8471,Automatic Data Processing Machines,True,4.744967,exports
2026-03-01,ARGENTINA,8471,Automatic Data Processing Machines,True,30.320234,exports
2026-03-01,ICELAND,8471,Automatic Data Processing Machines,True,0.665057,exports
2026-03-01,SWEDEN,8471,Automatic Data Processing Machines,True,107.889761,exports
2026-03-01,NORWAY,8471,Automatic Data Processing Machines,True,55.074397,exports
2026-03-01,FINLAND,8471,Automatic Data Processing Machines,True,31.617618,exports
2026-03-01,FAROE ISLANDS,8471,Automatic Data Processing Machines,True,0.0,exports
2026-03-01,DENMARK,8471,Automatic Data Processing Machines,True,7.692345,exports
2026-03-01,UNITED KINGDOM,8471,Automatic Data Processing Machines,True,219.580693,exports
2026-03-01,IRELAND,8471,Automatic Data Processing Machines,True,96.743485,exports
2026-03-01,NETHERLANDS,8471,Automatic Data Processing Machines,True,378.97146,exports
2026-03-01,BELGIUM,8471,Automatic Data Processing Machines,True,38.724212,exports
2026-03-01,LUXEMBOURG,8471,Automatic Data Processing Machines,True,0.17013,exports
2026-03-01,MONACO,8471,Automatic Data Processing Machines,True,0.023402,exports
2026-03-01,FRANCE,8471,Automatic Data Processing Machines,True,62.030915,exports
2026-03-01,GERMANY,8471,Automatic Data Processing Machines,True,117.756397,exports
2026-03-01,AUSTRIA,8471,Automatic Data Processing Machines,True,2.930891,exports
2026-03-01,CZECH REPUBLIC,8471,Automatic Data Processing Machines,True,23.178141,exports
2026-03-01,MARSHALL ISLANDS,8471,Automatic Data Processing Machines,True,0.0,exports
2026-03-01,MICRONESIA,8471,Automatic Data Processing Machines,True,0.041125,exports
2026-03-01,PALAU,8471,Automatic Data Processing Machines,True,0.011526,exports
2026-03-01,NAURU,8471,Automatic Data Processing Machines,True,0.0,exports
2026-03-01,FIJI,8471,Automatic Data Processing Machines,True,0.765503,exports
2026-03-01,MOROCCO,8471,Automatic Data Processing Machines,True,1.339237,exports
2026-03-01,ALGERIA,8471,Automatic Data Processing Machines,True,0.141476,exports
2026-03-01,TUNISIA,8471,Automatic Data Processing Machines,True,0.150632,exports
2026-03-01,LIBYA,8471,Automatic Data Processing Machines,True,0.488275,exports
2026-03-01,EGYPT,8471,Automatic Data Processing Machines,True,2.227668,exports
2026-03-01,EQUATORIAL GUINEA,8471,Automatic Data Processing Machines,True,0.085897,exports
2026-03-01,MAURITANIA,8471,Automatic Data Processing Machines,True,0.269045,exports
2026-03-01,CAMEROON,8471,Automatic Data Processing Machines,True,0.022258,exports
2026-03-01,SENEGAL,8471,Automatic Data Processing Machines,True,0.374355,exports
2026-03-01,MALI,8471,Automatic Data Processing Machines,True,0.0,exports
2026-03-01,GUINEA,8471,Automatic Data Processing Machines,True,0.294553,exports
2026-03-01,SIERRA LEONE,8471,Automatic Data Processing Machines,True,0.00295,exports
2026-03-01,COTE D'IVOIRE,8471,Automatic Data Processing Machines,True,0.141081,exports
2026-03-01,GHANA,8471,Automatic Data Processing Machines,True,1.77278,exports
2026-03-01,GAMBIA,8471,Automatic Data Processing Machines,True,0.015531,exports
2026-03-01,TOGO,8471,Automatic Data Processing Machines,True,0.07928,exports
2026-03-01,NIGERIA,8471,Automatic Data Processing Machines,True,2.36551,exports
2026-03-01,CENTRAL AFRICAN REPUBLIC,8471,Automatic Data Processing Machines,True,0.0,exports
2026-03-01,GABON,8471,Automatic Data Processing Machines,True,0.0,exports
2026-03-01,CHAD,8471,Automatic Data Processing Machines,True,0.0,exports
2026-03-01,ST HELENA,8471,Automatic Data Processing Machines,True,0.0,exports
2026-03-01,BURKINA FASO,8471,Automatic Data Processing Machines,True,0.01871,exports
2026-03-01,BENIN,8471,Automatic Data Processing Machines,True,0.024109,exports
2026-03-01,ANGOLA,8471,Automatic Data Processing Machines,True,0.428969,exports
2026-03-01,CONGO,8471,Automatic Data Processing Machines,True,0.014315,exports
2026-03-01,LIBERIA,8471,Automatic Data Processing Machines,True,0.117614,exports
2026-03-01,DEMOCRATIC REPUBLIC OF THE CONGO,8471,Automatic Data Processing Machines,True,0.007594,exports
2026-03-01,BURUNDI,8471,Automatic Data Processing Machines,True,0.0,exports
2026-03-01,RWANDA,8471,Automatic Data Processing Machines,True,0.159963,exports
2026-03-01,SOMALIA,8471,Automatic Data Processing Machines,True,0.636111,exports
2026-03-01,ETHIOPIA,8471,Automatic Data Processing Machines,True,0.544373,exports
2026-03-01,DJIBOUTI,8471,Automatic Data Processing Machines,True,0.069136,exports
2026-03-01,UGANDA,8471,Automatic Data Processing Machines,True,0.071391,exports
2026-03-01,KENYA,8471,Automatic Data Processing Machines,True,0.300079,exports
2026-03-01,BRITISH VIRGIN ISLANDS,8471,Automatic Data Processing Machines,True,0.285221,exports
2026-03-01,SLOVAKIA,8471,Automatic Data Processing Machines,True,0.303267,exports
2026-03-01,HUNGARY,8471,Automatic Data Processing Machines,True,19.88866,exports
2026-03-01,LIECHTENSTEIN,8471,Automatic Data Processing Machines,True,0.01,exports
2026-03-01,SWITZERLAND,8471,Automatic Data Processing Machines,True,20.279448,exports
2026-03-01,ESTONIA,8471,Automatic Data Processing Machines,True,0.048479,exports
2026-03-01,LATVIA,8471,Automatic Data Processing Machines,True,1.289354,exports
2026-03-01,LITHUANIA,8471,Automatic Data Processing Machines,True,1.90773,exports
2026-03-01,POLAND,8471,Automatic Data Processing Machines,True,37.641351,exports
2026-03-01,RUSSIA,8471,Automatic Data Processing Machines,True,0.525101,exports
2026-03-01,BELARUS,8471,Automatic Data Processing Machines,True,0.0,exports
2026-03-01,UKRAINE,8471,Automatic Data Processing Machines,True,2.793194,exports
2026-03-01,ARMENIA,8471,Automatic Data Processing Machines,True,1.089848,exports
2026-03-01,AZERBAIJAN,8471,Automatic Data Processing Machines,True,0.024788,exports
2026-03-01,GEORGIA,8471,Automatic Data Processing Machines,True,1.040944,exports
2026-03-01,KAZAKHSTAN,8471,Automatic Data Processing Machines,True,0.973045,exports
2026-03-01,KYRGYZSTAN,8471,Automatic Data Processing Machines,True,0.420094,exports
2026-03-01,MOLDOVA,8471,Automatic Data Processing Machines,True,0.173768,exports
2026-03-01,UZBEKISTAN,8471,Automatic Data Processing Machines,True,4.004813,exports
2026-03-01,SPAIN,8471,Automatic Data Processing Machines,True,35.271204,exports
2026-03-01,PORTUGAL,8471,Automatic Data Processing Machines,True,0.308074,exports
2026-03-01,GIBRALTAR,8471,Automatic Data Processing Machines,True,0.027269,exports
2026-03-01,MALTA,8471,Automatic Data Processing Machines,True,0.103467,exports
2026-03-01,ITALY,8471,Automatic Data Processing Machines,True,14.904889,exports
2026-03-01,CROATIA,8471,Automatic Data Processing Machines,True,0.304424,exports
2026-03-01,SLOVENIA,8471,Automatic Data Processing Machines,True,0.24501,exports
2026-03-01,BOSNIA AND HERZEGOVINA,8471,Automatic Data Processing Machines,True,0.703961,exports
2026-03-01,MACEDONIA,8471,Automatic Data Processing Machines,True,0.589108,exports
2026-03-01,SERBIA,8471,Automatic Data Processing Machines,True,2.006287,exports
2026-03-01,KOSOVO,8471,Automatic Data Processing Machines,True,0.623602,exports
2026-03-01,MONTENEGRO,8471,Automatic Data Processing Machines,True,0.034352,exports
2026-03-01,ALBANIA,8471,Automatic Data Processing Machines,True,0.334827,exports
2026-03-01,GREECE,8471,Automatic Data Processing Machines,True,3.015168,exports
2026-03-01,ROMANIA,8471,Automatic Data Processing Machines,True,9.60289,exports
2026-03-01,BULGARIA,8471,Automatic Data Processing Machines,True,2.401415,exports
2026-03-01,TURKEY,8471,Automatic Data Processing Machines,True,9.287855,exports
2026-03-01,CYPRUS,8471,Automatic Data Processing Machines,True,0.38256,exports
2026-03-01,LEBANON,8471,Automatic Data Processing Machines,True,0.899212,exports
2026-03-01,IRAQ,8471,Automatic Data Processing Machines,True,0.125207,exports
2026-03-01,IRAN,8471,Automatic Data Processing Machines,True,0.0,exports
2026-03-01,ISRAEL,8471,Automatic Data Processing Machines,True,41.651257,exports
2026-03-01,JORDAN,8471,Automatic Data Processing Machines,True,0.452454,exports
2026-03-01,KUWAIT,8471,Automatic Data Processing Machines,True,0.575453,exports
2026-03-01,SAUDI ARABIA,8471,Automatic Data Processing Machines,True,12.22943,exports
2026-03-01,QATAR,8471,Automatic Data Processing Machines,True,1.720301,exports
2026-03-01,TOTAL FOR ALL COUNTRIES,8471,Automatic Data Processing Machines,True,7341.676171,exports
2026-03-01,EUROPEAN UNION,8471,Automatic Data Processing Machines,True,995.323297,exports
2026-03-01,NORTH AMERICA,8471,Automatic Data Processing Machines,True,3537.13484,exports
2026-03-01,EUROPE,8471,Automatic Data Processing Machines,True,1315.60915,exports
2026-03-01,AFRICA,8471,Automatic Data Processing Machines,True,24.610513,exports
2026-03-01,PACIFIC RIM COUNTRIES,8471,Automatic Data Processing Machines,True,1812.321018,exports
2026-03-01,ASIA,8471,Automatic Data Processing Machines,True,1639.89031,exports
2026-03-01,CAFTA-DR,8471,Automatic Data Processing Machines,True,51.064098,exports
2026-03-01,AUSTRALIA AND OCEANIA,8471,Automatic Data Processing Machines,True,441.98471,exports
2026-03-01,USMCA (NAFTA),8471,Automatic Data Processing Machines,True,3537.13028,exports
2026-03-01,TWENTY LATIN AMERICAN REPUBLICS,8471,Automatic Data Processing Machines,True,3081.473926,exports
2026-03-01,OECD,8471,Automatic Data Processing Machines,True,5588.411012,exports
2026-03-01,NATO,8471,Automatic Data Processing Machines,True,2000.671773,exports
2026-03-01,LAFTA,8471,Automatic Data Processing Machines,True,3017.73201,exports
2026-03-01,EURO AREA,8471,Automatic Data Processing Machines,True,789.430149,exports
2026-03-01,APEC,8471,Automatic Data Processing Machines,True,5485.63073,exports
2026-03-01,ASEAN,8471,Automatic Data Processing Machines,True,578.314721,exports
2026-03-01,CACM,8471,Automatic Data Processing Machines,True,41.084608,exports
2026-03-01,GREENLAND,8471,Automatic Data Processing Machines,True,0.00456,exports
2026-03-01,CANADA,8471,Automatic Data Processing Machines,True,819.94259,exports
2026-03-01,MEXICO,8471,Automatic Data Processing Machines,True,2717.18769,exports
2026-03-01,GUATEMALA,8471,Automatic Data Processing Machines,True,14.13245,exports
2026-03-01,BELIZE,8471,Automatic Data Processing Machines,True,0.600155,exports
2026-03-01,EL SALVADOR,8471,Automatic Data Processing Machines,True,5.580053,exports
2026-03-01,HONDURAS,8471,Automatic Data Processing Machines,True,5.022573,exports
2026-03-01,NICARAGUA,8471,Automatic Data Processing Machines,True,1.568044,exports
2026-03-01,COSTA RICA,8471,Automatic Data Processing Machines,True,14.781488,exports
2026-03-01,PANAMA,8471,Automatic Data Processing Machines,True,12.503154,exports
2026-03-01,BERMUDA,8471,Automatic Data Processing Machines,True,0.921457,exports
2026-03-01,BAHAMAS,8471,Automatic Data Processing Machines,True,1.336184,exports
2026-03-01,JAMAICA,8471,Automatic Data Processing Machines,True,2.959423,exports
2026-03-01,TURKS AND CAICOS ISLANDS,8471,Automatic Data Processing Machines,True,0.101444,exports
2026-03-01,CAYMAN ISLANDS,8471,Automatic Data Processing Machines,True,0.801183,exports
2026-03-01,HAITI,8471,Automatic Data Processing Machines,True,0.174664,exports
2026-03-01,DOMINICAN REPUBLIC,8471,Automatic Data Processing Machines,True,9.97949,exports
2026-03-01,ANGUILLA,8471,Automatic Data Processing Machines,True,0.086692,exports
2026-03-01,SEYCHELLES,8471,Automatic Data Processing Machines,True,0.008642,exports
2026-03-01,BRITISH INDIAN OCEAN TERRITORIES,8471,Automatic Data Processing Machines,True,0.0,exports
2026-03-01,TANZANIA,8471,Automatic Data Processing Machines,True,0.193813,exports
2026-03-01,MAURITIUS,8471,Automatic Data Processing Machines,True,0.161742,exports
2026-03-01,MOZAMBIQUE,8471,Automatic Data Processing Machines,True,0.0054,exports
2026-03-01,MADAGASCAR,8471,Automatic Data Processing Machines,True,0.0,exports
2026-03-01,MAYOTTE,8471,Automatic Data Processing Machines,True,0.0,exports
2026-03-01,COMOROS,8471,Automatic Data Processing Machines,True,0.0,exports
2026-03-01,REUNION,8471,Automatic Data Processing Machines,True,0.0,exports
2026-03-01,SOUTH AFRICA,8471,Automatic Data Processing Machines,True,10.937622,exports
2026-03-01,NAMIBIA,8471,Automatic Data Processing Machines,True,0.068392,exports
2026-03-01,BOTSWANA,8471,Automatic Data Processing Machines,True,0.002975,exports
2026-03-01,ZAMBIA,8471,Automatic Data Processing Machines,True,0.902393,exports
2026-03-01,ESWATINI,8471,Automatic Data Processing Machines,True,0.0,exports
2026-03-01,ZIMBABWE,8471,Automatic Data Processing Machines,True,0.011736,exports
2026-03-01,MALAWI,8471,Automatic Data Processing Machines,True,0.154906,exports
2026-03-01,LESOTHO,8471,Automatic Data Processing Machines,True,0.0,exports
2026-03-01,CENTRAL AMERICA,8471,Automatic Data Processing Machines,True,78.604527,exports
2026-03-01,SOUTH AMERICA,8471,Automatic Data Processing Machines,True,303.842121,exports
2026-03-01,UNITED ARAB EMIRATES,2711,Petroleum Gases,True,0.0,exports
2026-03-01,OMAN,2711,Petroleum Gases,True,0.0,exports
2026-03-01,INDIA,2711,Petroleum Gases,True,476.314836,exports
2026-03-01,BANGLADESH,2711,Petroleum Gases,True,68.00104,exports
2026-03-01,THAILAND,2711,Petroleum Gases,True,96.790036,exports
2026-03-01,VIETNAM,2711,Petroleum Gases,True,20.330692,exports
2026-03-01,MALAYSIA,2711,Petroleum Gases,True,0.0,exports
2026-03-01,SINGAPORE,2711,Petroleum Gases,True,49.390278,exports
2026-03-01,INDONESIA,2711,Petroleum Gases,True,143.578496,exports
2026-03-01,PHILIPPINES,2711,Petroleum Gases,True,9.2901,exports
2026-03-01,MALDIVES,2711,Petroleum Gases,True,0.0,exports
2026-03-01,CHINA,2711,Petroleum Gases,True,220.642988,exports
2026-03-01,"KOREA, SOUTH",2711,Petroleum Gases,True,478.837842,exports
2026-03-01,HONG KONG,2711,Petroleum Gases,True,0.029993,exports
2026-03-01,TAIWAN,2711,Petroleum Gases,True,274.564407,exports
2026-03-01,JAPAN,2711,Petroleum Gases,True,701.765656,exports
2026-03-01,AUSTRALIA,2711,Petroleum Gases,True,0.062285,exports
2026-03-01,ANTIGUA AND BARBUDA,2711,Petroleum Gases,True,0.021135,exports
2026-03-01,BARBADOS,2711,Petroleum Gases,True,0.931893,exports
2026-03-01,SINT MAARTEN,2711,Petroleum Gases,True,0.130232,exports
2026-03-01,ARUBA,2711,Petroleum Gases,True,0.476112,exports
2026-03-01,COLOMBIA,2711,Petroleum Gases,True,33.984024,exports
2026-03-01,ECUADOR,2711,Petroleum Gases,True,48.504528,exports
2026-03-01,PERU,2711,Petroleum Gases,True,30.466236,exports
2026-03-01,BOLIVIA,2711,Petroleum Gases,True,0.0,exports
2026-03-01,CHILE,2711,Petroleum Gases,True,72.470851,exports
2026-03-01,BRAZIL,2711,Petroleum Gases,True,84.650109,exports
2026-03-01,URUGUAY,2711,Petroleum Gases,True,0.0,exports
2026-03-01,SWEDEN,2711,Petroleum Gases,True,62.032079,exports
2026-03-01,NORWAY,2711,Petroleum Gases,True,4.006562,exports
2026-03-01,FINLAND,2711,Petroleum Gases,True,24.237448,exports
2026-03-01,UNITED KINGDOM,2711,Petroleum Gases,True,270.921856,exports
2026-03-01,IRELAND,2711,Petroleum Gases,True,0.0,exports
2026-03-01,NETHERLANDS,2711,Petroleum Gases,True,530.427661,exports
2026-03-01,BELGIUM,2711,Petroleum Gases,True,105.932667,exports
2026-03-01,FRANCE,2711,Petroleum Gases,True,501.720763,exports
2026-03-01,GERMANY,2711,Petroleum Gases,True,398.621566,exports
2026-03-01,AUSTRIA,2711,Petroleum Gases,True,0.00252,exports
2026-03-01,CZECH REPUBLIC,2711,Petroleum Gases,True,0.015853,exports
2026-03-01,MOROCCO,2711,Petroleum Gases,True,52.598307,exports
2026-03-01,TUNISIA,2711,Petroleum Gases,True,0.0,exports
2026-03-01,EGYPT,2711,Petroleum Gases,True,463.387513,exports
2026-03-01,SENEGAL,2711,Petroleum Gases,True,11.734612,exports
2026-03-01,COTE D'IVOIRE,2711,Petroleum Gases,True,9.689946,exports
2026-03-01,GHANA,2711,Petroleum Gases,True,5.978587,exports
2026-03-01,TOGO,2711,Petroleum Gases,True,0.0,exports
2026-03-01,NIGERIA,2711,Petroleum Gases,True,0.0,exports
2026-03-01,CHAD,2711,Petroleum Gases,True,0.0,exports
2026-03-01,ANGOLA,2711,Petroleum Gases,True,0.002789,exports
2026-03-01,CONGO,2711,Petroleum Gases,True,0.200474,exports
2026-03-01,KENYA,2711,Petroleum Gases,True,24.085547,exports
2026-03-01,BRITISH VIRGIN ISLANDS,2711,Petroleum Gases,True,0.058614,exports
2026-03-01,SWITZERLAND,2711,Petroleum Gases,True,0.016926,exports
2026-03-01,LATVIA,2711,Petroleum Gases,True,9.356,exports
2026-03-01,LITHUANIA,2711,Petroleum Gases,True,40.0,exports
2026-03-01,POLAND,2711,Petroleum Gases,True,84.358862,exports
2026-03-01,SPAIN,2711,Petroleum Gases,True,405.028027,exports
2026-03-01,PORTUGAL,2711,Petroleum Gases,True,79.766513,exports
2026-03-01,GIBRALTAR,2711,Petroleum Gases,True,0.0,exports
2026-03-01,ITALY,2711,Petroleum Gases,True,338.822484,exports
2026-03-01,CROATIA,2711,Petroleum Gases,True,20.792606,exports
2026-03-01,ALBANIA,2711,Petroleum Gases,True,0.0,exports
2026-03-01,GREECE,2711,Petroleum Gases,True,63.472537,exports
2026-03-01,ROMANIA,2711,Petroleum Gases,True,0.0,exports
2026-03-01,TURKEY,2711,Petroleum Gases,True,177.666784,exports
2026-03-01,ISRAEL,2711,Petroleum Gases,True,0.068517,exports
2026-03-01,JORDAN,2711,Petroleum Gases,True,31.41991,exports
2026-03-01,TOTAL FOR ALL COUNTRIES,2711,Petroleum Gases,True,7906.916936,exports
2026-03-01,EUROPEAN UNION,2711,Petroleum Gases,True,2664.587586,exports
2026-03-01,NORTH AMERICA,2711,Petroleum Gases,True,1147.456065,exports
2026-03-01,EUROPE,2711,Petroleum Gases,True,3117.199714,exports
2026-03-01,AFRICA,2711,Petroleum Gases,True,573.524432,exports
2026-03-01,PACIFIC RIM COUNTRIES,2711,Petroleum Gases,True,1878.162045,exports
2026-03-01,ASIA,2711,Petroleum Gases,True,2571.024791,exports
2026-03-01,CAFTA-DR,2711,Petroleum Gases,True,189.868085,exports
2026-03-01,AUSTRALIA AND OCEANIA,2711,Petroleum Gases,True,0.062285,exports
2026-03-01,USMCA (NAFTA),2711,Petroleum Gases,True,1147.456065,exports
2026-03-01,TWENTY LATIN AMERICAN REPUBLICS,2711,Petroleum Gases,True,1141.288671,exports
2026-03-01,OECD,2711,Petroleum Gases,True,5534.154966,exports
2026-03-01,NATO,2711,Petroleum Gases,True,3597.099983,exports
2026-03-01,LAFTA,2711,Petroleum Gases,True,937.612098,exports
2026-03-01,EURO AREA,2711,Petroleum Gases,True,2518.180792,exports
2026-03-01,APEC,2711,Petroleum Gases,True,3245.675925,exports
2026-03-01,ASEAN,2711,Petroleum Gases,True,319.379602,exports
2026-03-01,CACM,2711,Petroleum Gases,True,98.759374,exports
2026-03-01,CANADA,2711,Petroleum Gases,True,479.919715,exports
2026-03-01,MEXICO,2711,Petroleum Gases,True,667.53635,exports
2026-03-01,GUATEMALA,2711,Petroleum Gases,True,12.456138,exports
2026-03-01,BELIZE,2711,Petroleum Gases,True,1.854403,exports
2026-03-01,EL SALVADOR,2711,Petroleum Gases,True,59.792134,exports
2026-03-01,HONDURAS,2711,Petroleum Gases,True,23.408484,exports
2026-03-01,COSTA RICA,2711,Petroleum Gases,True,3.102618,exports
2026-03-01,PANAMA,2711,Petroleum Gases,True,11.999852,exports
2026-03-01,BAHAMAS,2711,Petroleum Gases,True,2.740512,exports
2026-03-01,JAMAICA,2711,Petroleum Gases,True,16.668997,exports
2026-03-01,TURKS AND CAICOS ISLANDS,2711,Petroleum Gases,True,0.077452,exports
2026-03-01,CAYMAN ISLANDS,2711,Petroleum Gases,True,0.875398,exports
2026-03-01,HAITI,2711,Petroleum Gases,True,1.808636,exports
2026-03-01,DOMINICAN REPUBLIC,2711,Petroleum Gases,True,91.108711,exports
2026-03-01,ANGUILLA,2711,Petroleum Gases,True,0.06258,exports
2026-03-01,TANZANIA,2711,Petroleum Gases,True,3.512287,exports
2026-03-01,SOUTH AFRICA,2711,Petroleum Gases,True,2.33437,exports
2026-03-01,CENTRAL AMERICA,2711,Petroleum Gases,True,227.573901,exports
2026-03-01,SOUTH AMERICA,2711,Petroleum Gases,True,270.075748,exports
2026-03-01,UNITED ARAB EMIRATES,8708,Motor Vehicle Parts,False,12.578553,exports
2026-03-01,YEMEN,8708,Motor Vehicle Parts,False,0.022245,exports
2026-03-01,OMAN,8708,Motor Vehicle Parts,False,0.837963,exports
2026-03-01,BAHRAIN,8708,Motor Vehicle Parts,False,0.003071,exports
2026-03-01,INDIA,8708,Motor Vehicle Parts,False,33.81757,exports
2026-03-01,PAKISTAN,8708,Motor Vehicle Parts,False,0.02695,exports
2026-03-01,NEPAL,8708,Motor Vehicle Parts,False,0.0,exports
2026-03-01,BANGLADESH,8708,Motor Vehicle Parts,False,0.0,exports
2026-03-01,SRI LANKA,8708,Motor Vehicle Parts,False,0.018467,exports
2026-03-01,THAILAND,8708,Motor Vehicle Parts,False,49.96959,exports
2026-03-01,VIETNAM,8708,Motor Vehicle Parts,False,6.031766,exports
2026-03-01,LAOS,8708,Motor Vehicle Parts,False,0.0,exports
2026-03-01,CAMBODIA,8708,Motor Vehicle Parts,False,1.478792,exports
2026-03-01,MALAYSIA,8708,Motor Vehicle Parts,False,8.050159,exports
2026-03-01,SINGAPORE,8708,Motor Vehicle Parts,False,6.237221,exports
2026-03-01,INDONESIA,8708,Motor Vehicle Parts,False,1.414525,exports
2026-03-01,BRUNEI,8708,Motor Vehicle Parts,False,0.00736,exports
2026-03-01,PHILIPPINES,8708,Motor Vehicle Parts,False,0.283727,exports
2026-03-01,MACAU,8708,Motor Vehicle Parts,False,0.096604,exports
2026-03-01,MALDIVES,8708,Motor Vehicle Parts,False,0.040336,exports
2026-03-01,CHINA,8708,Motor Vehicle Parts,False,68.740928,exports
2026-03-01,MONGOLIA,8708,Motor Vehicle Parts,False,0.200419,exports
2026-03-01,"KOREA, SOUTH",8708,Motor Vehicle Parts,False,14.00769,exports
2026-03-01,HONG KONG,8708,Motor Vehicle Parts,False,3.324418,exports
2026-03-01,TAIWAN,8708,Motor Vehicle Parts,False,0.629056,exports
2026-03-01,JAPAN,8708,Motor Vehicle Parts,False,42.564717,exports
2026-03-01,AUSTRALIA,8708,Motor Vehicle Parts,False,78.003096,exports
2026-03-01,PAPUA NEW GUINEA,8708,Motor Vehicle Parts,False,0.0,exports
2026-03-01,NEW ZEALAND,8708,Motor Vehicle Parts,False,3.120541,exports
2026-03-01,COOK ISLANDS,8708,Motor Vehicle Parts,False,0.0027,exports
2026-03-01,NEW CALEDONIA,8708,Motor Vehicle Parts,False,0.025397,exports
2026-03-01,WALLIS AND FUTUNA,8708,Motor Vehicle Parts,False,0.037008,exports
2026-03-01,FRENCH POLYNESIA,8708,Motor Vehicle Parts,False,0.045519,exports
2026-03-01,ST KITTS AND NEVIS,8708,Motor Vehicle Parts,False,0.027306,exports
2026-03-01,ANTIGUA AND BARBUDA,8708,Motor Vehicle Parts,False,0.065986,exports
2026-03-01,MONTSERRAT,8708,Motor Vehicle Parts,False,0.0,exports
2026-03-01,DOMINICA,8708,Motor Vehicle Parts,False,0.094553,exports
2026-03-01,ST LUCIA,8708,Motor Vehicle Parts,False,0.110106,exports
2026-03-01,ST VINCENT AND THE GRENADINES,8708,Motor Vehicle Parts,False,0.031163,exports
2026-03-01,GRENADA,8708,Motor Vehicle Parts,False,0.102718,exports
2026-03-01,BARBADOS,8708,Motor Vehicle Parts,False,0.16595,exports
2026-03-01,TRINIDAD AND TOBAGO,8708,Motor Vehicle Parts,False,0.148114,exports
2026-03-01,SINT MAARTEN,8708,Motor Vehicle Parts,False,0.108784,exports
2026-03-01,CURACAO,8708,Motor Vehicle Parts,False,0.297293,exports
2026-03-01,ARUBA,8708,Motor Vehicle Parts,False,0.134293,exports
2026-03-01,GUADELOUPE,8708,Motor Vehicle Parts,False,0.0,exports
2026-03-01,MARTINIQUE,8708,Motor Vehicle Parts,False,0.0,exports
2026-03-01,COLOMBIA,8708,Motor Vehicle Parts,False,8.455235,exports
2026-03-01,VENEZUELA,8708,Motor Vehicle Parts,False,2.48836,exports
2026-03-01,GUYANA,8708,Motor Vehicle Parts,False,1.27643,exports
2026-03-01,SURINAME,8708,Motor Vehicle Parts,False,0.910313,exports
2026-03-01,FRENCH GUIANA,8708,Motor Vehicle Parts,False,0.006807,exports
2026-03-01,ECUADOR,8708,Motor Vehicle Parts,False,3.546973,exports
2026-03-01,PERU,8708,Motor Vehicle Parts,False,12.072206,exports
2026-03-01,BOLIVIA,8708,Motor Vehicle Parts,False,0.755624,exports
2026-03-01,CHILE,8708,Motor Vehicle Parts,False,19.678632,exports
2026-03-01,BRAZIL,8708,Motor Vehicle Parts,False,72.841704,exports
2026-03-01,PARAGUAY,8708,Motor Vehicle Parts,False,0.59025,exports
2026-03-01,URUGUAY,8708,Motor Vehicle Parts,False,0.74936,exports
2026-03-01,ARGENTINA,8708,Motor Vehicle Parts,False,11.06204,exports
2026-03-01,ICELAND,8708,Motor Vehicle Parts,False,0.122918,exports
2026-03-01,SWEDEN,8708,Motor Vehicle Parts,False,5.308276,exports
2026-03-01,NORWAY,8708,Motor Vehicle Parts,False,0.737118,exports
2026-03-01,FINLAND,8708,Motor Vehicle Parts,False,0.645896,exports
2026-03-01,DENMARK,8708,Motor Vehicle Parts,False,0.448188,exports
2026-03-01,UNITED KINGDOM,8708,Motor Vehicle Parts,False,17.049722,exports
2026-03-01,IRELAND,8708,Motor Vehicle Parts,False,0.159982,exports
2026-03-01,NETHERLANDS,8708,Motor Vehicle Parts,False,18.340258,exports
2026-03-01,BELGIUM,8708,Motor Vehicle Parts,False,14.456735,exports
2026-03-01,LUXEMBOURG,8708,Motor Vehicle Parts,False,0.010856,exports
2026-03-01,FRANCE,8708,Motor Vehicle Parts,False,5.69129,exports
2026-03-01,GERMANY,8708,Motor Vehicle Parts,False,75.352266,exports
2026-03-01,AUSTRIA,8708,Motor Vehicle Parts,False,4.244397,exports
2026-03-01,CZECH REPUBLIC,8708,Motor Vehicle Parts,False,1.578011,exports
2026-03-01,MARSHALL ISLANDS,8708,Motor Vehicle Parts,False,0.00649,exports
2026-03-01,MICRONESIA,8708,Motor Vehicle Parts,False,0.0,exports
2026-03-01,PALAU,8708,Motor Vehicle Parts,False,0.065862,exports
2026-03-01,MOROCCO,8708,Motor Vehicle Parts,False,2.1678,exports
2026-03-01,ALGERIA,8708,Motor Vehicle Parts,False,0.112725,exports
2026-03-01,TUNISIA,8708,Motor Vehicle Parts,False,0.222441,exports
2026-03-01,LIBYA,8708,Motor Vehicle Parts,False,1.348875,exports
2026-03-01,EGYPT,8708,Motor Vehicle Parts,False,2.375031,exports
2026-03-01,EQUATORIAL GUINEA,8708,Motor Vehicle Parts,False,0.007395,exports
2026-03-01,MAURITANIA,8708,Motor Vehicle Parts,False,0.230817,exports
2026-03-01,CAMEROON,8708,Motor Vehicle Parts,False,0.57635,exports
2026-03-01,SENEGAL,8708,Motor Vehicle Parts,False,1.364176,exports
2026-03-01,MALI,8708,Motor Vehicle Parts,False,0.05471,exports
2026-03-01,GUINEA,8708,Motor Vehicle Parts,False,0.652291,exports
2026-03-01,SIERRA LEONE,8708,Motor Vehicle Parts,False,0.3169,exports
2026-03-01,COTE D'IVOIRE,8708,Motor Vehicle Parts,False,0.239252,exports
2026-03-01,GHANA,8708,Motor Vehicle Parts,False,3.761227,exports
2026-03-01,GAMBIA,8708,Motor Vehicle Parts,False,0.249505,exports
2026-03-01,NIGER,8708,Motor Vehicle Parts,False,0.954199,exports
2026-03-01,TOGO,8708,Motor Vehicle Parts,False,2.374737,exports
2026-03-01,NIGERIA,8708,Motor Vehicle Parts,False,28.913796,exports
2026-03-01,CENTRAL AFRICAN REPUBLIC,8708,Motor Vehicle Parts,False,0.00474,exports
2026-03-01,GABON,8708,Motor Vehicle Parts,False,0.128708,exports
2026-03-01,CHAD,8708,Motor Vehicle Parts,False,0.005,exports
2026-03-01,BURKINA FASO,8708,Motor Vehicle Parts,False,0.106558,exports
2026-03-01,BENIN,8708,Motor Vehicle Parts,False,9.626469,exports
2026-03-01,ANGOLA,8708,Motor Vehicle Parts,False,0.139704,exports
2026-03-01,CONGO,8708,Motor Vehicle Parts,False,0.170639,exports
2026-03-01,CABO VERDE,8708,Motor Vehicle Parts,False,0.107956,exports
2026-03-01,LIBERIA,8708,Motor Vehicle Parts,False,0.334315,exports
2026-03-01,DEMOCRATIC REPUBLIC OF THE CONGO,8708,Motor Vehicle Parts,False,0.108412,exports
2026-03-01,RWANDA,8708,Motor Vehicle Parts,False,0.008836,exports
2026-03-01,ETHIOPIA,8708,Motor Vehicle Parts,False,0.008407,exports
2026-03-01,DJIBOUTI,8708,Motor Vehicle Parts,False,0.05,exports
2026-03-01,UGANDA,8708,Motor Vehicle Parts,False,0.0,exports
2026-03-01,KENYA,8708,Motor Vehicle Parts,False,0.012395,exports
2026-03-01,BRITISH VIRGIN ISLANDS,8708,Motor Vehicle Parts,False,0.066811,exports
2026-03-01,SLOVAKIA,8708,Motor Vehicle Parts,False,0.726679,exports
2026-03-01,HUNGARY,8708,Motor Vehicle Parts,False,15.31147,exports
2026-03-01,LIECHTENSTEIN,8708,Motor Vehicle Parts,False,0.062437,exports
2026-03-01,SWITZERLAND,8708,Motor Vehicle Parts,False,0.450598,exports
2026-03-01,ESTONIA,8708,Motor Vehicle Parts,False,0.121515,exports
2026-03-01,LATVIA,8708,Motor Vehicle Parts,False,0.173942,exports
2026-03-01,LITHUANIA,8708,Motor Vehicle Parts,False,11.003089,exports
2026-03-01,POLAND,8708,Motor Vehicle Parts,False,13.986154,exports
2026-03-01,UKRAINE,8708,Motor Vehicle Parts,False,7.51271,exports
2026-03-01,ARMENIA,8708,Motor Vehicle Parts,False,3.544061,exports
2026-03-01,AZERBAIJAN,8708,Motor Vehicle Parts,False,0.151616,exports
2026-03-01,GEORGIA,8708,Motor Vehicle Parts,False,16.475481,exports
2026-03-01,KAZAKHSTAN,8708,Motor Vehicle Parts,False,0.896403,exports
2026-03-01,KYRGYZSTAN,8708,Motor Vehicle Parts,False,2.786182,exports
2026-03-01,MOLDOVA,8708,Motor Vehicle Parts,False,0.182933,exports
2026-03-01,TAJIKISTAN,8708,Motor Vehicle Parts,False,0.029,exports
2026-03-01,TURKMENISTAN,8708,Motor Vehicle Parts,False,0.0929,exports
2026-03-01,UZBEKISTAN,8708,Motor Vehicle Parts,False,0.139478,exports
2026-03-01,SPAIN,8708,Motor Vehicle Parts,False,36.032861,exports
2026-03-01,PORTUGAL,8708,Motor Vehicle Parts,False,0.235448,exports
2026-03-01,GIBRALTAR,8708,Motor Vehicle Parts,False,0.043758,exports
2026-03-01,MALTA,8708,Motor Vehicle Parts,False,0.005941,exports
2026-03-01,ITALY,8708,Motor Vehicle Parts,False,9.305702,exports
2026-03-01,CROATIA,8708,Motor Vehicle Parts,False,0.188546,exports
2026-03-01,SLOVENIA,8708,Motor Vehicle Parts,False,0.007044,exports
2026-03-01,BOSNIA AND HERZEGOVINA,8708,Motor Vehicle Parts,False,0.08959,exports
2026-03-01,MACEDONIA,8708,Motor Vehicle Parts,False,0.154464,exports
2026-03-01,SERBIA,8708,Motor Vehicle Parts,False,0.006,exports
2026-03-01,KOSOVO,8708,Motor Vehicle Parts,False,0.0,exports
2026-03-01,MONTENEGRO,8708,Motor Vehicle Parts,False,0.047,exports
2026-03-01,ALBANIA,8708,Motor Vehicle Parts,False,0.784089,exports
2026-03-01,GREECE,8708,Motor Vehicle Parts,False,0.26532,exports
2026-03-01,ROMANIA,8708,Motor Vehicle Parts,False,0.65762,exports
2026-03-01,BULGARIA,8708,Motor Vehicle Parts,False,0.355703,exports
2026-03-01,TURKEY,8708,Motor Vehicle Parts,False,53.114394,exports
2026-03-01,CYPRUS,8708,Motor Vehicle Parts,False,0.012634,exports
2026-03-01,LEBANON,8708,Motor Vehicle Parts,False,1.249503,exports
2026-03-01,IRAQ,8708,Motor Vehicle Parts,False,0.780101,exports
2026-03-01,ISRAEL,8708,Motor Vehicle Parts,False,1.849539,exports
2026-03-01,JORDAN,8708,Motor Vehicle Parts,False,1.587506,exports
2026-03-01,KUWAIT,8708,Motor Vehicle Parts,False,0.985708,exports
2026-03-01,SAUDI ARABIA,8708,Motor Vehicle Parts,False,2.672072,exports
2026-03-01,QATAR,8708,Motor Vehicle Parts,False,0.238406,exports
2026-03-01,TOTAL FOR ALL COUNTRIES,8708,Motor Vehicle Parts,False,3972.226071,exports
2026-03-01,EUROPEAN UNION,8708,Motor Vehicle Parts,False,214.625823,exports
2026-03-01,NORTH AMERICA,8708,Motor Vehicle Parts,False,3028.280328,exports
2026-03-01,EUROPE,8708,Motor Vehicle Parts,False,319.098675,exports
2026-03-01,AFRICA,8708,Motor Vehicle Parts,False,100.125983,exports
2026-03-01,PACIFIC RIM COUNTRIES,8708,Motor Vehicle Parts,False,226.480042,exports
2026-03-01,ASIA,8708,Motor Vehicle Parts,False,259.744962,exports
2026-03-01,CAFTA-DR,8708,Motor Vehicle Parts,False,42.081119,exports
2026-03-01,AUSTRALIA AND OCEANIA,8708,Motor Vehicle Parts,False,81.306613,exports
2026-03-01,USMCA (NAFTA),8708,Motor Vehicle Parts,False,3028.280328,exports
2026-03-01,TWENTY LATIN AMERICAN REPUBLICS,8708,Motor Vehicle Parts,False,1720.929255,exports
2026-03-01,OECD,8708,Motor Vehicle Parts,False,3485.016703,exports
2026-03-01,NATO,8708,Motor Vehicle Parts,False,1767.010863,exports
2026-03-01,LAFTA,8708,Motor Vehicle Parts,False,1675.722423,exports
2026-03-01,EURO AREA,8708,Motor Vehicle Parts,False,177.336104,exports
2026-03-01,APEC,8708,Motor Vehicle Parts,False,3342.41596,exports
2026-03-01,ASEAN,8708,Motor Vehicle Parts,False,73.47314,exports
2026-03-01,CACM,8708,Motor Vehicle Parts,False,31.732328,exports
2026-03-01,CANADA,8708,Motor Vehicle Parts,False,1484.798289,exports
2026-03-01,MEXICO,8708,Motor Vehicle Parts,False,1543.482039,exports
2026-03-01,GUATEMALA,8708,Motor Vehicle Parts,False,13.934184,exports
2026-03-01,BELIZE,8708,Motor Vehicle Parts,False,0.813862,exports
2026-03-01,EL SALVADOR,8708,Motor Vehicle Parts,False,3.391279,exports
2026-03-01,HONDURAS,8708,Motor Vehicle Parts,False,8.909022,exports
2026-03-01,NICARAGUA,8708,Motor Vehicle Parts,False,1.321047,exports
2026-03-01,COSTA RICA,8708,Motor Vehicle Parts,False,4.176796,exports
2026-03-01,PANAMA,8708,Motor Vehicle Parts,False,2.296205,exports
2026-03-01,BERMUDA,8708,Motor Vehicle Parts,False,0.102103,exports
2026-03-01,BAHAMAS,8708,Motor Vehicle Parts,False,1.006895,exports
2026-03-01,CUBA,8708,Motor Vehicle Parts,False,0.031383,exports
2026-03-01,JAMAICA,8708,Motor Vehicle Parts,False,0.470019,exports
2026-03-01,TURKS AND CAICOS ISLANDS,8708,Motor Vehicle Parts,False,0.179561,exports
2026-03-01,CAYMAN ISLANDS,8708,Motor Vehicle Parts,False,0.092339,exports
2026-03-01,HAITI,8708,Motor Vehicle Parts,False,0.798125,exports
2026-03-01,DOMINICAN REPUBLIC,8708,Motor Vehicle Parts,False,10.348791,exports
2026-03-01,ANGUILLA,8708,Motor Vehicle Parts,False,0.010888,exports
2026-03-01,SEYCHELLES,8708,Motor Vehicle Parts,False,0.0,exports
2026-03-01,TANZANIA,8708,Motor Vehicle Parts,False,0.021422,exports
2026-03-01,MAURITIUS,8708,Motor Vehicle Parts,False,0.0,exports
2026-03-01,MOZAMBIQUE,8708,Motor Vehicle Parts,False,0.0,exports
2026-03-01,MADAGASCAR,8708,Motor Vehicle Parts,False,0.0,exports
2026-03-01,MAYOTTE,8708,Motor Vehicle Parts,False,0.007781,exports
2026-03-01,SOUTH AFRICA,8708,Motor Vehicle Parts,False,42.899135,exports
2026-03-01,NAMIBIA,8708,Motor Vehicle Parts,False,0.027976,exports
2026-03-01,ZAMBIA,8708,Motor Vehicle Parts,False,0.148435,exports
2026-03-01,ZIMBABWE,8708,Motor Vehicle Parts,False,0.174368,exports
2026-03-01,MALAWI,8708,Motor Vehicle Parts,False,0.1125,exports
2026-03-01,CENTRAL AMERICA,8708,Motor Vehicle Parts,False,49.235576,exports
2026-03-01,SOUTH AMERICA,8708,Motor Vehicle Parts,False,134.433934,exports
2026-04-01,UNITED ARAB EMIRATES,8542,Electronic Integrated Circuits,True,1.583058,exports
2026-04-01,OMAN,8542,Electronic Integrated Circuits,True,0.368072,exports
2026-04-01,BAHRAIN,8542,Electronic Integrated Circuits,True,0.00705,exports
2026-04-01,INDIA,8542,Electronic Integrated Circuits,True,20.681803,exports
2026-04-01,PAKISTAN,8542,Electronic Integrated Circuits,True,0.302569,exports
2026-04-01,NEPAL,8542,Electronic Integrated Circuits,True,0.0,exports
2026-04-01,BANGLADESH,8542,Electronic Integrated Circuits,True,0.007988,exports
2026-04-01,SRI LANKA,8542,Electronic Integrated Circuits,True,0.142653,exports
2026-04-01,THAILAND,8542,Electronic Integrated Circuits,True,84.35928,exports
2026-04-01,VIETNAM,8542,Electronic Integrated Circuits,True,208.966086,exports
2026-04-01,CAMBODIA,8542,Electronic Integrated Circuits,True,0.027114,exports
2026-04-01,MALAYSIA,8542,Electronic Integrated Circuits,True,559.854387,exports
2026-04-01,SINGAPORE,8542,Electronic Integrated Circuits,True,102.712578,exports
2026-04-01,INDONESIA,8542,Electronic Integrated Circuits,True,0.767714,exports
2026-04-01,BRUNEI,8542,Electronic Integrated Circuits,True,0.0091,exports
2026-04-01,PHILIPPINES,8542,Electronic Integrated Circuits,True,113.681484,exports
2026-04-01,MACAU,8542,Electronic Integrated Circuits,True,0.091082,exports
2026-04-01,CHINA,8542,Electronic Integrated Circuits,True,847.640593,exports
2026-04-01,MONGOLIA,8542,Electronic Integrated Circuits,True,0.0,exports
2026-04-01,"KOREA, SOUTH",8542,Electronic Integrated Circuits,True,148.129003,exports
2026-04-01,HONG KONG,8542,Electronic Integrated Circuits,True,148.038574,exports
2026-04-01,TAIWAN,8542,Electronic Integrated Circuits,True,412.842722,exports
2026-04-01,JAPAN,8542,Electronic Integrated Circuits,True,52.118084,exports
2026-04-01,AUSTRALIA,8542,Electronic Integrated Circuits,True,4.075371,exports
2026-04-01,NEW ZEALAND,8542,Electronic Integrated Circuits,True,0.310408,exports
2026-04-01,ST KITTS AND NEVIS,8542,Electronic Integrated Circuits,True,0.019013,exports
2026-04-01,ANTIGUA AND BARBUDA,8542,Electronic Integrated Circuits,True,0.00904,exports
2026-04-01,ST LUCIA,8542,Electronic Integrated Circuits,True,0.0,exports
2026-04-01,ST VINCENT AND THE GRENADINES,8542,Electronic Integrated Circuits,True,0.00746,exports
2026-04-01,GRENADA,8542,Electronic Integrated Circuits,True,0.0,exports
2026-04-01,BARBADOS,8542,Electronic Integrated Circuits,True,0.007035,exports
2026-04-01,TRINIDAD AND TOBAGO,8542,Electronic Integrated Circuits,True,0.002749,exports
2026-04-01,SINT MAARTEN,8542,Electronic Integrated Circuits,True,0.0,exports
2026-04-01,CURACAO,8542,Electronic Integrated Circuits,True,0.004287,exports
2026-04-01,ARUBA,8542,Electronic Integrated Circuits,True,0.003873,exports
2026-04-01,GUADELOUPE,8542,Electronic Integrated Circuits,True,0.0,exports
2026-04-01,MARTINIQUE,8542,Electronic Integrated Circuits,True,0.0,exports
2026-04-01,COLOMBIA,8542,Electronic Integrated Circuits,True,0.83096,exports
2026-04-01,VENEZUELA,8542,Electronic Integrated Circuits,True,0.129859,exports
2026-04-01,GUYANA,8542,Electronic Integrated Circuits,True,0.118206,exports
2026-04-01,SURINAME,8542,Electronic Integrated Circuits,True,0.0,exports
2026-04-01,FRENCH GUIANA,8542,Electronic Integrated Circuits,True,0.009,exports
2026-04-01,ECUADOR,8542,Electronic Integrated Circuits,True,0.697159,exports
2026-04-01,PERU,8542,Electronic Integrated Circuits,True,2.023268,exports
2026-04-01,BOLIVIA,8542,Electronic Integrated Circuits,True,0.015647,exports
2026-04-01,CHILE,8542,Electronic Integrated Circuits,True,2.997029,exports
2026-04-01,BRAZIL,8542,Electronic Integrated Circuits,True,80.188092,exports
2026-04-01,PARAGUAY,8542,Electronic Integrated Circuits,True,4.39416,exports
2026-04-01,URUGUAY,8542,Electronic Integrated Circuits,True,0.481553,exports
2026-04-01,ARGENTINA,8542,Electronic Integrated Circuits,True,5.18889,exports
2026-04-01,ICELAND,8542,Electronic Integrated Circuits,True,0.022008,exports
2026-04-01,SWEDEN,8542,Electronic Integrated Circuits,True,9.450611,exports
2026-04-01,NORWAY,8542,Electronic Integrated Circuits,True,1.293662,exports
2026-04-01,FINLAND,8542,Electronic Integrated Circuits,True,3.083945,exports
2026-04-01,DENMARK,8542,Electronic Integrated Circuits,True,1.974216,exports
2026-04-01,UNITED KINGDOM,8542,Electronic Integrated Circuits,True,49.833659,exports
2026-04-01,IRELAND,8542,Electronic Integrated Circuits,True,97.682445,exports
2026-04-01,NETHERLANDS,8542,Electronic Integrated Circuits,True,20.54182,exports
2026-04-01,BELGIUM,8542,Electronic Integrated Circuits,True,11.775041,exports
2026-04-01,LUXEMBOURG,8542,Electronic Integrated Circuits,True,0.297045,exports
2026-04-01,FRANCE,8542,Electronic Integrated Circuits,True,10.644192,exports
2026-04-01,GERMANY,8542,Electronic Integrated Circuits,True,44.369953,exports
2026-04-01,AUSTRIA,8542,Electronic Integrated Circuits,True,1.53802,exports
2026-04-01,CZECH REPUBLIC,8542,Electronic Integrated Circuits,True,26.731717,exports
2026-04-01,MOROCCO,8542,Electronic Integrated Circuits,True,0.11866,exports
2026-04-01,ALGERIA,8542,Electronic Integrated Circuits,True,0.0,exports
2026-04-01,TUNISIA,8542,Electronic Integrated Circuits,True,0.139016,exports
2026-04-01,LIBYA,8542,Electronic Integrated Circuits,True,0.0,exports
2026-04-01,EGYPT,8542,Electronic Integrated Circuits,True,0.025373,exports
2026-04-01,EQUATORIAL GUINEA,8542,Electronic Integrated Circuits,True,0.008831,exports
2026-04-01,MAURITANIA,8542,Electronic Integrated Circuits,True,0.0,exports
2026-04-01,CAMEROON,8542,Electronic Integrated Circuits,True,0.0,exports
2026-04-01,GHANA,8542,Electronic Integrated Circuits,True,0.0,exports
2026-04-01,NIGER,8542,Electronic Integrated Circuits,True,0.0,exports
2026-04-01,NIGERIA,8542,Electronic Integrated Circuits,True,0.026205,exports
2026-04-01,GABON,8542,Electronic Integrated Circuits,True,0.005,exports
2026-04-01,ANGOLA,8542,Electronic Integrated Circuits,True,0.0,exports
2026-04-01,LIBERIA,8542,Electronic Integrated Circuits,True,0.0,exports
2026-04-01,BURUNDI,8542,Electronic Integrated Circuits,True,0.004875,exports
2026-04-01,KENYA,8542,Electronic Integrated Circuits,True,0.0,exports
2026-04-01,SLOVAKIA,8542,Electronic Integrated Circuits,True,1.266258,exports
2026-04-01,HUNGARY,8542,Electronic Integrated Circuits,True,63.445707,exports
2026-04-01,LIECHTENSTEIN,8542,Electronic Integrated Circuits,True,0.0,exports
2026-04-01,SWITZERLAND,8542,Electronic Integrated Circuits,True,5.191124,exports
2026-04-01,ESTONIA,8542,Electronic Integrated Circuits,True,0.67254,exports
2026-04-01,LATVIA,8542,Electronic Integrated Circuits,True,0.302811,exports
2026-04-01,LITHUANIA,8542,Electronic Integrated Circuits,True,0.580582,exports
2026-04-01,POLAND,8542,Electronic Integrated Circuits,True,18.88255,exports
2026-04-01,UKRAINE,8542,Electronic Integrated Circuits,True,0.815708,exports
2026-04-01,AZERBAIJAN,8542,Electronic Integrated Circuits,True,0.025,exports
2026-04-01,GEORGIA,8542,Electronic Integrated Circuits,True,0.007203,exports
2026-04-01,KAZAKHSTAN,8542,Electronic Integrated Circuits,True,0.030436,exports
2026-04-01,KYRGYZSTAN,8542,Electronic Integrated Circuits,True,0.0,exports
2026-04-01,MOLDOVA,8542,Electronic Integrated Circuits,True,0.0,exports
2026-04-01,UZBEKISTAN,8542,Electronic Integrated Circuits,True,0.0,exports
2026-04-01,SPAIN,8542,Electronic Integrated Circuits,True,6.285706,exports
2026-04-01,PORTUGAL,8542,Electronic Integrated Circuits,True,8.408649,exports
2026-04-01,MALTA,8542,Electronic Integrated Circuits,True,2.543251,exports
2026-04-01,SAN MARINO,8542,Electronic Integrated Circuits,True,0.009192,exports
2026-04-01,ITALY,8542,Electronic Integrated Circuits,True,9.74265,exports
2026-04-01,CROATIA,8542,Electronic Integrated Circuits,True,0.08614,exports
2026-04-01,SLOVENIA,8542,Electronic Integrated Circuits,True,0.160679,exports
2026-04-01,BOSNIA AND HERZEGOVINA,8542,Electronic Integrated Circuits,True,0.0,exports
2026-04-01,MACEDONIA,8542,Electronic Integrated Circuits,True,0.023982,exports
2026-04-01,SERBIA,8542,Electronic Integrated Circuits,True,0.230468,exports
2026-04-01,GREECE,8542,Electronic Integrated Circuits,True,0.522339,exports
2026-04-01,ROMANIA,8542,Electronic Integrated Circuits,True,2.820868,exports
2026-04-01,BULGARIA,8542,Electronic Integrated Circuits,True,0.488348,exports
2026-04-01,TURKEY,8542,Electronic Integrated Circuits,True,7.443661,exports
2026-04-01,CYPRUS,8542,Electronic Integrated Circuits,True,0.025402,exports
2026-04-01,LEBANON,8542,Electronic Integrated Circuits,True,0.0,exports
2026-04-01,ISRAEL,8542,Electronic Integrated Circuits,True,23.69928,exports
2026-04-01,JORDAN,8542,Electronic Integrated Circuits,True,0.0,exports
2026-04-01,KUWAIT,8542,Electronic Integrated Circuits,True,0.127195,exports
2026-04-01,SAUDI ARABIA,8542,Electronic Integrated Circuits,True,1.750401,exports
2026-04-01,QATAR,8542,Electronic Integrated Circuits,True,0.0,exports
2026-04-01,TOTAL FOR ALL COUNTRIES,8542,Electronic Integrated Circuits,True,4401.876258,exports
2026-04-01,EUROPEAN UNION,8542,Electronic Integrated Circuits,True,344.323485,exports
2026-04-01,NORTH AMERICA,8542,Electronic Integrated Circuits,True,1151.140593,exports
2026-04-01,EUROPE,8542,Electronic Integrated Circuits,True,409.249588,exports
2026-04-01,AFRICA,8542,Electronic Integrated Circuits,True,2.127371,exports
2026-04-01,PACIFIC RIM COUNTRIES,8542,Electronic Integrated Circuits,True,2390.2711,exports
2026-04-01,ASIA,8542,Electronic Integrated Circuits,True,2727.90787,exports
2026-04-01,CAFTA-DR,8542,Electronic Integrated Circuits,True,9.542575,exports
2026-04-01,AUSTRALIA AND OCEANIA,8542,Electronic Integrated Circuits,True,4.385779,exports
2026-04-01,USMCA (NAFTA),8542,Electronic Integrated Circuits,True,1151.140593,exports
2026-04-01,TWENTY LATIN AMERICAN REPUBLICS,8542,Electronic Integrated Circuits,True,1183.887508,exports
2026-04-01,OECD,8542,Electronic Integrated Circuits,True,1791.84708,exports
2026-04-01,NATO,8542,Electronic Integrated Circuits,True,374.968724,exports
2026-04-01,LAFTA,8542,Electronic Integrated Circuits,True,1174.269825,exports
2026-04-01,EURO AREA,8542,Electronic Integrated Circuits,True,221.017816,exports
2026-04-01,APEC,8542,Electronic Integrated Circuits,True,3839.666274,exports
2026-04-01,ASEAN,8542,Electronic Integrated Circuits,True,1070.377743,exports
2026-04-01,CACM,8542,Electronic Integrated Circuits,True,8.831195,exports
2026-04-01,CANADA,8542,Electronic Integrated Circuits,True,73.817385,exports
2026-04-01,MEXICO,8542,Electronic Integrated Circuits,True,1077.323208,exports
2026-04-01,GUATEMALA,8542,Electronic Integrated Circuits,True,1.271596,exports
2026-04-01,BELIZE,8542,Electronic Integrated Circuits,True,0.0,exports
2026-04-01,EL SALVADOR,8542,Electronic Integrated Circuits,True,0.900678,exports
2026-04-01,HONDURAS,8542,Electronic Integrated Circuits,True,0.21162,exports
2026-04-01,NICARAGUA,8542,Electronic Integrated Circuits,True,0.044539,exports
2026-04-01,COSTA RICA,8542,Electronic Integrated Circuits,True,6.402762,exports
2026-04-01,PANAMA,8542,Electronic Integrated Circuits,True,0.075108,exports
2026-04-01,BERMUDA,8542,Electronic Integrated Circuits,True,0.090202,exports
2026-04-01,BAHAMAS,8542,Electronic Integrated Circuits,True,0.06689,exports
2026-04-01,JAMAICA,8542,Electronic Integrated Circuits,True,0.135448,exports
2026-04-01,TURKS AND CAICOS ISLANDS,8542,Electronic Integrated Circuits,True,0.0,exports
2026-04-01,CAYMAN ISLANDS,8542,Electronic Integrated Circuits,True,0.027554,exports
2026-04-01,HAITI,8542,Electronic Integrated Circuits,True,0.0,exports
2026-04-01,DOMINICAN REPUBLIC,8542,Electronic Integrated Circuits,True,0.71138,exports
2026-04-01,ANGUILLA,8542,Electronic Integrated Circuits,True,0.0,exports
2026-04-01,BRITISH INDIAN OCEAN TERRITORIES,8542,Electronic Integrated Circuits,True,0.0,exports
2026-04-01,TANZANIA,8542,Electronic Integrated Circuits,True,0.00825,exports
2026-04-01,MAURITIUS,8542,Electronic Integrated Circuits,True,0.007338,exports
2026-04-01,SOUTH AFRICA,8542,Electronic Integrated Circuits,True,1.783823,exports
2026-04-01,NAMIBIA,8542,Electronic Integrated Circuits,True,0.0,exports
2026-04-01,ESWATINI,8542,Electronic Integrated Circuits,True,0.0,exports
2026-04-01,CENTRAL AMERICA,8542,Electronic Integrated Circuits,True,9.991234,exports
2026-04-01,SOUTH AMERICA,8542,Electronic Integrated Circuits,True,97.073823,exports
2026-04-01,UNITED ARAB EMIRATES,8703,Motor Cars & Vehicles,False,10.900878,exports
2026-04-01,YEMEN,8703,Motor Cars & Vehicles,False,0.158314,exports
2026-04-01,OMAN,8703,Motor Cars & Vehicles,False,23.472424,exports
2026-04-01,BAHRAIN,8703,Motor Cars & Vehicles,False,0.0,exports
2026-04-01,AFGHANISTAN,8703,Motor Cars & Vehicles,False,0.0,exports
2026-04-01,INDIA,8703,Motor Cars & Vehicles,False,0.176956,exports
2026-04-01,PAKISTAN,8703,Motor Cars & Vehicles,False,0.065211,exports
2026-04-01,BANGLADESH,8703,Motor Cars & Vehicles,False,0.0,exports
2026-04-01,SRI LANKA,8703,Motor Cars & Vehicles,False,0.054299,exports
2026-04-01,THAILAND,8703,Motor Cars & Vehicles,False,0.594671,exports
2026-04-01,VIETNAM,8703,Motor Cars & Vehicles,False,0.536021,exports
2026-04-01,LAOS,8703,Motor Cars & Vehicles,False,0.0,exports
2026-04-01,CAMBODIA,8703,Motor Cars & Vehicles,False,13.527792,exports
2026-04-01,MALAYSIA,8703,Motor Cars & Vehicles,False,0.108698,exports
2026-04-01,SINGAPORE,8703,Motor Cars & Vehicles,False,1.602128,exports
2026-04-01,INDONESIA,8703,Motor Cars & Vehicles,False,0.549665,exports
2026-04-01,TIMOR-LESTE,8703,Motor Cars & Vehicles,False,0.141368,exports
2026-04-01,BRUNEI,8703,Motor Cars & Vehicles,False,0.0,exports
2026-04-01,PHILIPPINES,8703,Motor Cars & Vehicles,False,2.305339,exports
2026-04-01,CHINA,8703,Motor Cars & Vehicles,False,200.362601,exports
2026-04-01,MONGOLIA,8703,Motor Cars & Vehicles,False,5.086089,exports
2026-04-01,"KOREA, SOUTH",8703,Motor Cars & Vehicles,False,212.658915,exports
2026-04-01,HONG KONG,8703,Motor Cars & Vehicles,False,0.435319,exports
2026-04-01,TAIWAN,8703,Motor Cars & Vehicles,False,33.849686,exports
2026-04-01,JAPAN,8703,Motor Cars & Vehicles,False,31.194022,exports
2026-04-01,AUSTRALIA,8703,Motor Cars & Vehicles,False,53.477542,exports
2026-04-01,NEW ZEALAND,8703,Motor Cars & Vehicles,False,8.701218,exports
2026-04-01,SAMOA,8703,Motor Cars & Vehicles,False,0.0,exports
2026-04-01,NEW CALEDONIA,8703,Motor Cars & Vehicles,False,0.0,exports
2026-04-01,FRENCH POLYNESIA,8703,Motor Cars & Vehicles,False,0.106268,exports
2026-04-01,ST KITTS AND NEVIS,8703,Motor Cars & Vehicles,False,0.355436,exports
2026-04-01,ANTIGUA AND BARBUDA,8703,Motor Cars & Vehicles,False,0.249842,exports
2026-04-01,MONTSERRAT,8703,Motor Cars & Vehicles,False,0.0,exports
2026-04-01,DOMINICA,8703,Motor Cars & Vehicles,False,0.053602,exports
2026-04-01,ST LUCIA,8703,Motor Cars & Vehicles,False,0.0625,exports
2026-04-01,ST VINCENT AND THE GRENADINES,8703,Motor Cars & Vehicles,False,0.095421,exports
2026-04-01,GRENADA,8703,Motor Cars & Vehicles,False,0.062935,exports
2026-04-01,BARBADOS,8703,Motor Cars & Vehicles,False,0.223303,exports
2026-04-01,TRINIDAD AND TOBAGO,8703,Motor Cars & Vehicles,False,0.367519,exports
2026-04-01,SINT MAARTEN,8703,Motor Cars & Vehicles,False,1.373733,exports
2026-04-01,CURACAO,8703,Motor Cars & Vehicles,False,2.498245,exports
2026-04-01,ARUBA,8703,Motor Cars & Vehicles,False,0.529894,exports
2026-04-01,GUADELOUPE,8703,Motor Cars & Vehicles,False,0.042284,exports
2026-04-01,MARTINIQUE,8703,Motor Cars & Vehicles,False,0.0,exports
2026-04-01,COLOMBIA,8703,Motor Cars & Vehicles,False,47.922354,exports
2026-04-01,VENEZUELA,8703,Motor Cars & Vehicles,False,13.597705,exports
2026-04-01,GUYANA,8703,Motor Cars & Vehicles,False,2.811249,exports
2026-04-01,SURINAME,8703,Motor Cars & Vehicles,False,0.81613,exports
2026-04-01,FRENCH GUIANA,8703,Motor Cars & Vehicles,False,0.049058,exports
2026-04-01,ECUADOR,8703,Motor Cars & Vehicles,False,5.363587,exports
2026-04-01,PERU,8703,Motor Cars & Vehicles,False,9.502766,exports
2026-04-01,BOLIVIA,8703,Motor Cars & Vehicles,False,1.963833,exports
2026-04-01,CHILE,8703,Motor Cars & Vehicles,False,32.207142,exports
2026-04-01,BRAZIL,8703,Motor Cars & Vehicles,False,30.189926,exports
2026-04-01,PARAGUAY,8703,Motor Cars & Vehicles,False,2.296062,exports
2026-04-01,URUGUAY,8703,Motor Cars & Vehicles,False,0.121786,exports
2026-04-01,ARGENTINA,8703,Motor Cars & Vehicles,False,15.159728,exports
2026-04-01,ICELAND,8703,Motor Cars & Vehicles,False,0.857079,exports
2026-04-01,SWEDEN,8703,Motor Cars & Vehicles,False,9.322391,exports
2026-04-01,NORWAY,8703,Motor Cars & Vehicles,False,5.289293,exports
2026-04-01,FINLAND,8703,Motor Cars & Vehicles,False,0.437019,exports
2026-04-01,DENMARK,8703,Motor Cars & Vehicles,False,0.5296,exports
2026-04-01,UNITED KINGDOM,8703,Motor Cars & Vehicles,False,60.197458,exports
2026-04-01,IRELAND,8703,Motor Cars & Vehicles,False,0.906171,exports
2026-04-01,NETHERLANDS,8703,Motor Cars & Vehicles,False,161.323514,exports
2026-04-01,BELGIUM,8703,Motor Cars & Vehicles,False,153.196447,exports
2026-04-01,LUXEMBOURG,8703,Motor Cars & Vehicles,False,0.0,exports
2026-04-01,ANDORRA,8703,Motor Cars & Vehicles,False,0.07007,exports
2026-04-01,FRANCE,8703,Motor Cars & Vehicles,False,7.828398,exports
2026-04-01,GERMANY,8703,Motor Cars & Vehicles,False,735.753366,exports
2026-04-01,AUSTRIA,8703,Motor Cars & Vehicles,False,0.039191,exports
2026-04-01,CZECH REPUBLIC,8703,Motor Cars & Vehicles,False,1.329469,exports
2026-04-01,MARSHALL ISLANDS,8703,Motor Cars & Vehicles,False,0.0,exports
2026-04-01,MOROCCO,8703,Motor Cars & Vehicles,False,2.80259,exports
2026-04-01,ALGERIA,8703,Motor Cars & Vehicles,False,1.198188,exports
2026-04-01,TUNISIA,8703,Motor Cars & Vehicles,False,0.573148,exports
2026-04-01,LIBYA,8703,Motor Cars & Vehicles,False,10.188345,exports
2026-04-01,EGYPT,8703,Motor Cars & Vehicles,False,2.482737,exports
2026-04-01,EQUATORIAL GUINEA,8703,Motor Cars & Vehicles,False,0.045135,exports
2026-04-01,MAURITANIA,8703,Motor Cars & Vehicles,False,2.721276,exports
2026-04-01,CAMEROON,8703,Motor Cars & Vehicles,False,1.901955,exports
2026-04-01,SENEGAL,8703,Motor Cars & Vehicles,False,5.083574,exports
2026-04-01,MALI,8703,Motor Cars & Vehicles,False,0.210668,exports
2026-04-01,GUINEA,8703,Motor Cars & Vehicles,False,2.178075,exports
2026-04-01,SIERRA LEONE,8703,Motor Cars & Vehicles,False,3.353956,exports
2026-04-01,COTE D'IVOIRE,8703,Motor Cars & Vehicles,False,2.417718,exports
2026-04-01,GHANA,8703,Motor Cars & Vehicles,False,43.215552,exports
2026-04-01,GAMBIA,8703,Motor Cars & Vehicles,False,0.819332,exports
2026-04-01,NIGER,8703,Motor Cars & Vehicles,False,1.161928,exports
2026-04-01,TOGO,8703,Motor Cars & Vehicles,False,6.611791,exports
2026-04-01,NIGERIA,8703,Motor Cars & Vehicles,False,102.702345,exports
2026-04-01,CENTRAL AFRICAN REPUBLIC,8703,Motor Cars & Vehicles,False,0.039229,exports
2026-04-01,GABON,8703,Motor Cars & Vehicles,False,0.448875,exports
2026-04-01,BURKINA FASO,8703,Motor Cars & Vehicles,False,0.864652,exports
2026-04-01,BENIN,8703,Motor Cars & Vehicles,False,25.241636,exports
2026-04-01,ANGOLA,8703,Motor Cars & Vehicles,False,0.677534,exports
2026-04-01,CONGO,8703,Motor Cars & Vehicles,False,0.281298,exports
2026-04-01,GUINEA-BISSAU,8703,Motor Cars & Vehicles,False,0.01565,exports
2026-04-01,CABO VERDE,8703,Motor Cars & Vehicles,False,0.191808,exports
2026-04-01,LIBERIA,8703,Motor Cars & Vehicles,False,2.209292,exports
2026-04-01,DEMOCRATIC REPUBLIC OF THE CONGO,8703,Motor Cars & Vehicles,False,0.527652,exports
2026-04-01,RWANDA,8703,Motor Cars & Vehicles,False,1.07384,exports
2026-04-01,SOMALIA,8703,Motor Cars & Vehicles,False,0.0185,exports
2026-04-01,ETHIOPIA,8703,Motor Cars & Vehicles,False,0.065911,exports
2026-04-01,DJIBOUTI,8703,Motor Cars & Vehicles,False,0.0,exports
2026-04-01,UGANDA,8703,Motor Cars & Vehicles,False,0.0,exports
2026-04-01,KENYA,8703,Motor Cars & Vehicles,False,0.0,exports
2026-04-01,BRITISH VIRGIN ISLANDS,8703,Motor Cars & Vehicles,False,1.117877,exports
2026-04-01,SLOVAKIA,8703,Motor Cars & Vehicles,False,0.40296,exports
2026-04-01,HUNGARY,8703,Motor Cars & Vehicles,False,0.290109,exports
2026-04-01,SWITZERLAND,8703,Motor Cars & Vehicles,False,0.501826,exports
2026-04-01,ESTONIA,8703,Motor Cars & Vehicles,False,0.313081,exports
2026-04-01,LATVIA,8703,Motor Cars & Vehicles,False,0.148434,exports
2026-04-01,LITHUANIA,8703,Motor Cars & Vehicles,False,113.060857,exports
2026-04-01,POLAND,8703,Motor Cars & Vehicles,False,13.923155,exports
2026-04-01,UKRAINE,8703,Motor Cars & Vehicles,False,25.741573,exports
2026-04-01,ARMENIA,8703,Motor Cars & Vehicles,False,6.776077,exports
2026-04-01,AZERBAIJAN,8703,Motor Cars & Vehicles,False,0.296766,exports
2026-04-01,GEORGIA,8703,Motor Cars & Vehicles,False,141.368036,exports
2026-04-01,KAZAKHSTAN,8703,Motor Cars & Vehicles,False,5.143136,exports
2026-04-01,KYRGYZSTAN,8703,Motor Cars & Vehicles,False,5.284564,exports
2026-04-01,MOLDOVA,8703,Motor Cars & Vehicles,False,1.267408,exports
2026-04-01,TAJIKISTAN,8703,Motor Cars & Vehicles,False,0.235691,exports
2026-04-01,TURKMENISTAN,8703,Motor Cars & Vehicles,False,0.34526,exports
2026-04-01,UZBEKISTAN,8703,Motor Cars & Vehicles,False,1.171794,exports
2026-04-01,SPAIN,8703,Motor Cars & Vehicles,False,3.153414,exports
2026-04-01,PORTUGAL,8703,Motor Cars & Vehicles,False,0.095142,exports
2026-04-01,MALTA,8703,Motor Cars & Vehicles,False,0.0,exports
2026-04-01,ITALY,8703,Motor Cars & Vehicles,False,10.193407,exports
2026-04-01,CROATIA,8703,Motor Cars & Vehicles,False,1.074486,exports
2026-04-01,SLOVENIA,8703,Motor Cars & Vehicles,False,0.0319,exports
2026-04-01,BOSNIA AND HERZEGOVINA,8703,Motor Cars & Vehicles,False,0.629917,exports
2026-04-01,SERBIA,8703,Motor Cars & Vehicles,False,0.297682,exports
2026-04-01,MONTENEGRO,8703,Motor Cars & Vehicles,False,0.636535,exports
2026-04-01,ALBANIA,8703,Motor Cars & Vehicles,False,7.651909,exports
2026-04-01,GREECE,8703,Motor Cars & Vehicles,False,0.312968,exports
2026-04-01,ROMANIA,8703,Motor Cars & Vehicles,False,6.254747,exports
2026-04-01,BULGARIA,8703,Motor Cars & Vehicles,False,1.801998,exports
2026-04-01,TURKEY,8703,Motor Cars & Vehicles,False,41.615262,exports
2026-04-01,CYPRUS,8703,Motor Cars & Vehicles,False,0.647283,exports
2026-04-01,LEBANON,8703,Motor Cars & Vehicles,False,13.484514,exports
2026-04-01,IRAQ,8703,Motor Cars & Vehicles,False,1.271395,exports
2026-04-01,ISRAEL,8703,Motor Cars & Vehicles,False,47.426123,exports
2026-04-01,WEST BANK ADMINISTERED BY ISRAEL,8703,Motor Cars & Vehicles,False,0.0,exports
2026-04-01,JORDAN,8703,Motor Cars & Vehicles,False,38.076613,exports
2026-04-01,KUWAIT,8703,Motor Cars & Vehicles,False,0.185,exports
2026-04-01,SAUDI ARABIA,8703,Motor Cars & Vehicles,False,14.541146,exports
2026-04-01,QATAR,8703,Motor Cars & Vehicles,False,0.0,exports
2026-04-01,TOTAL FOR ALL COUNTRIES,8703,Motor Cars & Vehicles,False,4093.438677,exports
2026-04-01,EUROPEAN UNION,8703,Motor Cars & Vehicles,False,1222.369507,exports
2026-04-01,NORTH AMERICA,8703,Motor Cars & Vehicles,False,1265.967277,exports
2026-04-01,EUROPE,8703,Motor Cars & Vehicles,False,1527.746843,exports
2026-04-01,AFRICA,8703,Motor Cars & Vehicles,False,231.570684,exports
2026-04-01,PACIFIC RIM COUNTRIES,8703,Motor Cars & Vehicles,False,545.245133,exports
2026-04-01,ASIA,8703,Motor Cars & Vehicles,False,652.765187,exports
2026-04-01,CAFTA-DR,8703,Motor Cars & Vehicles,False,151.28232,exports
2026-04-01,AUSTRALIA AND OCEANIA,8703,Motor Cars & Vehicles,False,62.285028,exports
2026-04-01,USMCA (NAFTA),8703,Motor Cars & Vehicles,False,1265.967277,exports
2026-04-01,TWENTY LATIN AMERICAN REPUBLICS,8703,Motor Cars & Vehicles,False,632.710198,exports
2026-04-01,OECD,8703,Motor Cars & Vehicles,False,3038.075168,exports
2026-04-01,NATO,8703,Motor Cars & Vehicles,False,2298.768845,exports
2026-04-01,LAFTA,8703,Motor Cars & Vehicles,False,462.547719,exports
2026-04-01,EURO AREA,8703,Motor Cars & Vehicles,False,1190.720036,exports
2026-04-01,APEC,8703,Motor Cars & Vehicles,False,1854.05301,exports
2026-04-01,ASEAN,8703,Motor Cars & Vehicles,False,19.224314,exports
2026-04-01,CACM,8703,Motor Cars & Vehicles,False,89.906691,exports
2026-04-01,GREENLAND,8703,Motor Cars & Vehicles,False,0.0,exports
2026-04-01,CANADA,8703,Motor Cars & Vehicles,False,961.744447,exports
2026-04-01,MEXICO,8703,Motor Cars & Vehicles,False,304.22283,exports
2026-04-01,GUATEMALA,8703,Motor Cars & Vehicles,False,25.101904,exports
2026-04-01,BELIZE,8703,Motor Cars & Vehicles,False,2.891345,exports
2026-04-01,EL SALVADOR,8703,Motor Cars & Vehicles,False,20.230876,exports
2026-04-01,HONDURAS,8703,Motor Cars & Vehicles,False,26.449589,exports
2026-04-01,NICARAGUA,8703,Motor Cars & Vehicles,False,0.655658,exports
2026-04-01,COSTA RICA,8703,Motor Cars & Vehicles,False,17.468664,exports
2026-04-01,PANAMA,8703,Motor Cars & Vehicles,False,3.86852,exports
2026-04-01,BERMUDA,8703,Motor Cars & Vehicles,False,0.137594,exports
2026-04-01,BAHAMAS,8703,Motor Cars & Vehicles,False,7.214822,exports
2026-04-01,CUBA,8703,Motor Cars & Vehicles,False,13.743172,exports
2026-04-01,JAMAICA,8703,Motor Cars & Vehicles,False,1.013799,exports
2026-04-01,TURKS AND CAICOS ISLANDS,8703,Motor Cars & Vehicles,False,1.225173,exports
2026-04-01,CAYMAN ISLANDS,8703,Motor Cars & Vehicles,False,1.310608,exports
2026-04-01,HAITI,8703,Motor Cars & Vehicles,False,1.268467,exports
2026-04-01,DOMINICAN REPUBLIC,8703,Motor Cars & Vehicles,False,61.375629,exports
2026-04-01,ANGUILLA,8703,Motor Cars & Vehicles,False,0.113921,exports
2026-04-01,TANZANIA,8703,Motor Cars & Vehicles,False,0.224793,exports
2026-04-01,MOZAMBIQUE,8703,Motor Cars & Vehicles,False,0.05,exports
2026-04-01,MADAGASCAR,8703,Motor Cars & Vehicles,False,0.0,exports
2026-04-01,MAYOTTE,8703,Motor Cars & Vehicles,False,0.0,exports
2026-04-01,COMOROS,8703,Motor Cars & Vehicles,False,0.0,exports
2026-04-01,REUNION,8703,Motor Cars & Vehicles,False,0.0,exports
2026-04-01,SOUTH AFRICA,8703,Motor Cars & Vehicles,False,9.971701,exports
2026-04-01,NAMIBIA,8703,Motor Cars & Vehicles,False,0.0,exports
2026-04-01,BOTSWANA,8703,Motor Cars & Vehicles,False,0.0,exports
2026-04-01,ZAMBIA,8703,Motor Cars & Vehicles,False,0.0,exports
2026-04-01,ZIMBABWE,8703,Motor Cars & Vehicles,False,0.0,exports
2026-04-01,CENTRAL AMERICA,8703,Motor Cars & Vehicles,False,191.102332,exports
2026-04-01,SOUTH AMERICA,8703,Motor Cars & Vehicles,False,162.001326,exports
2026-04-01,INDIA,2709,Crude Petroleum Oils,True,372.962168,exports
2026-04-01,PAKISTAN,2709,Crude Petroleum Oils,True,70.347375,exports
2026-04-01,SRI LANKA,2709,Crude Petroleum Oils,True,91.864328,exports
2026-04-01,THAILAND,2709,Crude Petroleum Oils,True,490.279172,exports
2026-04-01,VIETNAM,2709,Crude Petroleum Oils,True,0.0,exports
2026-04-01,MALAYSIA,2709,Crude Petroleum Oils,True,265.720069,exports
2026-04-01,SINGAPORE,2709,Crude Petroleum Oils,True,947.181366,exports
2026-04-01,"KOREA, SOUTH",2709,Crude Petroleum Oils,True,2480.018843,exports
2026-04-01,TAIWAN,2709,Crude Petroleum Oils,True,557.607419,exports
2026-04-01,JAPAN,2709,Crude Petroleum Oils,True,2179.985806,exports
2026-04-01,AUSTRALIA,2709,Crude Petroleum Oils,True,177.933449,exports
2026-04-01,COLOMBIA,2709,Crude Petroleum Oils,True,104.078117,exports
2026-04-01,PERU,2709,Crude Petroleum Oils,True,124.897363,exports
2026-04-01,BRAZIL,2709,Crude Petroleum Oils,True,309.760549,exports
2026-04-01,URUGUAY,2709,Crude Petroleum Oils,True,0.0,exports
2026-04-01,SWEDEN,2709,Crude Petroleum Oils,True,87.150915,exports
2026-04-01,NORWAY,2709,Crude Petroleum Oils,True,0.0,exports
2026-04-01,FINLAND,2709,Crude Petroleum Oils,True,112.859109,exports
2026-04-01,DENMARK,2709,Crude Petroleum Oils,True,73.948042,exports
2026-04-01,UNITED KINGDOM,2709,Crude Petroleum Oils,True,461.651085,exports
2026-04-01,IRELAND,2709,Crude Petroleum Oils,True,136.518843,exports
2026-04-01,NETHERLANDS,2709,Crude Petroleum Oils,True,3847.209292,exports
2026-04-01,FRANCE,2709,Crude Petroleum Oils,True,188.969996,exports
2026-04-01,GERMANY,2709,Crude Petroleum Oils,True,464.519153,exports
2026-04-01,NIGERIA,2709,Crude Petroleum Oils,True,0.0,exports
2026-04-01,LIBERIA,2709,Crude Petroleum Oils,True,64.377564,exports
2026-04-01,SWITZERLAND,2709,Crude Petroleum Oils,True,52.450769,exports
2026-04-01,SPAIN,2709,Crude Petroleum Oils,True,380.861686,exports
2026-04-01,ITALY,2709,Crude Petroleum Oils,True,832.979841,exports
2026-04-01,CROATIA,2709,Crude Petroleum Oils,True,83.6264,exports
2026-04-01,GREECE,2709,Crude Petroleum Oils,True,193.75585,exports
2026-04-01,TURKEY,2709,Crude Petroleum Oils,True,405.51072,exports
2026-04-01,TOTAL FOR ALL COUNTRIES,2709,Crude Petroleum Oils,True,17147.028442,exports
2026-04-01,EUROPEAN UNION,2709,Crude Petroleum Oils,True,6402.399127,exports
2026-04-01,NORTH AMERICA,2709,Crude Petroleum Oils,True,1182.737169,exports
2026-04-01,EUROPE,2709,Crude Petroleum Oils,True,7322.011701,exports
2026-04-01,AFRICA,2709,Crude Petroleum Oils,True,64.377564,exports
2026-04-01,PACIFIC RIM COUNTRIES,2709,Crude Petroleum Oils,True,6608.446952,exports
2026-04-01,ASIA,2709,Crude Petroleum Oils,True,7455.966546,exports
2026-04-01,CAFTA-DR,2709,Crude Petroleum Oils,True,67.479822,exports
2026-04-01,AUSTRALIA AND OCEANIA,2709,Crude Petroleum Oils,True,177.933449,exports
2026-04-01,USMCA (NAFTA),2709,Crude Petroleum Oils,True,1182.737169,exports
2026-04-01,TWENTY LATIN AMERICAN REPUBLICS,2709,Crude Petroleum Oils,True,944.002013,exports
2026-04-01,OECD,2709,Crude Petroleum Oils,True,13363.138685,exports
2026-04-01,NATO,2709,Crude Petroleum Oils,True,8315.779258,exports
2026-04-01,LAFTA,2709,Crude Petroleum Oils,True,538.736029,exports
2026-04-01,EURO AREA,2709,Crude Petroleum Oils,True,6241.30017,exports
2026-04-01,APEC,2709,Crude Petroleum Oils,True,8406.360656,exports
2026-04-01,ASEAN,2709,Crude Petroleum Oils,True,1703.180607,exports
2026-04-01,CACM,2709,Crude Petroleum Oils,True,21.479822,exports
2026-04-01,CANADA,2709,Crude Petroleum Oils,True,1182.737169,exports
2026-04-01,NICARAGUA,2709,Crude Petroleum Oils,True,21.479822,exports
2026-04-01,PANAMA,2709,Crude Petroleum Oils,True,337.786162,exports
2026-04-01,DOMINICAN REPUBLIC,2709,Crude Petroleum Oils,True,46.0,exports
2026-04-01,CENTRAL AMERICA,2709,Crude Petroleum Oils,True,405.265984,exports
2026-04-01,SOUTH AMERICA,2709,Crude Petroleum Oils,True,538.736029,exports
2026-04-01,UNITED ARAB EMIRATES,3004,Medicaments Packaged,True,12.206045,exports
2026-04-01,OMAN,3004,Medicaments Packaged,True,1.337081,exports
2026-04-01,BAHRAIN,3004,Medicaments Packaged,True,0.929062,exports
2026-04-01,AFGHANISTAN,3004,Medicaments Packaged,True,0.0,exports
2026-04-01,INDIA,3004,Medicaments Packaged,True,23.854009,exports
2026-04-01,PAKISTAN,3004,Medicaments Packaged,True,0.006534,exports
2026-04-01,NEPAL,3004,Medicaments Packaged,True,0.008472,exports
2026-04-01,BANGLADESH,3004,Medicaments Packaged,True,0.293002,exports
2026-04-01,SRI LANKA,3004,Medicaments Packaged,True,1.058329,exports
2026-04-01,BURMA,3004,Medicaments Packaged,True,0.064474,exports
2026-04-01,THAILAND,3004,Medicaments Packaged,True,4.474508,exports
2026-04-01,VIETNAM,3004,Medicaments Packaged,True,9.060299,exports
2026-04-01,CAMBODIA,3004,Medicaments Packaged,True,0.045,exports
2026-04-01,MALAYSIA,3004,Medicaments Packaged,True,4.856809,exports
2026-04-01,SINGAPORE,3004,Medicaments Packaged,True,14.929857,exports
2026-04-01,INDONESIA,3004,Medicaments Packaged,True,2.226445,exports
2026-04-01,BRUNEI,3004,Medicaments Packaged,True,0.0,exports
2026-04-01,PHILIPPINES,3004,Medicaments Packaged,True,2.920264,exports
2026-04-01,MACAU,3004,Medicaments Packaged,True,0.0,exports
2026-04-01,MALDIVES,3004,Medicaments Packaged,True,0.0,exports
2026-04-01,CHINA,3004,Medicaments Packaged,True,159.941795,exports
2026-04-01,MONGOLIA,3004,Medicaments Packaged,True,0.252089,exports
2026-04-01,"KOREA, SOUTH",3004,Medicaments Packaged,True,233.118973,exports
2026-04-01,HONG KONG,3004,Medicaments Packaged,True,5.743743,exports
2026-04-01,TAIWAN,3004,Medicaments Packaged,True,13.84656,exports
2026-04-01,JAPAN,3004,Medicaments Packaged,True,101.756132,exports
2026-04-01,AUSTRALIA,3004,Medicaments Packaged,True,85.005257,exports
2026-04-01,CHRISTMAS ISLAND,3004,Medicaments Packaged,True,0.0108,exports
2026-04-01,PAPUA NEW GUINEA,3004,Medicaments Packaged,True,0.527402,exports
2026-04-01,NEW ZEALAND,3004,Medicaments Packaged,True,4.33697,exports
2026-04-01,SAMOA,3004,Medicaments Packaged,True,0.009364,exports
2026-04-01,VANUATU,3004,Medicaments Packaged,True,0.025375,exports
2026-04-01,ST KITTS AND NEVIS,3004,Medicaments Packaged,True,0.026364,exports
2026-04-01,ANTIGUA AND BARBUDA,3004,Medicaments Packaged,True,0.040804,exports
2026-04-01,DOMINICA,3004,Medicaments Packaged,True,0.023819,exports
2026-04-01,ST LUCIA,3004,Medicaments Packaged,True,0.078202,exports
2026-04-01,ST VINCENT AND THE GRENADINES,3004,Medicaments Packaged,True,0.009809,exports
2026-04-01,GRENADA,3004,Medicaments Packaged,True,0.005977,exports
2026-04-01,BARBADOS,3004,Medicaments Packaged,True,0.693425,exports
2026-04-01,TRINIDAD AND TOBAGO,3004,Medicaments Packaged,True,0.50224,exports
2026-04-01,SINT MAARTEN,3004,Medicaments Packaged,True,0.01018,exports
2026-04-01,CURACAO,3004,Medicaments Packaged,True,0.065625,exports
2026-04-01,ARUBA,3004,Medicaments Packaged,True,0.0819,exports
2026-04-01,COLOMBIA,3004,Medicaments Packaged,True,29.029147,exports
2026-04-01,VENEZUELA,3004,Medicaments Packaged,True,0.042215,exports
2026-04-01,GUYANA,3004,Medicaments Packaged,True,0.082613,exports
2026-04-01,SURINAME,3004,Medicaments Packaged,True,0.0,exports
2026-04-01,ECUADOR,3004,Medicaments Packaged,True,8.394424,exports
2026-04-01,PERU,3004,Medicaments Packaged,True,1.954368,exports
2026-04-01,BOLIVIA,3004,Medicaments Packaged,True,0.073463,exports
2026-04-01,CHILE,3004,Medicaments Packaged,True,12.107141,exports
2026-04-01,BRAZIL,3004,Medicaments Packaged,True,265.334751,exports
2026-04-01,PARAGUAY,3004,Medicaments Packaged,True,0.1701,exports
2026-04-01,URUGUAY,3004,Medicaments Packaged,True,2.786219,exports
2026-04-01,ARGENTINA,3004,Medicaments Packaged,True,35.823458,exports
2026-04-01,ICELAND,3004,Medicaments Packaged,True,0.058162,exports
2026-04-01,SWEDEN,3004,Medicaments Packaged,True,3.189839,exports
2026-04-01,NORWAY,3004,Medicaments Packaged,True,0.404832,exports
2026-04-01,FINLAND,3004,Medicaments Packaged,True,0.839651,exports
2026-04-01,DENMARK,3004,Medicaments Packaged,True,8.576036,exports
2026-04-01,UNITED KINGDOM,3004,Medicaments Packaged,True,190.947946,exports
2026-04-01,IRELAND,3004,Medicaments Packaged,True,78.524746,exports
2026-04-01,NETHERLANDS,3004,Medicaments Packaged,True,122.72186,exports
2026-04-01,BELGIUM,3004,Medicaments Packaged,True,128.743333,exports
2026-04-01,LUXEMBOURG,3004,Medicaments Packaged,True,0.040384,exports
2026-04-01,ANDORRA,3004,Medicaments Packaged,True,0.021903,exports
2026-04-01,FRANCE,3004,Medicaments Packaged,True,27.809438,exports
2026-04-01,GERMANY,3004,Medicaments Packaged,True,421.572587,exports
2026-04-01,AUSTRIA,3004,Medicaments Packaged,True,0.67472,exports
2026-04-01,CZECH REPUBLIC,3004,Medicaments Packaged,True,7.165493,exports
2026-04-01,MARSHALL ISLANDS,3004,Medicaments Packaged,True,0.0,exports
2026-04-01,PALAU,3004,Medicaments Packaged,True,0.020814,exports
2026-04-01,MOROCCO,3004,Medicaments Packaged,True,0.399574,exports
2026-04-01,ALGERIA,3004,Medicaments Packaged,True,0.025412,exports
2026-04-01,TUNISIA,3004,Medicaments Packaged,True,0.233644,exports
2026-04-01,LIBYA,3004,Medicaments Packaged,True,0.0,exports
2026-04-01,EGYPT,3004,Medicaments Packaged,True,8.769903,exports
2026-04-01,SUDAN,3004,Medicaments Packaged,True,0.0,exports
2026-04-01,SENEGAL,3004,Medicaments Packaged,True,0.0,exports
2026-04-01,SIERRA LEONE,3004,Medicaments Packaged,True,0.02277,exports
2026-04-01,GHANA,3004,Medicaments Packaged,True,0.0,exports
2026-04-01,GAMBIA,3004,Medicaments Packaged,True,0.0,exports
2026-04-01,NIGER,3004,Medicaments Packaged,True,0.038065,exports
2026-04-01,NIGERIA,3004,Medicaments Packaged,True,0.087001,exports
2026-04-01,CENTRAL AFRICAN REPUBLIC,3004,Medicaments Packaged,True,0.0,exports
2026-04-01,GABON,3004,Medicaments Packaged,True,0.0,exports
2026-04-01,CHAD,3004,Medicaments Packaged,True,0.0,exports
2026-04-01,CONGO,3004,Medicaments Packaged,True,0.059899,exports
2026-04-01,RWANDA,3004,Medicaments Packaged,True,0.025175,exports
2026-04-01,SOMALIA,3004,Medicaments Packaged,True,0.021117,exports
2026-04-01,ETHIOPIA,3004,Medicaments Packaged,True,0.0,exports
2026-04-01,UGANDA,3004,Medicaments Packaged,True,0.0,exports
2026-04-01,KENYA,3004,Medicaments Packaged,True,0.112572,exports
2026-04-01,BRITISH VIRGIN ISLANDS,3004,Medicaments Packaged,True,0.044112,exports
2026-04-01,SLOVAKIA,3004,Medicaments Packaged,True,0.034718,exports
2026-04-01,HUNGARY,3004,Medicaments Packaged,True,2.770856,exports
2026-04-01,SWITZERLAND,3004,Medicaments Packaged,True,35.55495,exports
2026-04-01,ESTONIA,3004,Medicaments Packaged,True,0.221943,exports
2026-04-01,LATVIA,3004,Medicaments Packaged,True,0.250387,exports
2026-04-01,LITHUANIA,3004,Medicaments Packaged,True,0.057838,exports
2026-04-01,POLAND,3004,Medicaments Packaged,True,0.832829,exports
2026-04-01,RUSSIA,3004,Medicaments Packaged,True,3.58322,exports
2026-04-01,UKRAINE,3004,Medicaments Packaged,True,0.098463,exports
2026-04-01,ARMENIA,3004,Medicaments Packaged,True,0.140515,exports
2026-04-01,AZERBAIJAN,3004,Medicaments Packaged,True,0.0,exports
2026-04-01,GEORGIA,3004,Medicaments Packaged,True,0.05676,exports
2026-04-01,KAZAKHSTAN,3004,Medicaments Packaged,True,0.050494,exports
2026-04-01,KYRGYZSTAN,3004,Medicaments Packaged,True,0.258801,exports
2026-04-01,MOLDOVA,3004,Medicaments Packaged,True,0.058892,exports
2026-04-01,UZBEKISTAN,3004,Medicaments Packaged,True,0.006971,exports
2026-04-01,SPAIN,3004,Medicaments Packaged,True,45.046728,exports
2026-04-01,PORTUGAL,3004,Medicaments Packaged,True,2.951563,exports
2026-04-01,MALTA,3004,Medicaments Packaged,True,0.07327,exports
2026-04-01,ITALY,3004,Medicaments Packaged,True,21.775436,exports
2026-04-01,CROATIA,3004,Medicaments Packaged,True,0.266725,exports
2026-04-01,SLOVENIA,3004,Medicaments Packaged,True,0.521604,exports
2026-04-01,BOSNIA AND HERZEGOVINA,3004,Medicaments Packaged,True,0.0,exports
2026-04-01,MACEDONIA,3004,Medicaments Packaged,True,0.0,exports
2026-04-01,SERBIA,3004,Medicaments Packaged,True,0.506288,exports
2026-04-01,KOSOVO,3004,Medicaments Packaged,True,0.0,exports
2026-04-01,ALBANIA,3004,Medicaments Packaged,True,0.003259,exports
2026-04-01,GREECE,3004,Medicaments Packaged,True,1.803007,exports
2026-04-01,ROMANIA,3004,Medicaments Packaged,True,0.403826,exports
2026-04-01,BULGARIA,3004,Medicaments Packaged,True,0.272784,exports
2026-04-01,TURKEY,3004,Medicaments Packaged,True,6.675535,exports
2026-04-01,CYPRUS,3004,Medicaments Packaged,True,0.003528,exports
2026-04-01,LEBANON,3004,Medicaments Packaged,True,0.386059,exports
2026-04-01,IRAQ,3004,Medicaments Packaged,True,4.868913,exports
2026-04-01,IRAN,3004,Medicaments Packaged,True,0.0,exports
2026-04-01,ISRAEL,3004,Medicaments Packaged,True,30.616993,exports
2026-04-01,WEST BANK ADMINISTERED BY ISRAEL,3004,Medicaments Packaged,True,0.0,exports
2026-04-01,JORDAN,3004,Medicaments Packaged,True,1.636942,exports
2026-04-01,KUWAIT,3004,Medicaments Packaged,True,1.92355,exports
2026-04-01,SAUDI ARABIA,3004,Medicaments Packaged,True,24.94742,exports
2026-04-01,QATAR,3004,Medicaments Packaged,True,0.916767,exports
2026-04-01,TOTAL FOR ALL COUNTRIES,3004,Medicaments Packaged,True,2606.76372,exports
2026-04-01,EUROPEAN UNION,3004,Medicaments Packaged,True,877.145129,exports
2026-04-01,NORTH AMERICA,3004,Medicaments Packaged,True,356.262079,exports
2026-04-01,EUROPE,3004,Medicaments Packaged,True,1115.57212,exports
2026-04-01,AFRICA,3004,Medicaments Packaged,True,15.975755,exports
2026-04-01,PACIFIC RIM COUNTRIES,3004,Medicaments Packaged,True,629.210207,exports
2026-04-01,ASIA,3004,Medicaments Packaged,True,658.226126,exports
2026-04-01,CAFTA-DR,3004,Medicaments Packaged,True,4.256613,exports
2026-04-01,AUSTRALIA AND OCEANIA,3004,Medicaments Packaged,True,89.935982,exports
2026-04-01,USMCA (NAFTA),3004,Medicaments Packaged,True,356.262079,exports
2026-04-01,TWENTY LATIN AMERICAN REPUBLICS,3004,Medicaments Packaged,True,445.474178,exports
2026-04-01,OECD,3004,Medicaments Packaged,True,1963.570728,exports
2026-04-01,NATO,3004,Medicaments Packaged,True,1272.617084,exports
2026-04-01,LAFTA,3004,Medicaments Packaged,True,435.31888,exports
2026-04-01,EURO AREA,3004,Medicaments Packaged,True,854.20625,exports
2026-04-01,APEC,3004,Medicaments Packaged,True,1016.651822,exports
2026-04-01,ASEAN,3004,Medicaments Packaged,True,38.577656,exports
2026-04-01,CACM,3004,Medicaments Packaged,True,3.815288,exports
2026-04-01,CANADA,3004,Medicaments Packaged,True,276.658485,exports
2026-04-01,MEXICO,3004,Medicaments Packaged,True,79.603594,exports
2026-04-01,GUATEMALA,3004,Medicaments Packaged,True,0.434386,exports
2026-04-01,BELIZE,3004,Medicaments Packaged,True,1.750356,exports
2026-04-01,EL SALVADOR,3004,Medicaments Packaged,True,0.245103,exports
2026-04-01,HONDURAS,3004,Medicaments Packaged,True,1.467459,exports
2026-04-01,NICARAGUA,3004,Medicaments Packaged,True,0.096725,exports
2026-04-01,COSTA RICA,3004,Medicaments Packaged,True,1.571615,exports
2026-04-01,PANAMA,3004,Medicaments Packaged,True,5.898685,exports
2026-04-01,BERMUDA,3004,Medicaments Packaged,True,0.348822,exports
2026-04-01,BAHAMAS,3004,Medicaments Packaged,True,0.403064,exports
2026-04-01,JAMAICA,3004,Medicaments Packaged,True,0.132073,exports
2026-04-01,TURKS AND CAICOS ISLANDS,3004,Medicaments Packaged,True,0.09147,exports
2026-04-01,CAYMAN ISLANDS,3004,Medicaments Packaged,True,0.530219,exports
2026-04-01,HAITI,3004,Medicaments Packaged,True,0.0,exports
2026-04-01,DOMINICAN REPUBLIC,3004,Medicaments Packaged,True,0.441325,exports
2026-04-01,ANGUILLA,3004,Medicaments Packaged,True,0.0,exports
2026-04-01,SEYCHELLES,3004,Medicaments Packaged,True,0.006105,exports
2026-04-01,TANZANIA,3004,Medicaments Packaged,True,0.0,exports
2026-04-01,MAURITIUS,3004,Medicaments Packaged,True,0.086699,exports
2026-04-01,MOZAMBIQUE,3004,Medicaments Packaged,True,0.0,exports
2026-04-01,SOUTH AFRICA,3004,Medicaments Packaged,True,6.084575,exports
2026-04-01,NAMIBIA,3004,Medicaments Packaged,True,0.0,exports
2026-04-01,BOTSWANA,3004,Medicaments Packaged,True,0.003244,exports
2026-04-01,ZAMBIA,3004,Medicaments Packaged,True,0.0,exports
2026-04-01,ZIMBABWE,3004,Medicaments Packaged,True,0.0,exports
2026-04-01,MALAWI,3004,Medicaments Packaged,True,0.0,exports
2026-04-01,CENTRAL AMERICA,3004,Medicaments Packaged,True,14.993759,exports
2026-04-01,SOUTH AMERICA,3004,Medicaments Packaged,True,355.797899,exports
2026-04-01,UNITED ARAB EMIRATES,8517,Telephone Sets & Network Equipment,True,207.382465,exports
2026-04-01,YEMEN,8517,Telephone Sets & Network Equipment,True,0.0,exports
2026-04-01,OMAN,8517,Telephone Sets & Network Equipment,True,0.674734,exports
2026-04-01,BAHRAIN,8517,Telephone Sets & Network Equipment,True,0.344877,exports
2026-04-01,AFGHANISTAN,8517,Telephone Sets & Network Equipment,True,0.00577,exports
2026-04-01,INDIA,8517,Telephone Sets & Network Equipment,True,42.300618,exports
2026-04-01,PAKISTAN,8517,Telephone Sets & Network Equipment,True,0.259828,exports
2026-04-01,NEPAL,8517,Telephone Sets & Network Equipment,True,0.028965,exports
2026-04-01,BANGLADESH,8517,Telephone Sets & Network Equipment,True,8.348334,exports
2026-04-01,SRI LANKA,8517,Telephone Sets & Network Equipment,True,0.11648,exports
2026-04-01,BURMA,8517,Telephone Sets & Network Equipment,True,0.014707,exports
2026-04-01,THAILAND,8517,Telephone Sets & Network Equipment,True,40.073313,exports
2026-04-01,VIETNAM,8517,Telephone Sets & Network Equipment,True,142.5571,exports
2026-04-01,LAOS,8517,Telephone Sets & Network Equipment,True,0.027052,exports
2026-04-01,CAMBODIA,8517,Telephone Sets & Network Equipment,True,0.011321,exports
2026-04-01,MALAYSIA,8517,Telephone Sets & Network Equipment,True,50.139717,exports
2026-04-01,SINGAPORE,8517,Telephone Sets & Network Equipment,True,116.38719,exports
2026-04-01,INDONESIA,8517,Telephone Sets & Network Equipment,True,11.714485,exports
2026-04-01,TIMOR-LESTE,8517,Telephone Sets & Network Equipment,True,0.39312,exports
2026-04-01,BRUNEI,8517,Telephone Sets & Network Equipment,True,0.244206,exports
2026-04-01,PHILIPPINES,8517,Telephone Sets & Network Equipment,True,64.589227,exports
2026-04-01,MACAU,8517,Telephone Sets & Network Equipment,True,0.574766,exports
2026-04-01,BHUTAN,8517,Telephone Sets & Network Equipment,True,0.018623,exports
2026-04-01,MALDIVES,8517,Telephone Sets & Network Equipment,True,0.026361,exports
2026-04-01,CHINA,8517,Telephone Sets & Network Equipment,True,57.639511,exports
2026-04-01,MONGOLIA,8517,Telephone Sets & Network Equipment,True,0.541036,exports
2026-04-01,"KOREA, SOUTH",8517,Telephone Sets & Network Equipment,True,32.008419,exports
2026-04-01,HONG KONG,8517,Telephone Sets & Network Equipment,True,466.392311,exports
2026-04-01,TAIWAN,8517,Telephone Sets & Network Equipment,True,88.456656,exports
2026-04-01,JAPAN,8517,Telephone Sets & Network Equipment,True,73.405953,exports
2026-04-01,AUSTRALIA,8517,Telephone Sets & Network Equipment,True,84.248737,exports
2026-04-01,CHRISTMAS ISLAND,8517,Telephone Sets & Network Equipment,True,0.0,exports
2026-04-01,PAPUA NEW GUINEA,8517,Telephone Sets & Network Equipment,True,0.071781,exports
2026-04-01,NEW ZEALAND,8517,Telephone Sets & Network Equipment,True,5.849388,exports
2026-04-01,SAMOA,8517,Telephone Sets & Network Equipment,True,0.046466,exports
2026-04-01,SOLOMON ISLANDS,8517,Telephone Sets & Network Equipment,True,0.0,exports
2026-04-01,VANUATU,8517,Telephone Sets & Network Equipment,True,0.002589,exports
2026-04-01,NEW CALEDONIA,8517,Telephone Sets & Network Equipment,True,0.0,exports
2026-04-01,FRENCH POLYNESIA,8517,Telephone Sets & Network Equipment,True,0.084337,exports
2026-04-01,ST KITTS AND NEVIS,8517,Telephone Sets & Network Equipment,True,0.15652,exports
2026-04-01,ANTIGUA AND BARBUDA,8517,Telephone Sets & Network Equipment,True,0.314215,exports
2026-04-01,MONTSERRAT,8517,Telephone Sets & Network Equipment,True,0.023338,exports
2026-04-01,DOMINICA,8517,Telephone Sets & Network Equipment,True,0.119281,exports
2026-04-01,ST LUCIA,8517,Telephone Sets & Network Equipment,True,0.483785,exports
2026-04-01,ST VINCENT AND THE GRENADINES,8517,Telephone Sets & Network Equipment,True,0.082732,exports
2026-04-01,GRENADA,8517,Telephone Sets & Network Equipment,True,0.350722,exports
2026-04-01,BARBADOS,8517,Telephone Sets & Network Equipment,True,1.012324,exports
2026-04-01,TRINIDAD AND TOBAGO,8517,Telephone Sets & Network Equipment,True,2.955668,exports
2026-04-01,SINT MAARTEN,8517,Telephone Sets & Network Equipment,True,0.710506,exports
2026-04-01,CURACAO,8517,Telephone Sets & Network Equipment,True,9.437017,exports
2026-04-01,ARUBA,8517,Telephone Sets & Network Equipment,True,1.149008,exports
2026-04-01,GUADELOUPE,8517,Telephone Sets & Network Equipment,True,0.328841,exports
2026-04-01,MARTINIQUE,8517,Telephone Sets & Network Equipment,True,0.124615,exports
2026-04-01,COLOMBIA,8517,Telephone Sets & Network Equipment,True,39.44224,exports
2026-04-01,VENEZUELA,8517,Telephone Sets & Network Equipment,True,15.311697,exports
2026-04-01,GUYANA,8517,Telephone Sets & Network Equipment,True,6.613953,exports
2026-04-01,SURINAME,8517,Telephone Sets & Network Equipment,True,1.119219,exports
2026-04-01,FRENCH GUIANA,8517,Telephone Sets & Network Equipment,True,0.153172,exports
2026-04-01,ECUADOR,8517,Telephone Sets & Network Equipment,True,10.364659,exports
2026-04-01,PERU,8517,Telephone Sets & Network Equipment,True,44.296989,exports
2026-04-01,BOLIVIA,8517,Telephone Sets & Network Equipment,True,3.343334,exports
2026-04-01,CHILE,8517,Telephone Sets & Network Equipment,True,36.055091,exports
2026-04-01,BRAZIL,8517,Telephone Sets & Network Equipment,True,85.51823,exports
2026-04-01,PARAGUAY,8517,Telephone Sets & Network Equipment,True,331.214146,exports
2026-04-01,URUGUAY,8517,Telephone Sets & Network Equipment,True,13.932699,exports
2026-04-01,ARGENTINA,8517,Telephone Sets & Network Equipment,True,37.349312,exports
2026-04-01,ICELAND,8517,Telephone Sets & Network Equipment,True,10.29502,exports
2026-04-01,SWEDEN,8517,Telephone Sets & Network Equipment,True,30.681971,exports
2026-04-01,NORWAY,8517,Telephone Sets & Network Equipment,True,13.496066,exports
2026-04-01,FINLAND,8517,Telephone Sets & Network Equipment,True,7.156336,exports
2026-04-01,DENMARK,8517,Telephone Sets & Network Equipment,True,7.604501,exports
2026-04-01,UNITED KINGDOM,8517,Telephone Sets & Network Equipment,True,116.595964,exports
2026-04-01,IRELAND,8517,Telephone Sets & Network Equipment,True,19.404035,exports
2026-04-01,NETHERLANDS,8517,Telephone Sets & Network Equipment,True,297.361491,exports
2026-04-01,BELGIUM,8517,Telephone Sets & Network Equipment,True,22.893019,exports
2026-04-01,LUXEMBOURG,8517,Telephone Sets & Network Equipment,True,1.232571,exports
2026-04-01,MONACO,8517,Telephone Sets & Network Equipment,True,0.0,exports
2026-04-01,FRANCE,8517,Telephone Sets & Network Equipment,True,42.335464,exports
2026-04-01,GERMANY,8517,Telephone Sets & Network Equipment,True,111.207283,exports
2026-04-01,AUSTRIA,8517,Telephone Sets & Network Equipment,True,2.738019,exports
2026-04-01,CZECH REPUBLIC,8517,Telephone Sets & Network Equipment,True,18.154927,exports
2026-04-01,MARSHALL ISLANDS,8517,Telephone Sets & Network Equipment,True,0.057525,exports
2026-04-01,MICRONESIA,8517,Telephone Sets & Network Equipment,True,0.03501,exports
2026-04-01,PALAU,8517,Telephone Sets & Network Equipment,True,0.032401,exports
2026-04-01,FIJI,8517,Telephone Sets & Network Equipment,True,0.098331,exports
2026-04-01,TONGA,8517,Telephone Sets & Network Equipment,True,0.008766,exports
2026-04-01,MOROCCO,8517,Telephone Sets & Network Equipment,True,0.829287,exports
2026-04-01,ALGERIA,8517,Telephone Sets & Network Equipment,True,0.253548,exports
2026-04-01,TUNISIA,8517,Telephone Sets & Network Equipment,True,0.00575,exports
2026-04-01,LIBYA,8517,Telephone Sets & Network Equipment,True,1.072523,exports
2026-04-01,EGYPT,8517,Telephone Sets & Network Equipment,True,3.922138,exports
2026-04-01,SOUTH SUDAN,8517,Telephone Sets & Network Equipment,True,0.0,exports
2026-04-01,EQUATORIAL GUINEA,8517,Telephone Sets & Network Equipment,True,0.016151,exports
2026-04-01,MAURITANIA,8517,Telephone Sets & Network Equipment,True,0.0,exports
2026-04-01,CAMEROON,8517,Telephone Sets & Network Equipment,True,0.11592,exports
2026-04-01,SENEGAL,8517,Telephone Sets & Network Equipment,True,3.245629,exports
2026-04-01,MALI,8517,Telephone Sets & Network Equipment,True,0.030773,exports
2026-04-01,GUINEA,8517,Telephone Sets & Network Equipment,True,0.0,exports
2026-04-01,SIERRA LEONE,8517,Telephone Sets & Network Equipment,True,0.058674,exports
2026-04-01,COTE D'IVOIRE,8517,Telephone Sets & Network Equipment,True,0.098249,exports
2026-04-01,GHANA,8517,Telephone Sets & Network Equipment,True,0.640847,exports
2026-04-01,GAMBIA,8517,Telephone Sets & Network Equipment,True,0.004434,exports
2026-04-01,NIGER,8517,Telephone Sets & Network Equipment,True,0.07194,exports
2026-04-01,TOGO,8517,Telephone Sets & Network Equipment,True,0.108822,exports
2026-04-01,NIGERIA,8517,Telephone Sets & Network Equipment,True,1.374582,exports
2026-04-01,CENTRAL AFRICAN REPUBLIC,8517,Telephone Sets & Network Equipment,True,0.0,exports
2026-04-01,GABON,8517,Telephone Sets & Network Equipment,True,0.06891,exports
2026-04-01,CHAD,8517,Telephone Sets & Network Equipment,True,0.0,exports
2026-04-01,ST HELENA,8517,Telephone Sets & Network Equipment,True,0.0,exports
2026-04-01,BURKINA FASO,8517,Telephone Sets & Network Equipment,True,0.0,exports
2026-04-01,BENIN,8517,Telephone Sets & Network Equipment,True,0.144384,exports
2026-04-01,ANGOLA,8517,Telephone Sets & Network Equipment,True,0.144939,exports
2026-04-01,CONGO,8517,Telephone Sets & Network Equipment,True,0.0,exports
2026-04-01,GUINEA-BISSAU,8517,Telephone Sets & Network Equipment,True,0.0,exports
2026-04-01,CABO VERDE,8517,Telephone Sets & Network Equipment,True,0.020477,exports
2026-04-01,SAO TOME AND PRINCIPE,8517,Telephone Sets & Network Equipment,True,0.0,exports
2026-04-01,LIBERIA,8517,Telephone Sets & Network Equipment,True,0.006475,exports
2026-04-01,DEMOCRATIC REPUBLIC OF THE CONGO,8517,Telephone Sets & Network Equipment,True,2.064035,exports
2026-04-01,BURUNDI,8517,Telephone Sets & Network Equipment,True,0.0,exports
2026-04-01,RWANDA,8517,Telephone Sets & Network Equipment,True,0.024251,exports
2026-04-01,SOMALIA,8517,Telephone Sets & Network Equipment,True,0.2845,exports
2026-04-01,ETHIOPIA,8517,Telephone Sets & Network Equipment,True,0.194341,exports
2026-04-01,DJIBOUTI,8517,Telephone Sets & Network Equipment,True,0.56415,exports
2026-04-01,UGANDA,8517,Telephone Sets & Network Equipment,True,0.86367,exports
2026-04-01,KENYA,8517,Telephone Sets & Network Equipment,True,1.217723,exports
2026-04-01,BRITISH VIRGIN ISLANDS,8517,Telephone Sets & Network Equipment,True,0.282364,exports
2026-04-01,SLOVAKIA,8517,Telephone Sets & Network Equipment,True,0.897197,exports
2026-04-01,HUNGARY,8517,Telephone Sets & Network Equipment,True,36.094217,exports
2026-04-01,LIECHTENSTEIN,8517,Telephone Sets & Network Equipment,True,0.0,exports
2026-04-01,SWITZERLAND,8517,Telephone Sets & Network Equipment,True,8.162974,exports
2026-04-01,ESTONIA,8517,Telephone Sets & Network Equipment,True,0.87036,exports
2026-04-01,LATVIA,8517,Telephone Sets & Network Equipment,True,1.896635,exports
2026-04-01,LITHUANIA,8517,Telephone Sets & Network Equipment,True,0.268021,exports
2026-04-01,POLAND,8517,Telephone Sets & Network Equipment,True,22.505751,exports
2026-04-01,RUSSIA,8517,Telephone Sets & Network Equipment,True,0.06702,exports
2026-04-01,BELARUS,8517,Telephone Sets & Network Equipment,True,0.0,exports
2026-04-01,UKRAINE,8517,Telephone Sets & Network Equipment,True,23.755758,exports
2026-04-01,ARMENIA,8517,Telephone Sets & Network Equipment,True,0.157454,exports
2026-04-01,AZERBAIJAN,8517,Telephone Sets & Network Equipment,True,0.130789,exports
2026-04-01,GEORGIA,8517,Telephone Sets & Network Equipment,True,0.761042,exports
2026-04-01,KAZAKHSTAN,8517,Telephone Sets & Network Equipment,True,1.404092,exports
2026-04-01,KYRGYZSTAN,8517,Telephone Sets & Network Equipment,True,0.172916,exports
2026-04-01,MOLDOVA,8517,Telephone Sets & Network Equipment,True,0.056369,exports
2026-04-01,TAJIKISTAN,8517,Telephone Sets & Network Equipment,True,0.032547,exports
2026-04-01,TURKMENISTAN,8517,Telephone Sets & Network Equipment,True,0.054276,exports
2026-04-01,UZBEKISTAN,8517,Telephone Sets & Network Equipment,True,0.32255,exports
2026-04-01,SPAIN,8517,Telephone Sets & Network Equipment,True,21.348149,exports
2026-04-01,PORTUGAL,8517,Telephone Sets & Network Equipment,True,3.171702,exports
2026-04-01,GIBRALTAR,8517,Telephone Sets & Network Equipment,True,0.0,exports
2026-04-01,MALTA,8517,Telephone Sets & Network Equipment,True,0.317014,exports
2026-04-01,SAN MARINO,8517,Telephone Sets & Network Equipment,True,0.0,exports
2026-04-01,ITALY,8517,Telephone Sets & Network Equipment,True,26.070684,exports
2026-04-01,CROATIA,8517,Telephone Sets & Network Equipment,True,0.194107,exports
2026-04-01,SLOVENIA,8517,Telephone Sets & Network Equipment,True,0.425301,exports
2026-04-01,BOSNIA AND HERZEGOVINA,8517,Telephone Sets & Network Equipment,True,0.012546,exports
2026-04-01,MACEDONIA,8517,Telephone Sets & Network Equipment,True,0.008273,exports
2026-04-01,SERBIA,8517,Telephone Sets & Network Equipment,True,0.271767,exports
2026-04-01,KOSOVO,8517,Telephone Sets & Network Equipment,True,0.004948,exports
2026-04-01,MONTENEGRO,8517,Telephone Sets & Network Equipment,True,0.0,exports
2026-04-01,ALBANIA,8517,Telephone Sets & Network Equipment,True,0.03495,exports
2026-04-01,GREECE,8517,Telephone Sets & Network Equipment,True,1.292336,exports
2026-04-01,ROMANIA,8517,Telephone Sets & Network Equipment,True,7.880159,exports
2026-04-01,BULGARIA,8517,Telephone Sets & Network Equipment,True,0.857452,exports
2026-04-01,TURKEY,8517,Telephone Sets & Network Equipment,True,10.692991,exports
2026-04-01,CYPRUS,8517,Telephone Sets & Network Equipment,True,0.083888,exports
2026-04-01,LEBANON,8517,Telephone Sets & Network Equipment,True,0.231971,exports
2026-04-01,IRAQ,8517,Telephone Sets & Network Equipment,True,0.230479,exports
2026-04-01,IRAN,8517,Telephone Sets & Network Equipment,True,0.0,exports
2026-04-01,ISRAEL,8517,Telephone Sets & Network Equipment,True,34.843861,exports
2026-04-01,JORDAN,8517,Telephone Sets & Network Equipment,True,1.844741,exports
2026-04-01,KUWAIT,8517,Telephone Sets & Network Equipment,True,0.791821,exports
2026-04-01,SAUDI ARABIA,8517,Telephone Sets & Network Equipment,True,14.033992,exports
2026-04-01,QATAR,8517,Telephone Sets & Network Equipment,True,11.310329,exports
2026-04-01,TOTAL FOR ALL COUNTRIES,8517,Telephone Sets & Network Equipment,True,4109.113859,exports
2026-04-01,EUROPEAN UNION,8517,Telephone Sets & Network Equipment,True,684.94259,exports
2026-04-01,NORTH AMERICA,8517,Telephone Sets & Network Equipment,True,898.87047,exports
2026-04-01,EUROPE,8517,Telephone Sets & Network Equipment,True,871.432902,exports
2026-04-01,AFRICA,8517,Telephone Sets & Network Equipment,True,33.218227,exports
2026-04-01,PACIFIC RIM COUNTRIES,8517,Telephone Sets & Network Equipment,True,1051.722347,exports
2026-04-01,ASIA,8517,Telephone Sets & Network Equipment,True,1467.964339,exports
2026-04-01,CAFTA-DR,8517,Telephone Sets & Network Equipment,True,82.582543,exports
2026-04-01,AUSTRALIA AND OCEANIA,8517,Telephone Sets & Network Equipment,True,90.535331,exports
2026-04-01,USMCA (NAFTA),8517,Telephone Sets & Network Equipment,True,898.859973,exports
2026-04-01,TWENTY LATIN AMERICAN REPUBLICS,8517,Telephone Sets & Network Equipment,True,1273.273922,exports
2026-04-01,OECD,8517,Telephone Sets & Network Equipment,True,2062.608701,exports
2026-04-01,NATO,8517,Telephone Sets & Network Equipment,True,1151.60838,exports
2026-04-01,LAFTA,8517,Telephone Sets & Network Equipment,True,1177.602888,exports
2026-04-01,EURO AREA,8517,Telephone Sets & Network Equipment,True,562.021064,exports
2026-04-01,APEC,8517,Telephone Sets & Network Equipment,True,2213.057067,exports
2026-04-01,ASEAN,8517,Telephone Sets & Network Equipment,True,425.758318,exports
2026-04-01,CACM,8517,Telephone Sets & Network Equipment,True,64.261576,exports
2026-04-01,GREENLAND,8517,Telephone Sets & Network Equipment,True,0.010497,exports
2026-04-01,CANADA,8517,Telephone Sets & Network Equipment,True,338.085482,exports
2026-04-01,MEXICO,8517,Telephone Sets & Network Equipment,True,560.774491,exports
2026-04-01,GUATEMALA,8517,Telephone Sets & Network Equipment,True,15.108223,exports
2026-04-01,BELIZE,8517,Telephone Sets & Network Equipment,True,0.337875,exports
2026-04-01,EL SALVADOR,8517,Telephone Sets & Network Equipment,True,12.959559,exports
2026-04-01,HONDURAS,8517,Telephone Sets & Network Equipment,True,7.245757,exports
2026-04-01,NICARAGUA,8517,Telephone Sets & Network Equipment,True,5.905983,exports
2026-04-01,COSTA RICA,8517,Telephone Sets & Network Equipment,True,23.042054,exports
2026-04-01,PANAMA,8517,Telephone Sets & Network Equipment,True,12.159417,exports
2026-04-01,BERMUDA,8517,Telephone Sets & Network Equipment,True,2.04867,exports
2026-04-01,BAHAMAS,8517,Telephone Sets & Network Equipment,True,1.282834,exports
2026-04-01,CUBA,8517,Telephone Sets & Network Equipment,True,0.142335,exports
2026-04-01,JAMAICA,8517,Telephone Sets & Network Equipment,True,4.409529,exports
2026-04-01,TURKS AND CAICOS ISLANDS,8517,Telephone Sets & Network Equipment,True,0.238094,exports
2026-04-01,CAYMAN ISLANDS,8517,Telephone Sets & Network Equipment,True,0.840389,exports
2026-04-01,HAITI,8517,Telephone Sets & Network Equipment,True,0.786739,exports
2026-04-01,DOMINICAN REPUBLIC,8517,Telephone Sets & Network Equipment,True,18.320967,exports
2026-04-01,ANGUILLA,8517,Telephone Sets & Network Equipment,True,0.018488,exports
2026-04-01,SEYCHELLES,8517,Telephone Sets & Network Equipment,True,0.0,exports
2026-04-01,BRITISH INDIAN OCEAN TERRITORIES,8517,Telephone Sets & Network Equipment,True,0.004664,exports
2026-04-01,TANZANIA,8517,Telephone Sets & Network Equipment,True,0.038875,exports
2026-04-01,MAURITIUS,8517,Telephone Sets & Network Equipment,True,0.090112,exports
2026-04-01,MOZAMBIQUE,8517,Telephone Sets & Network Equipment,True,0.863427,exports
2026-04-01,MADAGASCAR,8517,Telephone Sets & Network Equipment,True,0.046175,exports
2026-04-01,COMOROS,8517,Telephone Sets & Network Equipment,True,0.0,exports
2026-04-01,REUNION,8517,Telephone Sets & Network Equipment,True,0.197952,exports
2026-04-01,SOUTH AFRICA,8517,Telephone Sets & Network Equipment,True,12.822897,exports
2026-04-01,NAMIBIA,8517,Telephone Sets & Network Equipment,True,0.228914,exports
2026-04-01,BOTSWANA,8517,Telephone Sets & Network Equipment,True,0.195653,exports
2026-04-01,ZAMBIA,8517,Telephone Sets & Network Equipment,True,0.10856,exports
2026-04-01,ESWATINI,8517,Telephone Sets & Network Equipment,True,0.020732,exports
2026-04-01,ZIMBABWE,8517,Telephone Sets & Network Equipment,True,1.055235,exports
2026-04-01,MALAWI,8517,Telephone Sets & Network Equipment,True,0.012876,exports
2026-04-01,LESOTHO,8517,Telephone Sets & Network Equipment,True,0.085033,exports
2026-04-01,CENTRAL AMERICA,8517,Telephone Sets & Network Equipment,True,122.377849,exports
2026-04-01,SOUTH AMERICA,8517,Telephone Sets & Network Equipment,True,624.714741,exports
2026-04-01,UNITED ARAB EMIRATES,8471,Automatic Data Processing Machines,True,164.929456,exports
2026-04-01,YEMEN,8471,Automatic Data Processing Machines,True,0.015179,exports
2026-04-01,OMAN,8471,Automatic Data Processing Machines,True,0.446889,exports
2026-04-01,BAHRAIN,8471,Automatic Data Processing Machines,True,0.072884,exports
2026-04-01,AFGHANISTAN,8471,Automatic Data Processing Machines,True,0.0,exports
2026-04-01,INDIA,8471,Automatic Data Processing Machines,True,288.373112,exports
2026-04-01,PAKISTAN,8471,Automatic Data Processing Machines,True,2.209887,exports
2026-04-01,NEPAL,8471,Automatic Data Processing Machines,True,0.487767,exports
2026-04-01,BANGLADESH,8471,Automatic Data Processing Machines,True,0.272088,exports
2026-04-01,SRI LANKA,8471,Automatic Data Processing Machines,True,0.051191,exports
2026-04-01,BURMA,8471,Automatic Data Processing Machines,True,0.00315,exports
2026-04-01,THAILAND,8471,Automatic Data Processing Machines,True,65.047615,exports
2026-04-01,VIETNAM,8471,Automatic Data Processing Machines,True,31.666755,exports
2026-04-01,LAOS,8471,Automatic Data Processing Machines,True,0.0,exports
2026-04-01,CAMBODIA,8471,Automatic Data Processing Machines,True,0.03105,exports
2026-04-01,MALAYSIA,8471,Automatic Data Processing Machines,True,1035.969486,exports
2026-04-01,SINGAPORE,8471,Automatic Data Processing Machines,True,256.172756,exports
2026-04-01,INDONESIA,8471,Automatic Data Processing Machines,True,11.097569,exports
2026-04-01,TIMOR-LESTE,8471,Automatic Data Processing Machines,True,0.0,exports
2026-04-01,BRUNEI,8471,Automatic Data Processing Machines,True,0.117643,exports
2026-04-01,PHILIPPINES,8471,Automatic Data Processing Machines,True,11.249572,exports
2026-04-01,MACAU,8471,Automatic Data Processing Machines,True,0.242905,exports
2026-04-01,MALDIVES,8471,Automatic Data Processing Machines,True,0.183027,exports
2026-04-01,CHINA,8471,Automatic Data Processing Machines,True,66.000016,exports
2026-04-01,MONGOLIA,8471,Automatic Data Processing Machines,True,0.352868,exports
2026-04-01,"KOREA, SOUTH",8471,Automatic Data Processing Machines,True,45.446647,exports
2026-04-01,HONG KONG,8471,Automatic Data Processing Machines,True,139.608873,exports
2026-04-01,TAIWAN,8471,Automatic Data Processing Machines,True,385.743739,exports
2026-04-01,JAPAN,8471,Automatic Data Processing Machines,True,246.578318,exports
2026-04-01,AUSTRALIA,8471,Automatic Data Processing Machines,True,417.495855,exports
2026-04-01,PAPUA NEW GUINEA,8471,Automatic Data Processing Machines,True,0.051571,exports
2026-04-01,NEW ZEALAND,8471,Automatic Data Processing Machines,True,5.900154,exports
2026-04-01,COOK ISLANDS,8471,Automatic Data Processing Machines,True,0.0,exports
2026-04-01,SAMOA,8471,Automatic Data Processing Machines,True,0.042189,exports
2026-04-01,SOLOMON ISLANDS,8471,Automatic Data Processing Machines,True,0.012796,exports
2026-04-01,VANUATU,8471,Automatic Data Processing Machines,True,0.157654,exports
2026-04-01,KIRIBATI,8471,Automatic Data Processing Machines,True,0.01872,exports
2026-04-01,NEW CALEDONIA,8471,Automatic Data Processing Machines,True,0.032684,exports
2026-04-01,FRENCH POLYNESIA,8471,Automatic Data Processing Machines,True,0.047884,exports
2026-04-01,ST KITTS AND NEVIS,8471,Automatic Data Processing Machines,True,0.18999,exports
2026-04-01,ANTIGUA AND BARBUDA,8471,Automatic Data Processing Machines,True,0.155801,exports
2026-04-01,MONTSERRAT,8471,Automatic Data Processing Machines,True,0.252961,exports
2026-04-01,DOMINICA,8471,Automatic Data Processing Machines,True,0.028888,exports
2026-04-01,ST LUCIA,8471,Automatic Data Processing Machines,True,0.801352,exports
2026-04-01,ST VINCENT AND THE GRENADINES,8471,Automatic Data Processing Machines,True,0.041618,exports
2026-04-01,GRENADA,8471,Automatic Data Processing Machines,True,0.126064,exports
2026-04-01,BARBADOS,8471,Automatic Data Processing Machines,True,2.387193,exports
2026-04-01,TRINIDAD AND TOBAGO,8471,Automatic Data Processing Machines,True,1.960717,exports
2026-04-01,SINT MAARTEN,8471,Automatic Data Processing Machines,True,0.595888,exports
2026-04-01,CURACAO,8471,Automatic Data Processing Machines,True,0.661258,exports
2026-04-01,ARUBA,8471,Automatic Data Processing Machines,True,0.629889,exports
2026-04-01,GUADELOUPE,8471,Automatic Data Processing Machines,True,0.046283,exports
2026-04-01,MARTINIQUE,8471,Automatic Data Processing Machines,True,0.02745,exports
2026-04-01,COLOMBIA,8471,Automatic Data Processing Machines,True,26.021597,exports
2026-04-01,VENEZUELA,8471,Automatic Data Processing Machines,True,5.826149,exports
2026-04-01,GUYANA,8471,Automatic Data Processing Machines,True,1.359349,exports
2026-04-01,SURINAME,8471,Automatic Data Processing Machines,True,0.42769,exports
2026-04-01,FRENCH GUIANA,8471,Automatic Data Processing Machines,True,0.01722,exports
2026-04-01,ECUADOR,8471,Automatic Data Processing Machines,True,11.372859,exports
2026-04-01,PERU,8471,Automatic Data Processing Machines,True,18.365102,exports
2026-04-01,BOLIVIA,8471,Automatic Data Processing Machines,True,3.042085,exports
2026-04-01,CHILE,8471,Automatic Data Processing Machines,True,49.2489,exports
2026-04-01,BRAZIL,8471,Automatic Data Processing Machines,True,108.610105,exports
2026-04-01,PARAGUAY,8471,Automatic Data Processing Machines,True,53.693957,exports
2026-04-01,URUGUAY,8471,Automatic Data Processing Machines,True,6.167834,exports
2026-04-01,ARGENTINA,8471,Automatic Data Processing Machines,True,26.630622,exports
2026-04-01,ICELAND,8471,Automatic Data Processing Machines,True,1.709471,exports
2026-04-01,SWEDEN,8471,Automatic Data Processing Machines,True,48.749882,exports
2026-04-01,NORWAY,8471,Automatic Data Processing Machines,True,15.146732,exports
2026-04-01,FINLAND,8471,Automatic Data Processing Machines,True,28.141448,exports
2026-04-01,FAROE ISLANDS,8471,Automatic Data Processing Machines,True,0.0,exports
2026-04-01,DENMARK,8471,Automatic Data Processing Machines,True,15.930345,exports
2026-04-01,UNITED KINGDOM,8471,Automatic Data Processing Machines,True,102.932345,exports
2026-04-01,IRELAND,8471,Automatic Data Processing Machines,True,31.932338,exports
2026-04-01,NETHERLANDS,8471,Automatic Data Processing Machines,True,432.433815,exports
2026-04-01,BELGIUM,8471,Automatic Data Processing Machines,True,55.664112,exports
2026-04-01,LUXEMBOURG,8471,Automatic Data Processing Machines,True,0.230151,exports
2026-04-01,ANDORRA,8471,Automatic Data Processing Machines,True,0.004679,exports
2026-04-01,MONACO,8471,Automatic Data Processing Machines,True,0.043866,exports
2026-04-01,FRANCE,8471,Automatic Data Processing Machines,True,31.857572,exports
2026-04-01,GERMANY,8471,Automatic Data Processing Machines,True,103.560148,exports
2026-04-01,AUSTRIA,8471,Automatic Data Processing Machines,True,9.115817,exports
2026-04-01,CZECH REPUBLIC,8471,Automatic Data Processing Machines,True,152.214708,exports
2026-04-01,MARSHALL ISLANDS,8471,Automatic Data Processing Machines,True,0.003236,exports
2026-04-01,MICRONESIA,8471,Automatic Data Processing Machines,True,0.007339,exports
2026-04-01,PALAU,8471,Automatic Data Processing Machines,True,0.0052,exports
2026-04-01,NAURU,8471,Automatic Data Processing Machines,True,0.0,exports
2026-04-01,FIJI,8471,Automatic Data Processing Machines,True,0.060909,exports
2026-04-01,MOROCCO,8471,Automatic Data Processing Machines,True,1.877659,exports
2026-04-01,ALGERIA,8471,Automatic Data Processing Machines,True,0.0,exports
2026-04-01,TUNISIA,8471,Automatic Data Processing Machines,True,0.143277,exports
2026-04-01,LIBYA,8471,Automatic Data Processing Machines,True,0.002549,exports
2026-04-01,EGYPT,8471,Automatic Data Processing Machines,True,3.460157,exports
2026-04-01,SOUTH SUDAN,8471,Automatic Data Processing Machines,True,0.070499,exports
2026-04-01,EQUATORIAL GUINEA,8471,Automatic Data Processing Machines,True,0.008615,exports
2026-04-01,MAURITANIA,8471,Automatic Data Processing Machines,True,0.069603,exports
2026-04-01,CAMEROON,8471,Automatic Data Processing Machines,True,0.126713,exports
2026-04-01,SENEGAL,8471,Automatic Data Processing Machines,True,0.197187,exports
2026-04-01,MALI,8471,Automatic Data Processing Machines,True,0.003051,exports
2026-04-01,GUINEA,8471,Automatic Data Processing Machines,True,0.167804,exports
2026-04-01,SIERRA LEONE,8471,Automatic Data Processing Machines,True,0.0,exports
2026-04-01,COTE D'IVOIRE,8471,Automatic Data Processing Machines,True,0.234186,exports
2026-04-01,GHANA,8471,Automatic Data Processing Machines,True,2.433074,exports
2026-04-01,GAMBIA,8471,Automatic Data Processing Machines,True,0.024474,exports
2026-04-01,TOGO,8471,Automatic Data Processing Machines,True,0.0,exports
2026-04-01,NIGERIA,8471,Automatic Data Processing Machines,True,2.314136,exports
2026-04-01,CENTRAL AFRICAN REPUBLIC,8471,Automatic Data Processing Machines,True,0.0,exports
2026-04-01,GABON,8471,Automatic Data Processing Machines,True,0.422493,exports
2026-04-01,CHAD,8471,Automatic Data Processing Machines,True,0.0,exports
2026-04-01,ST HELENA,8471,Automatic Data Processing Machines,True,0.0,exports
2026-04-01,BURKINA FASO,8471,Automatic Data Processing Machines,True,0.0,exports
2026-04-01,BENIN,8471,Automatic Data Processing Machines,True,0.118163,exports
2026-04-01,ANGOLA,8471,Automatic Data Processing Machines,True,0.427896,exports
2026-04-01,CONGO,8471,Automatic Data Processing Machines,True,0.006966,exports
2026-04-01,GUINEA-BISSAU,8471,Automatic Data Processing Machines,True,0.320178,exports
2026-04-01,LIBERIA,8471,Automatic Data Processing Machines,True,0.154408,exports
2026-04-01,DEMOCRATIC REPUBLIC OF THE CONGO,8471,Automatic Data Processing Machines,True,0.0,exports
2026-04-01,BURUNDI,8471,Automatic Data Processing Machines,True,0.0,exports
2026-04-01,RWANDA,8471,Automatic Data Processing Machines,True,0.06855,exports
2026-04-01,SOMALIA,8471,Automatic Data Processing Machines,True,0.018458,exports
2026-04-01,ETHIOPIA,8471,Automatic Data Processing Machines,True,0.924502,exports
2026-04-01,DJIBOUTI,8471,Automatic Data Processing Machines,True,0.061612,exports
2026-04-01,UGANDA,8471,Automatic Data Processing Machines,True,0.242762,exports
2026-04-01,KENYA,8471,Automatic Data Processing Machines,True,0.444702,exports
2026-04-01,BRITISH VIRGIN ISLANDS,8471,Automatic Data Processing Machines,True,0.101943,exports
2026-04-01,SLOVAKIA,8471,Automatic Data Processing Machines,True,0.686827,exports
2026-04-01,HUNGARY,8471,Automatic Data Processing Machines,True,23.362098,exports
2026-04-01,LIECHTENSTEIN,8471,Automatic Data Processing Machines,True,0.0,exports
2026-04-01,SWITZERLAND,8471,Automatic Data Processing Machines,True,11.147217,exports
2026-04-01,ESTONIA,8471,Automatic Data Processing Machines,True,0.351739,exports
2026-04-01,LATVIA,8471,Automatic Data Processing Machines,True,0.893833,exports
2026-04-01,LITHUANIA,8471,Automatic Data Processing Machines,True,1.174469,exports
2026-04-01,POLAND,8471,Automatic Data Processing Machines,True,25.878621,exports
2026-04-01,RUSSIA,8471,Automatic Data Processing Machines,True,0.48531,exports
2026-04-01,BELARUS,8471,Automatic Data Processing Machines,True,0.0,exports
2026-04-01,UKRAINE,8471,Automatic Data Processing Machines,True,5.963004,exports
2026-04-01,ARMENIA,8471,Automatic Data Processing Machines,True,0.757074,exports
2026-04-01,AZERBAIJAN,8471,Automatic Data Processing Machines,True,0.05937,exports
2026-04-01,GEORGIA,8471,Automatic Data Processing Machines,True,0.758329,exports
2026-04-01,KAZAKHSTAN,8471,Automatic Data Processing Machines,True,0.680069,exports
2026-04-01,KYRGYZSTAN,8471,Automatic Data Processing Machines,True,0.689963,exports
2026-04-01,MOLDOVA,8471,Automatic Data Processing Machines,True,0.112613,exports
2026-04-01,TAJIKISTAN,8471,Automatic Data Processing Machines,True,0.003233,exports
2026-04-01,TURKMENISTAN,8471,Automatic Data Processing Machines,True,0.102955,exports
2026-04-01,UZBEKISTAN,8471,Automatic Data Processing Machines,True,0.216622,exports
2026-04-01,SPAIN,8471,Automatic Data Processing Machines,True,26.942995,exports
2026-04-01,PORTUGAL,8471,Automatic Data Processing Machines,True,1.810037,exports
2026-04-01,GIBRALTAR,8471,Automatic Data Processing Machines,True,0.005818,exports
2026-04-01,MALTA,8471,Automatic Data Processing Machines,True,0.066351,exports
2026-04-01,ITALY,8471,Automatic Data Processing Machines,True,19.462812,exports
2026-04-01,CROATIA,8471,Automatic Data Processing Machines,True,0.053123,exports
2026-04-01,SLOVENIA,8471,Automatic Data Processing Machines,True,0.34064,exports
2026-04-01,BOSNIA AND HERZEGOVINA,8471,Automatic Data Processing Machines,True,0.208735,exports
2026-04-01,MACEDONIA,8471,Automatic Data Processing Machines,True,0.055216,exports
2026-04-01,SERBIA,8471,Automatic Data Processing Machines,True,0.301302,exports
2026-04-01,KOSOVO,8471,Automatic Data Processing Machines,True,0.119174,exports
2026-04-01,MONTENEGRO,8471,Automatic Data Processing Machines,True,0.0,exports
2026-04-01,ALBANIA,8471,Automatic Data Processing Machines,True,0.44584,exports
2026-04-01,GREECE,8471,Automatic Data Processing Machines,True,5.337588,exports
2026-04-01,ROMANIA,8471,Automatic Data Processing Machines,True,8.903419,exports
2026-04-01,BULGARIA,8471,Automatic Data Processing Machines,True,3.729828,exports
2026-04-01,TURKEY,8471,Automatic Data Processing Machines,True,22.294711,exports
2026-04-01,CYPRUS,8471,Automatic Data Processing Machines,True,0.781287,exports
2026-04-01,LEBANON,8471,Automatic Data Processing Machines,True,0.517571,exports
2026-04-01,IRAQ,8471,Automatic Data Processing Machines,True,0.118306,exports
2026-04-01,IRAN,8471,Automatic Data Processing Machines,True,0.026792,exports
2026-04-01,ISRAEL,8471,Automatic Data Processing Machines,True,73.935156,exports
2026-04-01,JORDAN,8471,Automatic Data Processing Machines,True,0.292606,exports
2026-04-01,KUWAIT,8471,Automatic Data Processing Machines,True,0.477093,exports
2026-04-01,SAUDI ARABIA,8471,Automatic Data Processing Machines,True,26.600415,exports
2026-04-01,QATAR,8471,Automatic Data Processing Machines,True,5.205482,exports
2026-04-01,TOTAL FOR ALL COUNTRIES,8471,Automatic Data Processing Machines,True,8391.073889,exports
2026-04-01,EUROPEAN UNION,8471,Automatic Data Processing Machines,True,1029.606003,exports
2026-04-01,NORTH AMERICA,8471,Automatic Data Processing Machines,True,3469.677497,exports
2026-04-01,EUROPE,8471,Automatic Data Processing Machines,True,1193.849651,exports
2026-04-01,AFRICA,8471,Automatic Data Processing Machines,True,32.971842,exports
2026-04-01,PACIFIC RIM COUNTRIES,8471,Automatic Data Processing Machines,True,2621.675104,exports
2026-04-01,ASIA,8471,Automatic Data Processing Machines,True,2859.543863,exports
2026-04-01,CAFTA-DR,8471,Automatic Data Processing Machines,True,69.88422,exports
2026-04-01,AUSTRALIA AND OCEANIA,8471,Automatic Data Processing Machines,True,423.836191,exports
2026-04-01,USMCA (NAFTA),8471,Automatic Data Processing Machines,True,3469.677497,exports
2026-04-01,TWENTY LATIN AMERICAN REPUBLICS,8471,Automatic Data Processing Machines,True,3347.669772,exports
2026-04-01,OECD,8471,Automatic Data Processing Machines,True,5525.209439,exports
2026-04-01,NATO,8471,Automatic Data Processing Machines,True,1645.440441,exports
2026-04-01,LAFTA,8471,Automatic Data Processing Machines,True,3263.510791,exports
2026-04-01,EURO AREA,8471,Automatic Data Processing Machines,True,754.56693,exports
2026-04-01,APEC,8471,Automatic Data Processing Machines,True,6255.923378,exports
2026-04-01,ASEAN,8471,Automatic Data Processing Machines,True,1411.355596,exports
2026-04-01,CACM,8471,Automatic Data Processing Machines,True,52.269528,exports
2026-04-01,GREENLAND,8471,Automatic Data Processing Machines,True,0.0,exports
2026-04-01,CANADA,8471,Automatic Data Processing Machines,True,515.145916,exports
2026-04-01,MEXICO,8471,Automatic Data Processing Machines,True,2954.531581,exports
2026-04-01,GUATEMALA,8471,Automatic Data Processing Machines,True,19.247502,exports
2026-04-01,BELIZE,8471,Automatic Data Processing Machines,True,0.528618,exports
2026-04-01,EL SALVADOR,8471,Automatic Data Processing Machines,True,3.5116,exports
2026-04-01,HONDURAS,8471,Automatic Data Processing Machines,True,6.188761,exports
2026-04-01,NICARAGUA,8471,Automatic Data Processing Machines,True,1.718821,exports
2026-04-01,COSTA RICA,8471,Automatic Data Processing Machines,True,21.602844,exports
2026-04-01,PANAMA,8471,Automatic Data Processing Machines,True,14.140931,exports
2026-04-01,BERMUDA,8471,Automatic Data Processing Machines,True,1.109174,exports
2026-04-01,BAHAMAS,8471,Automatic Data Processing Machines,True,1.802808,exports
2026-04-01,CUBA,8471,Automatic Data Processing Machines,True,0.0035,exports
2026-04-01,JAMAICA,8471,Automatic Data Processing Machines,True,3.040261,exports
2026-04-01,TURKS AND CAICOS ISLANDS,8471,Automatic Data Processing Machines,True,0.301339,exports
2026-04-01,CAYMAN ISLANDS,8471,Automatic Data Processing Machines,True,1.442837,exports
2026-04-01,HAITI,8471,Automatic Data Processing Machines,True,0.13033,exports
2026-04-01,DOMINICAN REPUBLIC,8471,Automatic Data Processing Machines,True,17.614692,exports
2026-04-01,ANGUILLA,8471,Automatic Data Processing Machines,True,0.020063,exports
2026-04-01,SEYCHELLES,8471,Automatic Data Processing Machines,True,0.071167,exports
2026-04-01,BRITISH INDIAN OCEAN TERRITORIES,8471,Automatic Data Processing Machines,True,0.0,exports
2026-04-01,TANZANIA,8471,Automatic Data Processing Machines,True,1.334388,exports
2026-04-01,MAURITIUS,8471,Automatic Data Processing Machines,True,1.43718,exports
2026-04-01,MOZAMBIQUE,8471,Automatic Data Processing Machines,True,0.015033,exports
2026-04-01,MADAGASCAR,8471,Automatic Data Processing Machines,True,0.105138,exports
2026-04-01,MAYOTTE,8471,Automatic Data Processing Machines,True,0.0,exports
2026-04-01,COMOROS,8471,Automatic Data Processing Machines,True,0.0,exports
2026-04-01,REUNION,8471,Automatic Data Processing Machines,True,0.0,exports
2026-04-01,SOUTH AFRICA,8471,Automatic Data Processing Machines,True,15.508336,exports
2026-04-01,NAMIBIA,8471,Automatic Data Processing Machines,True,0.037597,exports
2026-04-01,BOTSWANA,8471,Automatic Data Processing Machines,True,0.0,exports
2026-04-01,ZAMBIA,8471,Automatic Data Processing Machines,True,0.072185,exports
2026-04-01,ESWATINI,8471,Automatic Data Processing Machines,True,0.029925,exports
2026-04-01,ZIMBABWE,8471,Automatic Data Processing Machines,True,0.013262,exports
2026-04-01,MALAWI,8471,Automatic Data Processing Machines,True,0.003957,exports
2026-04-01,LESOTHO,8471,Automatic Data Processing Machines,True,0.0,exports
2026-04-01,CENTRAL AMERICA,8471,Automatic Data Processing Machines,True,100.411376,exports
2026-04-01,SOUTH AMERICA,8471,Automatic Data Processing Machines,True,310.783469,exports
2026-04-01,UNITED ARAB EMIRATES,2711,Petroleum Gases,True,0.0,exports
2026-04-01,OMAN,2711,Petroleum Gases,True,0.0,exports
2026-04-01,INDIA,2711,Petroleum Gases,True,672.525991,exports
2026-04-01,BANGLADESH,2711,Petroleum Gases,True,10.5839,exports
2026-04-01,THAILAND,2711,Petroleum Gases,True,147.850087,exports
2026-04-01,VIETNAM,2711,Petroleum Gases,True,69.395329,exports
2026-04-01,MALAYSIA,2711,Petroleum Gases,True,42.179683,exports
2026-04-01,SINGAPORE,2711,Petroleum Gases,True,97.278682,exports
2026-04-01,INDONESIA,2711,Petroleum Gases,True,137.585403,exports
2026-04-01,PHILIPPINES,2711,Petroleum Gases,True,9.497473,exports
2026-04-01,MALDIVES,2711,Petroleum Gases,True,9.475605,exports
2026-04-01,CHINA,2711,Petroleum Gases,True,363.093673,exports
2026-04-01,"KOREA, SOUTH",2711,Petroleum Gases,True,349.48654,exports
2026-04-01,HONG KONG,2711,Petroleum Gases,True,0.0,exports
2026-04-01,TAIWAN,2711,Petroleum Gases,True,315.82466,exports
2026-04-01,JAPAN,2711,Petroleum Gases,True,808.67799,exports
2026-04-01,AUSTRALIA,2711,Petroleum Gases,True,0.03114,exports
2026-04-01,ANTIGUA AND BARBUDA,2711,Petroleum Gases,True,0.012,exports
2026-04-01,BARBADOS,2711,Petroleum Gases,True,0.896984,exports
2026-04-01,TRINIDAD AND TOBAGO,2711,Petroleum Gases,True,0.041422,exports
2026-04-01,SINT MAARTEN,2711,Petroleum Gases,True,0.205385,exports
2026-04-01,CURACAO,2711,Petroleum Gases,True,0.009022,exports
2026-04-01,ARUBA,2711,Petroleum Gases,True,0.40632,exports
2026-04-01,COLOMBIA,2711,Petroleum Gases,True,41.068857,exports
2026-04-01,ECUADOR,2711,Petroleum Gases,True,58.134797,exports
2026-04-01,PERU,2711,Petroleum Gases,True,16.106737,exports
2026-04-01,BOLIVIA,2711,Petroleum Gases,True,0.0,exports
2026-04-01,CHILE,2711,Petroleum Gases,True,98.567417,exports
2026-04-01,BRAZIL,2711,Petroleum Gases,True,51.123568,exports
2026-04-01,URUGUAY,2711,Petroleum Gases,True,0.0,exports
2026-04-01,ARGENTINA,2711,Petroleum Gases,True,0.009865,exports
2026-04-01,SWEDEN,2711,Petroleum Gases,True,20.605808,exports
2026-04-01,NORWAY,2711,Petroleum Gases,True,0.017884,exports
2026-04-01,FINLAND,2711,Petroleum Gases,True,48.120167,exports
2026-04-01,UNITED KINGDOM,2711,Petroleum Gases,True,93.805451,exports
2026-04-01,IRELAND,2711,Petroleum Gases,True,0.007582,exports
2026-04-01,NETHERLANDS,2711,Petroleum Gases,True,697.900491,exports
2026-04-01,BELGIUM,2711,Petroleum Gases,True,227.548102,exports
2026-04-01,FRANCE,2711,Petroleum Gases,True,408.108822,exports
2026-04-01,GERMANY,2711,Petroleum Gases,True,349.701705,exports
2026-04-01,AUSTRIA,2711,Petroleum Gases,True,0.0,exports
2026-04-01,CZECH REPUBLIC,2711,Petroleum Gases,True,0.004959,exports
2026-04-01,MOROCCO,2711,Petroleum Gases,True,64.141231,exports
2026-04-01,ALGERIA,2711,Petroleum Gases,True,0.029346,exports
2026-04-01,TUNISIA,2711,Petroleum Gases,True,0.0,exports
2026-04-01,EGYPT,2711,Petroleum Gases,True,518.155332,exports
2026-04-01,EQUATORIAL GUINEA,2711,Petroleum Gases,True,0.004489,exports
2026-04-01,SENEGAL,2711,Petroleum Gases,True,3.915,exports
2026-04-01,COTE D'IVOIRE,2711,Petroleum Gases,True,22.405223,exports
2026-04-01,GHANA,2711,Petroleum Gases,True,0.0,exports
2026-04-01,TOGO,2711,Petroleum Gases,True,0.0,exports
2026-04-01,NIGERIA,2711,Petroleum Gases,True,0.01438,exports
2026-04-01,CHAD,2711,Petroleum Gases,True,0.0,exports
2026-04-01,ANGOLA,2711,Petroleum Gases,True,11.187933,exports
2026-04-01,CONGO,2711,Petroleum Gases,True,0.360584,exports
2026-04-01,KENYA,2711,Petroleum Gases,True,13.239812,exports
2026-04-01,BRITISH VIRGIN ISLANDS,2711,Petroleum Gases,True,0.03256,exports
2026-04-01,SWITZERLAND,2711,Petroleum Gases,True,0.0,exports
2026-04-01,LATVIA,2711,Petroleum Gases,True,17.372524,exports
2026-04-01,LITHUANIA,2711,Petroleum Gases,True,0.0,exports
2026-04-01,POLAND,2711,Petroleum Gases,True,394.322715,exports
2026-04-01,SPAIN,2711,Petroleum Gases,True,202.809695,exports
2026-04-01,PORTUGAL,2711,Petroleum Gases,True,56.434058,exports
2026-04-01,GIBRALTAR,2711,Petroleum Gases,True,0.0,exports
2026-04-01,MALTA,2711,Petroleum Gases,True,12.163952,exports
2026-04-01,ITALY,2711,Petroleum Gases,True,370.584227,exports
2026-04-01,CROATIA,2711,Petroleum Gases,True,70.744486,exports
2026-04-01,ALBANIA,2711,Petroleum Gases,True,0.0,exports
2026-04-01,GREECE,2711,Petroleum Gases,True,22.69349,exports
2026-04-01,ROMANIA,2711,Petroleum Gases,True,0.0,exports
2026-04-01,TURKEY,2711,Petroleum Gases,True,160.049883,exports
2026-04-01,ISRAEL,2711,Petroleum Gases,True,0.003791,exports
2026-04-01,JORDAN,2711,Petroleum Gases,True,0.0,exports
2026-04-01,TOTAL FOR ALL COUNTRIES,2711,Petroleum Gases,True,8602.79774,exports
2026-04-01,EUROPEAN UNION,2711,Petroleum Gases,True,2899.122783,exports
2026-04-01,NORTH AMERICA,2711,Petroleum Gases,True,1273.299563,exports
2026-04-01,EUROPE,2711,Petroleum Gases,True,3152.996001,exports
2026-04-01,AFRICA,2711,Petroleum Gases,True,676.900505,exports
2026-04-01,PACIFIC RIM COUNTRIES,2711,Petroleum Gases,True,2123.655244,exports
2026-04-01,ASIA,2711,Petroleum Gases,True,3033.458807,exports
2026-04-01,CAFTA-DR,2711,Petroleum Gases,True,147.676409,exports
2026-04-01,AUSTRALIA AND OCEANIA,2711,Petroleum Gases,True,0.03114,exports
2026-04-01,USMCA (NAFTA),2711,Petroleum Gases,True,1273.299563,exports
2026-04-01,TWENTY LATIN AMERICAN REPUBLICS,2711,Petroleum Gases,True,1432.423299,exports
2026-04-01,OECD,2711,Petroleum Gases,True,5641.26959,exports
2026-04-01,NATO,2711,Petroleum Gases,True,3439.061581,exports
2026-04-01,LAFTA,2711,Petroleum Gases,True,1240.07369,exports
2026-04-01,EURO AREA,2711,Petroleum Gases,True,2484.189301,exports
2026-04-01,APEC,2711,Petroleum Gases,True,3728.874377,exports
2026-04-01,ASEAN,2711,Petroleum Gases,True,503.786657,exports
2026-04-01,CACM,2711,Petroleum Gases,True,52.533963,exports
2026-04-01,CANADA,2711,Petroleum Gases,True,298.237114,exports
2026-04-01,MEXICO,2711,Petroleum Gases,True,975.062449,exports
2026-04-01,GUATEMALA,2711,Petroleum Gases,True,10.478569,exports
2026-04-01,BELIZE,2711,Petroleum Gases,True,2.110382,exports
2026-04-01,EL SALVADOR,2711,Petroleum Gases,True,16.243645,exports
2026-04-01,HONDURAS,2711,Petroleum Gases,True,25.76502,exports
2026-04-01,COSTA RICA,2711,Petroleum Gases,True,0.046729,exports
2026-04-01,PANAMA,2711,Petroleum Gases,True,42.602354,exports
2026-04-01,BERMUDA,2711,Petroleum Gases,True,0.008453,exports
2026-04-01,BAHAMAS,2711,Petroleum Gases,True,2.336101,exports
2026-04-01,CUBA,2711,Petroleum Gases,True,0.012354,exports
2026-04-01,JAMAICA,2711,Petroleum Gases,True,1.973567,exports
2026-04-01,TURKS AND CAICOS ISLANDS,2711,Petroleum Gases,True,0.144009,exports
2026-04-01,CAYMAN ISLANDS,2711,Petroleum Gases,True,0.51888,exports
2026-04-01,HAITI,2711,Petroleum Gases,True,2.058492,exports
2026-04-01,DOMINICAN REPUBLIC,2711,Petroleum Gases,True,95.142446,exports
2026-04-01,ANGUILLA,2711,Petroleum Gases,True,0.055789,exports
2026-04-01,TANZANIA,2711,Petroleum Gases,True,0.0,exports
2026-04-01,SOUTH AFRICA,2711,Petroleum Gases,True,43.447175,exports
2026-04-01,CENTRAL AMERICA,2711,Petroleum Gases,True,201.100483,exports
2026-04-01,SOUTH AMERICA,2711,Petroleum Gases,True,265.011241,exports
2026-04-01,UNITED ARAB EMIRATES,8708,Motor Vehicle Parts,False,9.94405,exports
2026-04-01,YEMEN,8708,Motor Vehicle Parts,False,0.0,exports
2026-04-01,OMAN,8708,Motor Vehicle Parts,False,0.54117,exports
2026-04-01,BAHRAIN,8708,Motor Vehicle Parts,False,0.023978,exports
2026-04-01,INDIA,8708,Motor Vehicle Parts,False,32.074518,exports
2026-04-01,PAKISTAN,8708,Motor Vehicle Parts,False,0.25871,exports
2026-04-01,NEPAL,8708,Motor Vehicle Parts,False,0.0,exports
2026-04-01,BANGLADESH,8708,Motor Vehicle Parts,False,0.00698,exports
2026-04-01,SRI LANKA,8708,Motor Vehicle Parts,False,0.0,exports
2026-04-01,THAILAND,8708,Motor Vehicle Parts,False,47.035287,exports
2026-04-01,VIETNAM,8708,Motor Vehicle Parts,False,4.51523,exports
2026-04-01,LAOS,8708,Motor Vehicle Parts,False,0.0,exports
2026-04-01,CAMBODIA,8708,Motor Vehicle Parts,False,1.371,exports
2026-04-01,MALAYSIA,8708,Motor Vehicle Parts,False,3.563922,exports
2026-04-01,SINGAPORE,8708,Motor Vehicle Parts,False,4.748535,exports
2026-04-01,INDONESIA,8708,Motor Vehicle Parts,False,0.612322,exports
2026-04-01,BRUNEI,8708,Motor Vehicle Parts,False,0.01859,exports
2026-04-01,PHILIPPINES,8708,Motor Vehicle Parts,False,1.033588,exports
2026-04-01,MACAU,8708,Motor Vehicle Parts,False,0.0,exports
2026-04-01,MALDIVES,8708,Motor Vehicle Parts,False,0.003157,exports
2026-04-01,CHINA,8708,Motor Vehicle Parts,False,50.466194,exports
2026-04-01,MONGOLIA,8708,Motor Vehicle Parts,False,0.494159,exports
2026-04-01,"KOREA, SOUTH",8708,Motor Vehicle Parts,False,15.050652,exports
2026-04-01,HONG KONG,8708,Motor Vehicle Parts,False,2.89093,exports
2026-04-01,TAIWAN,8708,Motor Vehicle Parts,False,1.204708,exports
2026-04-01,JAPAN,8708,Motor Vehicle Parts,False,33.831279,exports
2026-04-01,AUSTRALIA,8708,Motor Vehicle Parts,False,58.036193,exports
2026-04-01,PAPUA NEW GUINEA,8708,Motor Vehicle Parts,False,0.00659,exports
2026-04-01,NEW ZEALAND,8708,Motor Vehicle Parts,False,0.985577,exports
2026-04-01,COOK ISLANDS,8708,Motor Vehicle Parts,False,0.0,exports
2026-04-01,SAMOA,8708,Motor Vehicle Parts,False,0.028409,exports
2026-04-01,NEW CALEDONIA,8708,Motor Vehicle Parts,False,0.014082,exports
2026-04-01,WALLIS AND FUTUNA,8708,Motor Vehicle Parts,False,0.0,exports
2026-04-01,FRENCH POLYNESIA,8708,Motor Vehicle Parts,False,0.054932,exports
2026-04-01,ST KITTS AND NEVIS,8708,Motor Vehicle Parts,False,0.038366,exports
2026-04-01,ANTIGUA AND BARBUDA,8708,Motor Vehicle Parts,False,0.111282,exports
2026-04-01,MONTSERRAT,8708,Motor Vehicle Parts,False,0.019351,exports
2026-04-01,DOMINICA,8708,Motor Vehicle Parts,False,0.023971,exports
2026-04-01,ST LUCIA,8708,Motor Vehicle Parts,False,0.118005,exports
2026-04-01,ST VINCENT AND THE GRENADINES,8708,Motor Vehicle Parts,False,0.054939,exports
2026-04-01,GRENADA,8708,Motor Vehicle Parts,False,0.03652,exports
2026-04-01,BARBADOS,8708,Motor Vehicle Parts,False,0.274674,exports
2026-04-01,TRINIDAD AND TOBAGO,8708,Motor Vehicle Parts,False,0.352117,exports
2026-04-01,SINT MAARTEN,8708,Motor Vehicle Parts,False,0.314052,exports
2026-04-01,CURACAO,8708,Motor Vehicle Parts,False,0.277197,exports
2026-04-01,ARUBA,8708,Motor Vehicle Parts,False,0.205789,exports
2026-04-01,GUADELOUPE,8708,Motor Vehicle Parts,False,0.014911,exports
2026-04-01,MARTINIQUE,8708,Motor Vehicle Parts,False,0.012322,exports
2026-04-01,COLOMBIA,8708,Motor Vehicle Parts,False,9.260755,exports
2026-04-01,VENEZUELA,8708,Motor Vehicle Parts,False,4.797556,exports
2026-04-01,GUYANA,8708,Motor Vehicle Parts,False,0.651802,exports
2026-04-01,SURINAME,8708,Motor Vehicle Parts,False,0.845493,exports
2026-04-01,FRENCH GUIANA,8708,Motor Vehicle Parts,False,0.016817,exports
2026-04-01,ECUADOR,8708,Motor Vehicle Parts,False,4.230438,exports
2026-04-01,PERU,8708,Motor Vehicle Parts,False,14.826198,exports
2026-04-01,BOLIVIA,8708,Motor Vehicle Parts,False,0.507596,exports
2026-04-01,CHILE,8708,Motor Vehicle Parts,False,32.147714,exports
2026-04-01,BRAZIL,8708,Motor Vehicle Parts,False,53.743556,exports
2026-04-01,PARAGUAY,8708,Motor Vehicle Parts,False,0.684542,exports
2026-04-01,URUGUAY,8708,Motor Vehicle Parts,False,0.481398,exports
2026-04-01,ARGENTINA,8708,Motor Vehicle Parts,False,18.345455,exports
2026-04-01,ICELAND,8708,Motor Vehicle Parts,False,0.108836,exports
2026-04-01,SWEDEN,8708,Motor Vehicle Parts,False,3.754269,exports
2026-04-01,NORWAY,8708,Motor Vehicle Parts,False,0.640876,exports
2026-04-01,FINLAND,8708,Motor Vehicle Parts,False,0.487387,exports
2026-04-01,DENMARK,8708,Motor Vehicle Parts,False,0.11698,exports
2026-04-01,UNITED KINGDOM,8708,Motor Vehicle Parts,False,17.00467,exports
2026-04-01,IRELAND,8708,Motor Vehicle Parts,False,0.070689,exports
2026-04-01,NETHERLANDS,8708,Motor Vehicle Parts,False,14.98906,exports
2026-04-01,BELGIUM,8708,Motor Vehicle Parts,False,11.88116,exports
2026-04-01,LUXEMBOURG,8708,Motor Vehicle Parts,False,0.006462,exports
2026-04-01,ANDORRA,8708,Motor Vehicle Parts,False,0.009,exports
2026-04-01,MONACO,8708,Motor Vehicle Parts,False,0.040036,exports
2026-04-01,FRANCE,8708,Motor Vehicle Parts,False,5.047403,exports
2026-04-01,GERMANY,8708,Motor Vehicle Parts,False,65.744122,exports
2026-04-01,AUSTRIA,8708,Motor Vehicle Parts,False,3.577755,exports
2026-04-01,CZECH REPUBLIC,8708,Motor Vehicle Parts,False,1.703285,exports
2026-04-01,MARSHALL ISLANDS,8708,Motor Vehicle Parts,False,0.0,exports
2026-04-01,MICRONESIA,8708,Motor Vehicle Parts,False,0.036008,exports
2026-04-01,PALAU,8708,Motor Vehicle Parts,False,0.006249,exports
2026-04-01,FIJI,8708,Motor Vehicle Parts,False,0.01109,exports
2026-04-01,MOROCCO,8708,Motor Vehicle Parts,False,2.044132,exports
2026-04-01,ALGERIA,8708,Motor Vehicle Parts,False,0.032355,exports
2026-04-01,TUNISIA,8708,Motor Vehicle Parts,False,0.262302,exports
2026-04-01,LIBYA,8708,Motor Vehicle Parts,False,1.990288,exports
2026-04-01,EGYPT,8708,Motor Vehicle Parts,False,2.560021,exports
2026-04-01,EQUATORIAL GUINEA,8708,Motor Vehicle Parts,False,0.0,exports
2026-04-01,MAURITANIA,8708,Motor Vehicle Parts,False,0.281615,exports
2026-04-01,CAMEROON,8708,Motor Vehicle Parts,False,0.402845,exports
2026-04-01,SENEGAL,8708,Motor Vehicle Parts,False,1.330919,exports
2026-04-01,MALI,8708,Motor Vehicle Parts,False,0.027701,exports
2026-04-01,GUINEA,8708,Motor Vehicle Parts,False,0.501367,exports
2026-04-01,SIERRA LEONE,8708,Motor Vehicle Parts,False,0.531908,exports
2026-04-01,COTE D'IVOIRE,8708,Motor Vehicle Parts,False,0.430915,exports
2026-04-01,GHANA,8708,Motor Vehicle Parts,False,3.738988,exports
2026-04-01,GAMBIA,8708,Motor Vehicle Parts,False,0.167146,exports
2026-04-01,NIGER,8708,Motor Vehicle Parts,False,1.08657,exports
2026-04-01,TOGO,8708,Motor Vehicle Parts,False,2.706075,exports
2026-04-01,NIGERIA,8708,Motor Vehicle Parts,False,26.037742,exports
2026-04-01,CENTRAL AFRICAN REPUBLIC,8708,Motor Vehicle Parts,False,0.0,exports
2026-04-01,GABON,8708,Motor Vehicle Parts,False,0.074046,exports
2026-04-01,CHAD,8708,Motor Vehicle Parts,False,0.0312,exports
2026-04-01,BURKINA FASO,8708,Motor Vehicle Parts,False,0.132515,exports
2026-04-01,BENIN,8708,Motor Vehicle Parts,False,10.193035,exports
2026-04-01,ANGOLA,8708,Motor Vehicle Parts,False,0.105371,exports
2026-04-01,CONGO,8708,Motor Vehicle Parts,False,0.20279,exports
2026-04-01,CABO VERDE,8708,Motor Vehicle Parts,False,0.179945,exports
2026-04-01,LIBERIA,8708,Motor Vehicle Parts,False,0.359323,exports
2026-04-01,DEMOCRATIC REPUBLIC OF THE CONGO,8708,Motor Vehicle Parts,False,0.1696,exports
2026-04-01,RWANDA,8708,Motor Vehicle Parts,False,0.0,exports
2026-04-01,SOMALIA,8708,Motor Vehicle Parts,False,0.002631,exports
2026-04-01,ETHIOPIA,8708,Motor Vehicle Parts,False,0.033268,exports
2026-04-01,DJIBOUTI,8708,Motor Vehicle Parts,False,0.0,exports
2026-04-01,UGANDA,8708,Motor Vehicle Parts,False,0.074615,exports
2026-04-01,KENYA,8708,Motor Vehicle Parts,False,0.033374,exports
2026-04-01,BRITISH VIRGIN ISLANDS,8708,Motor Vehicle Parts,False,0.117024,exports
2026-04-01,SLOVAKIA,8708,Motor Vehicle Parts,False,0.746605,exports
2026-04-01,HUNGARY,8708,Motor Vehicle Parts,False,21.908443,exports
2026-04-01,LIECHTENSTEIN,8708,Motor Vehicle Parts,False,0.038529,exports
2026-04-01,SWITZERLAND,8708,Motor Vehicle Parts,False,0.474013,exports
2026-04-01,ESTONIA,8708,Motor Vehicle Parts,False,0.085171,exports
2026-04-01,LATVIA,8708,Motor Vehicle Parts,False,0.027825,exports
2026-04-01,LITHUANIA,8708,Motor Vehicle Parts,False,11.707273,exports
2026-04-01,POLAND,8708,Motor Vehicle Parts,False,14.446059,exports
2026-04-01,UKRAINE,8708,Motor Vehicle Parts,False,7.919112,exports
2026-04-01,ARMENIA,8708,Motor Vehicle Parts,False,3.121056,exports
2026-04-01,AZERBAIJAN,8708,Motor Vehicle Parts,False,0.130983,exports
2026-04-01,GEORGIA,8708,Motor Vehicle Parts,False,11.414512,exports
2026-04-01,KAZAKHSTAN,8708,Motor Vehicle Parts,False,0.874453,exports
2026-04-01,KYRGYZSTAN,8708,Motor Vehicle Parts,False,2.244162,exports
2026-04-01,MOLDOVA,8708,Motor Vehicle Parts,False,0.146914,exports
2026-04-01,TAJIKISTAN,8708,Motor Vehicle Parts,False,0.025195,exports
2026-04-01,TURKMENISTAN,8708,Motor Vehicle Parts,False,0.185207,exports
2026-04-01,UZBEKISTAN,8708,Motor Vehicle Parts,False,0.339295,exports
2026-04-01,SPAIN,8708,Motor Vehicle Parts,False,22.687275,exports
2026-04-01,PORTUGAL,8708,Motor Vehicle Parts,False,0.285873,exports
2026-04-01,GIBRALTAR,8708,Motor Vehicle Parts,False,0.0,exports
2026-04-01,MALTA,8708,Motor Vehicle Parts,False,0.006053,exports
2026-04-01,ITALY,8708,Motor Vehicle Parts,False,8.387237,exports
2026-04-01,CROATIA,8708,Motor Vehicle Parts,False,0.21836,exports
2026-04-01,SLOVENIA,8708,Motor Vehicle Parts,False,0.044071,exports
2026-04-01,BOSNIA AND HERZEGOVINA,8708,Motor Vehicle Parts,False,0.072652,exports
2026-04-01,MACEDONIA,8708,Motor Vehicle Parts,False,0.02097,exports
2026-04-01,SERBIA,8708,Motor Vehicle Parts,False,0.0608,exports
2026-04-01,KOSOVO,8708,Motor Vehicle Parts,False,0.0,exports
2026-04-01,MONTENEGRO,8708,Motor Vehicle Parts,False,0.141879,exports
2026-04-01,ALBANIA,8708,Motor Vehicle Parts,False,0.57528,exports
2026-04-01,GREECE,8708,Motor Vehicle Parts,False,0.170508,exports
2026-04-01,ROMANIA,8708,Motor Vehicle Parts,False,0.934392,exports
2026-04-01,BULGARIA,8708,Motor Vehicle Parts,False,7.089255,exports
2026-04-01,TURKEY,8708,Motor Vehicle Parts,False,48.128659,exports
2026-04-01,CYPRUS,8708,Motor Vehicle Parts,False,0.044921,exports
2026-04-01,LEBANON,8708,Motor Vehicle Parts,False,0.800654,exports
2026-04-01,IRAQ,8708,Motor Vehicle Parts,False,0.072509,exports
2026-04-01,ISRAEL,8708,Motor Vehicle Parts,False,8.705752,exports
2026-04-01,JORDAN,8708,Motor Vehicle Parts,False,1.565942,exports
2026-04-01,KUWAIT,8708,Motor Vehicle Parts,False,0.534217,exports
2026-04-01,SAUDI ARABIA,8708,Motor Vehicle Parts,False,3.427293,exports
2026-04-01,QATAR,8708,Motor Vehicle Parts,False,0.085311,exports
2026-04-01,TOTAL FOR ALL COUNTRIES,8708,Motor Vehicle Parts,False,3815.488834,exports
2026-04-01,EUROPEAN UNION,8708,Motor Vehicle Parts,False,196.167893,exports
2026-04-01,NORTH AMERICA,8708,Motor Vehicle Parts,False,2964.039019,exports
2026-04-01,EUROPE,8708,Motor Vehicle Parts,False,289.884982,exports
2026-04-01,AFRICA,8708,Motor Vehicle Parts,False,91.420956,exports
2026-04-01,PACIFIC RIM COUNTRIES,8708,Motor Vehicle Parts,False,172.44908,exports
2026-04-01,ASIA,8708,Motor Vehicle Parts,False,224.880637,exports
2026-04-01,CAFTA-DR,8708,Motor Vehicle Parts,False,37.612495,exports
2026-04-01,AUSTRALIA AND OCEANIA,8708,Motor Vehicle Parts,False,59.17913,exports
2026-04-01,USMCA (NAFTA),8708,Motor Vehicle Parts,False,2964.01206,exports
2026-04-01,TWENTY LATIN AMERICAN REPUBLICS,8708,Motor Vehicle Parts,False,1684.508788,exports
2026-04-01,OECD,8708,Motor Vehicle Parts,False,3380.261456,exports
2026-04-01,NATO,8708,Motor Vehicle Parts,False,1718.24294,exports
2026-04-01,LAFTA,8708,Motor Vehicle Parts,False,1643.883973,exports
2026-04-01,EURO AREA,8708,Motor Vehicle Parts,False,153.304465,exports
2026-04-01,APEC,8708,Motor Vehicle Parts,False,3234.985569,exports
2026-04-01,ASEAN,8708,Motor Vehicle Parts,False,62.898474,exports
2026-04-01,CACM,8708,Motor Vehicle Parts,False,28.003274,exports
2026-04-01,GREENLAND,8708,Motor Vehicle Parts,False,0.026959,exports
2026-04-01,CANADA,8708,Motor Vehicle Parts,False,1459.153295,exports
2026-04-01,MEXICO,8708,Motor Vehicle Parts,False,1504.858765,exports
2026-04-01,GUATEMALA,8708,Motor Vehicle Parts,False,11.708149,exports
2026-04-01,BELIZE,8708,Motor Vehicle Parts,False,0.911996,exports
2026-04-01,EL SALVADOR,8708,Motor Vehicle Parts,False,3.166892,exports
2026-04-01,HONDURAS,8708,Motor Vehicle Parts,False,7.869173,exports
2026-04-01,NICARAGUA,8708,Motor Vehicle Parts,False,1.259552,exports
2026-04-01,COSTA RICA,8708,Motor Vehicle Parts,False,3.999508,exports
2026-04-01,PANAMA,8708,Motor Vehicle Parts,False,2.337029,exports
2026-04-01,BERMUDA,8708,Motor Vehicle Parts,False,0.045233,exports
2026-04-01,BAHAMAS,8708,Motor Vehicle Parts,False,1.056202,exports
2026-04-01,CUBA,8708,Motor Vehicle Parts,False,0.00724,exports
2026-04-01,JAMAICA,8708,Motor Vehicle Parts,False,0.697562,exports
2026-04-01,TURKS AND CAICOS ISLANDS,8708,Motor Vehicle Parts,False,0.145272,exports
2026-04-01,CAYMAN ISLANDS,8708,Motor Vehicle Parts,False,0.09019,exports
2026-04-01,HAITI,8708,Motor Vehicle Parts,False,0.668051,exports
2026-04-01,DOMINICAN REPUBLIC,8708,Motor Vehicle Parts,False,9.609221,exports
2026-04-01,ANGUILLA,8708,Motor Vehicle Parts,False,0.003,exports
2026-04-01,SEYCHELLES,8708,Motor Vehicle Parts,False,0.0,exports
2026-04-01,TANZANIA,8708,Motor Vehicle Parts,False,0.044448,exports
2026-04-01,MAURITIUS,8708,Motor Vehicle Parts,False,0.0,exports
2026-04-01,MOZAMBIQUE,8708,Motor Vehicle Parts,False,0.0048,exports
2026-04-01,MADAGASCAR,8708,Motor Vehicle Parts,False,0.0,exports
2026-04-01,MAYOTTE,8708,Motor Vehicle Parts,False,0.0,exports
2026-04-01,REUNION,8708,Motor Vehicle Parts,False,0.00285,exports
2026-04-01,SOUTH AFRICA,8708,Motor Vehicle Parts,False,35.582313,exports
2026-04-01,NAMIBIA,8708,Motor Vehicle Parts,False,0.0,exports
2026-04-01,ZAMBIA,8708,Motor Vehicle Parts,False,0.057982,exports
2026-04-01,ZIMBABWE,8708,Motor Vehicle Parts,False,0.003961,exports
2026-04-01,MALAWI,8708,Motor Vehicle Parts,False,0.0,exports
2026-04-01,CENTRAL AMERICA,8708,Motor Vehicle Parts,False,45.54479,exports
2026-04-01,SOUTH AMERICA,8708,Motor Vehicle Parts,False,140.53932,exports
2026-05-01,USMCA (NAFTA),8542,Electronic Integrated Circuits,True,905.886915,exports
2026-05-01,EUROPEAN UNION,8542,Electronic Integrated Circuits,True,306.889253,exports
2026-05-01,PACIFIC RIM COUNTRIES,8542,Electronic Integrated Circuits,True,2824.414555,exports
2026-05-01,CAFTA-DR,8542,Electronic Integrated Circuits,True,12.791046,exports
2026-05-01,TWENTY LATIN AMERICAN REPUBLICS,8542,Electronic Integrated Circuits,True,953.459993,exports
2026-05-01,OECD,8542,Electronic Integrated Circuits,True,1508.633623,exports
2026-05-01,NATO,8542,Electronic Integrated Circuits,True,367.895668,exports
2026-05-01,LAFTA,8542,Electronic Integrated Circuits,True,940.471948,exports
2026-05-01,EURO AREA,8542,Electronic Integrated Circuits,True,189.200864,exports
2026-05-01,APEC,8542,Electronic Integrated Circuits,True,3994.708861,exports
2026-05-01,ASEAN,8542,Electronic Integrated Circuits,True,1283.049095,exports
2026-05-01,CACM,8542,Electronic Integrated Circuits,True,11.675884,exports
2026-05-01,CANADA,8542,Electronic Integrated Circuits,True,68.790155,exports
2026-05-01,NORTH AMERICA,8542,Electronic Integrated Circuits,True,905.886915,exports
2026-05-01,MEXICO,8542,Electronic Integrated Circuits,True,837.09676,exports
2026-05-01,GUATEMALA,8542,Electronic Integrated Circuits,True,0.599609,exports
2026-05-01,BELIZE,8542,Electronic Integrated Circuits,True,0.0,exports
2026-05-01,EL SALVADOR,8542,Electronic Integrated Circuits,True,0.619532,exports
2026-05-01,HONDURAS,8542,Electronic Integrated Circuits,True,0.143197,exports
2026-05-01,NICARAGUA,8542,Electronic Integrated Circuits,True,0.153333,exports
2026-05-01,COSTA RICA,8542,Electronic Integrated Circuits,True,10.160213,exports
2026-05-01,PANAMA,8542,Electronic Integrated Circuits,True,0.192284,exports
2026-05-01,BERMUDA,8542,Electronic Integrated Circuits,True,0.0,exports
2026-05-01,BAHAMAS,8542,Electronic Integrated Circuits,True,0.035492,exports
2026-05-01,JAMAICA,8542,Electronic Integrated Circuits,True,0.164344,exports
2026-05-01,TURKS AND CAICOS ISLANDS,8542,Electronic Integrated Circuits,True,0.069953,exports
2026-05-01,CAYMAN ISLANDS,8542,Electronic Integrated Circuits,True,0.011635,exports
2026-05-01,HAITI,8542,Electronic Integrated Circuits,True,0.004715,exports
2026-05-01,DOMINICAN REPUBLIC,8542,Electronic Integrated Circuits,True,1.115162,exports
2026-05-01,ANGUILLA,8542,Electronic Integrated Circuits,True,0.0029,exports
2026-05-01,ST KITTS AND NEVIS,8542,Electronic Integrated Circuits,True,0.004821,exports
2026-05-01,ANTIGUA AND BARBUDA,8542,Electronic Integrated Circuits,True,0.0,exports
2026-05-01,ST LUCIA,8542,Electronic Integrated Circuits,True,0.00494,exports
2026-05-01,ST VINCENT AND THE GRENADINES,8542,Electronic Integrated Circuits,True,0.003208,exports
2026-05-01,GRENADA,8542,Electronic Integrated Circuits,True,0.0,exports
2026-05-01,CURACAO,8542,Electronic Integrated Circuits,True,0.00511,exports
2026-05-01,BARBADOS,8542,Electronic Integrated Circuits,True,0.022017,exports
2026-05-01,TRINIDAD AND TOBAGO,8542,Electronic Integrated Circuits,True,0.790729,exports
2026-05-01,SINT MAARTEN,8542,Electronic Integrated Circuits,True,0.0,exports
2026-05-01,ARUBA,8542,Electronic Integrated Circuits,True,0.015826,exports
2026-05-01,GUADELOUPE,8542,Electronic Integrated Circuits,True,0.0,exports
2026-05-01,MARTINIQUE,8542,Electronic Integrated Circuits,True,0.0,exports
2026-05-01,CENTRAL AMERICA,8542,Electronic Integrated Circuits,True,14.11902,exports
2026-05-01,COLOMBIA,8542,Electronic Integrated Circuits,True,1.455424,exports
2026-05-01,VENEZUELA,8542,Electronic Integrated Circuits,True,0.357496,exports
2026-05-01,GUYANA,8542,Electronic Integrated Circuits,True,0.0,exports
2026-05-01,SURINAME,8542,Electronic Integrated Circuits,True,0.02684,exports
2026-05-01,FRENCH GUIANA,8542,Electronic Integrated Circuits,True,0.0,exports
2026-05-01,ECUADOR,8542,Electronic Integrated Circuits,True,0.695116,exports
2026-05-01,PERU,8542,Electronic Integrated Circuits,True,3.093423,exports
2026-05-01,BOLIVIA,8542,Electronic Integrated Circuits,True,0.2885,exports
2026-05-01,CHILE,8542,Electronic Integrated Circuits,True,1.724326,exports
2026-05-01,BRAZIL,8542,Electronic Integrated Circuits,True,89.401615,exports
2026-05-01,PARAGUAY,8542,Electronic Integrated Circuits,True,0.895714,exports
2026-05-01,URUGUAY,8542,Electronic Integrated Circuits,True,0.343008,exports
2026-05-01,ARGENTINA,8542,Electronic Integrated Circuits,True,5.120566,exports
2026-05-01,SOUTH AMERICA,8542,Electronic Integrated Circuits,True,103.402028,exports
2026-05-01,ICELAND,8542,Electronic Integrated Circuits,True,0.0,exports
2026-05-01,SWEDEN,8542,Electronic Integrated Circuits,True,9.18193,exports
2026-05-01,NORWAY,8542,Electronic Integrated Circuits,True,0.849858,exports
2026-05-01,FINLAND,8542,Electronic Integrated Circuits,True,2.877655,exports
2026-05-01,DENMARK,8542,Electronic Integrated Circuits,True,2.267741,exports
2026-05-01,UNITED KINGDOM,8542,Electronic Integrated Circuits,True,51.773646,exports
2026-05-01,IRELAND,8542,Electronic Integrated Circuits,True,67.47231,exports
2026-05-01,NETHERLANDS,8542,Electronic Integrated Circuits,True,28.424226,exports
2026-05-01,BELGIUM,8542,Electronic Integrated Circuits,True,4.650701,exports
2026-05-01,LUXEMBOURG,8542,Electronic Integrated Circuits,True,0.143186,exports
2026-05-01,FRANCE,8542,Electronic Integrated Circuits,True,14.113567,exports
2026-05-01,GERMANY,8542,Electronic Integrated Circuits,True,37.194344,exports
2026-05-01,AUSTRIA,8542,Electronic Integrated Circuits,True,1.249071,exports
2026-05-01,CZECH REPUBLIC,8542,Electronic Integrated Circuits,True,21.546009,exports
2026-05-01,SLOVAKIA,8542,Electronic Integrated Circuits,True,0.524656,exports
2026-05-01,HUNGARY,8542,Electronic Integrated Circuits,True,76.573975,exports
2026-05-01,LIECHTENSTEIN,8542,Electronic Integrated Circuits,True,0.0,exports
2026-05-01,SWITZERLAND,8542,Electronic Integrated Circuits,True,5.37134,exports
2026-05-01,ESTONIA,8542,Electronic Integrated Circuits,True,1.100996,exports
2026-05-01,LATVIA,8542,Electronic Integrated Circuits,True,0.189906,exports
2026-05-01,LITHUANIA,8542,Electronic Integrated Circuits,True,0.96617,exports
2026-05-01,POLAND,8542,Electronic Integrated Circuits,True,5.37141,exports
2026-05-01,RUSSIA,8542,Electronic Integrated Circuits,True,0.004138,exports
2026-05-01,UKRAINE,8542,Electronic Integrated Circuits,True,2.105072,exports
2026-05-01,ARMENIA,8542,Electronic Integrated Circuits,True,0.004656,exports
2026-05-01,AZERBAIJAN,8542,Electronic Integrated Circuits,True,0.00519,exports
2026-05-01,GEORGIA,8542,Electronic Integrated Circuits,True,0.0,exports
2026-05-01,KAZAKHSTAN,8542,Electronic Integrated Circuits,True,0.002803,exports
2026-05-01,KYRGYZSTAN,8542,Electronic Integrated Circuits,True,0.0,exports
2026-05-01,MOLDOVA,8542,Electronic Integrated Circuits,True,0.0,exports
2026-05-01,UZBEKISTAN,8542,Electronic Integrated Circuits,True,0.0,exports
2026-05-01,SPAIN,8542,Electronic Integrated Circuits,True,5.160795,exports
2026-05-01,PORTUGAL,8542,Electronic Integrated Circuits,True,10.837553,exports
2026-05-01,MALTA,8542,Electronic Integrated Circuits,True,1.285339,exports
2026-05-01,SAN MARINO,8542,Electronic Integrated Circuits,True,0.0,exports
2026-05-01,ITALY,8542,Electronic Integrated Circuits,True,9.868445,exports
2026-05-01,CROATIA,8542,Electronic Integrated Circuits,True,0.192421,exports
2026-05-01,SLOVENIA,8542,Electronic Integrated Circuits,True,0.190477,exports
2026-05-01,BOSNIA AND HERZEGOVINA,8542,Electronic Integrated Circuits,True,0.003133,exports
2026-05-01,ROMANIA,8542,Electronic Integrated Circuits,True,2.747324,exports
2026-05-01,MACEDONIA,8542,Electronic Integrated Circuits,True,0.028066,exports
2026-05-01,SERBIA,8542,Electronic Integrated Circuits,True,0.30747,exports
2026-05-01,GREECE,8542,Electronic Integrated Circuits,True,2.130151,exports
2026-05-01,BULGARIA,8542,Electronic Integrated Circuits,True,0.626336,exports
2026-05-01,TURKEY,8542,Electronic Integrated Circuits,True,9.573969,exports
2026-05-01,CYPRUS,8542,Electronic Integrated Circuits,True,0.002559,exports
2026-05-01,EUROPE,8542,Electronic Integrated Circuits,True,376.918594,exports
2026-05-01,LEBANON,8542,Electronic Integrated Circuits,True,0.0,exports
2026-05-01,ISRAEL,8542,Electronic Integrated Circuits,True,25.123041,exports
2026-05-01,JORDAN,8542,Electronic Integrated Circuits,True,0.0,exports
2026-05-01,KUWAIT,8542,Electronic Integrated Circuits,True,0.122488,exports
2026-05-01,SAUDI ARABIA,8542,Electronic Integrated Circuits,True,1.339881,exports
2026-05-01,QATAR,8542,Electronic Integrated Circuits,True,0.278532,exports
2026-05-01,UNITED ARAB EMIRATES,8542,Electronic Integrated Circuits,True,1.386916,exports
2026-05-01,OMAN,8542,Electronic Integrated Circuits,True,0.017096,exports
2026-05-01,BAHRAIN,8542,Electronic Integrated Circuits,True,0.010959,exports
2026-05-01,INDIA,8542,Electronic Integrated Circuits,True,13.6969,exports
2026-05-01,PAKISTAN,8542,Electronic Integrated Circuits,True,0.150051,exports
2026-05-01,NEPAL,8542,Electronic Integrated Circuits,True,0.0,exports
2026-05-01,BANGLADESH,8542,Electronic Integrated Circuits,True,0.06181,exports
2026-05-01,SRI LANKA,8542,Electronic Integrated Circuits,True,0.163915,exports
2026-05-01,THAILAND,8542,Electronic Integrated Circuits,True,91.760786,exports
2026-05-01,VIETNAM,8542,Electronic Integrated Circuits,True,167.916067,exports
2026-05-01,CAMBODIA,8542,Electronic Integrated Circuits,True,0.037999,exports
2026-05-01,MALAYSIA,8542,Electronic Integrated Circuits,True,806.097152,exports
2026-05-01,SINGAPORE,8542,Electronic Integrated Circuits,True,93.463661,exports
2026-05-01,INDONESIA,8542,Electronic Integrated Circuits,True,0.235607,exports
2026-05-01,BRUNEI,8542,Electronic Integrated Circuits,True,0.00653,exports
2026-05-01,PHILIPPINES,8542,Electronic Integrated Circuits,True,123.531293,exports
2026-05-01,MACAU,8542,Electronic Integrated Circuits,True,0.091349,exports
2026-05-01,CHINA,8542,Electronic Integrated Circuits,True,1032.059119,exports
2026-05-01,MONGOLIA,8542,Electronic Integrated Circuits,True,0.0,exports
2026-05-01,"KOREA, SOUTH",8542,Electronic Integrated Circuits,True,135.424757,exports
2026-05-01,HONG KONG,8542,Electronic Integrated Circuits,True,136.564247,exports
2026-05-01,TAIWAN,8542,Electronic Integrated Circuits,True,437.68598,exports
2026-05-01,JAPAN,8542,Electronic Integrated Circuits,True,56.089507,exports
2026-05-01,ASIA,8542,Electronic Integrated Circuits,True,3123.315643,exports
2026-05-01,AUSTRALIA,8542,Electronic Integrated Circuits,True,2.933538,exports
2026-05-01,NEW ZEALAND,8542,Electronic Integrated Circuits,True,0.231815,exports
2026-05-01,SOLOMON ISLANDS,8542,Electronic Integrated Circuits,True,0.020122,exports
2026-05-01,FRENCH POLYNESIA,8542,Electronic Integrated Circuits,True,0.02,exports
2026-05-01,FIJI,8542,Electronic Integrated Circuits,True,0.00588,exports
2026-05-01,AUSTRALIA AND OCEANIA,8542,Electronic Integrated Circuits,True,3.211355,exports
2026-05-01,MOROCCO,8542,Electronic Integrated Circuits,True,0.041745,exports
2026-05-01,ALGERIA,8542,Electronic Integrated Circuits,True,0.030808,exports
2026-05-01,TUNISIA,8542,Electronic Integrated Circuits,True,0.071106,exports
2026-05-01,LIBYA,8542,Electronic Integrated Circuits,True,0.007888,exports
2026-05-01,EGYPT,8542,Electronic Integrated Circuits,True,0.253567,exports
2026-05-01,EQUATORIAL GUINEA,8542,Electronic Integrated Circuits,True,0.0,exports
2026-05-01,MAURITANIA,8542,Electronic Integrated Circuits,True,0.0,exports
2026-05-01,CAMEROON,8542,Electronic Integrated Circuits,True,0.0,exports
2026-05-01,SENEGAL,8542,Electronic Integrated Circuits,True,0.003181,exports
2026-05-01,GHANA,8542,Electronic Integrated Circuits,True,0.010466,exports
2026-05-01,NIGER,8542,Electronic Integrated Circuits,True,0.0,exports
2026-05-01,NIGERIA,8542,Electronic Integrated Circuits,True,0.0,exports
2026-05-01,GABON,8542,Electronic Integrated Circuits,True,0.008,exports
2026-05-01,ANGOLA,8542,Electronic Integrated Circuits,True,0.0,exports
2026-05-01,LIBERIA,8542,Electronic Integrated Circuits,True,0.0,exports
2026-05-01,BURUNDI,8542,Electronic Integrated Circuits,True,0.0,exports
2026-05-01,ETHIOPIA,8542,Electronic Integrated Circuits,True,0.006375,exports
2026-05-01,KENYA,8542,Electronic Integrated Circuits,True,0.00849,exports
2026-05-01,BRITISH INDIAN OCEAN TERRITORIES,8542,Electronic Integrated Circuits,True,0.0,exports
2026-05-01,NAMIBIA,8542,Electronic Integrated Circuits,True,0.02766,exports
2026-05-01,TANZANIA,8542,Electronic Integrated Circuits,True,0.0,exports
2026-05-01,MAURITIUS,8542,Electronic Integrated Circuits,True,0.004182,exports
2026-05-01,SOUTH AFRICA,8542,Electronic Integrated Circuits,True,1.415535,exports
2026-05-01,ZAMBIA,8542,Electronic Integrated Circuits,True,0.003846,exports
2026-05-01,ESWATINI,8542,Electronic Integrated Circuits,True,0.0,exports
2026-05-01,AFRICA,8542,Electronic Integrated Circuits,True,1.892849,exports
2026-05-01,TOTAL FOR ALL COUNTRIES,8542,Electronic Integrated Circuits,True,4528.746404,exports
2026-05-01,EUROPEAN UNION,8703,Motor Cars & Vehicles,False,1031.463701,exports
2026-05-01,PACIFIC RIM COUNTRIES,8703,Motor Cars & Vehicles,False,650.810655,exports
2026-05-01,CAFTA-DR,8703,Motor Cars & Vehicles,False,162.356354,exports
2026-05-01,USMCA (NAFTA),8703,Motor Cars & Vehicles,False,1443.176276,exports
2026-05-01,TWENTY LATIN AMERICAN REPUBLICS,8703,Motor Cars & Vehicles,False,672.373293,exports
2026-05-01,OECD,8703,Motor Cars & Vehicles,False,3113.029766,exports
2026-05-01,NATO,8703,Motor Cars & Vehicles,False,2222.9225,exports
2026-05-01,LAFTA,8703,Motor Cars & Vehicles,False,486.554228,exports
2026-05-01,EURO AREA,8703,Motor Cars & Vehicles,False,980.422484,exports
2026-05-01,APEC,8703,Motor Cars & Vehicles,False,2124.694634,exports
2026-05-01,ASEAN,8703,Motor Cars & Vehicles,False,24.120629,exports
2026-05-01,CACM,8703,Motor Cars & Vehicles,False,98.150862,exports
2026-05-01,GREENLAND,8703,Motor Cars & Vehicles,False,0.0,exports
2026-05-01,CANADA,8703,Motor Cars & Vehicles,False,1075.946004,exports
2026-05-01,NORTH AMERICA,8703,Motor Cars & Vehicles,False,1443.176276,exports
2026-05-01,MEXICO,8703,Motor Cars & Vehicles,False,367.230272,exports
2026-05-01,GUATEMALA,8703,Motor Cars & Vehicles,False,25.167346,exports
2026-05-01,BELIZE,8703,Motor Cars & Vehicles,False,2.412742,exports
2026-05-01,EL SALVADOR,8703,Motor Cars & Vehicles,False,23.341577,exports
2026-05-01,HONDURAS,8703,Motor Cars & Vehicles,False,27.702515,exports
2026-05-01,NICARAGUA,8703,Motor Cars & Vehicles,False,0.771411,exports
2026-05-01,COSTA RICA,8703,Motor Cars & Vehicles,False,21.168013,exports
2026-05-01,PANAMA,8703,Motor Cars & Vehicles,False,5.588784,exports
2026-05-01,BERMUDA,8703,Motor Cars & Vehicles,False,0.0082,exports
2026-05-01,BAHAMAS,8703,Motor Cars & Vehicles,False,8.629508,exports
2026-05-01,CUBA,8703,Motor Cars & Vehicles,False,15.83084,exports
2026-05-01,JAMAICA,8703,Motor Cars & Vehicles,False,1.076857,exports
2026-05-01,TURKS AND CAICOS ISLANDS,8703,Motor Cars & Vehicles,False,1.261049,exports
2026-05-01,CAYMAN ISLANDS,8703,Motor Cars & Vehicles,False,1.461116,exports
2026-05-01,HAITI,8703,Motor Cars & Vehicles,False,2.043087,exports
2026-05-01,DOMINICAN REPUBLIC,8703,Motor Cars & Vehicles,False,64.205492,exports
2026-05-01,ANGUILLA,8703,Motor Cars & Vehicles,False,0.167101,exports
2026-05-01,BRITISH VIRGIN ISLANDS,8703,Motor Cars & Vehicles,False,0.356571,exports
2026-05-01,ST KITTS AND NEVIS,8703,Motor Cars & Vehicles,False,0.303694,exports
2026-05-01,ANTIGUA AND BARBUDA,8703,Motor Cars & Vehicles,False,0.089234,exports
2026-05-01,MONTSERRAT,8703,Motor Cars & Vehicles,False,0.0075,exports
2026-05-01,DOMINICA,8703,Motor Cars & Vehicles,False,0.053905,exports
2026-05-01,ST LUCIA,8703,Motor Cars & Vehicles,False,0.052195,exports
2026-05-01,ST VINCENT AND THE GRENADINES,8703,Motor Cars & Vehicles,False,0.0655,exports
2026-05-01,GRENADA,8703,Motor Cars & Vehicles,False,0.12447,exports
2026-05-01,BARBADOS,8703,Motor Cars & Vehicles,False,0.05,exports
2026-05-01,TRINIDAD AND TOBAGO,8703,Motor Cars & Vehicles,False,0.082283,exports
2026-05-01,SINT MAARTEN,8703,Motor Cars & Vehicles,False,1.033496,exports
2026-05-01,CURACAO,8703,Motor Cars & Vehicles,False,1.913856,exports
2026-05-01,ARUBA,8703,Motor Cars & Vehicles,False,0.3912,exports
2026-05-01,GUADELOUPE,8703,Motor Cars & Vehicles,False,0.141666,exports
2026-05-01,MARTINIQUE,8703,Motor Cars & Vehicles,False,0.0,exports
2026-05-01,CENTRAL AMERICA,8703,Motor Cars & Vehicles,False,205.501208,exports
2026-05-01,COLOMBIA,8703,Motor Cars & Vehicles,False,32.667446,exports
2026-05-01,VENEZUELA,8703,Motor Cars & Vehicles,False,18.288749,exports
2026-05-01,GUYANA,8703,Motor Cars & Vehicles,False,2.59416,exports
2026-05-01,SURINAME,8703,Motor Cars & Vehicles,False,0.812311,exports
2026-05-01,FRENCH GUIANA,8703,Motor Cars & Vehicles,False,0.0,exports
2026-05-01,ECUADOR,8703,Motor Cars & Vehicles,False,4.173794,exports
2026-05-01,PERU,8703,Motor Cars & Vehicles,False,2.155109,exports
2026-05-01,BOLIVIA,8703,Motor Cars & Vehicles,False,3.081234,exports
2026-05-01,CHILE,8703,Motor Cars & Vehicles,False,21.225228,exports
2026-05-01,BRAZIL,8703,Motor Cars & Vehicles,False,31.481977,exports
2026-05-01,PARAGUAY,8703,Motor Cars & Vehicles,False,3.757298,exports
2026-05-01,URUGUAY,8703,Motor Cars & Vehicles,False,0.927541,exports
2026-05-01,ARGENTINA,8703,Motor Cars & Vehicles,False,1.56558,exports
2026-05-01,SOUTH AMERICA,8703,Motor Cars & Vehicles,False,122.730427,exports
2026-05-01,ICELAND,8703,Motor Cars & Vehicles,False,1.381831,exports
2026-05-01,SWEDEN,8703,Motor Cars & Vehicles,False,27.912904,exports
2026-05-01,NORWAY,8703,Motor Cars & Vehicles,False,25.300214,exports
2026-05-01,FINLAND,8703,Motor Cars & Vehicles,False,0.711945,exports
2026-05-01,DENMARK,8703,Motor Cars & Vehicles,False,1.399485,exports
2026-05-01,UNITED KINGDOM,8703,Motor Cars & Vehicles,False,72.013648,exports
2026-05-01,IRELAND,8703,Motor Cars & Vehicles,False,0.897658,exports
2026-05-01,NETHERLANDS,8703,Motor Cars & Vehicles,False,101.478133,exports
2026-05-01,BELGIUM,8703,Motor Cars & Vehicles,False,112.091601,exports
2026-05-01,LUXEMBOURG,8703,Motor Cars & Vehicles,False,3.578323,exports
2026-05-01,ANDORRA,8703,Motor Cars & Vehicles,False,0.0,exports
2026-05-01,FRANCE,8703,Motor Cars & Vehicles,False,4.849775,exports
2026-05-01,GERMANY,8703,Motor Cars & Vehicles,False,551.974413,exports
2026-05-01,AUSTRIA,8703,Motor Cars & Vehicles,False,42.187739,exports
2026-05-01,CZECH REPUBLIC,8703,Motor Cars & Vehicles,False,1.202307,exports
2026-05-01,SLOVAKIA,8703,Motor Cars & Vehicles,False,0.229317,exports
2026-05-01,HUNGARY,8703,Motor Cars & Vehicles,False,0.125875,exports
2026-05-01,SWITZERLAND,8703,Motor Cars & Vehicles,False,1.417786,exports
2026-05-01,ESTONIA,8703,Motor Cars & Vehicles,False,0.671575,exports
2026-05-01,UKRAINE,8703,Motor Cars & Vehicles,False,28.487554,exports
2026-05-01,LATVIA,8703,Motor Cars & Vehicles,False,0.094024,exports
2026-05-01,LITHUANIA,8703,Motor Cars & Vehicles,False,110.417412,exports
2026-05-01,POLAND,8703,Motor Cars & Vehicles,False,15.892922,exports
2026-05-01,ARMENIA,8703,Motor Cars & Vehicles,False,6.557504,exports
2026-05-01,AZERBAIJAN,8703,Motor Cars & Vehicles,False,0.617896,exports
2026-05-01,GEORGIA,8703,Motor Cars & Vehicles,False,142.887485,exports
2026-05-01,KAZAKHSTAN,8703,Motor Cars & Vehicles,False,6.900055,exports
2026-05-01,KYRGYZSTAN,8703,Motor Cars & Vehicles,False,6.893612,exports
2026-05-01,MOLDOVA,8703,Motor Cars & Vehicles,False,1.246743,exports
2026-05-01,TAJIKISTAN,8703,Motor Cars & Vehicles,False,0.21147,exports
2026-05-01,TURKMENISTAN,8703,Motor Cars & Vehicles,False,0.586936,exports
2026-05-01,UZBEKISTAN,8703,Motor Cars & Vehicles,False,4.86311,exports
2026-05-01,SPAIN,8703,Motor Cars & Vehicles,False,2.485774,exports
2026-05-01,PORTUGAL,8703,Motor Cars & Vehicles,False,31.601484,exports
2026-05-01,MALTA,8703,Motor Cars & Vehicles,False,0.02,exports
2026-05-01,ITALY,8703,Motor Cars & Vehicles,False,10.9222,exports
2026-05-01,CROATIA,8703,Motor Cars & Vehicles,False,2.052376,exports
2026-05-01,SLOVENIA,8703,Motor Cars & Vehicles,False,0.0892,exports
2026-05-01,BOSNIA AND HERZEGOVINA,8703,Motor Cars & Vehicles,False,0.379554,exports
2026-05-01,MACEDONIA,8703,Motor Cars & Vehicles,False,0.0542,exports
2026-05-01,SERBIA,8703,Motor Cars & Vehicles,False,0.329869,exports
2026-05-01,MONTENEGRO,8703,Motor Cars & Vehicles,False,1.041257,exports
2026-05-01,ALBANIA,8703,Motor Cars & Vehicles,False,15.282796,exports
2026-05-01,GREECE,8703,Motor Cars & Vehicles,False,0.837624,exports
2026-05-01,ROMANIA,8703,Motor Cars & Vehicles,False,4.507724,exports
2026-05-01,BULGARIA,8703,Motor Cars & Vehicles,False,2.468266,exports
2026-05-01,TURKEY,8703,Motor Cars & Vehicles,False,44.307891,exports
2026-05-01,CYPRUS,8703,Motor Cars & Vehicles,False,0.763645,exports
2026-05-01,EUROPE,8703,Motor Cars & Vehicles,False,1392.225112,exports
2026-05-01,LEBANON,8703,Motor Cars & Vehicles,False,13.611398,exports
2026-05-01,IRAQ,8703,Motor Cars & Vehicles,False,1.088218,exports
2026-05-01,ISRAEL,8703,Motor Cars & Vehicles,False,41.261496,exports
2026-05-01,WEST BANK ADMINISTERED BY ISRAEL,8703,Motor Cars & Vehicles,False,0.0865,exports
2026-05-01,JORDAN,8703,Motor Cars & Vehicles,False,65.097922,exports
2026-05-01,KUWAIT,8703,Motor Cars & Vehicles,False,5.193826,exports
2026-05-01,SAUDI ARABIA,8703,Motor Cars & Vehicles,False,45.56316,exports
2026-05-01,QATAR,8703,Motor Cars & Vehicles,False,1.074966,exports
2026-05-01,UNITED ARAB EMIRATES,8703,Motor Cars & Vehicles,False,72.880155,exports
2026-05-01,YEMEN,8703,Motor Cars & Vehicles,False,0.163974,exports
2026-05-01,OMAN,8703,Motor Cars & Vehicles,False,23.511958,exports
2026-05-01,BAHRAIN,8703,Motor Cars & Vehicles,False,0.717352,exports
2026-05-01,AFGHANISTAN,8703,Motor Cars & Vehicles,False,0.0135,exports
2026-05-01,INDIA,8703,Motor Cars & Vehicles,False,0.13344,exports
2026-05-01,PAKISTAN,8703,Motor Cars & Vehicles,False,0.0,exports
2026-05-01,BANGLADESH,8703,Motor Cars & Vehicles,False,0.0,exports
2026-05-01,SRI LANKA,8703,Motor Cars & Vehicles,False,0.051727,exports
2026-05-01,THAILAND,8703,Motor Cars & Vehicles,False,1.216037,exports
2026-05-01,VIETNAM,8703,Motor Cars & Vehicles,False,6.111329,exports
2026-05-01,LAOS,8703,Motor Cars & Vehicles,False,0.0,exports
2026-05-01,CAMBODIA,8703,Motor Cars & Vehicles,False,12.943582,exports
2026-05-01,MALAYSIA,8703,Motor Cars & Vehicles,False,0.0,exports
2026-05-01,SINGAPORE,8703,Motor Cars & Vehicles,False,2.104699,exports
2026-05-01,INDONESIA,8703,Motor Cars & Vehicles,False,0.128672,exports
2026-05-01,TIMOR-LESTE,8703,Motor Cars & Vehicles,False,0.0,exports
2026-05-01,BRUNEI,8703,Motor Cars & Vehicles,False,0.125,exports
2026-05-01,"KOREA, SOUTH",8703,Motor Cars & Vehicles,False,223.987869,exports
2026-05-01,PHILIPPINES,8703,Motor Cars & Vehicles,False,1.49131,exports
2026-05-01,CHINA,8703,Motor Cars & Vehicles,False,170.894365,exports
2026-05-01,MONGOLIA,8703,Motor Cars & Vehicles,False,5.265944,exports
2026-05-01,HONG KONG,8703,Motor Cars & Vehicles,False,2.022385,exports
2026-05-01,TAIWAN,8703,Motor Cars & Vehicles,False,86.585977,exports
2026-05-01,JAPAN,8703,Motor Cars & Vehicles,False,85.115431,exports
2026-05-01,ASIA,8703,Motor Cars & Vehicles,False,868.442192,exports
2026-05-01,AUSTRALIA,8703,Motor Cars & Vehicles,False,63.857537,exports
2026-05-01,NEW ZEALAND,8703,Motor Cars & Vehicles,False,14.49741,exports
2026-05-01,NIUE,8703,Motor Cars & Vehicles,False,0.105215,exports
2026-05-01,SAMOA,8703,Motor Cars & Vehicles,False,0.0,exports
2026-05-01,NEW CALEDONIA,8703,Motor Cars & Vehicles,False,0.082519,exports
2026-05-01,FRENCH POLYNESIA,8703,Motor Cars & Vehicles,False,0.075788,exports
2026-05-01,MARSHALL ISLANDS,8703,Motor Cars & Vehicles,False,0.123137,exports
2026-05-01,FIJI,8703,Motor Cars & Vehicles,False,0.005,exports
2026-05-01,AUSTRALIA AND OCEANIA,8703,Motor Cars & Vehicles,False,78.746606,exports
2026-05-01,MOROCCO,8703,Motor Cars & Vehicles,False,0.538195,exports
2026-05-01,ALGERIA,8703,Motor Cars & Vehicles,False,2.427559,exports
2026-05-01,TUNISIA,8703,Motor Cars & Vehicles,False,0.43818,exports
2026-05-01,LIBYA,8703,Motor Cars & Vehicles,False,23.63683,exports
2026-05-01,EGYPT,8703,Motor Cars & Vehicles,False,3.905992,exports
2026-05-01,EQUATORIAL GUINEA,8703,Motor Cars & Vehicles,False,0.026636,exports
2026-05-01,MAURITANIA,8703,Motor Cars & Vehicles,False,2.719638,exports
2026-05-01,CAMEROON,8703,Motor Cars & Vehicles,False,1.750439,exports
2026-05-01,SENEGAL,8703,Motor Cars & Vehicles,False,7.407048,exports
2026-05-01,MALI,8703,Motor Cars & Vehicles,False,0.615216,exports
2026-05-01,GUINEA,8703,Motor Cars & Vehicles,False,1.969688,exports
2026-05-01,SIERRA LEONE,8703,Motor Cars & Vehicles,False,3.339458,exports
2026-05-01,COTE D'IVOIRE,8703,Motor Cars & Vehicles,False,2.805921,exports
2026-05-01,GHANA,8703,Motor Cars & Vehicles,False,37.060902,exports
2026-05-01,GAMBIA,8703,Motor Cars & Vehicles,False,1.367666,exports
2026-05-01,NIGER,8703,Motor Cars & Vehicles,False,1.094733,exports
2026-05-01,TOGO,8703,Motor Cars & Vehicles,False,7.670647,exports
2026-05-01,NIGERIA,8703,Motor Cars & Vehicles,False,96.175953,exports
2026-05-01,CENTRAL AFRICAN REPUBLIC,8703,Motor Cars & Vehicles,False,0.0,exports
2026-05-01,GABON,8703,Motor Cars & Vehicles,False,0.318718,exports
2026-05-01,BURKINA FASO,8703,Motor Cars & Vehicles,False,0.404665,exports
2026-05-01,BENIN,8703,Motor Cars & Vehicles,False,26.853821,exports
2026-05-01,ANGOLA,8703,Motor Cars & Vehicles,False,0.580729,exports
2026-05-01,CONGO,8703,Motor Cars & Vehicles,False,1.732636,exports
2026-05-01,GUINEA-BISSAU,8703,Motor Cars & Vehicles,False,0.0153,exports
2026-05-01,CABO VERDE,8703,Motor Cars & Vehicles,False,0.200082,exports
2026-05-01,LIBERIA,8703,Motor Cars & Vehicles,False,2.20657,exports
2026-05-01,DEMOCRATIC REPUBLIC OF THE CONGO,8703,Motor Cars & Vehicles,False,0.970166,exports
2026-05-01,RWANDA,8703,Motor Cars & Vehicles,False,1.00456,exports
2026-05-01,SOMALIA,8703,Motor Cars & Vehicles,False,0.012558,exports
2026-05-01,ETHIOPIA,8703,Motor Cars & Vehicles,False,0.066554,exports
2026-05-01,DJIBOUTI,8703,Motor Cars & Vehicles,False,0.166,exports
2026-05-01,UGANDA,8703,Motor Cars & Vehicles,False,0.04568,exports
2026-05-01,KENYA,8703,Motor Cars & Vehicles,False,0.053808,exports
2026-05-01,TANZANIA,8703,Motor Cars & Vehicles,False,0.398133,exports
2026-05-01,MOZAMBIQUE,8703,Motor Cars & Vehicles,False,0.0,exports
2026-05-01,MADAGASCAR,8703,Motor Cars & Vehicles,False,0.0,exports
2026-05-01,MAYOTTE,8703,Motor Cars & Vehicles,False,0.0,exports
2026-05-01,COMOROS,8703,Motor Cars & Vehicles,False,0.0,exports
2026-05-01,REUNION,8703,Motor Cars & Vehicles,False,0.0,exports
2026-05-01,ZAMBIA,8703,Motor Cars & Vehicles,False,0.0,exports
2026-05-01,SOUTH AFRICA,8703,Motor Cars & Vehicles,False,18.052792,exports
2026-05-01,NAMIBIA,8703,Motor Cars & Vehicles,False,0.0,exports
2026-05-01,BOTSWANA,8703,Motor Cars & Vehicles,False,0.0,exports
2026-05-01,ZIMBABWE,8703,Motor Cars & Vehicles,False,0.628516,exports
2026-05-01,AFRICA,8703,Motor Cars & Vehicles,False,248.661989,exports
2026-05-01,TOTAL FOR ALL COUNTRIES,8703,Motor Cars & Vehicles,False,4359.48381,exports
2026-05-01,TOTAL FOR ALL COUNTRIES,2709,Crude Petroleum Oils,True,19150.966944,exports
2026-05-01,USMCA (NAFTA),2709,Crude Petroleum Oils,True,1018.254094,exports
2026-05-01,EUROPEAN UNION,2709,Crude Petroleum Oils,True,7233.845794,exports
2026-05-01,PACIFIC RIM COUNTRIES,2709,Crude Petroleum Oils,True,8332.018291,exports
2026-05-01,CAFTA-DR,2709,Crude Petroleum Oils,True,127.375587,exports
2026-05-01,TWENTY LATIN AMERICAN REPUBLICS,2709,Crude Petroleum Oils,True,585.66285,exports
2026-05-01,OECD,2709,Crude Petroleum Oils,True,16000.934595,exports
2026-05-01,NATO,2709,Crude Petroleum Oils,True,8975.059856,exports
2026-05-01,LAFTA,2709,Crude Petroleum Oils,True,371.99148,exports
2026-05-01,EURO AREA,2709,Crude Petroleum Oils,True,6973.12662,exports
2026-05-01,APEC,2709,Crude Petroleum Oils,True,10089.565999,exports
2026-05-01,ASEAN,2709,Crude Petroleum Oils,True,1928.933999,exports
2026-05-01,CACM,2709,Crude Petroleum Oils,True,19.933721,exports
2026-05-01,CANADA,2709,Crude Petroleum Oils,True,1018.212613,exports
2026-05-01,NORTH AMERICA,2709,Crude Petroleum Oils,True,1018.254094,exports
2026-05-01,MEXICO,2709,Crude Petroleum Oils,True,0.041481,exports
2026-05-01,NICARAGUA,2709,Crude Petroleum Oils,True,19.926115,exports
2026-05-01,COSTA RICA,2709,Crude Petroleum Oils,True,0.007606,exports
2026-05-01,PANAMA,2709,Crude Petroleum Oils,True,86.295783,exports
2026-05-01,DOMINICAN REPUBLIC,2709,Crude Petroleum Oils,True,107.441866,exports
2026-05-01,CENTRAL AMERICA,2709,Crude Petroleum Oils,True,213.67137,exports
2026-05-01,COLOMBIA,2709,Crude Petroleum Oils,True,230.145742,exports
2026-05-01,PERU,2709,Crude Petroleum Oils,True,111.950507,exports
2026-05-01,BRAZIL,2709,Crude Petroleum Oils,True,29.85375,exports
2026-05-01,NORWAY,2709,Crude Petroleum Oils,True,72.603412,exports
2026-05-01,URUGUAY,2709,Crude Petroleum Oils,True,0.0,exports
2026-05-01,SOUTH AMERICA,2709,Crude Petroleum Oils,True,371.949999,exports
2026-05-01,SWEDEN,2709,Crude Petroleum Oils,True,194.484186,exports
2026-05-01,FINLAND,2709,Crude Petroleum Oils,True,21.49,exports
2026-05-01,DENMARK,2709,Crude Petroleum Oils,True,0.0,exports
2026-05-01,UNITED KINGDOM,2709,Crude Petroleum Oils,True,524.758462,exports
2026-05-01,IRELAND,2709,Crude Petroleum Oils,True,212.457711,exports
2026-05-01,NETHERLANDS,2709,Crude Petroleum Oils,True,3879.287628,exports
2026-05-01,FRANCE,2709,Crude Petroleum Oils,True,350.981346,exports
2026-05-01,GERMANY,2709,Crude Petroleum Oils,True,635.068169,exports
2026-05-01,SWITZERLAND,2709,Crude Petroleum Oils,True,0.0,exports
2026-05-01,POLAND,2709,Crude Petroleum Oils,True,66.234988,exports
2026-05-01,SPAIN,2709,Crude Petroleum Oils,True,567.290377,exports
2026-05-01,PORTUGAL,2709,Crude Petroleum Oils,True,84.28147,exports
2026-05-01,ITALY,2709,Crude Petroleum Oils,True,924.542543,exports
2026-05-01,CROATIA,2709,Crude Petroleum Oils,True,185.50378,exports
2026-05-01,GREECE,2709,Crude Petroleum Oils,True,112.223596,exports
2026-05-01,TURKEY,2709,Crude Petroleum Oils,True,338.097286,exports
2026-05-01,EUROPE,2709,Crude Petroleum Oils,True,8169.304954,exports
2026-05-01,INDIA,2709,Crude Petroleum Oils,True,418.425129,exports
2026-05-01,PAKISTAN,2709,Crude Petroleum Oils,True,0.0,exports
2026-05-01,SRI LANKA,2709,Crude Petroleum Oils,True,0.0,exports
2026-05-01,THAILAND,2709,Crude Petroleum Oils,True,627.343107,exports
2026-05-01,VIETNAM,2709,Crude Petroleum Oils,True,0.0,exports
2026-05-01,MALAYSIA,2709,Crude Petroleum Oils,True,333.722251,exports
2026-05-01,SINGAPORE,2709,Crude Petroleum Oils,True,967.868641,exports
2026-05-01,"KOREA, SOUTH",2709,Crude Petroleum Oils,True,2895.006362,exports
2026-05-01,TAIWAN,2709,Crude Petroleum Oils,True,261.70142,exports
2026-05-01,JAPAN,2709,Crude Petroleum Oils,True,3781.134841,exports
2026-05-01,ASIA,2709,Crude Petroleum Oils,True,9285.201751,exports
2026-05-01,AUSTRALIA,2709,Crude Petroleum Oils,True,92.584776,exports
2026-05-01,AUSTRALIA AND OCEANIA,2709,Crude Petroleum Oils,True,92.584776,exports
2026-05-01,NIGERIA,2709,Crude Petroleum Oils,True,0.0,exports
2026-05-01,LIBERIA,2709,Crude Petroleum Oils,True,0.0,exports
2026-05-01,AFRICA,2709,Crude Petroleum Oils,True,0.0,exports
2026-05-01,USMCA (NAFTA),3004,Medicaments Packaged,True,448.449801,exports
2026-05-01,EUROPEAN UNION,3004,Medicaments Packaged,True,820.225898,exports
2026-05-01,PACIFIC RIM COUNTRIES,3004,Medicaments Packaged,True,873.169445,exports
2026-05-01,CAFTA-DR,3004,Medicaments Packaged,True,9.770104,exports
2026-05-01,TWENTY LATIN AMERICAN REPUBLICS,3004,Medicaments Packaged,True,316.759756,exports
2026-05-01,OECD,3004,Medicaments Packaged,True,2257.624206,exports
2026-05-01,NATO,3004,Medicaments Packaged,True,1293.245082,exports
2026-05-01,LAFTA,3004,Medicaments Packaged,True,295.765646,exports
2026-05-01,EURO AREA,3004,Medicaments Packaged,True,796.970022,exports
2026-05-01,APEC,3004,Medicaments Packaged,True,1356.925502,exports
2026-05-01,ASEAN,3004,Medicaments Packaged,True,51.076478,exports
2026-05-01,CACM,3004,Medicaments Packaged,True,8.999446,exports
2026-05-01,CANADA,3004,Medicaments Packaged,True,328.225535,exports
2026-05-01,NORTH AMERICA,3004,Medicaments Packaged,True,448.449801,exports
2026-05-01,MEXICO,3004,Medicaments Packaged,True,120.224266,exports
2026-05-01,GUATEMALA,3004,Medicaments Packaged,True,6.890393,exports
2026-05-01,BELIZE,3004,Medicaments Packaged,True,0.904062,exports
2026-05-01,EL SALVADOR,3004,Medicaments Packaged,True,0.353878,exports
2026-05-01,HONDURAS,3004,Medicaments Packaged,True,0.775807,exports
2026-05-01,BERMUDA,3004,Medicaments Packaged,True,0.407618,exports
2026-05-01,NICARAGUA,3004,Medicaments Packaged,True,0.013793,exports
2026-05-01,COSTA RICA,3004,Medicaments Packaged,True,0.965575,exports
2026-05-01,PANAMA,3004,Medicaments Packaged,True,11.22088,exports
2026-05-01,BAHAMAS,3004,Medicaments Packaged,True,0.457366,exports
2026-05-01,JAMAICA,3004,Medicaments Packaged,True,0.17469,exports
2026-05-01,TURKS AND CAICOS ISLANDS,3004,Medicaments Packaged,True,0.063208,exports
2026-05-01,CAYMAN ISLANDS,3004,Medicaments Packaged,True,0.458132,exports
2026-05-01,HAITI,3004,Medicaments Packaged,True,0.003126,exports
2026-05-01,DOMINICAN REPUBLIC,3004,Medicaments Packaged,True,0.770658,exports
2026-05-01,ANGUILLA,3004,Medicaments Packaged,True,0.0,exports
2026-05-01,BRITISH VIRGIN ISLANDS,3004,Medicaments Packaged,True,0.070421,exports
2026-05-01,ST KITTS AND NEVIS,3004,Medicaments Packaged,True,0.015509,exports
2026-05-01,ANTIGUA AND BARBUDA,3004,Medicaments Packaged,True,0.017,exports
2026-05-01,DOMINICA,3004,Medicaments Packaged,True,0.017547,exports
2026-05-01,ST LUCIA,3004,Medicaments Packaged,True,0.041836,exports
2026-05-01,ST VINCENT AND THE GRENADINES,3004,Medicaments Packaged,True,0.0,exports
2026-05-01,GRENADA,3004,Medicaments Packaged,True,0.008111,exports
2026-05-01,BARBADOS,3004,Medicaments Packaged,True,0.293986,exports
2026-05-01,TRINIDAD AND TOBAGO,3004,Medicaments Packaged,True,0.122839,exports
2026-05-01,SINT MAARTEN,3004,Medicaments Packaged,True,0.004215,exports
2026-05-01,CURACAO,3004,Medicaments Packaged,True,0.042706,exports
2026-05-01,ARUBA,3004,Medicaments Packaged,True,0.059342,exports
2026-05-01,CENTRAL AMERICA,3004,Medicaments Packaged,True,24.152698,exports
2026-05-01,COLOMBIA,3004,Medicaments Packaged,True,31.420706,exports
2026-05-01,VENEZUELA,3004,Medicaments Packaged,True,0.699697,exports
2026-05-01,GUYANA,3004,Medicaments Packaged,True,0.247671,exports
2026-05-01,SURINAME,3004,Medicaments Packaged,True,0.0,exports
2026-05-01,ECUADOR,3004,Medicaments Packaged,True,0.686368,exports
2026-05-01,PERU,3004,Medicaments Packaged,True,4.717362,exports
2026-05-01,BOLIVIA,3004,Medicaments Packaged,True,0.040652,exports
2026-05-01,CHILE,3004,Medicaments Packaged,True,9.318987,exports
2026-05-01,BRAZIL,3004,Medicaments Packaged,True,101.036253,exports
2026-05-01,PARAGUAY,3004,Medicaments Packaged,True,0.147842,exports
2026-05-01,URUGUAY,3004,Medicaments Packaged,True,6.772516,exports
2026-05-01,ARGENTINA,3004,Medicaments Packaged,True,20.700997,exports
2026-05-01,SOUTH AMERICA,3004,Medicaments Packaged,True,175.789051,exports
2026-05-01,ICELAND,3004,Medicaments Packaged,True,0.078409,exports
2026-05-01,SWEDEN,3004,Medicaments Packaged,True,3.107647,exports
2026-05-01,NORWAY,3004,Medicaments Packaged,True,0.617182,exports
2026-05-01,FINLAND,3004,Medicaments Packaged,True,0.249242,exports
2026-05-01,DENMARK,3004,Medicaments Packaged,True,11.097225,exports
2026-05-01,UNITED KINGDOM,3004,Medicaments Packaged,True,195.157329,exports
2026-05-01,IRELAND,3004,Medicaments Packaged,True,59.709232,exports
2026-05-01,NETHERLANDS,3004,Medicaments Packaged,True,165.89983,exports
2026-05-01,BELGIUM,3004,Medicaments Packaged,True,140.003098,exports
2026-05-01,LUXEMBOURG,3004,Medicaments Packaged,True,0.0,exports
2026-05-01,ANDORRA,3004,Medicaments Packaged,True,0.002653,exports
2026-05-01,FRANCE,3004,Medicaments Packaged,True,36.456732,exports
2026-05-01,GERMANY,3004,Medicaments Packaged,True,288.96651,exports
2026-05-01,AUSTRIA,3004,Medicaments Packaged,True,0.232237,exports
2026-05-01,CZECH REPUBLIC,3004,Medicaments Packaged,True,4.767114,exports
2026-05-01,SLOVAKIA,3004,Medicaments Packaged,True,0.180767,exports
2026-05-01,HUNGARY,3004,Medicaments Packaged,True,3.193382,exports
2026-05-01,SWITZERLAND,3004,Medicaments Packaged,True,44.419156,exports
2026-05-01,ESTONIA,3004,Medicaments Packaged,True,0.0,exports
2026-05-01,RUSSIA,3004,Medicaments Packaged,True,1.752921,exports
2026-05-01,LATVIA,3004,Medicaments Packaged,True,0.0,exports
2026-05-01,LITHUANIA,3004,Medicaments Packaged,True,1.681654,exports
2026-05-01,POLAND,3004,Medicaments Packaged,True,0.128475,exports
2026-05-01,UKRAINE,3004,Medicaments Packaged,True,0.457229,exports
2026-05-01,ARMENIA,3004,Medicaments Packaged,True,3.509447,exports
2026-05-01,AZERBAIJAN,3004,Medicaments Packaged,True,0.0,exports
2026-05-01,GEORGIA,3004,Medicaments Packaged,True,0.01134,exports
2026-05-01,KAZAKHSTAN,3004,Medicaments Packaged,True,0.545697,exports
2026-05-01,KYRGYZSTAN,3004,Medicaments Packaged,True,0.1755,exports
2026-05-01,MOLDOVA,3004,Medicaments Packaged,True,0.0,exports
2026-05-01,UZBEKISTAN,3004,Medicaments Packaged,True,0.00711,exports
2026-05-01,SPAIN,3004,Medicaments Packaged,True,42.331171,exports
2026-05-01,PORTUGAL,3004,Medicaments Packaged,True,0.147253,exports
2026-05-01,MALTA,3004,Medicaments Packaged,True,0.009377,exports
2026-05-01,ITALY,3004,Medicaments Packaged,True,56.777557,exports
2026-05-01,CROATIA,3004,Medicaments Packaged,True,0.206953,exports
2026-05-01,SLOVENIA,3004,Medicaments Packaged,True,1.790747,exports
2026-05-01,BOSNIA AND HERZEGOVINA,3004,Medicaments Packaged,True,0.0,exports
2026-05-01,MACEDONIA,3004,Medicaments Packaged,True,0.0,exports
2026-05-01,SERBIA,3004,Medicaments Packaged,True,0.37858,exports
2026-05-01,KOSOVO,3004,Medicaments Packaged,True,0.0,exports
2026-05-01,ALBANIA,3004,Medicaments Packaged,True,0.0,exports
2026-05-01,GREECE,3004,Medicaments Packaged,True,1.717439,exports
2026-05-01,ROMANIA,3004,Medicaments Packaged,True,0.962033,exports
2026-05-01,BULGARIA,3004,Medicaments Packaged,True,0.438779,exports
2026-05-01,TURKEY,3004,Medicaments Packaged,True,9.063019,exports
2026-05-01,CYPRUS,3004,Medicaments Packaged,True,0.171444,exports
2026-05-01,EUROPE,3004,Medicaments Packaged,True,1076.40147,exports
2026-05-01,LEBANON,3004,Medicaments Packaged,True,1.397106,exports
2026-05-01,IRAQ,3004,Medicaments Packaged,True,0.502749,exports
2026-05-01,IRAN,3004,Medicaments Packaged,True,0.53672,exports
2026-05-01,ISRAEL,3004,Medicaments Packaged,True,35.016688,exports
2026-05-01,WEST BANK ADMINISTERED BY ISRAEL,3004,Medicaments Packaged,True,0.0,exports
2026-05-01,JORDAN,3004,Medicaments Packaged,True,2.849106,exports
2026-05-01,KUWAIT,3004,Medicaments Packaged,True,1.829741,exports
2026-05-01,SAUDI ARABIA,3004,Medicaments Packaged,True,23.065654,exports
2026-05-01,QATAR,3004,Medicaments Packaged,True,1.916626,exports
2026-05-01,UNITED ARAB EMIRATES,3004,Medicaments Packaged,True,17.033211,exports
2026-05-01,OMAN,3004,Medicaments Packaged,True,1.426807,exports
2026-05-01,BAHRAIN,3004,Medicaments Packaged,True,0.362208,exports
2026-05-01,AFGHANISTAN,3004,Medicaments Packaged,True,0.0,exports
2026-05-01,INDIA,3004,Medicaments Packaged,True,72.81627,exports
2026-05-01,PAKISTAN,3004,Medicaments Packaged,True,0.008377,exports
2026-05-01,NEPAL,3004,Medicaments Packaged,True,0.022539,exports
2026-05-01,BANGLADESH,3004,Medicaments Packaged,True,0.23144,exports
2026-05-01,SRI LANKA,3004,Medicaments Packaged,True,0.141577,exports
2026-05-01,BURMA,3004,Medicaments Packaged,True,0.054073,exports
2026-05-01,THAILAND,3004,Medicaments Packaged,True,15.735375,exports
2026-05-01,VIETNAM,3004,Medicaments Packaged,True,3.792411,exports
2026-05-01,CAMBODIA,3004,Medicaments Packaged,True,0.125,exports
2026-05-01,MALAYSIA,3004,Medicaments Packaged,True,7.025615,exports
2026-05-01,SINGAPORE,3004,Medicaments Packaged,True,16.074695,exports
2026-05-01,INDONESIA,3004,Medicaments Packaged,True,3.24064,exports
2026-05-01,BRUNEI,3004,Medicaments Packaged,True,0.0,exports
2026-05-01,PHILIPPINES,3004,Medicaments Packaged,True,5.028669,exports
2026-05-01,MACAU,3004,Medicaments Packaged,True,0.0108,exports
2026-05-01,MALDIVES,3004,Medicaments Packaged,True,0.0,exports
2026-05-01,CHINA,3004,Medicaments Packaged,True,152.762289,exports
2026-05-01,TAIWAN,3004,Medicaments Packaged,True,16.916705,exports
2026-05-01,MONGOLIA,3004,Medicaments Packaged,True,0.082948,exports
2026-05-01,"KOREA, SOUTH",3004,Medicaments Packaged,True,273.932571,exports
2026-05-01,HONG KONG,3004,Medicaments Packaged,True,7.42999,exports
2026-05-01,JAPAN,3004,Medicaments Packaged,True,298.701452,exports
2026-05-01,ASIA,3004,Medicaments Packaged,True,960.070052,exports
2026-05-01,AUSTRALIA,3004,Medicaments Packaged,True,88.899211,exports
2026-05-01,CHRISTMAS ISLAND,3004,Medicaments Packaged,True,0.0,exports
2026-05-01,PAPUA NEW GUINEA,3004,Medicaments Packaged,True,0.0,exports
2026-05-01,NEW ZEALAND,3004,Medicaments Packaged,True,3.146808,exports
2026-05-01,SAMOA,3004,Medicaments Packaged,True,0.0,exports
2026-05-01,VANUATU,3004,Medicaments Packaged,True,0.0,exports
2026-05-01,KIRIBATI,3004,Medicaments Packaged,True,0.003849,exports
2026-05-01,MARSHALL ISLANDS,3004,Medicaments Packaged,True,0.0,exports
2026-05-01,PALAU,3004,Medicaments Packaged,True,0.039871,exports
2026-05-01,AUSTRALIA AND OCEANIA,3004,Medicaments Packaged,True,92.089739,exports
2026-05-01,MOROCCO,3004,Medicaments Packaged,True,0.0,exports
2026-05-01,ALGERIA,3004,Medicaments Packaged,True,3.489677,exports
2026-05-01,TUNISIA,3004,Medicaments Packaged,True,0.033285,exports
2026-05-01,LIBYA,3004,Medicaments Packaged,True,0.014173,exports
2026-05-01,EGYPT,3004,Medicaments Packaged,True,12.325123,exports
2026-05-01,SUDAN,3004,Medicaments Packaged,True,0.028704,exports
2026-05-01,SENEGAL,3004,Medicaments Packaged,True,0.0,exports
2026-05-01,SIERRA LEONE,3004,Medicaments Packaged,True,0.0,exports
2026-05-01,GHANA,3004,Medicaments Packaged,True,0.094141,exports
2026-05-01,GAMBIA,3004,Medicaments Packaged,True,0.004708,exports
2026-05-01,NIGER,3004,Medicaments Packaged,True,0.0,exports
2026-05-01,NIGERIA,3004,Medicaments Packaged,True,0.354302,exports
2026-05-01,CENTRAL AFRICAN REPUBLIC,3004,Medicaments Packaged,True,0.0,exports
2026-05-01,GABON,3004,Medicaments Packaged,True,0.0,exports
2026-05-01,CHAD,3004,Medicaments Packaged,True,0.037103,exports
2026-05-01,CONGO,3004,Medicaments Packaged,True,0.0,exports
2026-05-01,RWANDA,3004,Medicaments Packaged,True,0.014268,exports
2026-05-01,SOMALIA,3004,Medicaments Packaged,True,0.0,exports
2026-05-01,ETHIOPIA,3004,Medicaments Packaged,True,0.0,exports
2026-05-01,UGANDA,3004,Medicaments Packaged,True,0.048506,exports
2026-05-01,KENYA,3004,Medicaments Packaged,True,0.287269,exports
2026-05-01,SEYCHELLES,3004,Medicaments Packaged,True,0.0,exports
2026-05-01,TANZANIA,3004,Medicaments Packaged,True,0.0,exports
2026-05-01,MAURITIUS,3004,Medicaments Packaged,True,0.012466,exports
2026-05-01,MOZAMBIQUE,3004,Medicaments Packaged,True,0.0,exports
2026-05-01,MADAGASCAR,3004,Medicaments Packaged,True,0.012501,exports
2026-05-01,SOUTH AFRICA,3004,Medicaments Packaged,True,4.413432,exports
2026-05-01,NAMIBIA,3004,Medicaments Packaged,True,0.0,exports
2026-05-01,BOTSWANA,3004,Medicaments Packaged,True,0.028932,exports
2026-05-01,ZAMBIA,3004,Medicaments Packaged,True,0.0,exports
2026-05-01,ZIMBABWE,3004,Medicaments Packaged,True,0.019463,exports
2026-05-01,MALAWI,3004,Medicaments Packaged,True,0.004608,exports
2026-05-01,AFRICA,3004,Medicaments Packaged,True,21.222661,exports
2026-05-01,TOTAL FOR ALL COUNTRIES,3004,Medicaments Packaged,True,2798.175472,exports
2026-05-01,UNITED ARAB EMIRATES,8517,Telephone Sets & Network Equipment,True,190.184985,exports
2026-05-01,YEMEN,8517,Telephone Sets & Network Equipment,True,0.054,exports
2026-05-01,OMAN,8517,Telephone Sets & Network Equipment,True,3.870966,exports
2026-05-01,BAHRAIN,8517,Telephone Sets & Network Equipment,True,6.397241,exports
2026-05-01,AFGHANISTAN,8517,Telephone Sets & Network Equipment,True,0.0,exports
2026-05-01,INDIA,8517,Telephone Sets & Network Equipment,True,63.607704,exports
2026-05-01,PAKISTAN,8517,Telephone Sets & Network Equipment,True,0.271837,exports
2026-05-01,NEPAL,8517,Telephone Sets & Network Equipment,True,0.019333,exports
2026-05-01,BANGLADESH,8517,Telephone Sets & Network Equipment,True,1.038297,exports
2026-05-01,SRI LANKA,8517,Telephone Sets & Network Equipment,True,0.079973,exports
2026-05-01,BURMA,8517,Telephone Sets & Network Equipment,True,0.04396,exports
2026-05-01,THAILAND,8517,Telephone Sets & Network Equipment,True,53.750676,exports
2026-05-01,VIETNAM,8517,Telephone Sets & Network Equipment,True,73.448477,exports
2026-05-01,LAOS,8517,Telephone Sets & Network Equipment,True,0.0,exports
2026-05-01,CAMBODIA,8517,Telephone Sets & Network Equipment,True,0.006395,exports
2026-05-01,MALAYSIA,8517,Telephone Sets & Network Equipment,True,128.558406,exports
2026-05-01,SINGAPORE,8517,Telephone Sets & Network Equipment,True,100.037054,exports
2026-05-01,INDONESIA,8517,Telephone Sets & Network Equipment,True,22.069662,exports
2026-05-01,TIMOR-LESTE,8517,Telephone Sets & Network Equipment,True,0.0,exports
2026-05-01,BRUNEI,8517,Telephone Sets & Network Equipment,True,0.104522,exports
2026-05-01,PHILIPPINES,8517,Telephone Sets & Network Equipment,True,38.443262,exports
2026-05-01,MACAU,8517,Telephone Sets & Network Equipment,True,0.052474,exports
2026-05-01,BHUTAN,8517,Telephone Sets & Network Equipment,True,0.006926,exports
2026-05-01,MALDIVES,8517,Telephone Sets & Network Equipment,True,0.041154,exports
2026-05-01,CHINA,8517,Telephone Sets & Network Equipment,True,47.840492,exports
2026-05-01,MONGOLIA,8517,Telephone Sets & Network Equipment,True,0.494949,exports
2026-05-01,"KOREA, SOUTH",8517,Telephone Sets & Network Equipment,True,21.233626,exports
2026-05-01,HONG KONG,8517,Telephone Sets & Network Equipment,True,446.182449,exports
2026-05-01,TAIWAN,8517,Telephone Sets & Network Equipment,True,152.157748,exports
2026-05-01,JAPAN,8517,Telephone Sets & Network Equipment,True,101.877784,exports
2026-05-01,AUSTRALIA,8517,Telephone Sets & Network Equipment,True,91.472805,exports
2026-05-01,CHRISTMAS ISLAND,8517,Telephone Sets & Network Equipment,True,0.0,exports
2026-05-01,PAPUA NEW GUINEA,8517,Telephone Sets & Network Equipment,True,0.152864,exports
2026-05-01,NEW ZEALAND,8517,Telephone Sets & Network Equipment,True,7.112283,exports
2026-05-01,SAMOA,8517,Telephone Sets & Network Equipment,True,0.00609,exports
2026-05-01,SOLOMON ISLANDS,8517,Telephone Sets & Network Equipment,True,0.113247,exports
2026-05-01,VANUATU,8517,Telephone Sets & Network Equipment,True,0.003668,exports
2026-05-01,NEW CALEDONIA,8517,Telephone Sets & Network Equipment,True,0.0,exports
2026-05-01,FRENCH POLYNESIA,8517,Telephone Sets & Network Equipment,True,0.324891,exports
2026-05-01,ST KITTS AND NEVIS,8517,Telephone Sets & Network Equipment,True,0.101568,exports
2026-05-01,ANTIGUA AND BARBUDA,8517,Telephone Sets & Network Equipment,True,0.288085,exports
2026-05-01,MONTSERRAT,8517,Telephone Sets & Network Equipment,True,0.034873,exports
2026-05-01,DOMINICA,8517,Telephone Sets & Network Equipment,True,0.063272,exports
2026-05-01,ST LUCIA,8517,Telephone Sets & Network Equipment,True,0.299249,exports
2026-05-01,ST VINCENT AND THE GRENADINES,8517,Telephone Sets & Network Equipment,True,0.087385,exports
2026-05-01,GRENADA,8517,Telephone Sets & Network Equipment,True,0.089193,exports
2026-05-01,BARBADOS,8517,Telephone Sets & Network Equipment,True,0.715162,exports
2026-05-01,TRINIDAD AND TOBAGO,8517,Telephone Sets & Network Equipment,True,3.766374,exports
2026-05-01,SINT MAARTEN,8517,Telephone Sets & Network Equipment,True,0.891879,exports
2026-05-01,CURACAO,8517,Telephone Sets & Network Equipment,True,3.168434,exports
2026-05-01,ARUBA,8517,Telephone Sets & Network Equipment,True,1.030664,exports
2026-05-01,GUADELOUPE,8517,Telephone Sets & Network Equipment,True,0.106288,exports
2026-05-01,MARTINIQUE,8517,Telephone Sets & Network Equipment,True,0.057455,exports
2026-05-01,COLOMBIA,8517,Telephone Sets & Network Equipment,True,59.982062,exports
2026-05-01,VENEZUELA,8517,Telephone Sets & Network Equipment,True,31.091084,exports
2026-05-01,GUYANA,8517,Telephone Sets & Network Equipment,True,6.429644,exports
2026-05-01,SURINAME,8517,Telephone Sets & Network Equipment,True,2.871181,exports
2026-05-01,FRENCH GUIANA,8517,Telephone Sets & Network Equipment,True,0.296648,exports
2026-05-01,ECUADOR,8517,Telephone Sets & Network Equipment,True,13.135027,exports
2026-05-01,PERU,8517,Telephone Sets & Network Equipment,True,23.603491,exports
2026-05-01,BOLIVIA,8517,Telephone Sets & Network Equipment,True,8.554729,exports
2026-05-01,CHILE,8517,Telephone Sets & Network Equipment,True,38.747205,exports
2026-05-01,BRAZIL,8517,Telephone Sets & Network Equipment,True,77.128993,exports
2026-05-01,PARAGUAY,8517,Telephone Sets & Network Equipment,True,410.984961,exports
2026-05-01,URUGUAY,8517,Telephone Sets & Network Equipment,True,16.390178,exports
2026-05-01,ARGENTINA,8517,Telephone Sets & Network Equipment,True,43.956293,exports
2026-05-01,ICELAND,8517,Telephone Sets & Network Equipment,True,35.484933,exports
2026-05-01,SWEDEN,8517,Telephone Sets & Network Equipment,True,77.863148,exports
2026-05-01,NORWAY,8517,Telephone Sets & Network Equipment,True,22.709201,exports
2026-05-01,FINLAND,8517,Telephone Sets & Network Equipment,True,20.465834,exports
2026-05-01,DENMARK,8517,Telephone Sets & Network Equipment,True,9.328947,exports
2026-05-01,UNITED KINGDOM,8517,Telephone Sets & Network Equipment,True,107.568058,exports
2026-05-01,IRELAND,8517,Telephone Sets & Network Equipment,True,30.436619,exports
2026-05-01,NETHERLANDS,8517,Telephone Sets & Network Equipment,True,247.418644,exports
2026-05-01,BELGIUM,8517,Telephone Sets & Network Equipment,True,18.430181,exports
2026-05-01,LUXEMBOURG,8517,Telephone Sets & Network Equipment,True,0.540838,exports
2026-05-01,MONACO,8517,Telephone Sets & Network Equipment,True,0.01291,exports
2026-05-01,FRANCE,8517,Telephone Sets & Network Equipment,True,37.409439,exports
2026-05-01,GERMANY,8517,Telephone Sets & Network Equipment,True,108.11004,exports
2026-05-01,AUSTRIA,8517,Telephone Sets & Network Equipment,True,1.8862,exports
2026-05-01,CZECH REPUBLIC,8517,Telephone Sets & Network Equipment,True,24.653662,exports
2026-05-01,MARSHALL ISLANDS,8517,Telephone Sets & Network Equipment,True,0.0,exports
2026-05-01,MICRONESIA,8517,Telephone Sets & Network Equipment,True,0.052875,exports
2026-05-01,PALAU,8517,Telephone Sets & Network Equipment,True,0.00309,exports
2026-05-01,FIJI,8517,Telephone Sets & Network Equipment,True,0.167277,exports
2026-05-01,TONGA,8517,Telephone Sets & Network Equipment,True,0.034811,exports
2026-05-01,MOROCCO,8517,Telephone Sets & Network Equipment,True,0.388795,exports
2026-05-01,ALGERIA,8517,Telephone Sets & Network Equipment,True,6.233548,exports
2026-05-01,TUNISIA,8517,Telephone Sets & Network Equipment,True,0.094798,exports
2026-05-01,LIBYA,8517,Telephone Sets & Network Equipment,True,0.019662,exports
2026-05-01,EGYPT,8517,Telephone Sets & Network Equipment,True,5.690802,exports
2026-05-01,SOUTH SUDAN,8517,Telephone Sets & Network Equipment,True,0.002589,exports
2026-05-01,EQUATORIAL GUINEA,8517,Telephone Sets & Network Equipment,True,0.0,exports
2026-05-01,MAURITANIA,8517,Telephone Sets & Network Equipment,True,0.091312,exports
2026-05-01,CAMEROON,8517,Telephone Sets & Network Equipment,True,0.117191,exports
2026-05-01,SENEGAL,8517,Telephone Sets & Network Equipment,True,2.320501,exports
2026-05-01,MALI,8517,Telephone Sets & Network Equipment,True,0.0,exports
2026-05-01,GUINEA,8517,Telephone Sets & Network Equipment,True,0.01013,exports
2026-05-01,SIERRA LEONE,8517,Telephone Sets & Network Equipment,True,0.011628,exports
2026-05-01,COTE D'IVOIRE,8517,Telephone Sets & Network Equipment,True,0.178918,exports
2026-05-01,GHANA,8517,Telephone Sets & Network Equipment,True,0.428175,exports
2026-05-01,GAMBIA,8517,Telephone Sets & Network Equipment,True,0.0,exports
2026-05-01,NIGER,8517,Telephone Sets & Network Equipment,True,0.362962,exports
2026-05-01,TOGO,8517,Telephone Sets & Network Equipment,True,0.0,exports
2026-05-01,NIGERIA,8517,Telephone Sets & Network Equipment,True,4.093163,exports
2026-05-01,CENTRAL AFRICAN REPUBLIC,8517,Telephone Sets & Network Equipment,True,0.0059,exports
2026-05-01,GABON,8517,Telephone Sets & Network Equipment,True,0.0,exports
2026-05-01,CHAD,8517,Telephone Sets & Network Equipment,True,0.2276,exports
2026-05-01,ST HELENA,8517,Telephone Sets & Network Equipment,True,0.007582,exports
2026-05-01,BURKINA FASO,8517,Telephone Sets & Network Equipment,True,0.0,exports
2026-05-01,BENIN,8517,Telephone Sets & Network Equipment,True,0.009447,exports
2026-05-01,ANGOLA,8517,Telephone Sets & Network Equipment,True,0.403127,exports
2026-05-01,CONGO,8517,Telephone Sets & Network Equipment,True,0.048836,exports
2026-05-01,GUINEA-BISSAU,8517,Telephone Sets & Network Equipment,True,0.0,exports
2026-05-01,CABO VERDE,8517,Telephone Sets & Network Equipment,True,0.006,exports
2026-05-01,SAO TOME AND PRINCIPE,8517,Telephone Sets & Network Equipment,True,0.0,exports
2026-05-01,LIBERIA,8517,Telephone Sets & Network Equipment,True,0.037054,exports
2026-05-01,DEMOCRATIC REPUBLIC OF THE CONGO,8517,Telephone Sets & Network Equipment,True,0.175241,exports
2026-05-01,BURUNDI,8517,Telephone Sets & Network Equipment,True,0.0,exports
2026-05-01,RWANDA,8517,Telephone Sets & Network Equipment,True,0.292361,exports
2026-05-01,SOMALIA,8517,Telephone Sets & Network Equipment,True,0.0,exports
2026-05-01,ERITREA,8517,Telephone Sets & Network Equipment,True,0.0064,exports
2026-05-01,ETHIOPIA,8517,Telephone Sets & Network Equipment,True,0.201932,exports
2026-05-01,DJIBOUTI,8517,Telephone Sets & Network Equipment,True,0.202684,exports
2026-05-01,UGANDA,8517,Telephone Sets & Network Equipment,True,0.723283,exports
2026-05-01,KENYA,8517,Telephone Sets & Network Equipment,True,7.759488,exports
2026-05-01,BRITISH VIRGIN ISLANDS,8517,Telephone Sets & Network Equipment,True,0.253616,exports
2026-05-01,SLOVAKIA,8517,Telephone Sets & Network Equipment,True,0.333849,exports
2026-05-01,HUNGARY,8517,Telephone Sets & Network Equipment,True,13.647937,exports
2026-05-01,LIECHTENSTEIN,8517,Telephone Sets & Network Equipment,True,0.0,exports
2026-05-01,SWITZERLAND,8517,Telephone Sets & Network Equipment,True,5.566392,exports
2026-05-01,ESTONIA,8517,Telephone Sets & Network Equipment,True,5.34338,exports
2026-05-01,LATVIA,8517,Telephone Sets & Network Equipment,True,0.533519,exports
2026-05-01,LITHUANIA,8517,Telephone Sets & Network Equipment,True,2.064993,exports
2026-05-01,POLAND,8517,Telephone Sets & Network Equipment,True,23.779272,exports
2026-05-01,RUSSIA,8517,Telephone Sets & Network Equipment,True,0.115531,exports
2026-05-01,BELARUS,8517,Telephone Sets & Network Equipment,True,0.0,exports
2026-05-01,UKRAINE,8517,Telephone Sets & Network Equipment,True,23.645141,exports
2026-05-01,ARMENIA,8517,Telephone Sets & Network Equipment,True,0.114233,exports
2026-05-01,AZERBAIJAN,8517,Telephone Sets & Network Equipment,True,0.252844,exports
2026-05-01,GEORGIA,8517,Telephone Sets & Network Equipment,True,0.668433,exports
2026-05-01,KAZAKHSTAN,8517,Telephone Sets & Network Equipment,True,1.779774,exports
2026-05-01,KYRGYZSTAN,8517,Telephone Sets & Network Equipment,True,0.119411,exports
2026-05-01,MOLDOVA,8517,Telephone Sets & Network Equipment,True,0.025882,exports
2026-05-01,TAJIKISTAN,8517,Telephone Sets & Network Equipment,True,0.105455,exports
2026-05-01,TURKMENISTAN,8517,Telephone Sets & Network Equipment,True,0.0,exports
2026-05-01,UZBEKISTAN,8517,Telephone Sets & Network Equipment,True,0.257589,exports
2026-05-01,SPAIN,8517,Telephone Sets & Network Equipment,True,12.22761,exports
2026-05-01,PORTUGAL,8517,Telephone Sets & Network Equipment,True,0.637989,exports
2026-05-01,GIBRALTAR,8517,Telephone Sets & Network Equipment,True,0.0,exports
2026-05-01,MALTA,8517,Telephone Sets & Network Equipment,True,0.448041,exports
2026-05-01,SAN MARINO,8517,Telephone Sets & Network Equipment,True,0.0,exports
2026-05-01,VATICAN CITY,8517,Telephone Sets & Network Equipment,True,0.003465,exports
2026-05-01,ITALY,8517,Telephone Sets & Network Equipment,True,36.882408,exports
2026-05-01,CROATIA,8517,Telephone Sets & Network Equipment,True,0.538011,exports
2026-05-01,SLOVENIA,8517,Telephone Sets & Network Equipment,True,0.239687,exports
2026-05-01,BOSNIA AND HERZEGOVINA,8517,Telephone Sets & Network Equipment,True,0.0,exports
2026-05-01,MACEDONIA,8517,Telephone Sets & Network Equipment,True,0.014898,exports
2026-05-01,SERBIA,8517,Telephone Sets & Network Equipment,True,0.332897,exports
2026-05-01,KOSOVO,8517,Telephone Sets & Network Equipment,True,0.004153,exports
2026-05-01,MONTENEGRO,8517,Telephone Sets & Network Equipment,True,0.0,exports
2026-05-01,ALBANIA,8517,Telephone Sets & Network Equipment,True,0.015574,exports
2026-05-01,GREECE,8517,Telephone Sets & Network Equipment,True,1.403987,exports
2026-05-01,ROMANIA,8517,Telephone Sets & Network Equipment,True,10.802334,exports
2026-05-01,BULGARIA,8517,Telephone Sets & Network Equipment,True,0.915311,exports
2026-05-01,TURKEY,8517,Telephone Sets & Network Equipment,True,7.010646,exports
2026-05-01,CYPRUS,8517,Telephone Sets & Network Equipment,True,0.07902,exports
2026-05-01,LEBANON,8517,Telephone Sets & Network Equipment,True,0.280025,exports
2026-05-01,IRAQ,8517,Telephone Sets & Network Equipment,True,1.802854,exports
2026-05-01,IRAN,8517,Telephone Sets & Network Equipment,True,0.0,exports
2026-05-01,ISRAEL,8517,Telephone Sets & Network Equipment,True,65.633672,exports
2026-05-01,JORDAN,8517,Telephone Sets & Network Equipment,True,9.803305,exports
2026-05-01,KUWAIT,8517,Telephone Sets & Network Equipment,True,1.362119,exports
2026-05-01,SAUDI ARABIA,8517,Telephone Sets & Network Equipment,True,8.922523,exports
2026-05-01,QATAR,8517,Telephone Sets & Network Equipment,True,10.05538,exports
2026-05-01,TOTAL FOR ALL COUNTRIES,8517,Telephone Sets & Network Equipment,True,4319.827952,exports
2026-05-01,EUROPEAN UNION,8517,Telephone Sets & Network Equipment,True,686.4209,exports
2026-05-01,NORTH AMERICA,8517,Telephone Sets & Network Equipment,True,891.485242,exports
2026-05-01,EUROPE,8517,Telephone Sets & Network Equipment,True,892.22832,exports
2026-05-01,AFRICA,8517,Telephone Sets & Network Equipment,True,43.699813,exports
2026-05-01,PACIFIC RIM COUNTRIES,8517,Telephone Sets & Network Equipment,True,1157.295431,exports
2026-05-01,ASIA,8517,Telephone Sets & Network Equipment,True,1549.73423,exports
2026-05-01,CAFTA-DR,8517,Telephone Sets & Network Equipment,True,75.724512,exports
2026-05-01,AUSTRALIA AND OCEANIA,8517,Telephone Sets & Network Equipment,True,99.443901,exports
2026-05-01,USMCA (NAFTA),8517,Telephone Sets & Network Equipment,True,891.455292,exports
2026-05-01,TWENTY LATIN AMERICAN REPUBLICS,8517,Telephone Sets & Network Equipment,True,1287.131914,exports
2026-05-01,OECD,8517,Telephone Sets & Network Equipment,True,2155.557703,exports
2026-05-01,NATO,8517,Telephone Sets & Network Equipment,True,1246.044847,exports
2026-05-01,LAFTA,8517,Telephone Sets & Network Equipment,True,1195.358798,exports
2026-05-01,EURO AREA,8517,Telephone Sets & Network Equipment,True,526.3456,exports
2026-05-01,APEC,8517,Telephone Sets & Network Equipment,True,2238.363629,exports
2026-05-01,ASEAN,8517,Telephone Sets & Network Equipment,True,416.462414,exports
2026-05-01,CACM,8517,Telephone Sets & Network Equipment,True,65.306843,exports
2026-05-01,GREENLAND,8517,Telephone Sets & Network Equipment,True,0.02995,exports
2026-05-01,CANADA,8517,Telephone Sets & Network Equipment,True,419.670517,exports
2026-05-01,MEXICO,8517,Telephone Sets & Network Equipment,True,471.784775,exports
2026-05-01,GUATEMALA,8517,Telephone Sets & Network Equipment,True,10.00806,exports
2026-05-01,BELIZE,8517,Telephone Sets & Network Equipment,True,0.185521,exports
2026-05-01,EL SALVADOR,8517,Telephone Sets & Network Equipment,True,13.779022,exports
2026-05-01,HONDURAS,8517,Telephone Sets & Network Equipment,True,8.517456,exports
2026-05-01,NICARAGUA,8517,Telephone Sets & Network Equipment,True,6.936744,exports
2026-05-01,COSTA RICA,8517,Telephone Sets & Network Equipment,True,26.065561,exports
2026-05-01,PANAMA,8517,Telephone Sets & Network Equipment,True,15.556329,exports
2026-05-01,BERMUDA,8517,Telephone Sets & Network Equipment,True,2.680785,exports
2026-05-01,BAHAMAS,8517,Telephone Sets & Network Equipment,True,1.663173,exports
2026-05-01,CUBA,8517,Telephone Sets & Network Equipment,True,0.173177,exports
2026-05-01,JAMAICA,8517,Telephone Sets & Network Equipment,True,1.570526,exports
2026-05-01,TURKS AND CAICOS ISLANDS,8517,Telephone Sets & Network Equipment,True,0.138394,exports
2026-05-01,CAYMAN ISLANDS,8517,Telephone Sets & Network Equipment,True,1.045146,exports
2026-05-01,HAITI,8517,Telephone Sets & Network Equipment,True,0.319098,exports
2026-05-01,DOMINICAN REPUBLIC,8517,Telephone Sets & Network Equipment,True,10.417669,exports
2026-05-01,ANGUILLA,8517,Telephone Sets & Network Equipment,True,0.054792,exports
2026-05-01,SEYCHELLES,8517,Telephone Sets & Network Equipment,True,0.0,exports
2026-05-01,BRITISH INDIAN OCEAN TERRITORIES,8517,Telephone Sets & Network Equipment,True,0.0,exports
2026-05-01,TANZANIA,8517,Telephone Sets & Network Equipment,True,0.016813,exports
2026-05-01,MAURITIUS,8517,Telephone Sets & Network Equipment,True,0.234651,exports
2026-05-01,MOZAMBIQUE,8517,Telephone Sets & Network Equipment,True,0.145966,exports
2026-05-01,MADAGASCAR,8517,Telephone Sets & Network Equipment,True,0.0,exports
2026-05-01,COMOROS,8517,Telephone Sets & Network Equipment,True,0.0,exports
2026-05-01,REUNION,8517,Telephone Sets & Network Equipment,True,0.0,exports
2026-05-01,SOUTH AFRICA,8517,Telephone Sets & Network Equipment,True,12.105098,exports
2026-05-01,NAMIBIA,8517,Telephone Sets & Network Equipment,True,0.298932,exports
2026-05-01,BOTSWANA,8517,Telephone Sets & Network Equipment,True,0.051912,exports
2026-05-01,ZAMBIA,8517,Telephone Sets & Network Equipment,True,0.11771,exports
2026-05-01,ESWATINI,8517,Telephone Sets & Network Equipment,True,0.057619,exports
2026-05-01,ZIMBABWE,8517,Telephone Sets & Network Equipment,True,0.36776,exports
2026-05-01,MALAWI,8517,Telephone Sets & Network Equipment,True,0.110498,exports
2026-05-01,LESOTHO,8517,Telephone Sets & Network Equipment,True,0.041745,exports
2026-05-01,CENTRAL AMERICA,8517,Telephone Sets & Network Equipment,True,110.06495,exports
2026-05-01,SOUTH AMERICA,8517,Telephone Sets & Network Equipment,True,733.171496,exports
2026-05-01,USMCA (NAFTA),8471,Automatic Data Processing Machines,True,2537.82163,exports
2026-05-01,EUROPEAN UNION,8471,Automatic Data Processing Machines,True,1030.318197,exports
2026-05-01,PACIFIC RIM COUNTRIES,8471,Automatic Data Processing Machines,True,1513.598437,exports
2026-05-01,CAFTA-DR,8471,Automatic Data Processing Machines,True,57.312124,exports
2026-05-01,TWENTY LATIN AMERICAN REPUBLICS,8471,Automatic Data Processing Machines,True,2436.487346,exports
2026-05-01,OECD,8471,Automatic Data Processing Machines,True,4365.16168,exports
2026-05-01,NATO,8471,Automatic Data Processing Machines,True,1543.856391,exports
2026-05-01,LAFTA,8471,Automatic Data Processing Machines,True,2358.319135,exports
2026-05-01,EURO AREA,8471,Automatic Data Processing Machines,True,835.020712,exports
2026-05-01,APEC,8471,Automatic Data Processing Machines,True,4200.656769,exports
2026-05-01,ASEAN,8471,Automatic Data Processing Machines,True,557.211632,exports
2026-05-01,CACM,8471,Automatic Data Processing Machines,True,46.689031,exports
2026-05-01,GREENLAND,8471,Automatic Data Processing Machines,True,0.0,exports
2026-05-01,CANADA,8471,Automatic Data Processing Machines,True,458.579107,exports
2026-05-01,NORTH AMERICA,8471,Automatic Data Processing Machines,True,2537.82163,exports
2026-05-01,MEXICO,8471,Automatic Data Processing Machines,True,2079.242523,exports
2026-05-01,GUATEMALA,8471,Automatic Data Processing Machines,True,18.38113,exports
2026-05-01,BELIZE,8471,Automatic Data Processing Machines,True,0.604605,exports
2026-05-01,EL SALVADOR,8471,Automatic Data Processing Machines,True,5.915164,exports
2026-05-01,HONDURAS,8471,Automatic Data Processing Machines,True,3.418384,exports
2026-05-01,NICARAGUA,8471,Automatic Data Processing Machines,True,1.631506,exports
2026-05-01,COSTA RICA,8471,Automatic Data Processing Machines,True,17.342847,exports
2026-05-01,PANAMA,8471,Automatic Data Processing Machines,True,20.590518,exports
2026-05-01,BERMUDA,8471,Automatic Data Processing Machines,True,1.039284,exports
2026-05-01,BAHAMAS,8471,Automatic Data Processing Machines,True,1.702036,exports
2026-05-01,CUBA,8471,Automatic Data Processing Machines,True,0.0,exports
2026-05-01,JAMAICA,8471,Automatic Data Processing Machines,True,3.290306,exports
2026-05-01,TURKS AND CAICOS ISLANDS,8471,Automatic Data Processing Machines,True,0.269174,exports
2026-05-01,CAYMAN ISLANDS,8471,Automatic Data Processing Machines,True,1.092839,exports
2026-05-01,HAITI,8471,Automatic Data Processing Machines,True,0.265569,exports
2026-05-01,DOMINICAN REPUBLIC,8471,Automatic Data Processing Machines,True,10.623093,exports
2026-05-01,ANGUILLA,8471,Automatic Data Processing Machines,True,0.074969,exports
2026-05-01,BRITISH VIRGIN ISLANDS,8471,Automatic Data Processing Machines,True,0.213974,exports
2026-05-01,ST KITTS AND NEVIS,8471,Automatic Data Processing Machines,True,0.085625,exports
2026-05-01,ANTIGUA AND BARBUDA,8471,Automatic Data Processing Machines,True,0.217027,exports
2026-05-01,MONTSERRAT,8471,Automatic Data Processing Machines,True,0.113028,exports
2026-05-01,DOMINICA,8471,Automatic Data Processing Machines,True,0.086645,exports
2026-05-01,ST LUCIA,8471,Automatic Data Processing Machines,True,0.429473,exports
2026-05-01,ST VINCENT AND THE GRENADINES,8471,Automatic Data Processing Machines,True,0.083731,exports
2026-05-01,GRENADA,8471,Automatic Data Processing Machines,True,0.248067,exports
2026-05-01,BARBADOS,8471,Automatic Data Processing Machines,True,0.878362,exports
2026-05-01,TRINIDAD AND TOBAGO,8471,Automatic Data Processing Machines,True,3.12862,exports
2026-05-01,GUADELOUPE,8471,Automatic Data Processing Machines,True,0.040702,exports
2026-05-01,SINT MAARTEN,8471,Automatic Data Processing Machines,True,0.252523,exports
2026-05-01,CURACAO,8471,Automatic Data Processing Machines,True,0.670237,exports
2026-05-01,ARUBA,8471,Automatic Data Processing Machines,True,1.750437,exports
2026-05-01,MARTINIQUE,8471,Automatic Data Processing Machines,True,0.027367,exports
2026-05-01,CENTRAL AMERICA,8471,Automatic Data Processing Machines,True,94.467242,exports
2026-05-01,COLOMBIA,8471,Automatic Data Processing Machines,True,22.86237,exports
2026-05-01,VENEZUELA,8471,Automatic Data Processing Machines,True,7.972079,exports
2026-05-01,GUYANA,8471,Automatic Data Processing Machines,True,1.401769,exports
2026-05-01,SURINAME,8471,Automatic Data Processing Machines,True,0.675546,exports
2026-05-01,FRENCH GUIANA,8471,Automatic Data Processing Machines,True,0.03257,exports
2026-05-01,ECUADOR,8471,Automatic Data Processing Machines,True,12.596164,exports
2026-05-01,PERU,8471,Automatic Data Processing Machines,True,18.73928,exports
2026-05-01,BOLIVIA,8471,Automatic Data Processing Machines,True,4.191174,exports
2026-05-01,CHILE,8471,Automatic Data Processing Machines,True,45.426684,exports
2026-05-01,BRAZIL,8471,Automatic Data Processing Machines,True,54.316465,exports
2026-05-01,PARAGUAY,8471,Automatic Data Processing Machines,True,67.061647,exports
2026-05-01,URUGUAY,8471,Automatic Data Processing Machines,True,4.900116,exports
2026-05-01,ARGENTINA,8471,Automatic Data Processing Machines,True,41.010633,exports
2026-05-01,SOUTH AMERICA,8471,Automatic Data Processing Machines,True,281.186497,exports
2026-05-01,ICELAND,8471,Automatic Data Processing Machines,True,0.348534,exports
2026-05-01,SWEDEN,8471,Automatic Data Processing Machines,True,127.245091,exports
2026-05-01,NORWAY,8471,Automatic Data Processing Machines,True,10.581874,exports
2026-05-01,FINLAND,8471,Automatic Data Processing Machines,True,24.830456,exports
2026-05-01,FAROE ISLANDS,8471,Automatic Data Processing Machines,True,0.0,exports
2026-05-01,DENMARK,8471,Automatic Data Processing Machines,True,13.186669,exports
2026-05-01,UNITED KINGDOM,8471,Automatic Data Processing Machines,True,123.407804,exports
2026-05-01,IRELAND,8471,Automatic Data Processing Machines,True,85.068878,exports
2026-05-01,NETHERLANDS,8471,Automatic Data Processing Machines,True,485.683129,exports
2026-05-01,BELGIUM,8471,Automatic Data Processing Machines,True,42.661665,exports
2026-05-01,LUXEMBOURG,8471,Automatic Data Processing Machines,True,2.492632,exports
2026-05-01,ANDORRA,8471,Automatic Data Processing Machines,True,0.0,exports
2026-05-01,MONACO,8471,Automatic Data Processing Machines,True,0.0,exports
2026-05-01,FRANCE,8471,Automatic Data Processing Machines,True,27.520072,exports
2026-05-01,GERMANY,8471,Automatic Data Processing Machines,True,108.295708,exports
2026-05-01,AUSTRIA,8471,Automatic Data Processing Machines,True,2.694508,exports
2026-05-01,CZECH REPUBLIC,8471,Automatic Data Processing Machines,True,18.553526,exports
2026-05-01,SLOVAKIA,8471,Automatic Data Processing Machines,True,0.69594,exports
2026-05-01,HUNGARY,8471,Automatic Data Processing Machines,True,15.941035,exports
2026-05-01,LIECHTENSTEIN,8471,Automatic Data Processing Machines,True,0.0,exports
2026-05-01,SWITZERLAND,8471,Automatic Data Processing Machines,True,8.752254,exports
2026-05-01,ESTONIA,8471,Automatic Data Processing Machines,True,0.166895,exports
2026-05-01,LATVIA,8471,Automatic Data Processing Machines,True,0.43366,exports
2026-05-01,LITHUANIA,8471,Automatic Data Processing Machines,True,3.273846,exports
2026-05-01,POLAND,8471,Automatic Data Processing Machines,True,13.978541,exports
2026-05-01,RUSSIA,8471,Automatic Data Processing Machines,True,0.450937,exports
2026-05-01,BELARUS,8471,Automatic Data Processing Machines,True,0.0,exports
2026-05-01,UKRAINE,8471,Automatic Data Processing Machines,True,4.187034,exports
2026-05-01,ARMENIA,8471,Automatic Data Processing Machines,True,0.079804,exports
2026-05-01,AZERBAIJAN,8471,Automatic Data Processing Machines,True,0.027501,exports
2026-05-01,GEORGIA,8471,Automatic Data Processing Machines,True,0.76631,exports
2026-05-01,KAZAKHSTAN,8471,Automatic Data Processing Machines,True,0.819801,exports
2026-05-01,KYRGYZSTAN,8471,Automatic Data Processing Machines,True,0.263045,exports
2026-05-01,MOLDOVA,8471,Automatic Data Processing Machines,True,0.175855,exports
2026-05-01,TAJIKISTAN,8471,Automatic Data Processing Machines,True,0.0,exports
2026-05-01,TURKMENISTAN,8471,Automatic Data Processing Machines,True,0.021981,exports
2026-05-01,UZBEKISTAN,8471,Automatic Data Processing Machines,True,0.19107,exports
2026-05-01,MALTA,8471,Automatic Data Processing Machines,True,0.14035,exports
2026-05-01,SPAIN,8471,Automatic Data Processing Machines,True,34.036461,exports
2026-05-01,PORTUGAL,8471,Automatic Data Processing Machines,True,1.094441,exports
2026-05-01,GIBRALTAR,8471,Automatic Data Processing Machines,True,0.00666,exports
2026-05-01,ITALY,8471,Automatic Data Processing Machines,True,12.5604,exports
2026-05-01,CROATIA,8471,Automatic Data Processing Machines,True,0.246064,exports
2026-05-01,SLOVENIA,8471,Automatic Data Processing Machines,True,0.22809,exports
2026-05-01,BOSNIA AND HERZEGOVINA,8471,Automatic Data Processing Machines,True,0.071666,exports
2026-05-01,MACEDONIA,8471,Automatic Data Processing Machines,True,0.00298,exports
2026-05-01,SERBIA,8471,Automatic Data Processing Machines,True,0.380839,exports
2026-05-01,KOSOVO,8471,Automatic Data Processing Machines,True,0.229909,exports
2026-05-01,MONTENEGRO,8471,Automatic Data Processing Machines,True,0.03999,exports
2026-05-01,ALBANIA,8471,Automatic Data Processing Machines,True,0.304591,exports
2026-05-01,GREECE,8471,Automatic Data Processing Machines,True,1.074417,exports
2026-05-01,ROMANIA,8471,Automatic Data Processing Machines,True,6.392623,exports
2026-05-01,BULGARIA,8471,Automatic Data Processing Machines,True,1.632904,exports
2026-05-01,TURKEY,8471,Automatic Data Processing Machines,True,8.367246,exports
2026-05-01,CYPRUS,8471,Automatic Data Processing Machines,True,0.190196,exports
2026-05-01,EUROPE,8471,Automatic Data Processing Machines,True,1189.795882,exports
2026-05-01,LEBANON,8471,Automatic Data Processing Machines,True,0.726555,exports
2026-05-01,IRAQ,8471,Automatic Data Processing Machines,True,0.107377,exports
2026-05-01,IRAN,8471,Automatic Data Processing Machines,True,0.0,exports
2026-05-01,ISRAEL,8471,Automatic Data Processing Machines,True,71.21641,exports
2026-05-01,JORDAN,8471,Automatic Data Processing Machines,True,0.299398,exports
2026-05-01,KUWAIT,8471,Automatic Data Processing Machines,True,0.495908,exports
2026-05-01,SAUDI ARABIA,8471,Automatic Data Processing Machines,True,15.490201,exports
2026-05-01,QATAR,8471,Automatic Data Processing Machines,True,1.204323,exports
2026-05-01,UNITED ARAB EMIRATES,8471,Automatic Data Processing Machines,True,152.103999,exports
2026-05-01,YEMEN,8471,Automatic Data Processing Machines,True,0.058697,exports
2026-05-01,OMAN,8471,Automatic Data Processing Machines,True,0.154575,exports
2026-05-01,BAHRAIN,8471,Automatic Data Processing Machines,True,2.329029,exports
2026-05-01,AFGHANISTAN,8471,Automatic Data Processing Machines,True,0.0,exports
2026-05-01,INDIA,8471,Automatic Data Processing Machines,True,292.085832,exports
2026-05-01,PAKISTAN,8471,Automatic Data Processing Machines,True,2.771096,exports
2026-05-01,NEPAL,8471,Automatic Data Processing Machines,True,0.672417,exports
2026-05-01,BANGLADESH,8471,Automatic Data Processing Machines,True,0.056524,exports
2026-05-01,SRI LANKA,8471,Automatic Data Processing Machines,True,2.261612,exports
2026-05-01,BURMA,8471,Automatic Data Processing Machines,True,0.053167,exports
2026-05-01,THAILAND,8471,Automatic Data Processing Machines,True,56.966519,exports
2026-05-01,VIETNAM,8471,Automatic Data Processing Machines,True,27.661189,exports
2026-05-01,LAOS,8471,Automatic Data Processing Machines,True,0.0,exports
2026-05-01,CAMBODIA,8471,Automatic Data Processing Machines,True,0.129559,exports
2026-05-01,MALAYSIA,8471,Automatic Data Processing Machines,True,234.879055,exports
2026-05-01,SINGAPORE,8471,Automatic Data Processing Machines,True,170.886854,exports
2026-05-01,INDONESIA,8471,Automatic Data Processing Machines,True,59.598337,exports
2026-05-01,TIMOR-LESTE,8471,Automatic Data Processing Machines,True,0.0349,exports
2026-05-01,BRUNEI,8471,Automatic Data Processing Machines,True,0.046609,exports
2026-05-01,PHILIPPINES,8471,Automatic Data Processing Machines,True,6.990343,exports
2026-05-01,MACAU,8471,Automatic Data Processing Machines,True,0.007907,exports
2026-05-01,BHUTAN,8471,Automatic Data Processing Machines,True,0.119706,exports
2026-05-01,MALDIVES,8471,Automatic Data Processing Machines,True,0.167737,exports
2026-05-01,CHINA,8471,Automatic Data Processing Machines,True,75.103493,exports
2026-05-01,MONGOLIA,8471,Automatic Data Processing Machines,True,0.303625,exports
2026-05-01,"KOREA, SOUTH",8471,Automatic Data Processing Machines,True,68.348296,exports
2026-05-01,HONG KONG,8471,Automatic Data Processing Machines,True,118.992062,exports
2026-05-01,TAIWAN,8471,Automatic Data Processing Machines,True,348.739265,exports
2026-05-01,JAPAN,8471,Automatic Data Processing Machines,True,251.74482,exports
2026-05-01,ASIA,8471,Automatic Data Processing Machines,True,1962.807396,exports
2026-05-01,COOK ISLANDS,8471,Automatic Data Processing Machines,True,0.0,exports
2026-05-01,AUSTRALIA,8471,Automatic Data Processing Machines,True,159.46444,exports
2026-05-01,PAPUA NEW GUINEA,8471,Automatic Data Processing Machines,True,1.036545,exports
2026-05-01,NEW ZEALAND,8471,Automatic Data Processing Machines,True,17.760411,exports
2026-05-01,SAMOA,8471,Automatic Data Processing Machines,True,0.078778,exports
2026-05-01,SOLOMON ISLANDS,8471,Automatic Data Processing Machines,True,0.0,exports
2026-05-01,VANUATU,8471,Automatic Data Processing Machines,True,0.066722,exports
2026-05-01,KIRIBATI,8471,Automatic Data Processing Machines,True,0.0,exports
2026-05-01,NEW CALEDONIA,8471,Automatic Data Processing Machines,True,0.061615,exports
2026-05-01,FRENCH POLYNESIA,8471,Automatic Data Processing Machines,True,0.058976,exports
2026-05-01,MARSHALL ISLANDS,8471,Automatic Data Processing Machines,True,0.0,exports
2026-05-01,MICRONESIA,8471,Automatic Data Processing Machines,True,0.00342,exports
2026-05-01,PALAU,8471,Automatic Data Processing Machines,True,0.029391,exports
2026-05-01,NAURU,8471,Automatic Data Processing Machines,True,0.0,exports
2026-05-01,FIJI,8471,Automatic Data Processing Machines,True,0.116383,exports
2026-05-01,AUSTRALIA AND OCEANIA,8471,Automatic Data Processing Machines,True,178.676681,exports
2026-05-01,MOROCCO,8471,Automatic Data Processing Machines,True,1.550331,exports
2026-05-01,ALGERIA,8471,Automatic Data Processing Machines,True,4.86468,exports
2026-05-01,TUNISIA,8471,Automatic Data Processing Machines,True,0.505991,exports
2026-05-01,LIBYA,8471,Automatic Data Processing Machines,True,0.0,exports
2026-05-01,EGYPT,8471,Automatic Data Processing Machines,True,4.365061,exports
2026-05-01,SOUTH SUDAN,8471,Automatic Data Processing Machines,True,0.0,exports
2026-05-01,EQUATORIAL GUINEA,8471,Automatic Data Processing Machines,True,0.385944,exports
2026-05-01,MAURITANIA,8471,Automatic Data Processing Machines,True,0.074887,exports
2026-05-01,CAMEROON,8471,Automatic Data Processing Machines,True,0.125401,exports
2026-05-01,SENEGAL,8471,Automatic Data Processing Machines,True,0.122161,exports
2026-05-01,MALI,8471,Automatic Data Processing Machines,True,0.031219,exports
2026-05-01,GUINEA,8471,Automatic Data Processing Machines,True,0.0,exports
2026-05-01,SIERRA LEONE,8471,Automatic Data Processing Machines,True,0.016,exports
2026-05-01,COTE D'IVOIRE,8471,Automatic Data Processing Machines,True,0.550875,exports
2026-05-01,GHANA,8471,Automatic Data Processing Machines,True,3.480477,exports
2026-05-01,GAMBIA,8471,Automatic Data Processing Machines,True,0.00507,exports
2026-05-01,TOGO,8471,Automatic Data Processing Machines,True,0.0,exports
2026-05-01,NIGERIA,8471,Automatic Data Processing Machines,True,1.149395,exports
2026-05-01,CENTRAL AFRICAN REPUBLIC,8471,Automatic Data Processing Machines,True,0.0,exports
2026-05-01,GABON,8471,Automatic Data Processing Machines,True,0.0,exports
2026-05-01,CHAD,8471,Automatic Data Processing Machines,True,0.00254,exports
2026-05-01,ST HELENA,8471,Automatic Data Processing Machines,True,0.0,exports
2026-05-01,BURKINA FASO,8471,Automatic Data Processing Machines,True,0.01307,exports
2026-05-01,BENIN,8471,Automatic Data Processing Machines,True,0.00868,exports
2026-05-01,ANGOLA,8471,Automatic Data Processing Machines,True,0.072211,exports
2026-05-01,CONGO,8471,Automatic Data Processing Machines,True,0.00385,exports
2026-05-01,GUINEA-BISSAU,8471,Automatic Data Processing Machines,True,0.005289,exports
2026-05-01,CABO VERDE,8471,Automatic Data Processing Machines,True,0.0057,exports
2026-05-01,LIBERIA,8471,Automatic Data Processing Machines,True,0.063977,exports
2026-05-01,DEMOCRATIC REPUBLIC OF THE CONGO,8471,Automatic Data Processing Machines,True,0.00605,exports
2026-05-01,BURUNDI,8471,Automatic Data Processing Machines,True,0.0,exports
2026-05-01,RWANDA,8471,Automatic Data Processing Machines,True,0.099588,exports
2026-05-01,SOMALIA,8471,Automatic Data Processing Machines,True,0.003899,exports
2026-05-01,ETHIOPIA,8471,Automatic Data Processing Machines,True,1.061524,exports
2026-05-01,DJIBOUTI,8471,Automatic Data Processing Machines,True,0.079266,exports
2026-05-01,UGANDA,8471,Automatic Data Processing Machines,True,2.495091,exports
2026-05-01,KENYA,8471,Automatic Data Processing Machines,True,0.173889,exports
2026-05-01,SEYCHELLES,8471,Automatic Data Processing Machines,True,0.0,exports
2026-05-01,BRITISH INDIAN OCEAN TERRITORIES,8471,Automatic Data Processing Machines,True,0.0,exports
2026-05-01,TANZANIA,8471,Automatic Data Processing Machines,True,0.020811,exports
2026-05-01,MAURITIUS,8471,Automatic Data Processing Machines,True,0.282624,exports
2026-05-01,MOZAMBIQUE,8471,Automatic Data Processing Machines,True,0.052252,exports
2026-05-01,MADAGASCAR,8471,Automatic Data Processing Machines,True,0.003145,exports
2026-05-01,MAYOTTE,8471,Automatic Data Processing Machines,True,0.0,exports
2026-05-01,COMOROS,8471,Automatic Data Processing Machines,True,0.0,exports
2026-05-01,REUNION,8471,Automatic Data Processing Machines,True,0.0,exports
2026-05-01,SOUTH AFRICA,8471,Automatic Data Processing Machines,True,8.910642,exports
2026-05-01,ESWATINI,8471,Automatic Data Processing Machines,True,0.0,exports
2026-05-01,NAMIBIA,8471,Automatic Data Processing Machines,True,0.051973,exports
2026-05-01,BOTSWANA,8471,Automatic Data Processing Machines,True,0.003212,exports
2026-05-01,ZAMBIA,8471,Automatic Data Processing Machines,True,0.248374,exports
2026-05-01,ZIMBABWE,8471,Automatic Data Processing Machines,True,1.492513,exports
2026-05-01,MALAWI,8471,Automatic Data Processing Machines,True,0.039557,exports
2026-05-01,LESOTHO,8471,Automatic Data Processing Machines,True,0.0,exports
2026-05-01,AFRICA,8471,Automatic Data Processing Machines,True,32.427219,exports
2026-05-01,TOTAL FOR ALL COUNTRIES,8471,Automatic Data Processing Machines,True,6277.182547,exports
2026-05-01,UNITED ARAB EMIRATES,2711,Petroleum Gases,True,0.0,exports
2026-05-01,OMAN,2711,Petroleum Gases,True,0.0,exports
2026-05-01,INDIA,2711,Petroleum Gases,True,574.177034,exports
2026-05-01,BANGLADESH,2711,Petroleum Gases,True,60.484341,exports
2026-05-01,THAILAND,2711,Petroleum Gases,True,166.709118,exports
2026-05-01,VIETNAM,2711,Petroleum Gases,True,21.326239,exports
2026-05-01,MALAYSIA,2711,Petroleum Gases,True,0.0,exports
2026-05-01,SINGAPORE,2711,Petroleum Gases,True,153.788527,exports
2026-05-01,INDONESIA,2711,Petroleum Gases,True,131.204269,exports
2026-05-01,PHILIPPINES,2711,Petroleum Gases,True,10.689699,exports
2026-05-01,MALDIVES,2711,Petroleum Gases,True,36.759455,exports
2026-05-01,CHINA,2711,Petroleum Gases,True,418.022607,exports
2026-05-01,"KOREA, SOUTH",2711,Petroleum Gases,True,591.6187,exports
2026-05-01,HONG KONG,2711,Petroleum Gases,True,0.0,exports
2026-05-01,TAIWAN,2711,Petroleum Gases,True,375.717351,exports
2026-05-01,JAPAN,2711,Petroleum Gases,True,944.02567,exports
2026-05-01,AUSTRALIA,2711,Petroleum Gases,True,21.14926,exports
2026-05-01,FRENCH POLYNESIA,2711,Petroleum Gases,True,0.011376,exports
2026-05-01,ANTIGUA AND BARBUDA,2711,Petroleum Gases,True,0.017279,exports
2026-05-01,DOMINICA,2711,Petroleum Gases,True,0.0046,exports
2026-05-01,ST LUCIA,2711,Petroleum Gases,True,0.022252,exports
2026-05-01,BARBADOS,2711,Petroleum Gases,True,0.750447,exports
2026-05-01,TRINIDAD AND TOBAGO,2711,Petroleum Gases,True,0.026109,exports
2026-05-01,SINT MAARTEN,2711,Petroleum Gases,True,0.155842,exports
2026-05-01,CURACAO,2711,Petroleum Gases,True,0.0,exports
2026-05-01,ARUBA,2711,Petroleum Gases,True,0.417971,exports
2026-05-01,COLOMBIA,2711,Petroleum Gases,True,62.5384,exports
2026-05-01,SURINAME,2711,Petroleum Gases,True,0.015888,exports
2026-05-01,ECUADOR,2711,Petroleum Gases,True,68.343803,exports
2026-05-01,PERU,2711,Petroleum Gases,True,27.431744,exports
2026-05-01,BOLIVIA,2711,Petroleum Gases,True,0.0,exports
2026-05-01,CHILE,2711,Petroleum Gases,True,100.50198,exports
2026-05-01,BRAZIL,2711,Petroleum Gases,True,42.534248,exports
2026-05-01,URUGUAY,2711,Petroleum Gases,True,0.0,exports
2026-05-01,ARGENTINA,2711,Petroleum Gases,True,31.701846,exports
2026-05-01,SWEDEN,2711,Petroleum Gases,True,59.622565,exports
2026-05-01,NORWAY,2711,Petroleum Gases,True,0.0,exports
2026-05-01,FINLAND,2711,Petroleum Gases,True,11.312666,exports
2026-05-01,UNITED KINGDOM,2711,Petroleum Gases,True,47.682616,exports
2026-05-01,IRELAND,2711,Petroleum Gases,True,0.005686,exports
2026-05-01,NETHERLANDS,2711,Petroleum Gases,True,592.840519,exports
2026-05-01,BELGIUM,2711,Petroleum Gases,True,91.290382,exports
2026-05-01,FRANCE,2711,Petroleum Gases,True,162.808783,exports
2026-05-01,GERMANY,2711,Petroleum Gases,True,412.765154,exports
2026-05-01,AUSTRIA,2711,Petroleum Gases,True,0.0,exports
2026-05-01,CZECH REPUBLIC,2711,Petroleum Gases,True,0.0,exports
2026-05-01,MOROCCO,2711,Petroleum Gases,True,82.940109,exports
2026-05-01,ALGERIA,2711,Petroleum Gases,True,0.0,exports
2026-05-01,TUNISIA,2711,Petroleum Gases,True,0.002694,exports
2026-05-01,EGYPT,2711,Petroleum Gases,True,339.781605,exports
2026-05-01,EQUATORIAL GUINEA,2711,Petroleum Gases,True,0.0,exports
2026-05-01,SENEGAL,2711,Petroleum Gases,True,26.38099,exports
2026-05-01,COTE D'IVOIRE,2711,Petroleum Gases,True,21.989533,exports
2026-05-01,GHANA,2711,Petroleum Gases,True,38.531915,exports
2026-05-01,TOGO,2711,Petroleum Gases,True,0.0,exports
2026-05-01,NIGERIA,2711,Petroleum Gases,True,0.0,exports
2026-05-01,CHAD,2711,Petroleum Gases,True,0.0,exports
2026-05-01,ANGOLA,2711,Petroleum Gases,True,0.0,exports
2026-05-01,CONGO,2711,Petroleum Gases,True,0.150024,exports
2026-05-01,KENYA,2711,Petroleum Gases,True,5.700175,exports
2026-05-01,BRITISH VIRGIN ISLANDS,2711,Petroleum Gases,True,0.018273,exports
2026-05-01,SWITZERLAND,2711,Petroleum Gases,True,0.0,exports
2026-05-01,LATVIA,2711,Petroleum Gases,True,0.0,exports
2026-05-01,LITHUANIA,2711,Petroleum Gases,True,73.010263,exports
2026-05-01,POLAND,2711,Petroleum Gases,True,207.354044,exports
2026-05-01,SPAIN,2711,Petroleum Gases,True,146.756386,exports
2026-05-01,PORTUGAL,2711,Petroleum Gases,True,61.345572,exports
2026-05-01,GIBRALTAR,2711,Petroleum Gases,True,0.0,exports
2026-05-01,MALTA,2711,Petroleum Gases,True,0.0,exports
2026-05-01,ITALY,2711,Petroleum Gases,True,397.362699,exports
2026-05-01,CROATIA,2711,Petroleum Gases,True,23.208154,exports
2026-05-01,ALBANIA,2711,Petroleum Gases,True,0.0,exports
2026-05-01,GREECE,2711,Petroleum Gases,True,38.666413,exports
2026-05-01,ROMANIA,2711,Petroleum Gases,True,0.0,exports
2026-05-01,TURKEY,2711,Petroleum Gases,True,78.463148,exports
2026-05-01,ISRAEL,2711,Petroleum Gases,True,0.27047,exports
2026-05-01,JORDAN,2711,Petroleum Gases,True,0.0,exports
2026-05-01,SAUDI ARABIA,2711,Petroleum Gases,True,0.07188,exports
2026-05-01,TOTAL FOR ALL COUNTRIES,2711,Petroleum Gases,True,7816.827946,exports
2026-05-01,EUROPEAN UNION,2711,Petroleum Gases,True,2278.349286,exports
2026-05-01,NORTH AMERICA,2711,Petroleum Gases,True,800.402028,exports
2026-05-01,EUROPE,2711,Petroleum Gases,True,2404.49505,exports
2026-05-01,AFRICA,2711,Petroleum Gases,True,541.995946,exports
2026-05-01,PACIFIC RIM COUNTRIES,2711,Petroleum Gases,True,2646.216083,exports
2026-05-01,ASIA,2711,Petroleum Gases,True,3484.86536,exports
2026-05-01,CAFTA-DR,2711,Petroleum Gases,True,170.725682,exports
2026-05-01,AUSTRALIA AND OCEANIA,2711,Petroleum Gases,True,21.160636,exports
2026-05-01,USMCA (NAFTA),2711,Petroleum Gases,True,800.402028,exports
2026-05-01,TWENTY LATIN AMERICAN REPUBLICS,2711,Petroleum Gases,True,1169.799686,exports
2026-05-01,OECD,2711,Petroleum Gases,True,4917.972813,exports
2026-05-01,NATO,2711,Petroleum Gases,True,2578.63292,exports
2026-05-01,LAFTA,2711,Petroleum Gases,True,959.310493,exports
2026-05-01,EURO AREA,2711,Petroleum Gases,True,2011.372677,exports
2026-05-01,APEC,2711,Petroleum Gases,True,3762.587192,exports
2026-05-01,ASEAN,2711,Petroleum Gases,True,483.717852,exports
2026-05-01,CACM,2711,Petroleum Gases,True,66.871127,exports
2026-05-01,CANADA,2711,Petroleum Gases,True,174.143556,exports
2026-05-01,MEXICO,2711,Petroleum Gases,True,626.258472,exports
2026-05-01,GUATEMALA,2711,Petroleum Gases,True,28.644783,exports
2026-05-01,BELIZE,2711,Petroleum Gases,True,1.048991,exports
2026-05-01,EL SALVADOR,2711,Petroleum Gases,True,7.702888,exports
2026-05-01,HONDURAS,2711,Petroleum Gases,True,14.344047,exports
2026-05-01,COSTA RICA,2711,Petroleum Gases,True,16.179409,exports
2026-05-01,PANAMA,2711,Petroleum Gases,True,39.583511,exports
2026-05-01,BERMUDA,2711,Petroleum Gases,True,0.0,exports
2026-05-01,BAHAMAS,2711,Petroleum Gases,True,3.295191,exports
2026-05-01,CUBA,2711,Petroleum Gases,True,0.0,exports
2026-05-01,JAMAICA,2711,Petroleum Gases,True,13.721516,exports
2026-05-01,TURKS AND CAICOS ISLANDS,2711,Petroleum Gases,True,0.095834,exports
2026-05-01,CAYMAN ISLANDS,2711,Petroleum Gases,True,0.737537,exports
2026-05-01,HAITI,2711,Petroleum Gases,True,0.18,exports
2026-05-01,DOMINICAN REPUBLIC,2711,Petroleum Gases,True,103.854555,exports
2026-05-01,ANGUILLA,2711,Petroleum Gases,True,0.039982,exports
2026-05-01,TANZANIA,2711,Petroleum Gases,True,0.0,exports
2026-05-01,SOUTH AFRICA,2711,Petroleum Gases,True,26.509881,exports
2026-05-01,NAMIBIA,2711,Petroleum Gases,True,0.00902,exports
2026-05-01,CENTRAL AMERICA,2711,Petroleum Gases,True,230.841017,exports
2026-05-01,SOUTH AMERICA,2711,Petroleum Gases,True,333.067909,exports
2026-05-01,UNITED ARAB EMIRATES,8708,Motor Vehicle Parts,False,11.204515,exports
2026-05-01,YEMEN,8708,Motor Vehicle Parts,False,0.006747,exports
2026-05-01,OMAN,8708,Motor Vehicle Parts,False,0.260527,exports
2026-05-01,BAHRAIN,8708,Motor Vehicle Parts,False,0.020055,exports
2026-05-01,AFGHANISTAN,8708,Motor Vehicle Parts,False,0.077009,exports
2026-05-01,INDIA,8708,Motor Vehicle Parts,False,37.187351,exports
2026-05-01,PAKISTAN,8708,Motor Vehicle Parts,False,0.076451,exports
2026-05-01,NEPAL,8708,Motor Vehicle Parts,False,0.0,exports
2026-05-01,BANGLADESH,8708,Motor Vehicle Parts,False,0.0,exports
2026-05-01,SRI LANKA,8708,Motor Vehicle Parts,False,0.011495,exports
2026-05-01,THAILAND,8708,Motor Vehicle Parts,False,37.788359,exports
2026-05-01,VIETNAM,8708,Motor Vehicle Parts,False,0.830516,exports
2026-05-01,LAOS,8708,Motor Vehicle Parts,False,0.006624,exports
2026-05-01,CAMBODIA,8708,Motor Vehicle Parts,False,1.491498,exports
2026-05-01,MALAYSIA,8708,Motor Vehicle Parts,False,2.362934,exports
2026-05-01,SINGAPORE,8708,Motor Vehicle Parts,False,5.105055,exports
2026-05-01,INDONESIA,8708,Motor Vehicle Parts,False,0.77318,exports
2026-05-01,BRUNEI,8708,Motor Vehicle Parts,False,0.01591,exports
2026-05-01,PHILIPPINES,8708,Motor Vehicle Parts,False,0.424295,exports
2026-05-01,MACAU,8708,Motor Vehicle Parts,False,0.0,exports
2026-05-01,MALDIVES,8708,Motor Vehicle Parts,False,0.0,exports
2026-05-01,CHINA,8708,Motor Vehicle Parts,False,55.292872,exports
2026-05-01,MONGOLIA,8708,Motor Vehicle Parts,False,0.162553,exports
2026-05-01,"KOREA, SOUTH",8708,Motor Vehicle Parts,False,14.171462,exports
2026-05-01,HONG KONG,8708,Motor Vehicle Parts,False,2.779062,exports
2026-05-01,TAIWAN,8708,Motor Vehicle Parts,False,1.181087,exports
2026-05-01,JAPAN,8708,Motor Vehicle Parts,False,34.773067,exports
2026-05-01,AUSTRALIA,8708,Motor Vehicle Parts,False,74.090557,exports
2026-05-01,PAPUA NEW GUINEA,8708,Motor Vehicle Parts,False,0.0,exports
2026-05-01,NEW ZEALAND,8708,Motor Vehicle Parts,False,1.167748,exports
2026-05-01,COOK ISLANDS,8708,Motor Vehicle Parts,False,0.0,exports
2026-05-01,SAMOA,8708,Motor Vehicle Parts,False,0.0,exports
2026-05-01,NEW CALEDONIA,8708,Motor Vehicle Parts,False,0.015307,exports
2026-05-01,WALLIS AND FUTUNA,8708,Motor Vehicle Parts,False,0.0,exports
2026-05-01,FRENCH POLYNESIA,8708,Motor Vehicle Parts,False,0.020496,exports
2026-05-01,ST KITTS AND NEVIS,8708,Motor Vehicle Parts,False,0.007826,exports
2026-05-01,ANTIGUA AND BARBUDA,8708,Motor Vehicle Parts,False,0.028649,exports
2026-05-01,MONTSERRAT,8708,Motor Vehicle Parts,False,0.0,exports
2026-05-01,DOMINICA,8708,Motor Vehicle Parts,False,0.088588,exports
2026-05-01,ST LUCIA,8708,Motor Vehicle Parts,False,0.110255,exports
2026-05-01,ST VINCENT AND THE GRENADINES,8708,Motor Vehicle Parts,False,0.062457,exports
2026-05-01,GRENADA,8708,Motor Vehicle Parts,False,0.08075,exports
2026-05-01,BARBADOS,8708,Motor Vehicle Parts,False,0.135162,exports
2026-05-01,TRINIDAD AND TOBAGO,8708,Motor Vehicle Parts,False,0.352337,exports
2026-05-01,SINT MAARTEN,8708,Motor Vehicle Parts,False,0.107203,exports
2026-05-01,CURACAO,8708,Motor Vehicle Parts,False,0.464154,exports
2026-05-01,ARUBA,8708,Motor Vehicle Parts,False,0.173641,exports
2026-05-01,GUADELOUPE,8708,Motor Vehicle Parts,False,0.004768,exports
2026-05-01,MARTINIQUE,8708,Motor Vehicle Parts,False,0.097352,exports
2026-05-01,COLOMBIA,8708,Motor Vehicle Parts,False,8.969761,exports
2026-05-01,VENEZUELA,8708,Motor Vehicle Parts,False,5.382184,exports
2026-05-01,GUYANA,8708,Motor Vehicle Parts,False,1.851513,exports
2026-05-01,SURINAME,8708,Motor Vehicle Parts,False,1.418092,exports
2026-05-01,FRENCH GUIANA,8708,Motor Vehicle Parts,False,0.0,exports
2026-05-01,ECUADOR,8708,Motor Vehicle Parts,False,4.794353,exports
2026-05-01,PERU,8708,Motor Vehicle Parts,False,19.056045,exports
2026-05-01,BOLIVIA,8708,Motor Vehicle Parts,False,0.54387,exports
2026-05-01,CHILE,8708,Motor Vehicle Parts,False,35.781291,exports
2026-05-01,BRAZIL,8708,Motor Vehicle Parts,False,63.553948,exports
2026-05-01,PARAGUAY,8708,Motor Vehicle Parts,False,0.82719,exports
2026-05-01,URUGUAY,8708,Motor Vehicle Parts,False,0.408686,exports
2026-05-01,ARGENTINA,8708,Motor Vehicle Parts,False,26.602,exports
2026-05-01,ICELAND,8708,Motor Vehicle Parts,False,0.152351,exports
2026-05-01,SWEDEN,8708,Motor Vehicle Parts,False,3.782846,exports
2026-05-01,NORWAY,8708,Motor Vehicle Parts,False,0.507977,exports
2026-05-01,FINLAND,8708,Motor Vehicle Parts,False,0.713955,exports
2026-05-01,DENMARK,8708,Motor Vehicle Parts,False,0.318534,exports
2026-05-01,UNITED KINGDOM,8708,Motor Vehicle Parts,False,29.210805,exports
2026-05-01,IRELAND,8708,Motor Vehicle Parts,False,0.102075,exports
2026-05-01,NETHERLANDS,8708,Motor Vehicle Parts,False,14.651669,exports
2026-05-01,BELGIUM,8708,Motor Vehicle Parts,False,10.931751,exports
2026-05-01,LUXEMBOURG,8708,Motor Vehicle Parts,False,0.310774,exports
2026-05-01,ANDORRA,8708,Motor Vehicle Parts,False,0.0,exports
2026-05-01,MONACO,8708,Motor Vehicle Parts,False,0.0,exports
2026-05-01,FRANCE,8708,Motor Vehicle Parts,False,7.064978,exports
2026-05-01,GERMANY,8708,Motor Vehicle Parts,False,63.697779,exports
2026-05-01,AUSTRIA,8708,Motor Vehicle Parts,False,4.921714,exports
2026-05-01,CZECH REPUBLIC,8708,Motor Vehicle Parts,False,1.597567,exports
2026-05-01,MARSHALL ISLANDS,8708,Motor Vehicle Parts,False,0.0,exports
2026-05-01,MICRONESIA,8708,Motor Vehicle Parts,False,0.006008,exports
2026-05-01,PALAU,8708,Motor Vehicle Parts,False,0.0,exports
2026-05-01,FIJI,8708,Motor Vehicle Parts,False,0.036426,exports
2026-05-01,MOROCCO,8708,Motor Vehicle Parts,False,0.048984,exports
2026-05-01,ALGERIA,8708,Motor Vehicle Parts,False,0.058899,exports
2026-05-01,TUNISIA,8708,Motor Vehicle Parts,False,0.238185,exports
2026-05-01,LIBYA,8708,Motor Vehicle Parts,False,4.012854,exports
2026-05-01,EGYPT,8708,Motor Vehicle Parts,False,0.908286,exports
2026-05-01,EQUATORIAL GUINEA,8708,Motor Vehicle Parts,False,0.0,exports
2026-05-01,MAURITANIA,8708,Motor Vehicle Parts,False,0.343235,exports
2026-05-01,CAMEROON,8708,Motor Vehicle Parts,False,0.322846,exports
2026-05-01,SENEGAL,8708,Motor Vehicle Parts,False,1.631601,exports
2026-05-01,MALI,8708,Motor Vehicle Parts,False,0.03941,exports
2026-05-01,GUINEA,8708,Motor Vehicle Parts,False,0.876265,exports
2026-05-01,SIERRA LEONE,8708,Motor Vehicle Parts,False,0.428041,exports
2026-05-01,COTE D'IVOIRE,8708,Motor Vehicle Parts,False,0.546629,exports
2026-05-01,GHANA,8708,Motor Vehicle Parts,False,5.186434,exports
2026-05-01,GAMBIA,8708,Motor Vehicle Parts,False,0.496136,exports
2026-05-01,NIGER,8708,Motor Vehicle Parts,False,1.440257,exports
2026-05-01,TOGO,8708,Motor Vehicle Parts,False,2.833638,exports
2026-05-01,NIGERIA,8708,Motor Vehicle Parts,False,24.956492,exports
2026-05-01,CENTRAL AFRICAN REPUBLIC,8708,Motor Vehicle Parts,False,0.0,exports
2026-05-01,GABON,8708,Motor Vehicle Parts,False,0.086753,exports
2026-05-01,CHAD,8708,Motor Vehicle Parts,False,0.005969,exports
2026-05-01,BURKINA FASO,8708,Motor Vehicle Parts,False,0.232262,exports
2026-05-01,BENIN,8708,Motor Vehicle Parts,False,12.718844,exports
2026-05-01,ANGOLA,8708,Motor Vehicle Parts,False,0.031346,exports
2026-05-01,CONGO,8708,Motor Vehicle Parts,False,0.07917,exports
2026-05-01,CABO VERDE,8708,Motor Vehicle Parts,False,0.214436,exports
2026-05-01,LIBERIA,8708,Motor Vehicle Parts,False,0.271924,exports
2026-05-01,DEMOCRATIC REPUBLIC OF THE CONGO,8708,Motor Vehicle Parts,False,0.129236,exports
2026-05-01,RWANDA,8708,Motor Vehicle Parts,False,0.0,exports
2026-05-01,SOMALIA,8708,Motor Vehicle Parts,False,0.0,exports
2026-05-01,ETHIOPIA,8708,Motor Vehicle Parts,False,0.734142,exports
2026-05-01,DJIBOUTI,8708,Motor Vehicle Parts,False,0.0,exports
2026-05-01,UGANDA,8708,Motor Vehicle Parts,False,0.014157,exports
2026-05-01,KENYA,8708,Motor Vehicle Parts,False,1.657288,exports
2026-05-01,BRITISH VIRGIN ISLANDS,8708,Motor Vehicle Parts,False,0.078382,exports
2026-05-01,SLOVAKIA,8708,Motor Vehicle Parts,False,0.440659,exports
2026-05-01,HUNGARY,8708,Motor Vehicle Parts,False,14.915812,exports
2026-05-01,LIECHTENSTEIN,8708,Motor Vehicle Parts,False,0.05474,exports
2026-05-01,SWITZERLAND,8708,Motor Vehicle Parts,False,0.650687,exports
2026-05-01,ESTONIA,8708,Motor Vehicle Parts,False,0.074454,exports
2026-05-01,LATVIA,8708,Motor Vehicle Parts,False,0.061665,exports
2026-05-01,LITHUANIA,8708,Motor Vehicle Parts,False,11.58047,exports
2026-05-01,POLAND,8708,Motor Vehicle Parts,False,12.366079,exports
2026-05-01,UKRAINE,8708,Motor Vehicle Parts,False,9.374871,exports
2026-05-01,ARMENIA,8708,Motor Vehicle Parts,False,2.755924,exports
2026-05-01,AZERBAIJAN,8708,Motor Vehicle Parts,False,0.077058,exports
2026-05-01,GEORGIA,8708,Motor Vehicle Parts,False,10.559804,exports
2026-05-01,KAZAKHSTAN,8708,Motor Vehicle Parts,False,0.854532,exports
2026-05-01,KYRGYZSTAN,8708,Motor Vehicle Parts,False,3.299939,exports
2026-05-01,MOLDOVA,8708,Motor Vehicle Parts,False,0.124074,exports
2026-05-01,TAJIKISTAN,8708,Motor Vehicle Parts,False,0.01741,exports
2026-05-01,TURKMENISTAN,8708,Motor Vehicle Parts,False,0.290369,exports
2026-05-01,UZBEKISTAN,8708,Motor Vehicle Parts,False,0.305655,exports
2026-05-01,SPAIN,8708,Motor Vehicle Parts,False,17.403107,exports
2026-05-01,PORTUGAL,8708,Motor Vehicle Parts,False,0.221683,exports
2026-05-01,GIBRALTAR,8708,Motor Vehicle Parts,False,0.0,exports
2026-05-01,MALTA,8708,Motor Vehicle Parts,False,0.0,exports
2026-05-01,ITALY,8708,Motor Vehicle Parts,False,9.274487,exports
2026-05-01,CROATIA,8708,Motor Vehicle Parts,False,0.18951,exports
2026-05-01,SLOVENIA,8708,Motor Vehicle Parts,False,0.020693,exports
2026-05-01,BOSNIA AND HERZEGOVINA,8708,Motor Vehicle Parts,False,0.075495,exports
2026-05-01,MACEDONIA,8708,Motor Vehicle Parts,False,0.121671,exports
2026-05-01,SERBIA,8708,Motor Vehicle Parts,False,0.112771,exports
2026-05-01,KOSOVO,8708,Motor Vehicle Parts,False,0.011513,exports
2026-05-01,MONTENEGRO,8708,Motor Vehicle Parts,False,0.14835,exports
2026-05-01,ALBANIA,8708,Motor Vehicle Parts,False,0.647247,exports
2026-05-01,GREECE,8708,Motor Vehicle Parts,False,0.31283,exports
2026-05-01,ROMANIA,8708,Motor Vehicle Parts,False,0.817344,exports
2026-05-01,BULGARIA,8708,Motor Vehicle Parts,False,0.294707,exports
2026-05-01,TURKEY,8708,Motor Vehicle Parts,False,53.809571,exports
2026-05-01,CYPRUS,8708,Motor Vehicle Parts,False,0.021989,exports
2026-05-01,LEBANON,8708,Motor Vehicle Parts,False,0.829629,exports
2026-05-01,IRAQ,8708,Motor Vehicle Parts,False,0.675894,exports
2026-05-01,ISRAEL,8708,Motor Vehicle Parts,False,1.29595,exports
2026-05-01,JORDAN,8708,Motor Vehicle Parts,False,2.114648,exports
2026-05-01,KUWAIT,8708,Motor Vehicle Parts,False,3.587197,exports
2026-05-01,SAUDI ARABIA,8708,Motor Vehicle Parts,False,5.914484,exports
2026-05-01,QATAR,8708,Motor Vehicle Parts,False,0.060243,exports
2026-05-01,TOTAL FOR ALL COUNTRIES,8708,Motor Vehicle Parts,False,4240.026572,exports
2026-05-01,EUROPEAN UNION,8708,Motor Vehicle Parts,False,176.089131,exports
2026-05-01,NORTH AMERICA,8708,Motor Vehicle Parts,False,3324.41,exports
2026-05-01,EUROPE,8708,Motor Vehicle Parts,False,289.251945,exports
2026-05-01,AFRICA,8708,Motor Vehicle Parts,False,112.524269,exports
2026-05-01,PACIFIC RIM COUNTRIES,8708,Motor Vehicle Parts,False,192.137229,exports
2026-05-01,ASIA,8708,Motor Vehicle Parts,False,220.480669,exports
2026-05-01,CAFTA-DR,8708,Motor Vehicle Parts,False,40.03295,exports
2026-05-01,AUSTRALIA AND OCEANIA,8708,Motor Vehicle Parts,False,75.336542,exports
2026-05-01,USMCA (NAFTA),8708,Motor Vehicle Parts,False,3324.41,exports
2026-05-01,TWENTY LATIN AMERICAN REPUBLICS,8708,Motor Vehicle Parts,False,2062.039757,exports
2026-05-01,OECD,8708,Motor Vehicle Parts,False,3757.891073,exports
2026-05-01,NATO,8708,Motor Vehicle Parts,False,1727.623856,exports
2026-05-01,LAFTA,8708,Motor Vehicle Parts,False,2018.346797,exports
2026-05-01,EURO AREA,8708,Motor Vehicle Parts,False,142.290949,exports
2026-05-01,APEC,8708,Motor Vehicle Parts,False,3610.00344,exports
2026-05-01,ASEAN,8708,Motor Vehicle Parts,False,48.798371,exports
2026-05-01,CACM,8708,Motor Vehicle Parts,False,29.979971,exports
2026-05-01,GREENLAND,8708,Motor Vehicle Parts,False,0.0,exports
2026-05-01,CANADA,8708,Motor Vehicle Parts,False,1471.982531,exports
2026-05-01,MEXICO,8708,Motor Vehicle Parts,False,1852.427469,exports
2026-05-01,GUATEMALA,8708,Motor Vehicle Parts,False,12.890744,exports
2026-05-01,BELIZE,8708,Motor Vehicle Parts,False,0.783897,exports
2026-05-01,EL SALVADOR,8708,Motor Vehicle Parts,False,3.845447,exports
2026-05-01,HONDURAS,8708,Motor Vehicle Parts,False,7.498826,exports
2026-05-01,NICARAGUA,8708,Motor Vehicle Parts,False,1.610689,exports
2026-05-01,COSTA RICA,8708,Motor Vehicle Parts,False,4.134265,exports
2026-05-01,PANAMA,8708,Motor Vehicle Parts,False,2.691633,exports
2026-05-01,BERMUDA,8708,Motor Vehicle Parts,False,0.085851,exports
2026-05-01,BAHAMAS,8708,Motor Vehicle Parts,False,1.128969,exports
2026-05-01,CUBA,8708,Motor Vehicle Parts,False,0.047893,exports
2026-05-01,JAMAICA,8708,Motor Vehicle Parts,False,1.010248,exports
2026-05-01,TURKS AND CAICOS ISLANDS,8708,Motor Vehicle Parts,False,0.225767,exports
2026-05-01,CAYMAN ISLANDS,8708,Motor Vehicle Parts,False,0.095427,exports
2026-05-01,HAITI,8708,Motor Vehicle Parts,False,0.920484,exports
2026-05-01,DOMINICAN REPUBLIC,8708,Motor Vehicle Parts,False,10.052979,exports
2026-05-01,ANGUILLA,8708,Motor Vehicle Parts,False,0.019571,exports
2026-05-01,SEYCHELLES,8708,Motor Vehicle Parts,False,0.020882,exports
2026-05-01,TANZANIA,8708,Motor Vehicle Parts,False,0.079693,exports
2026-05-01,MAURITIUS,8708,Motor Vehicle Parts,False,0.0,exports
2026-05-01,MOZAMBIQUE,8708,Motor Vehicle Parts,False,0.002928,exports
2026-05-01,MADAGASCAR,8708,Motor Vehicle Parts,False,0.0,exports
2026-05-01,MAYOTTE,8708,Motor Vehicle Parts,False,0.0,exports
2026-05-01,REUNION,8708,Motor Vehicle Parts,False,0.0,exports
2026-05-01,SOUTH AFRICA,8708,Motor Vehicle Parts,False,51.038487,exports
2026-05-01,NAMIBIA,8708,Motor Vehicle Parts,False,0.093402,exports
2026-05-01,ZAMBIA,8708,Motor Vehicle Parts,False,0.277831,exports
2026-05-01,ZIMBABWE,8708,Motor Vehicle Parts,False,0.322227,exports
2026-05-01,MALAWI,8708,Motor Vehicle Parts,False,0.1451,exports
2026-05-01,CENTRAL AMERICA,8708,Motor Vehicle Parts,False,48.834214,exports
2026-05-01,SOUTH AMERICA,8708,Motor Vehicle Parts,False,169.188933,exports
2026-06-01,USMCA (NAFTA),8542,Electronic Integrated Circuits,True,991.609644,exports
2026-06-01,EUROPEAN UNION,8542,Electronic Integrated Circuits,True,312.147859,exports
2026-06-01,PACIFIC RIM COUNTRIES,8542,Electronic Integrated Circuits,True,2799.967777,exports
2026-06-01,CAFTA-DR,8542,Electronic Integrated Circuits,True,11.144371,exports
2026-06-01,TWENTY LATIN AMERICAN REPUBLICS,8542,Electronic Integrated Circuits,True,1011.924796,exports
2026-06-01,OECD,8542,Electronic Integrated Circuits,True,1570.661703,exports
2026-06-01,NATO,8542,Electronic Integrated Circuits,True,369.771797,exports
2026-06-01,LAFTA,8542,Electronic Integrated Circuits,True,1000.687125,exports
2026-06-01,EURO AREA,8542,Electronic Integrated Circuits,True,201.824297,exports
2026-06-01,APEC,8542,Electronic Integrated Circuits,True,4053.896012,exports
2026-06-01,ASEAN,8542,Electronic Integrated Circuits,True,1119.618069,exports
2026-06-01,CACM,8542,Electronic Integrated Circuits,True,9.61441,exports
2026-06-01,CANADA,8542,Electronic Integrated Circuits,True,71.425058,exports
2026-06-01,NORTH AMERICA,8542,Electronic Integrated Circuits,True,991.609644,exports
2026-06-01,MEXICO,8542,Electronic Integrated Circuits,True,920.184586,exports
2026-06-01,GUATEMALA,8542,Electronic Integrated Circuits,True,1.792149,exports
2026-06-01,BELIZE,8542,Electronic Integrated Circuits,True,0.0,exports
2026-06-01,EL SALVADOR,8542,Electronic Integrated Circuits,True,0.571598,exports
2026-06-01,HONDURAS,8542,Electronic Integrated Circuits,True,0.329797,exports
2026-06-01,NICARAGUA,8542,Electronic Integrated Circuits,True,0.056117,exports
2026-06-01,COSTA RICA,8542,Electronic Integrated Circuits,True,6.864749,exports
2026-06-01,PANAMA,8542,Electronic Integrated Circuits,True,0.0933,exports
2026-06-01,BERMUDA,8542,Electronic Integrated Circuits,True,0.016134,exports
2026-06-01,BAHAMAS,8542,Electronic Integrated Circuits,True,0.03322,exports
2026-06-01,JAMAICA,8542,Electronic Integrated Circuits,True,0.041082,exports
2026-06-01,TURKS AND CAICOS ISLANDS,8542,Electronic Integrated Circuits,True,0.005841,exports
2026-06-01,CAYMAN ISLANDS,8542,Electronic Integrated Circuits,True,0.023101,exports
2026-06-01,HAITI,8542,Electronic Integrated Circuits,True,0.0,exports
2026-06-01,DOMINICAN REPUBLIC,8542,Electronic Integrated Circuits,True,1.529961,exports
2026-06-01,ANGUILLA,8542,Electronic Integrated Circuits,True,0.014167,exports
2026-06-01,ST KITTS AND NEVIS,8542,Electronic Integrated Circuits,True,0.062831,exports
2026-06-01,ANTIGUA AND BARBUDA,8542,Electronic Integrated Circuits,True,0.007254,exports
2026-06-01,ST LUCIA,8542,Electronic Integrated Circuits,True,0.003888,exports
2026-06-01,ST VINCENT AND THE GRENADINES,8542,Electronic Integrated Circuits,True,0.0,exports
2026-06-01,GRENADA,8542,Electronic Integrated Circuits,True,0.0,exports
2026-06-01,BARBADOS,8542,Electronic Integrated Circuits,True,0.042897,exports
2026-06-01,TRINIDAD AND TOBAGO,8542,Electronic Integrated Circuits,True,0.003448,exports
2026-06-01,SINT MAARTEN,8542,Electronic Integrated Circuits,True,0.003162,exports
2026-06-01,MARTINIQUE,8542,Electronic Integrated Circuits,True,0.0,exports
2026-06-01,CURACAO,8542,Electronic Integrated Circuits,True,0.006276,exports
2026-06-01,ARUBA,8542,Electronic Integrated Circuits,True,0.010935,exports
2026-06-01,GUADELOUPE,8542,Electronic Integrated Circuits,True,0.0,exports
2026-06-01,CENTRAL AMERICA,8542,Electronic Integrated Circuits,True,11.511907,exports
2026-06-01,COLOMBIA,8542,Electronic Integrated Circuits,True,1.152092,exports
2026-06-01,VENEZUELA,8542,Electronic Integrated Circuits,True,0.257593,exports
2026-06-01,GUYANA,8542,Electronic Integrated Circuits,True,0.018263,exports
2026-06-01,SURINAME,8542,Electronic Integrated Circuits,True,0.0,exports
2026-06-01,FRENCH GUIANA,8542,Electronic Integrated Circuits,True,0.0,exports
2026-06-01,ECUADOR,8542,Electronic Integrated Circuits,True,0.448641,exports
2026-06-01,PERU,8542,Electronic Integrated Circuits,True,1.597443,exports
2026-06-01,BOLIVIA,8542,Electronic Integrated Circuits,True,0.008876,exports
2026-06-01,CHILE,8542,Electronic Integrated Circuits,True,1.938696,exports
2026-06-01,BRAZIL,8542,Electronic Integrated Circuits,True,68.388229,exports
2026-06-01,PARAGUAY,8542,Electronic Integrated Circuits,True,0.670311,exports
2026-06-01,URUGUAY,8542,Electronic Integrated Circuits,True,0.493568,exports
2026-06-01,ARGENTINA,8542,Electronic Integrated Circuits,True,5.54709,exports
2026-06-01,SOUTH AMERICA,8542,Electronic Integrated Circuits,True,80.520802,exports
2026-06-01,ICELAND,8542,Electronic Integrated Circuits,True,0.005615,exports
2026-06-01,SWEDEN,8542,Electronic Integrated Circuits,True,7.103399,exports
2026-06-01,NORWAY,8542,Electronic Integrated Circuits,True,1.932833,exports
2026-06-01,FINLAND,8542,Electronic Integrated Circuits,True,2.768421,exports
2026-06-01,DENMARK,8542,Electronic Integrated Circuits,True,2.235656,exports
2026-06-01,UNITED KINGDOM,8542,Electronic Integrated Circuits,True,50.599143,exports
2026-06-01,IRELAND,8542,Electronic Integrated Circuits,True,69.112499,exports
2026-06-01,NETHERLANDS,8542,Electronic Integrated Circuits,True,31.483014,exports
2026-06-01,BELGIUM,8542,Electronic Integrated Circuits,True,8.671467,exports
2026-06-01,LUXEMBOURG,8542,Electronic Integrated Circuits,True,0.045041,exports
2026-06-01,FRANCE,8542,Electronic Integrated Circuits,True,12.499621,exports
2026-06-01,GERMANY,8542,Electronic Integrated Circuits,True,44.047331,exports
2026-06-01,AUSTRIA,8542,Electronic Integrated Circuits,True,1.923838,exports
2026-06-01,CZECH REPUBLIC,8542,Electronic Integrated Circuits,True,21.762274,exports
2026-06-01,SLOVAKIA,8542,Electronic Integrated Circuits,True,1.534282,exports
2026-06-01,HUNGARY,8542,Electronic Integrated Circuits,True,61.852395,exports
2026-06-01,LIECHTENSTEIN,8542,Electronic Integrated Circuits,True,0.044041,exports
2026-06-01,SWITZERLAND,8542,Electronic Integrated Circuits,True,5.673688,exports
2026-06-01,ESTONIA,8542,Electronic Integrated Circuits,True,0.742213,exports
2026-06-01,LATVIA,8542,Electronic Integrated Circuits,True,0.241355,exports
2026-06-01,LITHUANIA,8542,Electronic Integrated Circuits,True,0.833218,exports
2026-06-01,POLAND,8542,Electronic Integrated Circuits,True,15.051289,exports
2026-06-01,RUSSIA,8542,Electronic Integrated Circuits,True,0.008723,exports
2026-06-01,UKRAINE,8542,Electronic Integrated Circuits,True,2.174606,exports
2026-06-01,ARMENIA,8542,Electronic Integrated Circuits,True,0.027166,exports
2026-06-01,AZERBAIJAN,8542,Electronic Integrated Circuits,True,0.0,exports
2026-06-01,GEORGIA,8542,Electronic Integrated Circuits,True,0.0,exports
2026-06-01,KAZAKHSTAN,8542,Electronic Integrated Circuits,True,0.118903,exports
2026-06-01,KYRGYZSTAN,8542,Electronic Integrated Circuits,True,0.0,exports
2026-06-01,MOLDOVA,8542,Electronic Integrated Circuits,True,0.003092,exports
2026-06-01,UZBEKISTAN,8542,Electronic Integrated Circuits,True,0.0,exports
2026-06-01,SPAIN,8542,Electronic Integrated Circuits,True,7.961269,exports
2026-06-01,PORTUGAL,8542,Electronic Integrated Circuits,True,4.310877,exports
2026-06-01,MALTA,8542,Electronic Integrated Circuits,True,0.86747,exports
2026-06-01,SAN MARINO,8542,Electronic Integrated Circuits,True,0.005947,exports
2026-06-01,ITALY,8542,Electronic Integrated Circuits,True,9.024906,exports
2026-06-01,CROATIA,8542,Electronic Integrated Circuits,True,0.256047,exports
2026-06-01,SLOVENIA,8542,Electronic Integrated Circuits,True,0.216144,exports
2026-06-01,BOSNIA AND HERZEGOVINA,8542,Electronic Integrated Circuits,True,0.0,exports
2026-06-01,MACEDONIA,8542,Electronic Integrated Circuits,True,0.012325,exports
2026-06-01,SERBIA,8542,Electronic Integrated Circuits,True,0.366376,exports
2026-06-01,GREECE,8542,Electronic Integrated Circuits,True,4.54983,exports
2026-06-01,CYPRUS,8542,Electronic Integrated Circuits,True,0.003216,exports
2026-06-01,ROMANIA,8542,Electronic Integrated Circuits,True,2.318549,exports
2026-06-01,BULGARIA,8542,Electronic Integrated Circuits,True,0.732238,exports
2026-06-01,TURKEY,8542,Electronic Integrated Circuits,True,5.555987,exports
2026-06-01,EUROPE,8542,Electronic Integrated Circuits,True,378.676304,exports
2026-06-01,LEBANON,8542,Electronic Integrated Circuits,True,0.109422,exports
2026-06-01,IRAQ,8542,Electronic Integrated Circuits,True,0.019726,exports
2026-06-01,ISRAEL,8542,Electronic Integrated Circuits,True,31.685053,exports
2026-06-01,JORDAN,8542,Electronic Integrated Circuits,True,0.025721,exports
2026-06-01,KUWAIT,8542,Electronic Integrated Circuits,True,0.039275,exports
2026-06-01,SAUDI ARABIA,8542,Electronic Integrated Circuits,True,0.867211,exports
2026-06-01,QATAR,8542,Electronic Integrated Circuits,True,0.222715,exports
2026-06-01,UNITED ARAB EMIRATES,8542,Electronic Integrated Circuits,True,0.9925,exports
2026-06-01,OMAN,8542,Electronic Integrated Circuits,True,0.020947,exports
2026-06-01,BAHRAIN,8542,Electronic Integrated Circuits,True,0.005178,exports
2026-06-01,INDIA,8542,Electronic Integrated Circuits,True,23.449134,exports
2026-06-01,PAKISTAN,8542,Electronic Integrated Circuits,True,0.05045,exports
2026-06-01,NEPAL,8542,Electronic Integrated Circuits,True,0.0,exports
2026-06-01,BANGLADESH,8542,Electronic Integrated Circuits,True,0.0,exports
2026-06-01,SRI LANKA,8542,Electronic Integrated Circuits,True,0.463744,exports
2026-06-01,THAILAND,8542,Electronic Integrated Circuits,True,93.836416,exports
2026-06-01,VIETNAM,8542,Electronic Integrated Circuits,True,165.248797,exports
2026-06-01,CAMBODIA,8542,Electronic Integrated Circuits,True,0.088117,exports
2026-06-01,MALAYSIA,8542,Electronic Integrated Circuits,True,648.663353,exports
2026-06-01,SINGAPORE,8542,Electronic Integrated Circuits,True,112.967233,exports
2026-06-01,INDONESIA,8542,Electronic Integrated Circuits,True,0.467061,exports
2026-06-01,BRUNEI,8542,Electronic Integrated Circuits,True,0.02667,exports
2026-06-01,PHILIPPINES,8542,Electronic Integrated Circuits,True,98.320422,exports
2026-06-01,MACAU,8542,Electronic Integrated Circuits,True,0.311484,exports
2026-06-01,CHINA,8542,Electronic Integrated Circuits,True,1198.761153,exports
2026-06-01,MONGOLIA,8542,Electronic Integrated Circuits,True,0.0,exports
2026-06-01,"KOREA, SOUTH",8542,Electronic Integrated Circuits,True,125.126342,exports
2026-06-01,HONG KONG,8542,Electronic Integrated Circuits,True,146.62503,exports
2026-06-01,TAIWAN,8542,Electronic Integrated Circuits,True,428.147307,exports
2026-06-01,JAPAN,8542,Electronic Integrated Circuits,True,34.154089,exports
2026-06-01,ASIA,8542,Electronic Integrated Circuits,True,3110.69455,exports
2026-06-01,AUSTRALIA,8542,Electronic Integrated Circuits,True,6.141288,exports
2026-06-01,PAPUA NEW GUINEA,8542,Electronic Integrated Circuits,True,0.0042,exports
2026-06-01,NEW ZEALAND,8542,Electronic Integrated Circuits,True,0.252145,exports
2026-06-01,SOLOMON ISLANDS,8542,Electronic Integrated Circuits,True,0.0,exports
2026-06-01,FRENCH POLYNESIA,8542,Electronic Integrated Circuits,True,0.046426,exports
2026-06-01,FIJI,8542,Electronic Integrated Circuits,True,0.0,exports
2026-06-01,AUSTRALIA AND OCEANIA,8542,Electronic Integrated Circuits,True,6.444059,exports
2026-06-01,MOROCCO,8542,Electronic Integrated Circuits,True,0.26214,exports
2026-06-01,ALGERIA,8542,Electronic Integrated Circuits,True,0.0,exports
2026-06-01,TUNISIA,8542,Electronic Integrated Circuits,True,0.055932,exports
2026-06-01,LIBYA,8542,Electronic Integrated Circuits,True,0.0,exports
2026-06-01,EGYPT,8542,Electronic Integrated Circuits,True,0.074797,exports
2026-06-01,EQUATORIAL GUINEA,8542,Electronic Integrated Circuits,True,0.0,exports
2026-06-01,MAURITANIA,8542,Electronic Integrated Circuits,True,0.026475,exports
2026-06-01,CAMEROON,8542,Electronic Integrated Circuits,True,0.0,exports
2026-06-01,SENEGAL,8542,Electronic Integrated Circuits,True,0.0,exports
2026-06-01,GHANA,8542,Electronic Integrated Circuits,True,0.005548,exports
2026-06-01,NIGER,8542,Electronic Integrated Circuits,True,0.0,exports
2026-06-01,NIGERIA,8542,Electronic Integrated Circuits,True,0.093341,exports
2026-06-01,GABON,8542,Electronic Integrated Circuits,True,0.008,exports
2026-06-01,ANGOLA,8542,Electronic Integrated Circuits,True,0.204312,exports
2026-06-01,CONGO,8542,Electronic Integrated Circuits,True,0.006531,exports
2026-06-01,LIBERIA,8542,Electronic Integrated Circuits,True,0.0,exports
2026-06-01,BURUNDI,8542,Electronic Integrated Circuits,True,0.0,exports
2026-06-01,ETHIOPIA,8542,Electronic Integrated Circuits,True,0.0,exports
2026-06-01,DJIBOUTI,8542,Electronic Integrated Circuits,True,0.014751,exports
2026-06-01,KENYA,8542,Electronic Integrated Circuits,True,0.0,exports
2026-06-01,SOUTH AFRICA,8542,Electronic Integrated Circuits,True,2.072866,exports
2026-06-01,BRITISH INDIAN OCEAN TERRITORIES,8542,Electronic Integrated Circuits,True,0.0,exports
2026-06-01,TANZANIA,8542,Electronic Integrated Circuits,True,0.0,exports
2026-06-01,MAURITIUS,8542,Electronic Integrated Circuits,True,0.0,exports
2026-06-01,NAMIBIA,8542,Electronic Integrated Circuits,True,0.010493,exports
2026-06-01,ZAMBIA,8542,Electronic Integrated Circuits,True,0.0,exports
2026-06-01,ESWATINI,8542,Electronic Integrated Circuits,True,0.232986,exports
2026-06-01,AFRICA,8542,Electronic Integrated Circuits,True,3.068172,exports
2026-06-01,TOTAL FOR ALL COUNTRIES,8542,Electronic Integrated Circuits,True,4582.525438,exports
2026-06-01,UNITED ARAB EMIRATES,8703,Motor Cars & Vehicles,False,123.569629,exports
2026-06-01,YEMEN,8703,Motor Cars & Vehicles,False,0.33186,exports
2026-06-01,OMAN,8703,Motor Cars & Vehicles,False,32.46569,exports
2026-06-01,BAHRAIN,8703,Motor Cars & Vehicles,False,4.438231,exports
2026-06-01,AFGHANISTAN,8703,Motor Cars & Vehicles,False,0.0,exports
2026-06-01,INDIA,8703,Motor Cars & Vehicles,False,0.222364,exports
2026-06-01,PAKISTAN,8703,Motor Cars & Vehicles,False,0.0,exports
2026-06-01,BANGLADESH,8703,Motor Cars & Vehicles,False,0.0,exports
2026-06-01,SRI LANKA,8703,Motor Cars & Vehicles,False,0.250553,exports
2026-06-01,THAILAND,8703,Motor Cars & Vehicles,False,0.689501,exports
2026-06-01,VIETNAM,8703,Motor Cars & Vehicles,False,7.293737,exports
2026-06-01,LAOS,8703,Motor Cars & Vehicles,False,0.0,exports
2026-06-01,CAMBODIA,8703,Motor Cars & Vehicles,False,10.633374,exports
2026-06-01,MALAYSIA,8703,Motor Cars & Vehicles,False,0.04537,exports
2026-06-01,SINGAPORE,8703,Motor Cars & Vehicles,False,1.591517,exports
2026-06-01,INDONESIA,8703,Motor Cars & Vehicles,False,0.649639,exports
2026-06-01,TIMOR-LESTE,8703,Motor Cars & Vehicles,False,0.0,exports
2026-06-01,BRUNEI,8703,Motor Cars & Vehicles,False,0.0,exports
2026-06-01,PHILIPPINES,8703,Motor Cars & Vehicles,False,4.610899,exports
2026-06-01,CHINA,8703,Motor Cars & Vehicles,False,167.854934,exports
2026-06-01,MONGOLIA,8703,Motor Cars & Vehicles,False,3.110948,exports
2026-06-01,"KOREA, SOUTH",8703,Motor Cars & Vehicles,False,165.46873,exports
2026-06-01,HONG KONG,8703,Motor Cars & Vehicles,False,0.695028,exports
2026-06-01,TAIWAN,8703,Motor Cars & Vehicles,False,51.052124,exports
2026-06-01,JAPAN,8703,Motor Cars & Vehicles,False,34.817484,exports
2026-06-01,AUSTRALIA,8703,Motor Cars & Vehicles,False,31.06745,exports
2026-06-01,NEW ZEALAND,8703,Motor Cars & Vehicles,False,10.219462,exports
2026-06-01,NIUE,8703,Motor Cars & Vehicles,False,0.0,exports
2026-06-01,SAMOA,8703,Motor Cars & Vehicles,False,0.101988,exports
2026-06-01,VANUATU,8703,Motor Cars & Vehicles,False,0.12301,exports
2026-06-01,NEW CALEDONIA,8703,Motor Cars & Vehicles,False,0.06186,exports
2026-06-01,FRENCH POLYNESIA,8703,Motor Cars & Vehicles,False,0.14224,exports
2026-06-01,ST KITTS AND NEVIS,8703,Motor Cars & Vehicles,False,0.374593,exports
2026-06-01,ANTIGUA AND BARBUDA,8703,Motor Cars & Vehicles,False,0.079393,exports
2026-06-01,MONTSERRAT,8703,Motor Cars & Vehicles,False,0.01887,exports
2026-06-01,DOMINICA,8703,Motor Cars & Vehicles,False,0.01551,exports
2026-06-01,ST LUCIA,8703,Motor Cars & Vehicles,False,0.16317,exports
2026-06-01,ST VINCENT AND THE GRENADINES,8703,Motor Cars & Vehicles,False,0.357323,exports
2026-06-01,GRENADA,8703,Motor Cars & Vehicles,False,0.116896,exports
2026-06-01,BARBADOS,8703,Motor Cars & Vehicles,False,0.336026,exports
2026-06-01,TRINIDAD AND TOBAGO,8703,Motor Cars & Vehicles,False,0.194441,exports
2026-06-01,SINT MAARTEN,8703,Motor Cars & Vehicles,False,1.514679,exports
2026-06-01,CURACAO,8703,Motor Cars & Vehicles,False,2.15425,exports
2026-06-01,ARUBA,8703,Motor Cars & Vehicles,False,1.020959,exports
2026-06-01,GUADELOUPE,8703,Motor Cars & Vehicles,False,0.0098,exports
2026-06-01,MARTINIQUE,8703,Motor Cars & Vehicles,False,0.027,exports
2026-06-01,COLOMBIA,8703,Motor Cars & Vehicles,False,49.780069,exports
2026-06-01,VENEZUELA,8703,Motor Cars & Vehicles,False,18.772375,exports
2026-06-01,GUYANA,8703,Motor Cars & Vehicles,False,2.108815,exports
2026-06-01,SURINAME,8703,Motor Cars & Vehicles,False,0.763267,exports
2026-06-01,FRENCH GUIANA,8703,Motor Cars & Vehicles,False,0.049058,exports
2026-06-01,ECUADOR,8703,Motor Cars & Vehicles,False,9.136318,exports
2026-06-01,PERU,8703,Motor Cars & Vehicles,False,16.989174,exports
2026-06-01,BOLIVIA,8703,Motor Cars & Vehicles,False,3.150721,exports
2026-06-01,CHILE,8703,Motor Cars & Vehicles,False,38.188597,exports
2026-06-01,BRAZIL,8703,Motor Cars & Vehicles,False,16.656338,exports
2026-06-01,PARAGUAY,8703,Motor Cars & Vehicles,False,2.918329,exports
2026-06-01,URUGUAY,8703,Motor Cars & Vehicles,False,0.486992,exports
2026-06-01,ARGENTINA,8703,Motor Cars & Vehicles,False,8.010052,exports
2026-06-01,ICELAND,8703,Motor Cars & Vehicles,False,0.908367,exports
2026-06-01,SWEDEN,8703,Motor Cars & Vehicles,False,12.668457,exports
2026-06-01,NORWAY,8703,Motor Cars & Vehicles,False,21.872877,exports
2026-06-01,FINLAND,8703,Motor Cars & Vehicles,False,4.95211,exports
2026-06-01,DENMARK,8703,Motor Cars & Vehicles,False,0.822158,exports
2026-06-01,UNITED KINGDOM,8703,Motor Cars & Vehicles,False,91.084947,exports
2026-06-01,IRELAND,8703,Motor Cars & Vehicles,False,1.380203,exports
2026-06-01,NETHERLANDS,8703,Motor Cars & Vehicles,False,86.892112,exports
2026-06-01,BELGIUM,8703,Motor Cars & Vehicles,False,125.659933,exports
2026-06-01,LUXEMBOURG,8703,Motor Cars & Vehicles,False,0.0,exports
2026-06-01,ANDORRA,8703,Motor Cars & Vehicles,False,0.0,exports
2026-06-01,FRANCE,8703,Motor Cars & Vehicles,False,4.973765,exports
2026-06-01,GERMANY,8703,Motor Cars & Vehicles,False,594.535587,exports
2026-06-01,AUSTRIA,8703,Motor Cars & Vehicles,False,0.251902,exports
2026-06-01,CZECH REPUBLIC,8703,Motor Cars & Vehicles,False,0.716445,exports
2026-06-01,MARSHALL ISLANDS,8703,Motor Cars & Vehicles,False,0.0,exports
2026-06-01,FIJI,8703,Motor Cars & Vehicles,False,0.0,exports
2026-06-01,MOROCCO,8703,Motor Cars & Vehicles,False,3.566648,exports
2026-06-01,ALGERIA,8703,Motor Cars & Vehicles,False,1.37781,exports
2026-06-01,TUNISIA,8703,Motor Cars & Vehicles,False,0.872583,exports
2026-06-01,LIBYA,8703,Motor Cars & Vehicles,False,25.533615,exports
2026-06-01,EGYPT,8703,Motor Cars & Vehicles,False,2.287986,exports
2026-06-01,EQUATORIAL GUINEA,8703,Motor Cars & Vehicles,False,0.093681,exports
2026-06-01,MAURITANIA,8703,Motor Cars & Vehicles,False,3.075101,exports
2026-06-01,CAMEROON,8703,Motor Cars & Vehicles,False,1.417088,exports
2026-06-01,SENEGAL,8703,Motor Cars & Vehicles,False,5.845074,exports
2026-06-01,MALI,8703,Motor Cars & Vehicles,False,0.364447,exports
2026-06-01,GUINEA,8703,Motor Cars & Vehicles,False,3.045183,exports
2026-06-01,SIERRA LEONE,8703,Motor Cars & Vehicles,False,3.627841,exports
2026-06-01,COTE D'IVOIRE,8703,Motor Cars & Vehicles,False,2.840861,exports
2026-06-01,GHANA,8703,Motor Cars & Vehicles,False,33.988635,exports
2026-06-01,GAMBIA,8703,Motor Cars & Vehicles,False,1.191072,exports
2026-06-01,NIGER,8703,Motor Cars & Vehicles,False,1.607709,exports
2026-06-01,TOGO,8703,Motor Cars & Vehicles,False,5.837073,exports
2026-06-01,NIGERIA,8703,Motor Cars & Vehicles,False,86.621641,exports
2026-06-01,CENTRAL AFRICAN REPUBLIC,8703,Motor Cars & Vehicles,False,0.0168,exports
2026-06-01,GABON,8703,Motor Cars & Vehicles,False,0.303569,exports
2026-06-01,BURKINA FASO,8703,Motor Cars & Vehicles,False,0.740146,exports
2026-06-01,BENIN,8703,Motor Cars & Vehicles,False,25.060831,exports
2026-06-01,ANGOLA,8703,Motor Cars & Vehicles,False,0.986799,exports
2026-06-01,CONGO,8703,Motor Cars & Vehicles,False,0.734636,exports
2026-06-01,GUINEA-BISSAU,8703,Motor Cars & Vehicles,False,0.0,exports
2026-06-01,CABO VERDE,8703,Motor Cars & Vehicles,False,0.203064,exports
2026-06-01,LIBERIA,8703,Motor Cars & Vehicles,False,1.306794,exports
2026-06-01,DEMOCRATIC REPUBLIC OF THE CONGO,8703,Motor Cars & Vehicles,False,0.801867,exports
2026-06-01,RWANDA,8703,Motor Cars & Vehicles,False,0.0,exports
2026-06-01,SOMALIA,8703,Motor Cars & Vehicles,False,0.052564,exports
2026-06-01,ETHIOPIA,8703,Motor Cars & Vehicles,False,0.0,exports
2026-06-01,DJIBOUTI,8703,Motor Cars & Vehicles,False,0.042,exports
2026-06-01,UGANDA,8703,Motor Cars & Vehicles,False,0.0,exports
2026-06-01,KENYA,8703,Motor Cars & Vehicles,False,0.15683,exports
2026-06-01,BRITISH VIRGIN ISLANDS,8703,Motor Cars & Vehicles,False,0.4432,exports
2026-06-01,SLOVAKIA,8703,Motor Cars & Vehicles,False,0.262077,exports
2026-06-01,HUNGARY,8703,Motor Cars & Vehicles,False,0.226146,exports
2026-06-01,SWITZERLAND,8703,Motor Cars & Vehicles,False,1.468281,exports
2026-06-01,ESTONIA,8703,Motor Cars & Vehicles,False,0.274974,exports
2026-06-01,LATVIA,8703,Motor Cars & Vehicles,False,0.125145,exports
2026-06-01,LITHUANIA,8703,Motor Cars & Vehicles,False,100.169174,exports
2026-06-01,POLAND,8703,Motor Cars & Vehicles,False,14.405282,exports
2026-06-01,UKRAINE,8703,Motor Cars & Vehicles,False,25.97453,exports
2026-06-01,ARMENIA,8703,Motor Cars & Vehicles,False,5.048234,exports
2026-06-01,AZERBAIJAN,8703,Motor Cars & Vehicles,False,0.278112,exports
2026-06-01,GEORGIA,8703,Motor Cars & Vehicles,False,118.897552,exports
2026-06-01,KAZAKHSTAN,8703,Motor Cars & Vehicles,False,7.379129,exports
2026-06-01,KYRGYZSTAN,8703,Motor Cars & Vehicles,False,5.680254,exports
2026-06-01,MOLDOVA,8703,Motor Cars & Vehicles,False,1.247077,exports
2026-06-01,TAJIKISTAN,8703,Motor Cars & Vehicles,False,0.346535,exports
2026-06-01,TURKMENISTAN,8703,Motor Cars & Vehicles,False,0.680423,exports
2026-06-01,UZBEKISTAN,8703,Motor Cars & Vehicles,False,5.905935,exports
2026-06-01,SPAIN,8703,Motor Cars & Vehicles,False,3.517184,exports
2026-06-01,PORTUGAL,8703,Motor Cars & Vehicles,False,0.413796,exports
2026-06-01,MALTA,8703,Motor Cars & Vehicles,False,0.0,exports
2026-06-01,ITALY,8703,Motor Cars & Vehicles,False,21.98936,exports
2026-06-01,CROATIA,8703,Motor Cars & Vehicles,False,1.006293,exports
2026-06-01,SLOVENIA,8703,Motor Cars & Vehicles,False,0.040259,exports
2026-06-01,BOSNIA AND HERZEGOVINA,8703,Motor Cars & Vehicles,False,0.5315,exports
2026-06-01,MACEDONIA,8703,Motor Cars & Vehicles,False,0.91016,exports
2026-06-01,SERBIA,8703,Motor Cars & Vehicles,False,0.945164,exports
2026-06-01,MONTENEGRO,8703,Motor Cars & Vehicles,False,1.018179,exports
2026-06-01,ALBANIA,8703,Motor Cars & Vehicles,False,6.816299,exports
2026-06-01,GREECE,8703,Motor Cars & Vehicles,False,0.537634,exports
2026-06-01,ROMANIA,8703,Motor Cars & Vehicles,False,3.887348,exports
2026-06-01,BULGARIA,8703,Motor Cars & Vehicles,False,2.613601,exports
2026-06-01,TURKEY,8703,Motor Cars & Vehicles,False,47.655251,exports
2026-06-01,CYPRUS,8703,Motor Cars & Vehicles,False,0.524581,exports
2026-06-01,LEBANON,8703,Motor Cars & Vehicles,False,12.405982,exports
2026-06-01,IRAQ,8703,Motor Cars & Vehicles,False,1.312126,exports
2026-06-01,ISRAEL,8703,Motor Cars & Vehicles,False,56.293429,exports
2026-06-01,WEST BANK ADMINISTERED BY ISRAEL,8703,Motor Cars & Vehicles,False,0.0,exports
2026-06-01,JORDAN,8703,Motor Cars & Vehicles,False,84.873787,exports
2026-06-01,KUWAIT,8703,Motor Cars & Vehicles,False,56.08364,exports
2026-06-01,SAUDI ARABIA,8703,Motor Cars & Vehicles,False,81.306556,exports
2026-06-01,QATAR,8703,Motor Cars & Vehicles,False,10.682081,exports
2026-06-01,TOTAL FOR ALL COUNTRIES,8703,Motor Cars & Vehicles,False,4343.534581,exports
2026-06-01,EUROPEAN UNION,8703,Motor Cars & Vehicles,False,982.845526,exports
2026-06-01,NORTH AMERICA,8703,Motor Cars & Vehicles,False,1465.592686,exports
2026-06-01,EUROPE,8703,Motor Cars & Vehicles,False,1327.494332,exports
2026-06-01,AFRICA,8703,Motor Cars & Vehicles,False,216.033307,exports
2026-06-01,PACIFIC RIM COUNTRIES,8703,Motor Cars & Vehicles,False,468.072637,exports
2026-06-01,ASIA,8703,Motor Cars & Vehicles,False,912.749213,exports
2026-06-01,CAFTA-DR,8703,Motor Cars & Vehicles,False,170.965,exports
2026-06-01,AUSTRALIA AND OCEANIA,8703,Motor Cars & Vehicles,False,41.71601,exports
2026-06-01,USMCA (NAFTA),8703,Motor Cars & Vehicles,False,1465.592686,exports
2026-06-01,TWENTY LATIN AMERICAN REPUBLICS,8703,Motor Cars & Vehicles,False,732.03379,exports
2026-06-01,OECD,8703,Motor Cars & Vehicles,False,3010.313779,exports
2026-06-01,NATO,8703,Motor Cars & Vehicles,False,2238.617952,exports
2026-06-01,LAFTA,8703,Motor Cars & Vehicles,False,542.018619,exports
2026-06-01,EURO AREA,8703,Motor Cars & Vehicles,False,950.11969,exports
2026-06-01,APEC,8703,Motor Cars & Vehicles,False,1996.826332,exports
2026-06-01,ASEAN,8703,Motor Cars & Vehicles,False,25.514037,exports
2026-06-01,CACM,8703,Motor Cars & Vehicles,False,90.292381,exports
2026-06-01,GREENLAND,8703,Motor Cars & Vehicles,False,0.0,exports
2026-06-01,CANADA,8703,Motor Cars & Vehicles,False,1087.663032,exports
2026-06-01,MEXICO,8703,Motor Cars & Vehicles,False,377.929654,exports
2026-06-01,GUATEMALA,8703,Motor Cars & Vehicles,False,26.592992,exports
2026-06-01,BELIZE,8703,Motor Cars & Vehicles,False,2.939344,exports
2026-06-01,EL SALVADOR,8703,Motor Cars & Vehicles,False,19.219539,exports
2026-06-01,HONDURAS,8703,Motor Cars & Vehicles,False,22.797777,exports
2026-06-01,NICARAGUA,8703,Motor Cars & Vehicles,False,0.599627,exports
2026-06-01,COSTA RICA,8703,Motor Cars & Vehicles,False,21.082446,exports
2026-06-01,PANAMA,8703,Motor Cars & Vehicles,False,4.941162,exports
2026-06-01,BERMUDA,8703,Motor Cars & Vehicles,False,0.474305,exports
2026-06-01,BAHAMAS,8703,Motor Cars & Vehicles,False,7.393185,exports
2026-06-01,CUBA,8703,Motor Cars & Vehicles,False,12.452298,exports
2026-06-01,JAMAICA,8703,Motor Cars & Vehicles,False,1.788142,exports
2026-06-01,TURKS AND CAICOS ISLANDS,8703,Motor Cars & Vehicles,False,1.675454,exports
2026-06-01,CAYMAN ISLANDS,8703,Motor Cars & Vehicles,False,1.511363,exports
2026-06-01,HAITI,8703,Motor Cars & Vehicles,False,1.656711,exports
2026-06-01,DOMINICAN REPUBLIC,8703,Motor Cars & Vehicles,False,80.672619,exports
2026-06-01,ANGUILLA,8703,Motor Cars & Vehicles,False,0.315854,exports
2026-06-01,SEYCHELLES,8703,Motor Cars & Vehicles,False,0.105586,exports
2026-06-01,TANZANIA,8703,Motor Cars & Vehicles,False,0.257024,exports
2026-06-01,MAURITIUS,8703,Motor Cars & Vehicles,False,0.256214,exports
2026-06-01,MOZAMBIQUE,8703,Motor Cars & Vehicles,False,0.0,exports
2026-06-01,MADAGASCAR,8703,Motor Cars & Vehicles,False,0.0,exports
2026-06-01,MAYOTTE,8703,Motor Cars & Vehicles,False,0.0,exports
2026-06-01,COMOROS,8703,Motor Cars & Vehicles,False,0.0,exports
2026-06-01,REUNION,8703,Motor Cars & Vehicles,False,0.0,exports
2026-06-01,SOUTH AFRICA,8703,Motor Cars & Vehicles,False,1.814535,exports
2026-06-01,NAMIBIA,8703,Motor Cars & Vehicles,False,0.0,exports
2026-06-01,BOTSWANA,8703,Motor Cars & Vehicles,False,0.0,exports
2026-06-01,ZAMBIA,8703,Motor Cars & Vehicles,False,0.0,exports
2026-06-01,ZIMBABWE,8703,Motor Cars & Vehicles,False,0.0,exports
2026-06-01,CENTRAL AMERICA,8703,Motor Cars & Vehicles,False,212.938928,exports
2026-06-01,SOUTH AMERICA,8703,Motor Cars & Vehicles,False,167.010105,exports
2026-06-01,INDIA,2709,Crude Petroleum Oils,True,361.569505,exports
2026-06-01,PAKISTAN,2709,Crude Petroleum Oils,True,117.38048,exports
2026-06-01,SRI LANKA,2709,Crude Petroleum Oils,True,0.0,exports
2026-06-01,THAILAND,2709,Crude Petroleum Oils,True,726.349126,exports
2026-06-01,VIETNAM,2709,Crude Petroleum Oils,True,0.0,exports
2026-06-01,MALAYSIA,2709,Crude Petroleum Oils,True,278.993569,exports
2026-06-01,SINGAPORE,2709,Crude Petroleum Oils,True,289.676168,exports
2026-06-01,INDONESIA,2709,Crude Petroleum Oils,True,88.294038,exports
2026-06-01,"KOREA, SOUTH",2709,Crude Petroleum Oils,True,2046.20179,exports
2026-06-01,TAIWAN,2709,Crude Petroleum Oils,True,516.500649,exports
2026-06-01,JAPAN,2709,Crude Petroleum Oils,True,2489.797055,exports
2026-06-01,AUSTRALIA,2709,Crude Petroleum Oils,True,76.766254,exports
2026-06-01,COLOMBIA,2709,Crude Petroleum Oils,True,91.604586,exports
2026-06-01,PERU,2709,Crude Petroleum Oils,True,59.673796,exports
2026-06-01,BRAZIL,2709,Crude Petroleum Oils,True,204.724442,exports
2026-06-01,URUGUAY,2709,Crude Petroleum Oils,True,21.49,exports
2026-06-01,SWEDEN,2709,Crude Petroleum Oils,True,72.806728,exports
2026-06-01,NORWAY,2709,Crude Petroleum Oils,True,146.011629,exports
2026-06-01,FINLAND,2709,Crude Petroleum Oils,True,132.502497,exports
2026-06-01,DENMARK,2709,Crude Petroleum Oils,True,0.0,exports
2026-06-01,UNITED KINGDOM,2709,Crude Petroleum Oils,True,598.244404,exports
2026-06-01,IRELAND,2709,Crude Petroleum Oils,True,130.209256,exports
2026-06-01,NETHERLANDS,2709,Crude Petroleum Oils,True,1944.879562,exports
2026-06-01,FRANCE,2709,Crude Petroleum Oils,True,309.519215,exports
2026-06-01,GERMANY,2709,Crude Petroleum Oils,True,414.194358,exports
2026-06-01,NIGERIA,2709,Crude Petroleum Oils,True,0.0,exports
2026-06-01,LIBERIA,2709,Crude Petroleum Oils,True,0.0,exports
2026-06-01,SWITZERLAND,2709,Crude Petroleum Oils,True,0.0,exports
2026-06-01,POLAND,2709,Crude Petroleum Oils,True,0.0,exports
2026-06-01,SPAIN,2709,Crude Petroleum Oils,True,556.819345,exports
2026-06-01,PORTUGAL,2709,Crude Petroleum Oils,True,67.045689,exports
2026-06-01,ITALY,2709,Crude Petroleum Oils,True,302.328729,exports
2026-06-01,CROATIA,2709,Crude Petroleum Oils,True,0.0,exports
2026-06-01,GREECE,2709,Crude Petroleum Oils,True,21.49,exports
2026-06-01,TURKEY,2709,Crude Petroleum Oils,True,121.408082,exports
2026-06-01,TOTAL FOR ALL COUNTRIES,2709,Crude Petroleum Oils,True,13616.887145,exports
2026-06-01,EUROPEAN UNION,2709,Crude Petroleum Oils,True,3951.795379,exports
2026-06-01,NORTH AMERICA,2709,Crude Petroleum Oils,True,1260.060316,exports
2026-06-01,EUROPE,2709,Crude Petroleum Oils,True,4817.459494,exports
2026-06-01,AFRICA,2709,Crude Petroleum Oils,True,0.0,exports
2026-06-01,PACIFIC RIM COUNTRIES,2709,Crude Petroleum Oils,True,5786.229523,exports
2026-06-01,ASIA,2709,Crude Petroleum Oils,True,6914.76238,exports
2026-06-01,CAFTA-DR,2709,Crude Petroleum Oils,True,69.54328,exports
2026-06-01,AUSTRALIA AND OCEANIA,2709,Crude Petroleum Oils,True,76.766254,exports
2026-06-01,USMCA (NAFTA),2709,Crude Petroleum Oils,True,1260.060316,exports
2026-06-01,TWENTY LATIN AMERICAN REPUBLICS,2709,Crude Petroleum Oils,True,617.509933,exports
2026-06-01,OECD,2709,Crude Petroleum Oils,True,10781.889495,exports
2026-06-01,NATO,2709,Crude Petroleum Oils,True,5877.639322,exports
2026-06-01,LAFTA,2709,Crude Petroleum Oils,True,447.164056,exports
2026-06-01,EURO AREA,2709,Crude Petroleum Oils,True,3878.988651,exports
2026-06-01,APEC,2709,Crude Petroleum Oils,True,7832.312761,exports
2026-06-01,ASEAN,2709,Crude Petroleum Oils,True,1383.312901,exports
2026-06-01,CACM,2709,Crude Petroleum Oils,True,20.699629,exports
2026-06-01,CANADA,2709,Crude Petroleum Oils,True,1190.389084,exports
2026-06-01,MEXICO,2709,Crude Petroleum Oils,True,69.671232,exports
2026-06-01,GUATEMALA,2709,Crude Petroleum Oils,True,0.3024,exports
2026-06-01,NICARAGUA,2709,Crude Petroleum Oils,True,20.397229,exports
2026-06-01,COSTA RICA,2709,Crude Petroleum Oils,True,0.0,exports
2026-06-01,PANAMA,2709,Crude Petroleum Oils,True,100.802597,exports
2026-06-01,DOMINICAN REPUBLIC,2709,Crude Petroleum Oils,True,48.843651,exports
2026-06-01,CENTRAL AMERICA,2709,Crude Petroleum Oils,True,170.345877,exports
2026-06-01,SOUTH AMERICA,2709,Crude Petroleum Oils,True,377.492824,exports
2026-06-01,UNITED ARAB EMIRATES,3004,Medicaments Packaged,True,18.938507,exports
2026-06-01,OMAN,3004,Medicaments Packaged,True,0.66084,exports
2026-06-01,BAHRAIN,3004,Medicaments Packaged,True,0.23116,exports
2026-06-01,AFGHANISTAN,3004,Medicaments Packaged,True,0.016115,exports
2026-06-01,INDIA,3004,Medicaments Packaged,True,11.679408,exports
2026-06-01,PAKISTAN,3004,Medicaments Packaged,True,0.158814,exports
2026-06-01,NEPAL,3004,Medicaments Packaged,True,0.281814,exports
2026-06-01,BANGLADESH,3004,Medicaments Packaged,True,0.893683,exports
2026-06-01,SRI LANKA,3004,Medicaments Packaged,True,0.109798,exports
2026-06-01,BURMA,3004,Medicaments Packaged,True,0.0,exports
2026-06-01,THAILAND,3004,Medicaments Packaged,True,9.476822,exports
2026-06-01,VIETNAM,3004,Medicaments Packaged,True,4.707173,exports
2026-06-01,LAOS,3004,Medicaments Packaged,True,0.019965,exports
2026-06-01,CAMBODIA,3004,Medicaments Packaged,True,0.02,exports
2026-06-01,MALAYSIA,3004,Medicaments Packaged,True,3.984441,exports
2026-06-01,SINGAPORE,3004,Medicaments Packaged,True,13.470636,exports
2026-06-01,INDONESIA,3004,Medicaments Packaged,True,3.848228,exports
2026-06-01,BRUNEI,3004,Medicaments Packaged,True,0.037104,exports
2026-06-01,PHILIPPINES,3004,Medicaments Packaged,True,5.052693,exports
2026-06-01,MACAU,3004,Medicaments Packaged,True,0.029838,exports
2026-06-01,MALDIVES,3004,Medicaments Packaged,True,0.0,exports
2026-06-01,CHINA,3004,Medicaments Packaged,True,161.349441,exports
2026-06-01,MONGOLIA,3004,Medicaments Packaged,True,0.049965,exports
2026-06-01,"KOREA, SOUTH",3004,Medicaments Packaged,True,192.682823,exports
2026-06-01,HONG KONG,3004,Medicaments Packaged,True,6.939114,exports
2026-06-01,TAIWAN,3004,Medicaments Packaged,True,11.222712,exports
2026-06-01,JAPAN,3004,Medicaments Packaged,True,261.505131,exports
2026-06-01,AUSTRALIA,3004,Medicaments Packaged,True,92.862134,exports
2026-06-01,CHRISTMAS ISLAND,3004,Medicaments Packaged,True,0.0,exports
2026-06-01,PAPUA NEW GUINEA,3004,Medicaments Packaged,True,0.0,exports
2026-06-01,NEW ZEALAND,3004,Medicaments Packaged,True,1.232345,exports
2026-06-01,SAMOA,3004,Medicaments Packaged,True,0.0,exports
2026-06-01,VANUATU,3004,Medicaments Packaged,True,0.014311,exports
2026-06-01,KIRIBATI,3004,Medicaments Packaged,True,0.0,exports
2026-06-01,FRENCH POLYNESIA,3004,Medicaments Packaged,True,0.01389,exports
2026-06-01,ST KITTS AND NEVIS,3004,Medicaments Packaged,True,0.018427,exports
2026-06-01,ANTIGUA AND BARBUDA,3004,Medicaments Packaged,True,0.107672,exports
2026-06-01,DOMINICA,3004,Medicaments Packaged,True,0.018556,exports
2026-06-01,ST LUCIA,3004,Medicaments Packaged,True,0.025951,exports
2026-06-01,ST VINCENT AND THE GRENADINES,3004,Medicaments Packaged,True,0.002994,exports
2026-06-01,GRENADA,3004,Medicaments Packaged,True,0.0,exports
2026-06-01,BARBADOS,3004,Medicaments Packaged,True,0.28616,exports
2026-06-01,TRINIDAD AND TOBAGO,3004,Medicaments Packaged,True,0.30773,exports
2026-06-01,SINT MAARTEN,3004,Medicaments Packaged,True,0.0427,exports
2026-06-01,CURACAO,3004,Medicaments Packaged,True,0.031772,exports
2026-06-01,ARUBA,3004,Medicaments Packaged,True,0.069538,exports
2026-06-01,COLOMBIA,3004,Medicaments Packaged,True,32.104073,exports
2026-06-01,VENEZUELA,3004,Medicaments Packaged,True,0.131344,exports
2026-06-01,GUYANA,3004,Medicaments Packaged,True,0.127452,exports
2026-06-01,SURINAME,3004,Medicaments Packaged,True,0.0,exports
2026-06-01,ECUADOR,3004,Medicaments Packaged,True,0.349725,exports
2026-06-01,PERU,3004,Medicaments Packaged,True,1.401782,exports
2026-06-01,BOLIVIA,3004,Medicaments Packaged,True,0.0,exports
2026-06-01,CHILE,3004,Medicaments Packaged,True,3.974558,exports
2026-06-01,BRAZIL,3004,Medicaments Packaged,True,114.545487,exports
2026-06-01,PARAGUAY,3004,Medicaments Packaged,True,0.615734,exports
2026-06-01,URUGUAY,3004,Medicaments Packaged,True,8.860501,exports
2026-06-01,ARGENTINA,3004,Medicaments Packaged,True,17.265449,exports
2026-06-01,ICELAND,3004,Medicaments Packaged,True,0.170076,exports
2026-06-01,SWEDEN,3004,Medicaments Packaged,True,2.989664,exports
2026-06-01,NORWAY,3004,Medicaments Packaged,True,0.528322,exports
2026-06-01,FINLAND,3004,Medicaments Packaged,True,0.308776,exports
2026-06-01,DENMARK,3004,Medicaments Packaged,True,39.30241,exports
2026-06-01,UNITED KINGDOM,3004,Medicaments Packaged,True,205.908994,exports
2026-06-01,IRELAND,3004,Medicaments Packaged,True,66.736208,exports
2026-06-01,NETHERLANDS,3004,Medicaments Packaged,True,134.481151,exports
2026-06-01,BELGIUM,3004,Medicaments Packaged,True,256.948298,exports
2026-06-01,LUXEMBOURG,3004,Medicaments Packaged,True,0.045189,exports
2026-06-01,ANDORRA,3004,Medicaments Packaged,True,0.018889,exports
2026-06-01,FRANCE,3004,Medicaments Packaged,True,18.91325,exports
2026-06-01,GERMANY,3004,Medicaments Packaged,True,129.812032,exports
2026-06-01,AUSTRIA,3004,Medicaments Packaged,True,0.587631,exports
2026-06-01,CZECH REPUBLIC,3004,Medicaments Packaged,True,3.68522,exports
2026-06-01,MARSHALL ISLANDS,3004,Medicaments Packaged,True,0.0,exports
2026-06-01,PALAU,3004,Medicaments Packaged,True,0.044959,exports
2026-06-01,MOROCCO,3004,Medicaments Packaged,True,1.085486,exports
2026-06-01,ALGERIA,3004,Medicaments Packaged,True,0.031242,exports
2026-06-01,TUNISIA,3004,Medicaments Packaged,True,0.0,exports
2026-06-01,LIBYA,3004,Medicaments Packaged,True,0.0,exports
2026-06-01,EGYPT,3004,Medicaments Packaged,True,6.31625,exports
2026-06-01,SUDAN,3004,Medicaments Packaged,True,0.657566,exports
2026-06-01,SOUTH SUDAN,3004,Medicaments Packaged,True,0.048788,exports
2026-06-01,CAMEROON,3004,Medicaments Packaged,True,0.117145,exports
2026-06-01,SENEGAL,3004,Medicaments Packaged,True,0.003601,exports
2026-06-01,SIERRA LEONE,3004,Medicaments Packaged,True,0.0,exports
2026-06-01,GHANA,3004,Medicaments Packaged,True,0.0,exports
2026-06-01,GAMBIA,3004,Medicaments Packaged,True,0.0,exports
2026-06-01,NIGER,3004,Medicaments Packaged,True,0.0,exports
2026-06-01,NIGERIA,3004,Medicaments Packaged,True,0.255648,exports
2026-06-01,CENTRAL AFRICAN REPUBLIC,3004,Medicaments Packaged,True,0.0,exports
2026-06-01,GABON,3004,Medicaments Packaged,True,0.0,exports
2026-06-01,CHAD,3004,Medicaments Packaged,True,0.0,exports
2026-06-01,ANGOLA,3004,Medicaments Packaged,True,0.00331,exports
2026-06-01,CONGO,3004,Medicaments Packaged,True,0.0,exports
2026-06-01,RWANDA,3004,Medicaments Packaged,True,0.0,exports
2026-06-01,SOMALIA,3004,Medicaments Packaged,True,0.0,exports
2026-06-01,ETHIOPIA,3004,Medicaments Packaged,True,0.0,exports
2026-06-01,UGANDA,3004,Medicaments Packaged,True,0.022667,exports
2026-06-01,KENYA,3004,Medicaments Packaged,True,0.189206,exports
2026-06-01,BRITISH VIRGIN ISLANDS,3004,Medicaments Packaged,True,0.00912,exports
2026-06-01,SLOVAKIA,3004,Medicaments Packaged,True,0.27731,exports
2026-06-01,HUNGARY,3004,Medicaments Packaged,True,4.826353,exports
2026-06-01,SWITZERLAND,3004,Medicaments Packaged,True,23.043695,exports
2026-06-01,ESTONIA,3004,Medicaments Packaged,True,0.0,exports
2026-06-01,LATVIA,3004,Medicaments Packaged,True,0.765793,exports
2026-06-01,LITHUANIA,3004,Medicaments Packaged,True,0.853804,exports
2026-06-01,POLAND,3004,Medicaments Packaged,True,0.905515,exports
2026-06-01,RUSSIA,3004,Medicaments Packaged,True,5.871771,exports
2026-06-01,UKRAINE,3004,Medicaments Packaged,True,0.100323,exports
2026-06-01,ARMENIA,3004,Medicaments Packaged,True,0.0,exports
2026-06-01,AZERBAIJAN,3004,Medicaments Packaged,True,0.0,exports
2026-06-01,GEORGIA,3004,Medicaments Packaged,True,0.158966,exports
2026-06-01,KAZAKHSTAN,3004,Medicaments Packaged,True,6.263837,exports
2026-06-01,KYRGYZSTAN,3004,Medicaments Packaged,True,0.201014,exports
2026-06-01,MOLDOVA,3004,Medicaments Packaged,True,0.05068,exports
2026-06-01,UZBEKISTAN,3004,Medicaments Packaged,True,0.043412,exports
2026-06-01,SPAIN,3004,Medicaments Packaged,True,60.832705,exports
2026-06-01,PORTUGAL,3004,Medicaments Packaged,True,0.417924,exports
2026-06-01,MALTA,3004,Medicaments Packaged,True,0.0,exports
2026-06-01,ITALY,3004,Medicaments Packaged,True,28.995252,exports
2026-06-01,CROATIA,3004,Medicaments Packaged,True,0.041034,exports
2026-06-01,SLOVENIA,3004,Medicaments Packaged,True,1.0472,exports
2026-06-01,BOSNIA AND HERZEGOVINA,3004,Medicaments Packaged,True,0.0,exports
2026-06-01,MACEDONIA,3004,Medicaments Packaged,True,0.0,exports
2026-06-01,SERBIA,3004,Medicaments Packaged,True,0.427655,exports
2026-06-01,KOSOVO,3004,Medicaments Packaged,True,0.0,exports
2026-06-01,ALBANIA,3004,Medicaments Packaged,True,0.0,exports
2026-06-01,GREECE,3004,Medicaments Packaged,True,2.258128,exports
2026-06-01,ROMANIA,3004,Medicaments Packaged,True,0.714628,exports
2026-06-01,BULGARIA,3004,Medicaments Packaged,True,0.35996,exports
2026-06-01,TURKEY,3004,Medicaments Packaged,True,6.254786,exports
2026-06-01,CYPRUS,3004,Medicaments Packaged,True,0.059353,exports
2026-06-01,LEBANON,3004,Medicaments Packaged,True,0.540809,exports
2026-06-01,IRAQ,3004,Medicaments Packaged,True,0.644278,exports
2026-06-01,IRAN,3004,Medicaments Packaged,True,0.0,exports
2026-06-01,ISRAEL,3004,Medicaments Packaged,True,11.199116,exports
2026-06-01,WEST BANK ADMINISTERED BY ISRAEL,3004,Medicaments Packaged,True,0.12486,exports
2026-06-01,JORDAN,3004,Medicaments Packaged,True,0.65681,exports
2026-06-01,KUWAIT,3004,Medicaments Packaged,True,4.729453,exports
2026-06-01,SAUDI ARABIA,3004,Medicaments Packaged,True,20.735131,exports
2026-06-01,QATAR,3004,Medicaments Packaged,True,1.566629,exports
2026-06-01,TOTAL FOR ALL COUNTRIES,3004,Medicaments Packaged,True,2514.157107,exports
2026-06-01,EUROPEAN UNION,3004,Medicaments Packaged,True,756.164788,exports
2026-06-01,NORTH AMERICA,3004,Medicaments Packaged,True,440.009743,exports
2026-06-01,EUROPE,3004,Medicaments Packaged,True,1005.207208,exports
2026-06-01,AFRICA,3004,Medicaments Packaged,True,13.263472,exports
2026-06-01,PACIFIC RIM COUNTRIES,3004,Medicaments Packaged,True,754.21664,exports
2026-06-01,ASIA,3004,Medicaments Packaged,True,747.563311,exports
2026-06-01,CAFTA-DR,3004,Medicaments Packaged,True,3.455529,exports
2026-06-01,AUSTRALIA AND OCEANIA,3004,Medicaments Packaged,True,94.167639,exports
2026-06-01,USMCA (NAFTA),3004,Medicaments Packaged,True,440.009743,exports
2026-06-01,TWENTY LATIN AMERICAN REPUBLICS,3004,Medicaments Packaged,True,370.842169,exports
2026-06-01,OECD,3004,Medicaments Packaged,True,2027.37343,exports
2026-06-01,NATO,3004,Medicaments Packaged,True,1180.221179,exports
2026-06-01,LAFTA,3004,Medicaments Packaged,True,340.680991,exports
2026-06-01,EURO AREA,3004,Medicaments Packaged,True,703.740998,exports
2026-06-01,APEC,3004,Medicaments Packaged,True,1219.628651,exports
2026-06-01,ASEAN,3004,Medicaments Packaged,True,40.617062,exports
2026-06-01,CACM,3004,Medicaments Packaged,True,2.377804,exports
2026-06-01,CANADA,3004,Medicaments Packaged,True,278.577405,exports
2026-06-01,MEXICO,3004,Medicaments Packaged,True,161.432338,exports
2026-06-01,GUATEMALA,3004,Medicaments Packaged,True,0.546127,exports
2026-06-01,BELIZE,3004,Medicaments Packaged,True,1.718518,exports
2026-06-01,EL SALVADOR,3004,Medicaments Packaged,True,0.125161,exports
2026-06-01,HONDURAS,3004,Medicaments Packaged,True,0.784227,exports
2026-06-01,NICARAGUA,3004,Medicaments Packaged,True,0.014468,exports
2026-06-01,COSTA RICA,3004,Medicaments Packaged,True,0.907821,exports
2026-06-01,PANAMA,3004,Medicaments Packaged,True,8.058169,exports
2026-06-01,BERMUDA,3004,Medicaments Packaged,True,0.413353,exports
2026-06-01,BAHAMAS,3004,Medicaments Packaged,True,0.666135,exports
2026-06-01,JAMAICA,3004,Medicaments Packaged,True,0.052373,exports
2026-06-01,TURKS AND CAICOS ISLANDS,3004,Medicaments Packaged,True,0.025111,exports
2026-06-01,CAYMAN ISLANDS,3004,Medicaments Packaged,True,0.609779,exports
2026-06-01,HAITI,3004,Medicaments Packaged,True,18.64748,exports
2026-06-01,DOMINICAN REPUBLIC,3004,Medicaments Packaged,True,1.077725,exports
2026-06-01,ANGUILLA,3004,Medicaments Packaged,True,0.002562,exports
2026-06-01,SEYCHELLES,3004,Medicaments Packaged,True,0.0,exports
2026-06-01,TANZANIA,3004,Medicaments Packaged,True,0.0,exports
2026-06-01,MAURITIUS,3004,Medicaments Packaged,True,0.120323,exports
2026-06-01,MOZAMBIQUE,3004,Medicaments Packaged,True,0.0,exports
2026-06-01,MADAGASCAR,3004,Medicaments Packaged,True,0.0,exports
2026-06-01,SOUTH AFRICA,3004,Medicaments Packaged,True,4.388688,exports
2026-06-01,NAMIBIA,3004,Medicaments Packaged,True,0.0,exports
2026-06-01,BOTSWANA,3004,Medicaments Packaged,True,0.0,exports
2026-06-01,ZAMBIA,3004,Medicaments Packaged,True,0.00348,exports
2026-06-01,ZIMBABWE,3004,Medicaments Packaged,True,0.020072,exports
2026-06-01,MALAWI,3004,Medicaments Packaged,True,0.0,exports
2026-06-01,CENTRAL AMERICA,3004,Medicaments Packaged,True,34.569629,exports
2026-06-01,SOUTH AMERICA,3004,Medicaments Packaged,True,179.376105,exports
2026-06-01,UNITED ARAB EMIRATES,8517,Telephone Sets & Network Equipment,True,379.079584,exports
2026-06-01,YEMEN,8517,Telephone Sets & Network Equipment,True,0.0165,exports
2026-06-01,OMAN,8517,Telephone Sets & Network Equipment,True,0.356249,exports
2026-06-01,BAHRAIN,8517,Telephone Sets & Network Equipment,True,0.074238,exports
2026-06-01,AFGHANISTAN,8517,Telephone Sets & Network Equipment,True,0.057015,exports
2026-06-01,INDIA,8517,Telephone Sets & Network Equipment,True,78.146716,exports
2026-06-01,PAKISTAN,8517,Telephone Sets & Network Equipment,True,0.746322,exports
2026-06-01,NEPAL,8517,Telephone Sets & Network Equipment,True,0.006748,exports
2026-06-01,BANGLADESH,8517,Telephone Sets & Network Equipment,True,0.436097,exports
2026-06-01,SRI LANKA,8517,Telephone Sets & Network Equipment,True,0.062082,exports
2026-06-01,BURMA,8517,Telephone Sets & Network Equipment,True,0.00696,exports
2026-06-01,THAILAND,8517,Telephone Sets & Network Equipment,True,48.401631,exports
2026-06-01,VIETNAM,8517,Telephone Sets & Network Equipment,True,91.58539,exports
2026-06-01,LAOS,8517,Telephone Sets & Network Equipment,True,0.0,exports
2026-06-01,CAMBODIA,8517,Telephone Sets & Network Equipment,True,0.003045,exports
2026-06-01,MALAYSIA,8517,Telephone Sets & Network Equipment,True,250.568545,exports
2026-06-01,SINGAPORE,8517,Telephone Sets & Network Equipment,True,87.944501,exports
2026-06-01,INDONESIA,8517,Telephone Sets & Network Equipment,True,26.023246,exports
2026-06-01,TIMOR-LESTE,8517,Telephone Sets & Network Equipment,True,0.0,exports
2026-06-01,BRUNEI,8517,Telephone Sets & Network Equipment,True,0.037367,exports
2026-06-01,PHILIPPINES,8517,Telephone Sets & Network Equipment,True,32.091765,exports
2026-06-01,MACAU,8517,Telephone Sets & Network Equipment,True,0.04302,exports
2026-06-01,BHUTAN,8517,Telephone Sets & Network Equipment,True,0.007,exports
2026-06-01,MALDIVES,8517,Telephone Sets & Network Equipment,True,0.140387,exports
2026-06-01,CHINA,8517,Telephone Sets & Network Equipment,True,56.259345,exports
2026-06-01,MONGOLIA,8517,Telephone Sets & Network Equipment,True,1.012887,exports
2026-06-01,"KOREA, SOUTH",8517,Telephone Sets & Network Equipment,True,32.05969,exports
2026-06-01,HONG KONG,8517,Telephone Sets & Network Equipment,True,408.93786,exports
2026-06-01,TAIWAN,8517,Telephone Sets & Network Equipment,True,91.044975,exports
2026-06-01,JAPAN,8517,Telephone Sets & Network Equipment,True,68.773808,exports
2026-06-01,AUSTRALIA,8517,Telephone Sets & Network Equipment,True,157.059979,exports
2026-06-01,CHRISTMAS ISLAND,8517,Telephone Sets & Network Equipment,True,0.0,exports
2026-06-01,PAPUA NEW GUINEA,8517,Telephone Sets & Network Equipment,True,0.682267,exports
2026-06-01,NEW ZEALAND,8517,Telephone Sets & Network Equipment,True,4.078797,exports
2026-06-01,SAMOA,8517,Telephone Sets & Network Equipment,True,0.0,exports
2026-06-01,SOLOMON ISLANDS,8517,Telephone Sets & Network Equipment,True,0.058324,exports
2026-06-01,VANUATU,8517,Telephone Sets & Network Equipment,True,0.02856,exports
2026-06-01,NEW CALEDONIA,8517,Telephone Sets & Network Equipment,True,0.0,exports
2026-06-01,FRENCH POLYNESIA,8517,Telephone Sets & Network Equipment,True,0.024195,exports
2026-06-01,ST KITTS AND NEVIS,8517,Telephone Sets & Network Equipment,True,0.018595,exports
2026-06-01,ANTIGUA AND BARBUDA,8517,Telephone Sets & Network Equipment,True,0.585447,exports
2026-06-01,MONTSERRAT,8517,Telephone Sets & Network Equipment,True,0.004533,exports
2026-06-01,DOMINICA,8517,Telephone Sets & Network Equipment,True,0.087689,exports
2026-06-01,ST LUCIA,8517,Telephone Sets & Network Equipment,True,0.481424,exports
2026-06-01,ST VINCENT AND THE GRENADINES,8517,Telephone Sets & Network Equipment,True,0.035398,exports
2026-06-01,GRENADA,8517,Telephone Sets & Network Equipment,True,0.246126,exports
2026-06-01,BARBADOS,8517,Telephone Sets & Network Equipment,True,1.291654,exports
2026-06-01,TRINIDAD AND TOBAGO,8517,Telephone Sets & Network Equipment,True,2.561254,exports
2026-06-01,SINT MAARTEN,8517,Telephone Sets & Network Equipment,True,0.974617,exports
2026-06-01,CURACAO,8517,Telephone Sets & Network Equipment,True,1.308517,exports
2026-06-01,ARUBA,8517,Telephone Sets & Network Equipment,True,0.99422,exports
2026-06-01,GUADELOUPE,8517,Telephone Sets & Network Equipment,True,0.18155,exports
2026-06-01,MARTINIQUE,8517,Telephone Sets & Network Equipment,True,2.280262,exports
2026-06-01,COLOMBIA,8517,Telephone Sets & Network Equipment,True,44.780184,exports
2026-06-01,VENEZUELA,8517,Telephone Sets & Network Equipment,True,27.740555,exports
2026-06-01,GUYANA,8517,Telephone Sets & Network Equipment,True,7.658635,exports
2026-06-01,SURINAME,8517,Telephone Sets & Network Equipment,True,2.100253,exports
2026-06-01,FRENCH GUIANA,8517,Telephone Sets & Network Equipment,True,0.090659,exports
2026-06-01,ECUADOR,8517,Telephone Sets & Network Equipment,True,13.45478,exports
2026-06-01,PERU,8517,Telephone Sets & Network Equipment,True,21.397486,exports
2026-06-01,BOLIVIA,8517,Telephone Sets & Network Equipment,True,4.695458,exports
2026-06-01,CHILE,8517,Telephone Sets & Network Equipment,True,37.883347,exports
2026-06-01,BRAZIL,8517,Telephone Sets & Network Equipment,True,96.434873,exports
2026-06-01,PARAGUAY,8517,Telephone Sets & Network Equipment,True,355.094814,exports
2026-06-01,URUGUAY,8517,Telephone Sets & Network Equipment,True,21.14368,exports
2026-06-01,ARGENTINA,8517,Telephone Sets & Network Equipment,True,29.213825,exports
2026-06-01,ICELAND,8517,Telephone Sets & Network Equipment,True,14.804131,exports
2026-06-01,SWEDEN,8517,Telephone Sets & Network Equipment,True,11.591948,exports
2026-06-01,NORWAY,8517,Telephone Sets & Network Equipment,True,11.95759,exports
2026-06-01,FINLAND,8517,Telephone Sets & Network Equipment,True,4.22194,exports
2026-06-01,DENMARK,8517,Telephone Sets & Network Equipment,True,14.126633,exports
2026-06-01,UNITED KINGDOM,8517,Telephone Sets & Network Equipment,True,107.660059,exports
2026-06-01,IRELAND,8517,Telephone Sets & Network Equipment,True,19.682084,exports
2026-06-01,NETHERLANDS,8517,Telephone Sets & Network Equipment,True,305.444722,exports
2026-06-01,BELGIUM,8517,Telephone Sets & Network Equipment,True,30.884552,exports
2026-06-01,LUXEMBOURG,8517,Telephone Sets & Network Equipment,True,0.773808,exports
2026-06-01,ANDORRA,8517,Telephone Sets & Network Equipment,True,0.00858,exports
2026-06-01,MONACO,8517,Telephone Sets & Network Equipment,True,0.049539,exports
2026-06-01,FRANCE,8517,Telephone Sets & Network Equipment,True,42.803101,exports
2026-06-01,GERMANY,8517,Telephone Sets & Network Equipment,True,87.899817,exports
2026-06-01,AUSTRIA,8517,Telephone Sets & Network Equipment,True,1.566802,exports
2026-06-01,CZECH REPUBLIC,8517,Telephone Sets & Network Equipment,True,17.393804,exports
2026-06-01,MARSHALL ISLANDS,8517,Telephone Sets & Network Equipment,True,0.415897,exports
2026-06-01,MICRONESIA,8517,Telephone Sets & Network Equipment,True,0.072365,exports
2026-06-01,PALAU,8517,Telephone Sets & Network Equipment,True,0.0,exports
2026-06-01,FIJI,8517,Telephone Sets & Network Equipment,True,0.293668,exports
2026-06-01,TONGA,8517,Telephone Sets & Network Equipment,True,0.0,exports
2026-06-01,MOROCCO,8517,Telephone Sets & Network Equipment,True,1.007444,exports
2026-06-01,ALGERIA,8517,Telephone Sets & Network Equipment,True,6.766402,exports
2026-06-01,TUNISIA,8517,Telephone Sets & Network Equipment,True,0.249977,exports
2026-06-01,LIBYA,8517,Telephone Sets & Network Equipment,True,1.868576,exports
2026-06-01,EGYPT,8517,Telephone Sets & Network Equipment,True,4.116572,exports
2026-06-01,SOUTH SUDAN,8517,Telephone Sets & Network Equipment,True,0.091157,exports
2026-06-01,EQUATORIAL GUINEA,8517,Telephone Sets & Network Equipment,True,0.07385,exports
2026-06-01,MAURITANIA,8517,Telephone Sets & Network Equipment,True,0.148735,exports
2026-06-01,CAMEROON,8517,Telephone Sets & Network Equipment,True,0.006399,exports
2026-06-01,SENEGAL,8517,Telephone Sets & Network Equipment,True,4.623704,exports
2026-06-01,MALI,8517,Telephone Sets & Network Equipment,True,0.027616,exports
2026-06-01,GUINEA,8517,Telephone Sets & Network Equipment,True,0.05268,exports
2026-06-01,SIERRA LEONE,8517,Telephone Sets & Network Equipment,True,0.361047,exports
2026-06-01,COTE D'IVOIRE,8517,Telephone Sets & Network Equipment,True,0.107472,exports
2026-06-01,GHANA,8517,Telephone Sets & Network Equipment,True,1.211816,exports
2026-06-01,GAMBIA,8517,Telephone Sets & Network Equipment,True,0.005085,exports
2026-06-01,NIGER,8517,Telephone Sets & Network Equipment,True,0.60646,exports
2026-06-01,TOGO,8517,Telephone Sets & Network Equipment,True,0.0,exports
2026-06-01,NIGERIA,8517,Telephone Sets & Network Equipment,True,3.51949,exports
2026-06-01,CENTRAL AFRICAN REPUBLIC,8517,Telephone Sets & Network Equipment,True,0.0,exports
2026-06-01,GABON,8517,Telephone Sets & Network Equipment,True,0.0,exports
2026-06-01,CHAD,8517,Telephone Sets & Network Equipment,True,0.367774,exports
2026-06-01,ST HELENA,8517,Telephone Sets & Network Equipment,True,0.067115,exports
2026-06-01,BURKINA FASO,8517,Telephone Sets & Network Equipment,True,0.0,exports
2026-06-01,BENIN,8517,Telephone Sets & Network Equipment,True,0.008248,exports
2026-06-01,ANGOLA,8517,Telephone Sets & Network Equipment,True,0.362138,exports
2026-06-01,CONGO,8517,Telephone Sets & Network Equipment,True,0.0905,exports
2026-06-01,GUINEA-BISSAU,8517,Telephone Sets & Network Equipment,True,0.016768,exports
2026-06-01,CABO VERDE,8517,Telephone Sets & Network Equipment,True,0.0183,exports
2026-06-01,SAO TOME AND PRINCIPE,8517,Telephone Sets & Network Equipment,True,0.0,exports
2026-06-01,LIBERIA,8517,Telephone Sets & Network Equipment,True,0.035,exports
2026-06-01,DEMOCRATIC REPUBLIC OF THE CONGO,8517,Telephone Sets & Network Equipment,True,0.285649,exports
2026-06-01,BURUNDI,8517,Telephone Sets & Network Equipment,True,0.0,exports
2026-06-01,RWANDA,8517,Telephone Sets & Network Equipment,True,2.769485,exports
2026-06-01,SOMALIA,8517,Telephone Sets & Network Equipment,True,0.03129,exports
2026-06-01,ERITREA,8517,Telephone Sets & Network Equipment,True,0.0,exports
2026-06-01,ETHIOPIA,8517,Telephone Sets & Network Equipment,True,0.529449,exports
2026-06-01,DJIBOUTI,8517,Telephone Sets & Network Equipment,True,7.606735,exports
2026-06-01,UGANDA,8517,Telephone Sets & Network Equipment,True,0.017303,exports
2026-06-01,KENYA,8517,Telephone Sets & Network Equipment,True,5.389131,exports
2026-06-01,BRITISH VIRGIN ISLANDS,8517,Telephone Sets & Network Equipment,True,0.241755,exports
2026-06-01,SLOVAKIA,8517,Telephone Sets & Network Equipment,True,0.633262,exports
2026-06-01,HUNGARY,8517,Telephone Sets & Network Equipment,True,19.066086,exports
2026-06-01,LIECHTENSTEIN,8517,Telephone Sets & Network Equipment,True,0.0088,exports
2026-06-01,SWITZERLAND,8517,Telephone Sets & Network Equipment,True,6.528344,exports
2026-06-01,ESTONIA,8517,Telephone Sets & Network Equipment,True,20.332397,exports
2026-06-01,LATVIA,8517,Telephone Sets & Network Equipment,True,2.712385,exports
2026-06-01,LITHUANIA,8517,Telephone Sets & Network Equipment,True,0.169609,exports
2026-06-01,POLAND,8517,Telephone Sets & Network Equipment,True,17.955564,exports
2026-06-01,RUSSIA,8517,Telephone Sets & Network Equipment,True,0.070503,exports
2026-06-01,BELARUS,8517,Telephone Sets & Network Equipment,True,0.0,exports
2026-06-01,UKRAINE,8517,Telephone Sets & Network Equipment,True,48.869208,exports
2026-06-01,ARMENIA,8517,Telephone Sets & Network Equipment,True,0.13798,exports
2026-06-01,AZERBAIJAN,8517,Telephone Sets & Network Equipment,True,0.087565,exports
2026-06-01,GEORGIA,8517,Telephone Sets & Network Equipment,True,0.645641,exports
2026-06-01,KAZAKHSTAN,8517,Telephone Sets & Network Equipment,True,1.70675,exports
2026-06-01,KYRGYZSTAN,8517,Telephone Sets & Network Equipment,True,0.037747,exports
2026-06-01,MOLDOVA,8517,Telephone Sets & Network Equipment,True,0.012833,exports
2026-06-01,TAJIKISTAN,8517,Telephone Sets & Network Equipment,True,0.0064,exports
2026-06-01,TURKMENISTAN,8517,Telephone Sets & Network Equipment,True,0.080311,exports
2026-06-01,UZBEKISTAN,8517,Telephone Sets & Network Equipment,True,1.317498,exports
2026-06-01,SPAIN,8517,Telephone Sets & Network Equipment,True,13.849926,exports
2026-06-01,PORTUGAL,8517,Telephone Sets & Network Equipment,True,1.187552,exports
2026-06-01,GIBRALTAR,8517,Telephone Sets & Network Equipment,True,0.0,exports
2026-06-01,MALTA,8517,Telephone Sets & Network Equipment,True,0.202719,exports
2026-06-01,SAN MARINO,8517,Telephone Sets & Network Equipment,True,0.0,exports
2026-06-01,VATICAN CITY,8517,Telephone Sets & Network Equipment,True,0.0,exports
2026-06-01,ITALY,8517,Telephone Sets & Network Equipment,True,23.202772,exports
2026-06-01,CROATIA,8517,Telephone Sets & Network Equipment,True,0.384724,exports
2026-06-01,SLOVENIA,8517,Telephone Sets & Network Equipment,True,0.895809,exports
2026-06-01,BOSNIA AND HERZEGOVINA,8517,Telephone Sets & Network Equipment,True,0.0,exports
2026-06-01,MACEDONIA,8517,Telephone Sets & Network Equipment,True,0.011761,exports
2026-06-01,SERBIA,8517,Telephone Sets & Network Equipment,True,0.440985,exports
2026-06-01,KOSOVO,8517,Telephone Sets & Network Equipment,True,0.016704,exports
2026-06-01,MONTENEGRO,8517,Telephone Sets & Network Equipment,True,0.003988,exports
2026-06-01,ALBANIA,8517,Telephone Sets & Network Equipment,True,0.0294,exports
2026-06-01,GREECE,8517,Telephone Sets & Network Equipment,True,5.124097,exports
2026-06-01,ROMANIA,8517,Telephone Sets & Network Equipment,True,11.883292,exports
2026-06-01,BULGARIA,8517,Telephone Sets & Network Equipment,True,0.640327,exports
2026-06-01,TURKEY,8517,Telephone Sets & Network Equipment,True,7.339268,exports
2026-06-01,CYPRUS,8517,Telephone Sets & Network Equipment,True,0.493652,exports
2026-06-01,LEBANON,8517,Telephone Sets & Network Equipment,True,0.19729,exports
2026-06-01,IRAQ,8517,Telephone Sets & Network Equipment,True,0.979838,exports
2026-06-01,IRAN,8517,Telephone Sets & Network Equipment,True,0.0,exports
2026-06-01,ISRAEL,8517,Telephone Sets & Network Equipment,True,49.42389,exports
2026-06-01,JORDAN,8517,Telephone Sets & Network Equipment,True,1.774291,exports
2026-06-01,KUWAIT,8517,Telephone Sets & Network Equipment,True,0.23633,exports
2026-06-01,SAUDI ARABIA,8517,Telephone Sets & Network Equipment,True,26.363569,exports
2026-06-01,QATAR,8517,Telephone Sets & Network Equipment,True,6.211616,exports
2026-06-01,TOTAL FOR ALL COUNTRIES,8517,Telephone Sets & Network Equipment,True,4645.355203,exports
2026-06-01,EUROPEAN UNION,8517,Telephone Sets & Network Equipment,True,655.123384,exports
2026-06-01,NORTH AMERICA,8517,Telephone Sets & Network Equipment,True,1049.226575,exports
2026-06-01,EUROPE,8517,Telephone Sets & Network Equipment,True,856.954969,exports
2026-06-01,AFRICA,8517,Telephone Sets & Network Equipment,True,53.947988,exports
2026-06-01,PACIFIC RIM COUNTRIES,8517,Telephone Sets & Network Equipment,True,1215.605165,exports
2026-06-01,ASIA,8517,Telephone Sets & Network Equipment,True,1739.109797,exports
2026-06-01,CAFTA-DR,8517,Telephone Sets & Network Equipment,True,83.743667,exports
2026-06-01,AUSTRALIA AND OCEANIA,8517,Telephone Sets & Network Equipment,True,162.714052,exports
2026-06-01,USMCA (NAFTA),8517,Telephone Sets & Network Equipment,True,1049.220155,exports
2026-06-01,TWENTY LATIN AMERICAN REPUBLICS,8517,Telephone Sets & Network Equipment,True,1315.976029,exports
2026-06-01,OECD,8517,Telephone Sets & Network Equipment,True,2267.783601,exports
2026-06-01,NATO,8517,Telephone Sets & Network Equipment,True,1263.749179,exports
2026-06-01,LAFTA,8517,Telephone Sets & Network Equipment,True,1212.294302,exports
2026-06-01,EURO AREA,8517,Telephone Sets & Network Equipment,True,563.106057,exports
2026-06-01,APEC,8517,Telephone Sets & Network Equipment,True,2464.120657,exports
2026-06-01,ASEAN,8517,Telephone Sets & Network Equipment,True,536.66245,exports
2026-06-01,CACM,8517,Telephone Sets & Network Equipment,True,68.706317,exports
2026-06-01,GREENLAND,8517,Telephone Sets & Network Equipment,True,0.00642,exports
2026-06-01,CANADA,8517,Telephone Sets & Network Equipment,True,488.764855,exports
2026-06-01,MEXICO,8517,Telephone Sets & Network Equipment,True,560.4553,exports
2026-06-01,GUATEMALA,8517,Telephone Sets & Network Equipment,True,10.737828,exports
2026-06-01,BELIZE,8517,Telephone Sets & Network Equipment,True,0.221714,exports
2026-06-01,EL SALVADOR,8517,Telephone Sets & Network Equipment,True,10.591894,exports
2026-06-01,HONDURAS,8517,Telephone Sets & Network Equipment,True,6.360445,exports
2026-06-01,NICARAGUA,8517,Telephone Sets & Network Equipment,True,6.320461,exports
2026-06-01,COSTA RICA,8517,Telephone Sets & Network Equipment,True,34.695689,exports
2026-06-01,PANAMA,8517,Telephone Sets & Network Equipment,True,19.316985,exports
2026-06-01,BERMUDA,8517,Telephone Sets & Network Equipment,True,2.151935,exports
2026-06-01,BAHAMAS,8517,Telephone Sets & Network Equipment,True,1.23701,exports
2026-06-01,CUBA,8517,Telephone Sets & Network Equipment,True,0.0,exports
2026-06-01,JAMAICA,8517,Telephone Sets & Network Equipment,True,2.252597,exports
2026-06-01,TURKS AND CAICOS ISLANDS,8517,Telephone Sets & Network Equipment,True,0.131682,exports
2026-06-01,CAYMAN ISLANDS,8517,Telephone Sets & Network Equipment,True,0.686417,exports
2026-06-01,HAITI,8517,Telephone Sets & Network Equipment,True,0.621075,exports
2026-06-01,DOMINICAN REPUBLIC,8517,Telephone Sets & Network Equipment,True,15.03735,exports
2026-06-01,ANGUILLA,8517,Telephone Sets & Network Equipment,True,0.05715,exports
2026-06-01,SEYCHELLES,8517,Telephone Sets & Network Equipment,True,0.280831,exports
2026-06-01,BRITISH INDIAN OCEAN TERRITORIES,8517,Telephone Sets & Network Equipment,True,0.0,exports
2026-06-01,TANZANIA,8517,Telephone Sets & Network Equipment,True,0.014385,exports
2026-06-01,MAURITIUS,8517,Telephone Sets & Network Equipment,True,0.083345,exports
2026-06-01,MOZAMBIQUE,8517,Telephone Sets & Network Equipment,True,0.442821,exports
2026-06-01,MADAGASCAR,8517,Telephone Sets & Network Equipment,True,0.168114,exports
2026-06-01,COMOROS,8517,Telephone Sets & Network Equipment,True,0.0,exports
2026-06-01,REUNION,8517,Telephone Sets & Network Equipment,True,0.005698,exports
2026-06-01,SOUTH AFRICA,8517,Telephone Sets & Network Equipment,True,8.620485,exports
2026-06-01,NAMIBIA,8517,Telephone Sets & Network Equipment,True,0.163824,exports
2026-06-01,BOTSWANA,8517,Telephone Sets & Network Equipment,True,0.08349,exports
2026-06-01,ZAMBIA,8517,Telephone Sets & Network Equipment,True,0.121039,exports
2026-06-01,ESWATINI,8517,Telephone Sets & Network Equipment,True,0.012601,exports
2026-06-01,ZIMBABWE,8517,Telephone Sets & Network Equipment,True,1.122617,exports
2026-06-01,MALAWI,8517,Telephone Sets & Network Equipment,True,0.389371,exports
2026-06-01,LESOTHO,8517,Telephone Sets & Network Equipment,True,0.0,exports
2026-06-01,CENTRAL AMERICA,8517,Telephone Sets & Network Equipment,True,121.713273,exports
2026-06-01,SOUTH AMERICA,8517,Telephone Sets & Network Equipment,True,661.688549,exports
2026-06-01,UNITED ARAB EMIRATES,8471,Automatic Data Processing Machines,True,170.634086,exports
2026-06-01,YEMEN,8471,Automatic Data Processing Machines,True,0.0,exports
2026-06-01,OMAN,8471,Automatic Data Processing Machines,True,1.247425,exports
2026-06-01,BAHRAIN,8471,Automatic Data Processing Machines,True,0.42719,exports
2026-06-01,AFGHANISTAN,8471,Automatic Data Processing Machines,True,0.004,exports
2026-06-01,INDIA,8471,Automatic Data Processing Machines,True,209.125292,exports
2026-06-01,PAKISTAN,8471,Automatic Data Processing Machines,True,2.504031,exports
2026-06-01,NEPAL,8471,Automatic Data Processing Machines,True,1.259803,exports
2026-06-01,BANGLADESH,8471,Automatic Data Processing Machines,True,0.446779,exports
2026-06-01,SRI LANKA,8471,Automatic Data Processing Machines,True,0.216038,exports
2026-06-01,BURMA,8471,Automatic Data Processing Machines,True,0.815562,exports
2026-06-01,THAILAND,8471,Automatic Data Processing Machines,True,14.127951,exports
2026-06-01,VIETNAM,8471,Automatic Data Processing Machines,True,18.756993,exports
2026-06-01,LAOS,8471,Automatic Data Processing Machines,True,0.011381,exports
2026-06-01,CAMBODIA,8471,Automatic Data Processing Machines,True,0.243241,exports
2026-06-01,MALAYSIA,8471,Automatic Data Processing Machines,True,206.700417,exports
2026-06-01,SINGAPORE,8471,Automatic Data Processing Machines,True,253.974069,exports
2026-06-01,INDONESIA,8471,Automatic Data Processing Machines,True,117.349027,exports
2026-06-01,TIMOR-LESTE,8471,Automatic Data Processing Machines,True,0.0,exports
2026-06-01,BRUNEI,8471,Automatic Data Processing Machines,True,0.173342,exports
2026-06-01,PHILIPPINES,8471,Automatic Data Processing Machines,True,10.619706,exports
2026-06-01,MACAU,8471,Automatic Data Processing Machines,True,0.943108,exports
2026-06-01,BHUTAN,8471,Automatic Data Processing Machines,True,0.0,exports
2026-06-01,MALDIVES,8471,Automatic Data Processing Machines,True,0.244932,exports
2026-06-01,CHINA,8471,Automatic Data Processing Machines,True,73.374983,exports
2026-06-01,MONGOLIA,8471,Automatic Data Processing Machines,True,0.478657,exports
2026-06-01,"KOREA, SOUTH",8471,Automatic Data Processing Machines,True,49.069084,exports
2026-06-01,HONG KONG,8471,Automatic Data Processing Machines,True,97.317876,exports
2026-06-01,TAIWAN,8471,Automatic Data Processing Machines,True,371.325126,exports
2026-06-01,JAPAN,8471,Automatic Data Processing Machines,True,100.315246,exports
2026-06-01,AUSTRALIA,8471,Automatic Data Processing Machines,True,91.76113,exports
2026-06-01,PAPUA NEW GUINEA,8471,Automatic Data Processing Machines,True,0.105889,exports
2026-06-01,NEW ZEALAND,8471,Automatic Data Processing Machines,True,3.524267,exports
2026-06-01,COOK ISLANDS,8471,Automatic Data Processing Machines,True,0.0,exports
2026-06-01,SAMOA,8471,Automatic Data Processing Machines,True,0.0,exports
2026-06-01,SOLOMON ISLANDS,8471,Automatic Data Processing Machines,True,0.0,exports
2026-06-01,VANUATU,8471,Automatic Data Processing Machines,True,0.107427,exports
2026-06-01,KIRIBATI,8471,Automatic Data Processing Machines,True,0.0,exports
2026-06-01,NEW CALEDONIA,8471,Automatic Data Processing Machines,True,0.335978,exports
2026-06-01,FRENCH POLYNESIA,8471,Automatic Data Processing Machines,True,0.02025,exports
2026-06-01,ST KITTS AND NEVIS,8471,Automatic Data Processing Machines,True,0.26034,exports
2026-06-01,ANTIGUA AND BARBUDA,8471,Automatic Data Processing Machines,True,0.189624,exports
2026-06-01,MONTSERRAT,8471,Automatic Data Processing Machines,True,0.022075,exports
2026-06-01,DOMINICA,8471,Automatic Data Processing Machines,True,0.128289,exports
2026-06-01,ST LUCIA,8471,Automatic Data Processing Machines,True,0.858885,exports
2026-06-01,ST VINCENT AND THE GRENADINES,8471,Automatic Data Processing Machines,True,0.083924,exports
2026-06-01,GRENADA,8471,Automatic Data Processing Machines,True,0.141944,exports
2026-06-01,BARBADOS,8471,Automatic Data Processing Machines,True,1.941999,exports
2026-06-01,TRINIDAD AND TOBAGO,8471,Automatic Data Processing Machines,True,1.809464,exports
2026-06-01,SINT MAARTEN,8471,Automatic Data Processing Machines,True,0.222865,exports
2026-06-01,CURACAO,8471,Automatic Data Processing Machines,True,0.925618,exports
2026-06-01,ARUBA,8471,Automatic Data Processing Machines,True,0.582812,exports
2026-06-01,GUADELOUPE,8471,Automatic Data Processing Machines,True,0.044777,exports
2026-06-01,MARTINIQUE,8471,Automatic Data Processing Machines,True,0.021851,exports
2026-06-01,COLOMBIA,8471,Automatic Data Processing Machines,True,26.630423,exports
2026-06-01,VENEZUELA,8471,Automatic Data Processing Machines,True,7.044276,exports
2026-06-01,GUYANA,8471,Automatic Data Processing Machines,True,1.154798,exports
2026-06-01,SURINAME,8471,Automatic Data Processing Machines,True,1.511236,exports
2026-06-01,FRENCH GUIANA,8471,Automatic Data Processing Machines,True,0.020722,exports
2026-06-01,ECUADOR,8471,Automatic Data Processing Machines,True,11.393371,exports
2026-06-01,PERU,8471,Automatic Data Processing Machines,True,17.507562,exports
2026-06-01,BOLIVIA,8471,Automatic Data Processing Machines,True,3.627765,exports
2026-06-01,CHILE,8471,Automatic Data Processing Machines,True,54.804108,exports
2026-06-01,BRAZIL,8471,Automatic Data Processing Machines,True,104.714578,exports
2026-06-01,PARAGUAY,8471,Automatic Data Processing Machines,True,47.328487,exports
2026-06-01,URUGUAY,8471,Automatic Data Processing Machines,True,7.339128,exports
2026-06-01,ARGENTINA,8471,Automatic Data Processing Machines,True,27.716337,exports
2026-06-01,ICELAND,8471,Automatic Data Processing Machines,True,16.457811,exports
2026-06-01,SWEDEN,8471,Automatic Data Processing Machines,True,17.955159,exports
2026-06-01,NORWAY,8471,Automatic Data Processing Machines,True,17.353508,exports
2026-06-01,FINLAND,8471,Automatic Data Processing Machines,True,20.529956,exports
2026-06-01,FAROE ISLANDS,8471,Automatic Data Processing Machines,True,0.0,exports
2026-06-01,DENMARK,8471,Automatic Data Processing Machines,True,10.480389,exports
2026-06-01,UNITED KINGDOM,8471,Automatic Data Processing Machines,True,112.425653,exports
2026-06-01,IRELAND,8471,Automatic Data Processing Machines,True,52.883724,exports
2026-06-01,NETHERLANDS,8471,Automatic Data Processing Machines,True,744.830638,exports
2026-06-01,BELGIUM,8471,Automatic Data Processing Machines,True,28.690167,exports
2026-06-01,LUXEMBOURG,8471,Automatic Data Processing Machines,True,1.166655,exports
2026-06-01,ANDORRA,8471,Automatic Data Processing Machines,True,0.0,exports
2026-06-01,MONACO,8471,Automatic Data Processing Machines,True,0.0,exports
2026-06-01,FRANCE,8471,Automatic Data Processing Machines,True,34.220366,exports
2026-06-01,GERMANY,8471,Automatic Data Processing Machines,True,186.068921,exports
2026-06-01,AUSTRIA,8471,Automatic Data Processing Machines,True,4.12492,exports
2026-06-01,CZECH REPUBLIC,8471,Automatic Data Processing Machines,True,9.445833,exports
2026-06-01,MARSHALL ISLANDS,8471,Automatic Data Processing Machines,True,0.416456,exports
2026-06-01,MICRONESIA,8471,Automatic Data Processing Machines,True,0.129679,exports
2026-06-01,PALAU,8471,Automatic Data Processing Machines,True,0.019151,exports
2026-06-01,NAURU,8471,Automatic Data Processing Machines,True,0.0,exports
2026-06-01,FIJI,8471,Automatic Data Processing Machines,True,0.923875,exports
2026-06-01,MOROCCO,8471,Automatic Data Processing Machines,True,1.481612,exports
2026-06-01,ALGERIA,8471,Automatic Data Processing Machines,True,2.089616,exports
2026-06-01,TUNISIA,8471,Automatic Data Processing Machines,True,0.273243,exports
2026-06-01,LIBYA,8471,Automatic Data Processing Machines,True,0.008549,exports
2026-06-01,EGYPT,8471,Automatic Data Processing Machines,True,2.153628,exports
2026-06-01,SOUTH SUDAN,8471,Automatic Data Processing Machines,True,0.0,exports
2026-06-01,EQUATORIAL GUINEA,8471,Automatic Data Processing Machines,True,0.050849,exports
2026-06-01,MAURITANIA,8471,Automatic Data Processing Machines,True,0.051887,exports
2026-06-01,CAMEROON,8471,Automatic Data Processing Machines,True,0.162379,exports
2026-06-01,SENEGAL,8471,Automatic Data Processing Machines,True,0.36128,exports
2026-06-01,MALI,8471,Automatic Data Processing Machines,True,0.0,exports
2026-06-01,GUINEA,8471,Automatic Data Processing Machines,True,0.003929,exports
2026-06-01,SIERRA LEONE,8471,Automatic Data Processing Machines,True,0.042297,exports
2026-06-01,COTE D'IVOIRE,8471,Automatic Data Processing Machines,True,0.121103,exports
2026-06-01,GHANA,8471,Automatic Data Processing Machines,True,2.341758,exports
2026-06-01,GAMBIA,8471,Automatic Data Processing Machines,True,0.00346,exports
2026-06-01,TOGO,8471,Automatic Data Processing Machines,True,0.0,exports
2026-06-01,NIGERIA,8471,Automatic Data Processing Machines,True,1.661143,exports
2026-06-01,CENTRAL AFRICAN REPUBLIC,8471,Automatic Data Processing Machines,True,0.0,exports
2026-06-01,GABON,8471,Automatic Data Processing Machines,True,0.04041,exports
2026-06-01,CHAD,8471,Automatic Data Processing Machines,True,0.01458,exports
2026-06-01,ST HELENA,8471,Automatic Data Processing Machines,True,0.0,exports
2026-06-01,BURKINA FASO,8471,Automatic Data Processing Machines,True,0.0535,exports
2026-06-01,BENIN,8471,Automatic Data Processing Machines,True,0.046907,exports
2026-06-01,ANGOLA,8471,Automatic Data Processing Machines,True,0.295457,exports
2026-06-01,CONGO,8471,Automatic Data Processing Machines,True,0.0,exports
2026-06-01,GUINEA-BISSAU,8471,Automatic Data Processing Machines,True,0.0,exports
2026-06-01,CABO VERDE,8471,Automatic Data Processing Machines,True,0.07341,exports
2026-06-01,LIBERIA,8471,Automatic Data Processing Machines,True,0.059606,exports
2026-06-01,DEMOCRATIC REPUBLIC OF THE CONGO,8471,Automatic Data Processing Machines,True,0.018096,exports
2026-06-01,BURUNDI,8471,Automatic Data Processing Machines,True,0.0,exports
2026-06-01,RWANDA,8471,Automatic Data Processing Machines,True,0.302451,exports
2026-06-01,SOMALIA,8471,Automatic Data Processing Machines,True,0.031264,exports
2026-06-01,ETHIOPIA,8471,Automatic Data Processing Machines,True,0.842151,exports
2026-06-01,DJIBOUTI,8471,Automatic Data Processing Machines,True,0.69781,exports
2026-06-01,UGANDA,8471,Automatic Data Processing Machines,True,0.190987,exports
2026-06-01,KENYA,8471,Automatic Data Processing Machines,True,6.090038,exports
2026-06-01,BRITISH VIRGIN ISLANDS,8471,Automatic Data Processing Machines,True,0.296001,exports
2026-06-01,SLOVAKIA,8471,Automatic Data Processing Machines,True,0.790891,exports
2026-06-01,HUNGARY,8471,Automatic Data Processing Machines,True,22.989031,exports
2026-06-01,LIECHTENSTEIN,8471,Automatic Data Processing Machines,True,0.0,exports
2026-06-01,SWITZERLAND,8471,Automatic Data Processing Machines,True,15.842226,exports
2026-06-01,ESTONIA,8471,Automatic Data Processing Machines,True,0.148323,exports
2026-06-01,LATVIA,8471,Automatic Data Processing Machines,True,0.285332,exports
2026-06-01,LITHUANIA,8471,Automatic Data Processing Machines,True,0.277508,exports
2026-06-01,POLAND,8471,Automatic Data Processing Machines,True,16.113301,exports
2026-06-01,RUSSIA,8471,Automatic Data Processing Machines,True,0.459504,exports
2026-06-01,BELARUS,8471,Automatic Data Processing Machines,True,0.0,exports
2026-06-01,UKRAINE,8471,Automatic Data Processing Machines,True,4.040412,exports
2026-06-01,ARMENIA,8471,Automatic Data Processing Machines,True,0.11002,exports
2026-06-01,AZERBAIJAN,8471,Automatic Data Processing Machines,True,0.063399,exports
2026-06-01,GEORGIA,8471,Automatic Data Processing Machines,True,0.988858,exports
2026-06-01,KAZAKHSTAN,8471,Automatic Data Processing Machines,True,1.233923,exports
2026-06-01,KYRGYZSTAN,8471,Automatic Data Processing Machines,True,0.226326,exports
2026-06-01,MOLDOVA,8471,Automatic Data Processing Machines,True,0.072063,exports
2026-06-01,TAJIKISTAN,8471,Automatic Data Processing Machines,True,0.003417,exports
2026-06-01,TURKMENISTAN,8471,Automatic Data Processing Machines,True,0.0,exports
2026-06-01,UZBEKISTAN,8471,Automatic Data Processing Machines,True,0.303139,exports
2026-06-01,SPAIN,8471,Automatic Data Processing Machines,True,14.946973,exports
2026-06-01,PORTUGAL,8471,Automatic Data Processing Machines,True,0.722558,exports
2026-06-01,GIBRALTAR,8471,Automatic Data Processing Machines,True,0.161517,exports
2026-06-01,MALTA,8471,Automatic Data Processing Machines,True,0.170602,exports
2026-06-01,ITALY,8471,Automatic Data Processing Machines,True,125.322324,exports
2026-06-01,CROATIA,8471,Automatic Data Processing Machines,True,0.025722,exports
2026-06-01,SLOVENIA,8471,Automatic Data Processing Machines,True,0.749356,exports
2026-06-01,BOSNIA AND HERZEGOVINA,8471,Automatic Data Processing Machines,True,0.033699,exports
2026-06-01,MACEDONIA,8471,Automatic Data Processing Machines,True,0.058768,exports
2026-06-01,SERBIA,8471,Automatic Data Processing Machines,True,0.28571,exports
2026-06-01,KOSOVO,8471,Automatic Data Processing Machines,True,0.151458,exports
2026-06-01,MONTENEGRO,8471,Automatic Data Processing Machines,True,0.002569,exports
2026-06-01,ALBANIA,8471,Automatic Data Processing Machines,True,0.267455,exports
2026-06-01,GREECE,8471,Automatic Data Processing Machines,True,0.782218,exports
2026-06-01,ROMANIA,8471,Automatic Data Processing Machines,True,5.06434,exports
2026-06-01,BULGARIA,8471,Automatic Data Processing Machines,True,3.493786,exports
2026-06-01,TURKEY,8471,Automatic Data Processing Machines,True,21.542222,exports
2026-06-01,CYPRUS,8471,Automatic Data Processing Machines,True,1.941348,exports
2026-06-01,LEBANON,8471,Automatic Data Processing Machines,True,0.392747,exports
2026-06-01,IRAQ,8471,Automatic Data Processing Machines,True,3.523101,exports
2026-06-01,IRAN,8471,Automatic Data Processing Machines,True,0.042997,exports
2026-06-01,ISRAEL,8471,Automatic Data Processing Machines,True,47.891516,exports
2026-06-01,JORDAN,8471,Automatic Data Processing Machines,True,0.977232,exports
2026-06-01,KUWAIT,8471,Automatic Data Processing Machines,True,0.138385,exports
2026-06-01,SAUDI ARABIA,8471,Automatic Data Processing Machines,True,37.214164,exports
2026-06-01,QATAR,8471,Automatic Data Processing Machines,True,9.906356,exports
2026-06-01,TOTAL FOR ALL COUNTRIES,8471,Automatic Data Processing Machines,True,5853.5015,exports
2026-06-01,EUROPEAN UNION,8471,Automatic Data Processing Machines,True,1304.220341,exports
2026-06-01,NORTH AMERICA,8471,Automatic Data Processing Machines,True,1991.93228,exports
2026-06-01,EUROPE,8471,Automatic Data Processing Machines,True,1496.303998,exports
2026-06-01,AFRICA,8471,Automatic Data Processing Machines,True,44.596478,exports
2026-06-01,PACIFIC RIM COUNTRIES,8471,Automatic Data Processing Machines,True,1376.55327,exports
2026-06-01,ASIA,8471,Automatic Data Processing Machines,True,1801.791843,exports
2026-06-01,CAFTA-DR,8471,Automatic Data Processing Machines,True,76.759623,exports
2026-06-01,AUSTRALIA AND OCEANIA,8471,Automatic Data Processing Machines,True,97.344102,exports
2026-06-01,USMCA (NAFTA),8471,Automatic Data Processing Machines,True,1991.93228,exports
2026-06-01,TWENTY LATIN AMERICAN REPUBLICS,8471,Automatic Data Processing Machines,True,1700.754441,exports
2026-06-01,OECD,8471,Automatic Data Processing Machines,True,3862.490709,exports
2026-06-01,NATO,8471,Automatic Data Processing Machines,True,2109.722597,exports
2026-06-01,LAFTA,8471,Automatic Data Processing Machines,True,1603.523451,exports
2026-06-01,EURO AREA,8471,Automatic Data Processing Machines,True,1222.172288,exports
2026-06-01,APEC,8471,Automatic Data Processing Machines,True,3473.19856,exports
2026-06-01,ASEAN,8471,Automatic Data Processing Machines,True,622.771689,exports
2026-06-01,CACM,8471,Automatic Data Processing Machines,True,63.819679,exports
2026-06-01,GREENLAND,8471,Automatic Data Processing Machines,True,0.0,exports
2026-06-01,CANADA,8471,Automatic Data Processing Machines,True,696.514864,exports
2026-06-01,MEXICO,8471,Automatic Data Processing Machines,True,1295.417416,exports
2026-06-01,GUATEMALA,8471,Automatic Data Processing Machines,True,27.724953,exports
2026-06-01,BELIZE,8471,Automatic Data Processing Machines,True,0.224633,exports
2026-06-01,EL SALVADOR,8471,Automatic Data Processing Machines,True,7.86488,exports
2026-06-01,HONDURAS,8471,Automatic Data Processing Machines,True,7.31545,exports
2026-06-01,NICARAGUA,8471,Automatic Data Processing Machines,True,1.497704,exports
2026-06-01,COSTA RICA,8471,Automatic Data Processing Machines,True,19.416692,exports
2026-06-01,PANAMA,8471,Automatic Data Processing Machines,True,20.291557,exports
2026-06-01,BERMUDA,8471,Automatic Data Processing Machines,True,0.779095,exports
2026-06-01,BAHAMAS,8471,Automatic Data Processing Machines,True,1.003168,exports
2026-06-01,CUBA,8471,Automatic Data Processing Machines,True,0.0,exports
2026-06-01,JAMAICA,8471,Automatic Data Processing Machines,True,3.067818,exports
2026-06-01,TURKS AND CAICOS ISLANDS,8471,Automatic Data Processing Machines,True,0.055488,exports
2026-06-01,CAYMAN ISLANDS,8471,Automatic Data Processing Machines,True,0.83273,exports
2026-06-01,HAITI,8471,Automatic Data Processing Machines,True,0.17981,exports
2026-06-01,DOMINICAN REPUBLIC,8471,Automatic Data Processing Machines,True,12.939944,exports
2026-06-01,ANGUILLA,8471,Automatic Data Processing Machines,True,0.015618,exports
2026-06-01,SEYCHELLES,8471,Automatic Data Processing Machines,True,0.01514,exports
2026-06-01,BRITISH INDIAN OCEAN TERRITORIES,8471,Automatic Data Processing Machines,True,0.0,exports
2026-06-01,TANZANIA,8471,Automatic Data Processing Machines,True,0.163042,exports
2026-06-01,MAURITIUS,8471,Automatic Data Processing Machines,True,0.066668,exports
2026-06-01,MOZAMBIQUE,8471,Automatic Data Processing Machines,True,0.005104,exports
2026-06-01,MADAGASCAR,8471,Automatic Data Processing Machines,True,0.031817,exports
2026-06-01,MAYOTTE,8471,Automatic Data Processing Machines,True,0.0,exports
2026-06-01,COMOROS,8471,Automatic Data Processing Machines,True,0.0,exports
2026-06-01,REUNION,8471,Automatic Data Processing Machines,True,0.014468,exports
2026-06-01,SOUTH AFRICA,8471,Automatic Data Processing Machines,True,24.117001,exports
2026-06-01,NAMIBIA,8471,Automatic Data Processing Machines,True,0.145092,exports
2026-06-01,BOTSWANA,8471,Automatic Data Processing Machines,True,0.040707,exports
2026-06-01,ZAMBIA,8471,Automatic Data Processing Machines,True,0.237745,exports
2026-06-01,ESWATINI,8471,Automatic Data Processing Machines,True,0.052868,exports
2026-06-01,ZIMBABWE,8471,Automatic Data Processing Machines,True,0.067415,exports
2026-06-01,MALAWI,8471,Automatic Data Processing Machines,True,0.076011,exports
2026-06-01,LESOTHO,8471,Automatic Data Processing Machines,True,0.0,exports
2026-06-01,CENTRAL AMERICA,8471,Automatic Data Processing Machines,True,110.740008,exports
2026-06-01,SOUTH AMERICA,8471,Automatic Data Processing Machines,True,310.792791,exports
2026-06-01,UNITED ARAB EMIRATES,2711,Petroleum Gases,True,22.76853,exports
2026-06-01,OMAN,2711,Petroleum Gases,True,0.0,exports
2026-06-01,INDIA,2711,Petroleum Gases,True,636.215402,exports
2026-06-01,PAKISTAN,2711,Petroleum Gases,True,21.422871,exports
2026-06-01,BANGLADESH,2711,Petroleum Gases,True,103.965885,exports
2026-06-01,THAILAND,2711,Petroleum Gases,True,96.52878,exports
2026-06-01,VIETNAM,2711,Petroleum Gases,True,83.629173,exports
2026-06-01,MALAYSIA,2711,Petroleum Gases,True,5.796656,exports
2026-06-01,SINGAPORE,2711,Petroleum Gases,True,181.302738,exports
2026-06-01,INDONESIA,2711,Petroleum Gases,True,139.463263,exports
2026-06-01,PHILIPPINES,2711,Petroleum Gases,True,0.0,exports
2026-06-01,MALDIVES,2711,Petroleum Gases,True,29.328215,exports
2026-06-01,CHINA,2711,Petroleum Gases,True,448.040987,exports
2026-06-01,"KOREA, SOUTH",2711,Petroleum Gases,True,522.247427,exports
2026-06-01,HONG KONG,2711,Petroleum Gases,True,0.0,exports
2026-06-01,TAIWAN,2711,Petroleum Gases,True,228.277384,exports
2026-06-01,JAPAN,2711,Petroleum Gases,True,822.945329,exports
2026-06-01,AUSTRALIA,2711,Petroleum Gases,True,38.064664,exports
2026-06-01,NEW ZEALAND,2711,Petroleum Gases,True,0.011796,exports
2026-06-01,FRENCH POLYNESIA,2711,Petroleum Gases,True,0.0,exports
2026-06-01,ANTIGUA AND BARBUDA,2711,Petroleum Gases,True,0.0,exports
2026-06-01,DOMINICA,2711,Petroleum Gases,True,0.0,exports
2026-06-01,ST LUCIA,2711,Petroleum Gases,True,0.0,exports
2026-06-01,BARBADOS,2711,Petroleum Gases,True,0.8331,exports
2026-06-01,TRINIDAD AND TOBAGO,2711,Petroleum Gases,True,0.013668,exports
2026-06-01,SINT MAARTEN,2711,Petroleum Gases,True,0.084415,exports
2026-06-01,CURACAO,2711,Petroleum Gases,True,0.0,exports
2026-06-01,ARUBA,2711,Petroleum Gases,True,0.379765,exports
2026-06-01,COLOMBIA,2711,Petroleum Gases,True,35.281079,exports
2026-06-01,SURINAME,2711,Petroleum Gases,True,0.0,exports
2026-06-01,ECUADOR,2711,Petroleum Gases,True,45.602118,exports
2026-06-01,PERU,2711,Petroleum Gases,True,37.048672,exports
2026-06-01,BOLIVIA,2711,Petroleum Gases,True,0.0,exports
2026-06-01,CHILE,2711,Petroleum Gases,True,64.0583,exports
2026-06-01,BRAZIL,2711,Petroleum Gases,True,108.81858,exports
2026-06-01,URUGUAY,2711,Petroleum Gases,True,0.0,exports
2026-06-01,ARGENTINA,2711,Petroleum Gases,True,84.249439,exports
2026-06-01,SWEDEN,2711,Petroleum Gases,True,20.452559,exports
2026-06-01,NORWAY,2711,Petroleum Gases,True,0.0,exports
2026-06-01,FINLAND,2711,Petroleum Gases,True,22.559796,exports
2026-06-01,UNITED KINGDOM,2711,Petroleum Gases,True,49.689076,exports
2026-06-01,IRELAND,2711,Petroleum Gases,True,0.0,exports
2026-06-01,NETHERLANDS,2711,Petroleum Gases,True,583.289185,exports
2026-06-01,BELGIUM,2711,Petroleum Gases,True,60.820882,exports
2026-06-01,FRANCE,2711,Petroleum Gases,True,181.208202,exports
2026-06-01,GERMANY,2711,Petroleum Gases,True,207.633298,exports
2026-06-01,AUSTRIA,2711,Petroleum Gases,True,0.0,exports
2026-06-01,CZECH REPUBLIC,2711,Petroleum Gases,True,0.0,exports
2026-06-01,MARSHALL ISLANDS,2711,Petroleum Gases,True,0.150786,exports
2026-06-01,MOROCCO,2711,Petroleum Gases,True,61.809371,exports
2026-06-01,ALGERIA,2711,Petroleum Gases,True,0.0,exports
2026-06-01,TUNISIA,2711,Petroleum Gases,True,0.0,exports
2026-06-01,EGYPT,2711,Petroleum Gases,True,520.533499,exports
2026-06-01,EQUATORIAL GUINEA,2711,Petroleum Gases,True,0.0,exports
2026-06-01,SENEGAL,2711,Petroleum Gases,True,23.933494,exports
2026-06-01,COTE D'IVOIRE,2711,Petroleum Gases,True,10.583738,exports
2026-06-01,GHANA,2711,Petroleum Gases,True,0.0,exports
2026-06-01,TOGO,2711,Petroleum Gases,True,9.914782,exports
2026-06-01,NIGERIA,2711,Petroleum Gases,True,5.271407,exports
2026-06-01,CHAD,2711,Petroleum Gases,True,0.022022,exports
2026-06-01,ANGOLA,2711,Petroleum Gases,True,0.003762,exports
2026-06-01,CONGO,2711,Petroleum Gases,True,0.0,exports
2026-06-01,KENYA,2711,Petroleum Gases,True,51.783473,exports
2026-06-01,BRITISH VIRGIN ISLANDS,2711,Petroleum Gases,True,0.0,exports
2026-06-01,SWITZERLAND,2711,Petroleum Gases,True,0.0,exports
2026-06-01,LATVIA,2711,Petroleum Gases,True,30.203382,exports
2026-06-01,LITHUANIA,2711,Petroleum Gases,True,79.882553,exports
2026-06-01,POLAND,2711,Petroleum Gases,True,167.723823,exports
2026-06-01,SPAIN,2711,Petroleum Gases,True,187.295067,exports
2026-06-01,PORTUGAL,2711,Petroleum Gases,True,0.0,exports
2026-06-01,GIBRALTAR,2711,Petroleum Gases,True,1.226056,exports
2026-06-01,MALTA,2711,Petroleum Gases,True,13.155405,exports
2026-06-01,ITALY,2711,Petroleum Gases,True,364.720761,exports
2026-06-01,CROATIA,2711,Petroleum Gases,True,58.124009,exports
2026-06-01,ALBANIA,2711,Petroleum Gases,True,0.0,exports
2026-06-01,GREECE,2711,Petroleum Gases,True,52.641842,exports
2026-06-01,ROMANIA,2711,Petroleum Gases,True,0.0,exports
2026-06-01,TURKEY,2711,Petroleum Gases,True,11.663623,exports
2026-06-01,ISRAEL,2711,Petroleum Gases,True,0.06222,exports
2026-06-01,JORDAN,2711,Petroleum Gases,True,0.0,exports
2026-06-01,SAUDI ARABIA,2711,Petroleum Gases,True,0.0,exports
2026-06-01,TOTAL FOR ALL COUNTRIES,2711,Petroleum Gases,True,7794.97806,exports
2026-06-01,EUROPEAN UNION,2711,Petroleum Gases,True,2029.710764,exports
2026-06-01,NORTH AMERICA,2711,Petroleum Gases,True,947.125312,exports
2026-06-01,EUROPE,2711,Petroleum Gases,True,2092.289519,exports
2026-06-01,AFRICA,2711,Petroleum Gases,True,731.656022,exports
2026-06-01,PACIFIC RIM COUNTRIES,2711,Petroleum Gases,True,2386.150244,exports
2026-06-01,ASIA,2711,Petroleum Gases,True,3341.99486,exports
2026-06-01,CAFTA-DR,2711,Petroleum Gases,True,173.370622,exports
2026-06-01,AUSTRALIA AND OCEANIA,2711,Petroleum Gases,True,38.227246,exports
2026-06-01,USMCA (NAFTA),2711,Petroleum Gases,True,947.125312,exports
2026-06-01,TWENTY LATIN AMERICAN REPUBLICS,2711,Petroleum Gases,True,1365.297227,exports
2026-06-01,OECD,2711,Petroleum Gases,True,4451.862095,exports
2026-06-01,NATO,2711,Petroleum Gases,True,2258.011997,exports
2026-06-01,LAFTA,2711,Petroleum Gases,True,1142.079561,exports
2026-06-01,EURO AREA,2711,Petroleum Gases,True,1841.534382,exports
2026-06-01,APEC,2711,Petroleum Gases,True,3614.540481,exports
2026-06-01,ASEAN,2711,Petroleum Gases,True,506.72061,exports
2026-06-01,CACM,2711,Petroleum Gases,True,64.109929,exports
2026-06-01,CANADA,2711,Petroleum Gases,True,180.103939,exports
2026-06-01,MEXICO,2711,Petroleum Gases,True,767.021373,exports
2026-06-01,GUATEMALA,2711,Petroleum Gases,True,8.792568,exports
2026-06-01,BELIZE,2711,Petroleum Gases,True,2.094369,exports
2026-06-01,EL SALVADOR,2711,Petroleum Gases,True,35.484014,exports
2026-06-01,HONDURAS,2711,Petroleum Gases,True,17.551428,exports
2026-06-01,COSTA RICA,2711,Petroleum Gases,True,2.281919,exports
2026-06-01,PANAMA,2711,Petroleum Gases,True,49.457884,exports
2026-06-01,BERMUDA,2711,Petroleum Gases,True,0.017355,exports
2026-06-01,BAHAMAS,2711,Petroleum Gases,True,1.571855,exports
2026-06-01,CUBA,2711,Petroleum Gases,True,0.20916,exports
2026-06-01,JAMAICA,2711,Petroleum Gases,True,39.363989,exports
2026-06-01,TURKS AND CAICOS ISLANDS,2711,Petroleum Gases,True,0.123126,exports
2026-06-01,CAYMAN ISLANDS,2711,Petroleum Gases,True,0.88696,exports
2026-06-01,HAITI,2711,Petroleum Gases,True,0.18,exports
2026-06-01,DOMINICAN REPUBLIC,2711,Petroleum Gases,True,109.260693,exports
2026-06-01,ANGUILLA,2711,Petroleum Gases,True,0.040645,exports
2026-06-01,TANZANIA,2711,Petroleum Gases,True,0.0,exports
2026-06-01,SOUTH AFRICA,2711,Petroleum Gases,True,47.800474,exports
2026-06-01,NAMIBIA,2711,Petroleum Gases,True,0.0,exports
2026-06-01,CENTRAL AMERICA,2711,Petroleum Gases,True,268.626913,exports
2026-06-01,SOUTH AMERICA,2711,Petroleum Gases,True,375.058188,exports
2026-06-01,UNITED ARAB EMIRATES,8708,Motor Vehicle Parts,False,21.732932,exports
2026-06-01,YEMEN,8708,Motor Vehicle Parts,False,0.011751,exports
2026-06-01,OMAN,8708,Motor Vehicle Parts,False,0.980832,exports
2026-06-01,BAHRAIN,8708,Motor Vehicle Parts,False,0.026722,exports
2026-06-01,AFGHANISTAN,8708,Motor Vehicle Parts,False,0.023503,exports
2026-06-01,INDIA,8708,Motor Vehicle Parts,False,40.545731,exports
2026-06-01,PAKISTAN,8708,Motor Vehicle Parts,False,0.07958,exports
2026-06-01,NEPAL,8708,Motor Vehicle Parts,False,0.0,exports
2026-06-01,BANGLADESH,8708,Motor Vehicle Parts,False,0.0,exports
2026-06-01,SRI LANKA,8708,Motor Vehicle Parts,False,0.0,exports
2026-06-01,THAILAND,8708,Motor Vehicle Parts,False,49.785509,exports
2026-06-01,VIETNAM,8708,Motor Vehicle Parts,False,4.119907,exports
2026-06-01,LAOS,8708,Motor Vehicle Parts,False,0.004742,exports
2026-06-01,CAMBODIA,8708,Motor Vehicle Parts,False,1.452064,exports
2026-06-01,MALAYSIA,8708,Motor Vehicle Parts,False,2.921506,exports
2026-06-01,SINGAPORE,8708,Motor Vehicle Parts,False,5.871891,exports
2026-06-01,INDONESIA,8708,Motor Vehicle Parts,False,1.030553,exports
2026-06-01,BRUNEI,8708,Motor Vehicle Parts,False,0.065933,exports
2026-06-01,PHILIPPINES,8708,Motor Vehicle Parts,False,0.276729,exports
2026-06-01,MACAU,8708,Motor Vehicle Parts,False,0.0,exports
2026-06-01,MALDIVES,8708,Motor Vehicle Parts,False,0.003167,exports
2026-06-01,CHINA,8708,Motor Vehicle Parts,False,54.175067,exports
2026-06-01,MONGOLIA,8708,Motor Vehicle Parts,False,0.088026,exports
2026-06-01,"KOREA, SOUTH",8708,Motor Vehicle Parts,False,11.151877,exports
2026-06-01,HONG KONG,8708,Motor Vehicle Parts,False,1.905782,exports
2026-06-01,TAIWAN,8708,Motor Vehicle Parts,False,1.13402,exports
2026-06-01,JAPAN,8708,Motor Vehicle Parts,False,39.734226,exports
2026-06-01,AUSTRALIA,8708,Motor Vehicle Parts,False,66.575096,exports
2026-06-01,PAPUA NEW GUINEA,8708,Motor Vehicle Parts,False,0.035452,exports
2026-06-01,NEW ZEALAND,8708,Motor Vehicle Parts,False,1.354661,exports
2026-06-01,COOK ISLANDS,8708,Motor Vehicle Parts,False,0.0,exports
2026-06-01,SAMOA,8708,Motor Vehicle Parts,False,0.029928,exports
2026-06-01,NEW CALEDONIA,8708,Motor Vehicle Parts,False,0.009843,exports
2026-06-01,WALLIS AND FUTUNA,8708,Motor Vehicle Parts,False,0.0,exports
2026-06-01,FRENCH POLYNESIA,8708,Motor Vehicle Parts,False,0.021928,exports
2026-06-01,ST KITTS AND NEVIS,8708,Motor Vehicle Parts,False,0.0162,exports
2026-06-01,ANTIGUA AND BARBUDA,8708,Motor Vehicle Parts,False,0.23023,exports
2026-06-01,MONTSERRAT,8708,Motor Vehicle Parts,False,0.005683,exports
2026-06-01,DOMINICA,8708,Motor Vehicle Parts,False,0.006311,exports
2026-06-01,ST LUCIA,8708,Motor Vehicle Parts,False,0.092579,exports
2026-06-01,ST VINCENT AND THE GRENADINES,8708,Motor Vehicle Parts,False,0.062105,exports
2026-06-01,GRENADA,8708,Motor Vehicle Parts,False,0.112521,exports
2026-06-01,BARBADOS,8708,Motor Vehicle Parts,False,0.129333,exports
2026-06-01,TRINIDAD AND TOBAGO,8708,Motor Vehicle Parts,False,0.228741,exports
2026-06-01,SINT MAARTEN,8708,Motor Vehicle Parts,False,0.036042,exports
2026-06-01,CURACAO,8708,Motor Vehicle Parts,False,0.220317,exports
2026-06-01,ARUBA,8708,Motor Vehicle Parts,False,0.19138,exports
2026-06-01,GUADELOUPE,8708,Motor Vehicle Parts,False,0.008698,exports
2026-06-01,MARTINIQUE,8708,Motor Vehicle Parts,False,0.032632,exports
2026-06-01,COLOMBIA,8708,Motor Vehicle Parts,False,8.894562,exports
2026-06-01,VENEZUELA,8708,Motor Vehicle Parts,False,3.58844,exports
2026-06-01,GUYANA,8708,Motor Vehicle Parts,False,1.175802,exports
2026-06-01,SURINAME,8708,Motor Vehicle Parts,False,1.309304,exports
2026-06-01,FRENCH GUIANA,8708,Motor Vehicle Parts,False,0.00614,exports
2026-06-01,ECUADOR,8708,Motor Vehicle Parts,False,3.989339,exports
2026-06-01,PERU,8708,Motor Vehicle Parts,False,14.687759,exports
2026-06-01,BOLIVIA,8708,Motor Vehicle Parts,False,0.419707,exports
2026-06-01,CHILE,8708,Motor Vehicle Parts,False,38.918747,exports
2026-06-01,BRAZIL,8708,Motor Vehicle Parts,False,49.380289,exports
2026-06-01,PARAGUAY,8708,Motor Vehicle Parts,False,0.446723,exports
2026-06-01,URUGUAY,8708,Motor Vehicle Parts,False,0.531468,exports
2026-06-01,ARGENTINA,8708,Motor Vehicle Parts,False,20.380657,exports
2026-06-01,ICELAND,8708,Motor Vehicle Parts,False,0.107169,exports
2026-06-01,SWEDEN,8708,Motor Vehicle Parts,False,3.066244,exports
2026-06-01,NORWAY,8708,Motor Vehicle Parts,False,0.534695,exports
2026-06-01,FINLAND,8708,Motor Vehicle Parts,False,0.497588,exports
2026-06-01,DENMARK,8708,Motor Vehicle Parts,False,0.438633,exports
2026-06-01,UNITED KINGDOM,8708,Motor Vehicle Parts,False,19.838411,exports
2026-06-01,IRELAND,8708,Motor Vehicle Parts,False,0.12669,exports
2026-06-01,NETHERLANDS,8708,Motor Vehicle Parts,False,11.751456,exports
2026-06-01,BELGIUM,8708,Motor Vehicle Parts,False,8.15724,exports
2026-06-01,LUXEMBOURG,8708,Motor Vehicle Parts,False,0.029418,exports
2026-06-01,ANDORRA,8708,Motor Vehicle Parts,False,0.0,exports
2026-06-01,MONACO,8708,Motor Vehicle Parts,False,0.0,exports
2026-06-01,FRANCE,8708,Motor Vehicle Parts,False,4.52531,exports
2026-06-01,GERMANY,8708,Motor Vehicle Parts,False,57.5488,exports
2026-06-01,AUSTRIA,8708,Motor Vehicle Parts,False,3.531909,exports
2026-06-01,CZECH REPUBLIC,8708,Motor Vehicle Parts,False,1.156658,exports
2026-06-01,MARSHALL ISLANDS,8708,Motor Vehicle Parts,False,0.0,exports
2026-06-01,MICRONESIA,8708,Motor Vehicle Parts,False,0.006027,exports
2026-06-01,PALAU,8708,Motor Vehicle Parts,False,0.002961,exports
2026-06-01,FIJI,8708,Motor Vehicle Parts,False,0.002569,exports
2026-06-01,MOROCCO,8708,Motor Vehicle Parts,False,0.650521,exports
2026-06-01,ALGERIA,8708,Motor Vehicle Parts,False,0.118352,exports
2026-06-01,TUNISIA,8708,Motor Vehicle Parts,False,0.193489,exports
2026-06-01,LIBYA,8708,Motor Vehicle Parts,False,3.249721,exports
2026-06-01,EGYPT,8708,Motor Vehicle Parts,False,3.207546,exports
2026-06-01,EQUATORIAL GUINEA,8708,Motor Vehicle Parts,False,0.014,exports
2026-06-01,MAURITANIA,8708,Motor Vehicle Parts,False,0.254637,exports
2026-06-01,CAMEROON,8708,Motor Vehicle Parts,False,0.443148,exports
2026-06-01,SENEGAL,8708,Motor Vehicle Parts,False,1.22526,exports
2026-06-01,MALI,8708,Motor Vehicle Parts,False,0.045638,exports
2026-06-01,GUINEA,8708,Motor Vehicle Parts,False,1.062805,exports
2026-06-01,SIERRA LEONE,8708,Motor Vehicle Parts,False,0.304364,exports
2026-06-01,COTE D'IVOIRE,8708,Motor Vehicle Parts,False,0.403612,exports
2026-06-01,GHANA,8708,Motor Vehicle Parts,False,4.625841,exports
2026-06-01,GAMBIA,8708,Motor Vehicle Parts,False,0.31549,exports
2026-06-01,NIGER,8708,Motor Vehicle Parts,False,0.919968,exports
2026-06-01,TOGO,8708,Motor Vehicle Parts,False,2.173751,exports
2026-06-01,NIGERIA,8708,Motor Vehicle Parts,False,21.031827,exports
2026-06-01,CENTRAL AFRICAN REPUBLIC,8708,Motor Vehicle Parts,False,0.0,exports
2026-06-01,GABON,8708,Motor Vehicle Parts,False,0.033221,exports
2026-06-01,CHAD,8708,Motor Vehicle Parts,False,0.0,exports
2026-06-01,BURKINA FASO,8708,Motor Vehicle Parts,False,0.130354,exports
2026-06-01,BENIN,8708,Motor Vehicle Parts,False,10.1889,exports
2026-06-01,ANGOLA,8708,Motor Vehicle Parts,False,0.005952,exports
2026-06-01,CONGO,8708,Motor Vehicle Parts,False,0.074799,exports
2026-06-01,CABO VERDE,8708,Motor Vehicle Parts,False,0.335567,exports
2026-06-01,LIBERIA,8708,Motor Vehicle Parts,False,0.324015,exports
2026-06-01,DEMOCRATIC REPUBLIC OF THE CONGO,8708,Motor Vehicle Parts,False,0.0779,exports
2026-06-01,RWANDA,8708,Motor Vehicle Parts,False,0.009467,exports
2026-06-01,SOMALIA,8708,Motor Vehicle Parts,False,0.0,exports
2026-06-01,ETHIOPIA,8708,Motor Vehicle Parts,False,0.021606,exports
2026-06-01,DJIBOUTI,8708,Motor Vehicle Parts,False,0.029123,exports
2026-06-01,UGANDA,8708,Motor Vehicle Parts,False,0.0,exports
2026-06-01,KENYA,8708,Motor Vehicle Parts,False,0.632669,exports
2026-06-01,BRITISH VIRGIN ISLANDS,8708,Motor Vehicle Parts,False,0.04469,exports
2026-06-01,SLOVAKIA,8708,Motor Vehicle Parts,False,0.514595,exports
2026-06-01,HUNGARY,8708,Motor Vehicle Parts,False,15.763975,exports
2026-06-01,LIECHTENSTEIN,8708,Motor Vehicle Parts,False,0.071171,exports
2026-06-01,SWITZERLAND,8708,Motor Vehicle Parts,False,0.198009,exports
2026-06-01,ESTONIA,8708,Motor Vehicle Parts,False,0.062109,exports
2026-06-01,LATVIA,8708,Motor Vehicle Parts,False,0.04035,exports
2026-06-01,LITHUANIA,8708,Motor Vehicle Parts,False,10.859022,exports
2026-06-01,POLAND,8708,Motor Vehicle Parts,False,10.658381,exports
2026-06-01,BELARUS,8708,Motor Vehicle Parts,False,0.005,exports
2026-06-01,UKRAINE,8708,Motor Vehicle Parts,False,9.025236,exports
2026-06-01,ARMENIA,8708,Motor Vehicle Parts,False,1.677871,exports
2026-06-01,AZERBAIJAN,8708,Motor Vehicle Parts,False,0.025632,exports
2026-06-01,GEORGIA,8708,Motor Vehicle Parts,False,8.542048,exports
2026-06-01,KAZAKHSTAN,8708,Motor Vehicle Parts,False,0.53914,exports
2026-06-01,KYRGYZSTAN,8708,Motor Vehicle Parts,False,3.374096,exports
2026-06-01,MOLDOVA,8708,Motor Vehicle Parts,False,0.116954,exports
2026-06-01,TAJIKISTAN,8708,Motor Vehicle Parts,False,0.0,exports
2026-06-01,TURKMENISTAN,8708,Motor Vehicle Parts,False,0.36699,exports
2026-06-01,UZBEKISTAN,8708,Motor Vehicle Parts,False,0.150349,exports
2026-06-01,SPAIN,8708,Motor Vehicle Parts,False,9.437478,exports
2026-06-01,PORTUGAL,8708,Motor Vehicle Parts,False,0.203769,exports
2026-06-01,GIBRALTAR,8708,Motor Vehicle Parts,False,0.0,exports
2026-06-01,MALTA,8708,Motor Vehicle Parts,False,0.007608,exports
2026-06-01,ITALY,8708,Motor Vehicle Parts,False,7.385206,exports
2026-06-01,CROATIA,8708,Motor Vehicle Parts,False,0.256453,exports
2026-06-01,SLOVENIA,8708,Motor Vehicle Parts,False,0.0,exports
2026-06-01,BOSNIA AND HERZEGOVINA,8708,Motor Vehicle Parts,False,0.077321,exports
2026-06-01,MACEDONIA,8708,Motor Vehicle Parts,False,0.377873,exports
2026-06-01,SERBIA,8708,Motor Vehicle Parts,False,0.133458,exports
2026-06-01,KOSOVO,8708,Motor Vehicle Parts,False,0.002928,exports
2026-06-01,MONTENEGRO,8708,Motor Vehicle Parts,False,0.31365,exports
2026-06-01,ALBANIA,8708,Motor Vehicle Parts,False,0.380328,exports
2026-06-01,GREECE,8708,Motor Vehicle Parts,False,0.291267,exports
2026-06-01,ROMANIA,8708,Motor Vehicle Parts,False,0.876656,exports
2026-06-01,BULGARIA,8708,Motor Vehicle Parts,False,0.212592,exports
2026-06-01,TURKEY,8708,Motor Vehicle Parts,False,46.408118,exports
2026-06-01,CYPRUS,8708,Motor Vehicle Parts,False,0.004914,exports
2026-06-01,SYRIA,8708,Motor Vehicle Parts,False,0.065,exports
2026-06-01,LEBANON,8708,Motor Vehicle Parts,False,0.915396,exports
2026-06-01,IRAQ,8708,Motor Vehicle Parts,False,0.127461,exports
2026-06-01,ISRAEL,8708,Motor Vehicle Parts,False,11.151752,exports
2026-06-01,JORDAN,8708,Motor Vehicle Parts,False,1.958819,exports
2026-06-01,KUWAIT,8708,Motor Vehicle Parts,False,1.539323,exports
2026-06-01,SAUDI ARABIA,8708,Motor Vehicle Parts,False,7.498786,exports
2026-06-01,QATAR,8708,Motor Vehicle Parts,False,1.216723,exports
2026-06-01,TOTAL FOR ALL COUNTRIES,8708,Motor Vehicle Parts,False,4070.277988,exports
2026-06-01,EUROPEAN UNION,8708,Motor Vehicle Parts,False,147.404321,exports
2026-06-01,NORTH AMERICA,8708,Motor Vehicle Parts,False,3215.567496,exports
2026-06-01,EUROPE,8708,Motor Vehicle Parts,False,239.670768,exports
2026-06-01,AFRICA,8708,Motor Vehicle Parts,False,93.646782,exports
2026-06-01,PACIFIC RIM COUNTRIES,8708,Motor Vehicle Parts,False,186.232793,exports
2026-06-01,ASIA,8708,Motor Vehicle Parts,False,261.59531,exports
2026-06-01,CAFTA-DR,8708,Motor Vehicle Parts,False,40.577819,exports
2026-06-01,AUSTRALIA AND OCEANIA,8708,Motor Vehicle Parts,False,68.038465,exports
2026-06-01,USMCA (NAFTA),8708,Motor Vehicle Parts,False,3215.567496,exports
2026-06-01,TWENTY LATIN AMERICAN REPUBLICS,8708,Motor Vehicle Parts,False,1885.901486,exports
2026-06-01,OECD,8708,Motor Vehicle Parts,False,3610.786726,exports
2026-06-01,NATO,8708,Motor Vehicle Parts,False,1726.759364,exports
2026-06-01,LAFTA,8708,Motor Vehicle Parts,False,1841.739267,exports
2026-06-01,EURO AREA,8708,Motor Vehicle Parts,False,115.443774,exports
2026-06-01,APEC,8708,Motor Vehicle Parts,False,3509.312211,exports
2026-06-01,ASEAN,8708,Motor Vehicle Parts,False,65.528834,exports
2026-06-01,CACM,8708,Motor Vehicle Parts,False,30.317526,exports
2026-06-01,GREENLAND,8708,Motor Vehicle Parts,False,0.0,exports
2026-06-01,CANADA,8708,Motor Vehicle Parts,False,1515.06592,exports
2026-06-01,MEXICO,8708,Motor Vehicle Parts,False,1700.501576,exports
2026-06-01,GUATEMALA,8708,Motor Vehicle Parts,False,12.770912,exports
2026-06-01,BELIZE,8708,Motor Vehicle Parts,False,0.526758,exports
2026-06-01,EL SALVADOR,8708,Motor Vehicle Parts,False,3.38402,exports
2026-06-01,HONDURAS,8708,Motor Vehicle Parts,False,7.766842,exports
2026-06-01,NICARAGUA,8708,Motor Vehicle Parts,False,2.089943,exports
2026-06-01,COSTA RICA,8708,Motor Vehicle Parts,False,4.305809,exports
2026-06-01,PANAMA,8708,Motor Vehicle Parts,False,2.609339,exports
2026-06-01,BERMUDA,8708,Motor Vehicle Parts,False,0.021515,exports
2026-06-01,BAHAMAS,8708,Motor Vehicle Parts,False,1.026564,exports
2026-06-01,CUBA,8708,Motor Vehicle Parts,False,0.067184,exports
2026-06-01,JAMAICA,8708,Motor Vehicle Parts,False,0.601473,exports
2026-06-01,TURKS AND CAICOS ISLANDS,8708,Motor Vehicle Parts,False,0.169836,exports
2026-06-01,CAYMAN ISLANDS,8708,Motor Vehicle Parts,False,0.104403,exports
2026-06-01,HAITI,8708,Motor Vehicle Parts,False,0.907877,exports
2026-06-01,DOMINICAN REPUBLIC,8708,Motor Vehicle Parts,False,10.260293,exports
2026-06-01,ANGUILLA,8708,Motor Vehicle Parts,False,0.0,exports
2026-06-01,SEYCHELLES,8708,Motor Vehicle Parts,False,0.002666,exports
2026-06-01,TANZANIA,8708,Motor Vehicle Parts,False,0.033108,exports
2026-06-01,MAURITIUS,8708,Motor Vehicle Parts,False,0.0,exports
2026-06-01,MOZAMBIQUE,8708,Motor Vehicle Parts,False,0.0,exports
2026-06-01,MADAGASCAR,8708,Motor Vehicle Parts,False,0.0,exports
2026-06-01,MAYOTTE,8708,Motor Vehicle Parts,False,0.0,exports
2026-06-01,REUNION,8708,Motor Vehicle Parts,False,0.0038,exports
2026-06-01,SOUTH AFRICA,8708,Motor Vehicle Parts,False,41.396576,exports
2026-06-01,NAMIBIA,8708,Motor Vehicle Parts,False,0.0,exports
2026-06-01,ZAMBIA,8708,Motor Vehicle Parts,False,0.084059,exports
2026-06-01,ZIMBABWE,8708,Motor Vehicle Parts,False,0.02303,exports
2026-06-01,MALAWI,8708,Motor Vehicle Parts,False,0.0,exports
2026-06-01,CENTRAL AMERICA,8708,Motor Vehicle Parts,False,48.03023,exports
2026-06-01,SOUTH AMERICA,8708,Motor Vehicle Parts,False,143.728937,exports
