date,country,hs_code,commodity,critical,value_usd_m,flow
2026-03-01,UNITED ARAB EMIRATES,8542,Electronic Integrated Circuits,True,0.0,imports
2026-03-01,AFGHANISTAN,8542,Electronic Integrated Circuits,True,0.0,imports
2026-03-01,INDIA,8542,Electronic Integrated Circuits,True,0.777002,imports
2026-03-01,SRI LANKA,8542,Electronic Integrated Circuits,True,0.429018,imports
2026-03-01,THAILAND,8542,Electronic Integrated Circuits,True,83.997686,imports
2026-03-01,VIETNAM,8542,Electronic Integrated Circuits,True,229.301994,imports
2026-03-01,CAMBODIA,8542,Electronic Integrated Circuits,True,0.061181,imports
2026-03-01,MALAYSIA,8542,Electronic Integrated Circuits,True,920.616818,imports
2026-03-01,SINGAPORE,8542,Electronic Integrated Circuits,True,55.693905,imports
2026-03-01,INDONESIA,8542,Electronic Integrated Circuits,True,1.047586,imports
2026-03-01,PHILIPPINES,8542,Electronic Integrated Circuits,True,74.058718,imports
2026-03-01,MACAU,8542,Electronic Integrated Circuits,True,0.02948,imports
2026-03-01,MALDIVES,8542,Electronic Integrated Circuits,True,0.04455,imports
2026-03-01,CHINA,8542,Electronic Integrated Circuits,True,106.650511,imports
2026-03-01,"KOREA, SOUTH",8542,Electronic Integrated Circuits,True,291.564249,imports
2026-03-01,HONG KONG,8542,Electronic Integrated Circuits,True,1.153542,imports
2026-03-01,TAIWAN,8542,Electronic Integrated Circuits,True,1833.415454,imports
2026-03-01,JAPAN,8542,Electronic Integrated Circuits,True,147.257769,imports
2026-03-01,AUSTRALIA,8542,Electronic Integrated Circuits,True,0.547412,imports
2026-03-01,NEW ZEALAND,8542,Electronic Integrated Circuits,True,0.08237,imports
2026-03-01,COLOMBIA,8542,Electronic Integrated Circuits,True,0.070834,imports
2026-03-01,VENEZUELA,8542,Electronic Integrated Circuits,True,0.760602,imports
2026-03-01,SURINAME,8542,Electronic Integrated Circuits,True,0.0,imports
2026-03-01,ECUADOR,8542,Electronic Integrated Circuits,True,0.155673,imports
2026-03-01,PERU,8542,Electronic Integrated Circuits,True,0.0,imports
2026-03-01,BRAZIL,8542,Electronic Integrated Circuits,True,2.298134,imports
2026-03-01,ARGENTINA,8542,Electronic Integrated Circuits,True,0.0,imports
2026-03-01,ICELAND,8542,Electronic Integrated Circuits,True,0.085032,imports
2026-03-01,SWEDEN,8542,Electronic Integrated Circuits,True,0.731212,imports
2026-03-01,NORWAY,8542,Electronic Integrated Circuits,True,0.408061,imports
2026-03-01,FINLAND,8542,Electronic Integrated Circuits,True,0.100395,imports
2026-03-01,DENMARK,8542,Electronic Integrated Circuits,True,0.53131,imports
2026-03-01,UNITED KINGDOM,8542,Electronic Integrated Circuits,True,8.430679,imports
2026-03-01,IRELAND,8542,Electronic Integrated Circuits,True,197.67818,imports
2026-03-01,NETHERLANDS,8542,Electronic Integrated Circuits,True,4.992998,imports
2026-03-01,BELGIUM,8542,Electronic Integrated Circuits,True,0.662818,imports
2026-03-01,FRANCE,8542,Electronic Integrated Circuits,True,76.911736,imports
2026-03-01,GERMANY,8542,Electronic Integrated Circuits,True,84.306076,imports
2026-03-01,AUSTRIA,8542,Electronic Integrated Circuits,True,10.648589,imports
2026-03-01,CZECH REPUBLIC,8542,Electronic Integrated Circuits,True,1.022904,imports
2026-03-01,MOROCCO,8542,Electronic Integrated Circuits,True,0.17593,imports
2026-03-01,EGYPT,8542,Electronic Integrated Circuits,True,0.0,imports
2026-03-01,CAMEROON,8542,Electronic Integrated Circuits,True,0.0,imports
2026-03-01,SENEGAL,8542,Electronic Integrated Circuits,True,0.002655,imports
2026-03-01,MALI,8542,Electronic Integrated Circuits,True,0.0,imports
2026-03-01,SIERRA LEONE,8542,Electronic Integrated Circuits,True,0.0,imports
2026-03-01,NIGER,8542,Electronic Integrated Circuits,True,0.004614,imports
2026-03-01,RWANDA,8542,Electronic Integrated Circuits,True,0.0,imports
2026-03-01,SLOVAKIA,8542,Electronic Integrated Circuits,True,0.07128,imports
2026-03-01,HUNGARY,8542,Electronic Integrated Circuits,True,1.197212,imports
2026-03-01,SWITZERLAND,8542,Electronic Integrated Circuits,True,2.615567,imports
2026-03-01,ESTONIA,8542,Electronic Integrated Circuits,True,0.002223,imports
2026-03-01,LATVIA,8542,Electronic Integrated Circuits,True,0.06693,imports
2026-03-01,LITHUANIA,8542,Electronic Integrated Circuits,True,0.12724,imports
2026-03-01,POLAND,8542,Electronic Integrated Circuits,True,2.812457,imports
2026-03-01,UKRAINE,8542,Electronic Integrated Circuits,True,0.003973,imports
2026-03-01,GEORGIA,8542,Electronic Integrated Circuits,True,0.0,imports
2026-03-01,SPAIN,8542,Electronic Integrated Circuits,True,0.608691,imports
2026-03-01,PORTUGAL,8542,Electronic Integrated Circuits,True,0.031985,imports
2026-03-01,MALTA,8542,Electronic Integrated Circuits,True,0.478699,imports
2026-03-01,ITALY,8542,Electronic Integrated Circuits,True,10.520784,imports
2026-03-01,CROATIA,8542,Electronic Integrated Circuits,True,0.009749,imports
2026-03-01,SLOVENIA,8542,Electronic Integrated Circuits,True,0.021493,imports
2026-03-01,SERBIA,8542,Electronic Integrated Circuits,True,0.010011,imports
2026-03-01,MONTENEGRO,8542,Electronic Integrated Circuits,True,0.0,imports
2026-03-01,ALBANIA,8542,Electronic Integrated Circuits,True,0.010102,imports
2026-03-01,GREECE,8542,Electronic Integrated Circuits,True,0.949392,imports
2026-03-01,ROMANIA,8542,Electronic Integrated Circuits,True,0.11932,imports
2026-03-01,BULGARIA,8542,Electronic Integrated Circuits,True,0.017275,imports
2026-03-01,TURKEY,8542,Electronic Integrated Circuits,True,0.450614,imports
2026-03-01,ISRAEL,8542,Electronic Integrated Circuits,True,437.242968,imports
2026-03-01,JORDAN,8542,Electronic Integrated Circuits,True,0.0,imports
2026-03-01,SAUDI ARABIA,8542,Electronic Integrated Circuits,True,0.0,imports
2026-03-01,TOTAL FOR ALL COUNTRIES,8542,Electronic Integrated Circuits,True,4684.700629,imports
2026-03-01,EUROPEAN UNION,8542,Electronic Integrated Circuits,True,394.620948,imports
2026-03-01,NORTH AMERICA,8542,Electronic Integrated Circuits,True,21.058585,imports
2026-03-01,EUROPE,8542,Electronic Integrated Circuits,True,406.634987,imports
2026-03-01,AFRICA,8542,Electronic Integrated Circuits,True,0.226179,imports
2026-03-01,PACIFIC RIM COUNTRIES,8542,Electronic Integrated Circuits,True,3432.117814,imports
2026-03-01,ASIA,8542,Electronic Integrated Circuits,True,4183.342431,imports
2026-03-01,CAFTA-DR,8542,Electronic Integrated Circuits,True,69.523422,imports
2026-03-01,AUSTRALIA AND OCEANIA,8542,Electronic Integrated Circuits,True,0.629782,imports
2026-03-01,USMCA (NAFTA),8542,Electronic Integrated Circuits,True,21.058585,imports
2026-03-01,TWENTY LATIN AMERICAN REPUBLICS,8542,Electronic Integrated Circuits,True,83.789525,imports
2026-03-01,OECD,8542,Electronic Integrated Circuits,True,1372.716137,imports
2026-03-01,NATO,8542,Electronic Integrated Circuits,True,205.277693,imports
2026-03-01,LAFTA,8542,Electronic Integrated Circuits,True,14.266103,imports
2026-03-01,EURO AREA,8542,Electronic Integrated Circuits,True,388.206533,imports
2026-03-01,APEC,8542,Electronic Integrated Circuits,True,3766.446599,imports
2026-03-01,ASEAN,8542,Electronic Integrated Circuits,True,1364.777888,imports
2026-03-01,CACM,8542,Electronic Integrated Circuits,True,69.472709,imports
2026-03-01,CANADA,8542,Electronic Integrated Circuits,True,10.077725,imports
2026-03-01,MEXICO,8542,Electronic Integrated Circuits,True,10.98086,imports
2026-03-01,GUATEMALA,8542,Electronic Integrated Circuits,True,0.346369,imports
2026-03-01,EL SALVADOR,8542,Electronic Integrated Circuits,True,0.0,imports
2026-03-01,HONDURAS,8542,Electronic Integrated Circuits,True,0.220248,imports
2026-03-01,COSTA RICA,8542,Electronic Integrated Circuits,True,68.906092,imports
2026-03-01,PANAMA,8542,Electronic Integrated Circuits,True,0.0,imports
2026-03-01,DOMINICAN REPUBLIC,8542,Electronic Integrated Circuits,True,0.050713,imports
2026-03-01,SOUTH AFRICA,8542,Electronic Integrated Circuits,True,0.04298,imports
2026-03-01,NAMIBIA,8542,Electronic Integrated Circuits,True,0.0,imports
2026-03-01,MALAWI,8542,Electronic Integrated Circuits,True,0.0,imports
2026-03-01,CENTRAL AMERICA,8542,Electronic Integrated Circuits,True,69.523422,imports
2026-03-01,SOUTH AMERICA,8542,Electronic Integrated Circuits,True,3.285243,imports
2026-03-01,UNITED ARAB EMIRATES,8703,Motor Cars & Vehicles,False,0.0195,imports
2026-03-01,YEMEN,8703,Motor Cars & Vehicles,False,0.0,imports
2026-03-01,OMAN,8703,Motor Cars & Vehicles,False,0.013,imports
2026-03-01,INDIA,8703,Motor Cars & Vehicles,False,0.682301,imports
2026-03-01,THAILAND,8703,Motor Cars & Vehicles,False,6.173215,imports
2026-03-01,VIETNAM,8703,Motor Cars & Vehicles,False,19.775709,imports
2026-03-01,MALAYSIA,8703,Motor Cars & Vehicles,False,0.197239,imports
2026-03-01,SINGAPORE,8703,Motor Cars & Vehicles,False,4.4444,imports
2026-03-01,INDONESIA,8703,Motor Cars & Vehicles,False,0.0,imports
2026-03-01,CHINA,8703,Motor Cars & Vehicles,False,185.550573,imports
2026-03-01,"KOREA, SOUTH",8703,Motor Cars & Vehicles,False,2553.720644,imports
2026-03-01,TAIWAN,8703,Motor Cars & Vehicles,False,10.532451,imports
2026-03-01,JAPAN,8703,Motor Cars & Vehicles,False,3362.298445,imports
2026-03-01,AUSTRALIA,8703,Motor Cars & Vehicles,False,0.0,imports
2026-03-01,NEW ZEALAND,8703,Motor Cars & Vehicles,False,0.0,imports
2026-03-01,COLOMBIA,8703,Motor Cars & Vehicles,False,0.0423,imports
2026-03-01,ECUADOR,8703,Motor Cars & Vehicles,False,0.0,imports
2026-03-01,BRAZIL,8703,Motor Cars & Vehicles,False,0.178277,imports
2026-03-01,ARGENTINA,8703,Motor Cars & Vehicles,False,0.0,imports
2026-03-01,SWEDEN,8703,Motor Cars & Vehicles,False,547.183186,imports
2026-03-01,FINLAND,8703,Motor Cars & Vehicles,False,0.28561,imports
2026-03-01,DENMARK,8703,Motor Cars & Vehicles,False,0.0,imports
2026-03-01,UNITED KINGDOM,8703,Motor Cars & Vehicles,False,821.631429,imports
2026-03-01,IRELAND,8703,Motor Cars & Vehicles,False,0.070657,imports
2026-03-01,NETHERLANDS,8703,Motor Cars & Vehicles,False,0.056679,imports
2026-03-01,BELGIUM,8703,Motor Cars & Vehicles,False,106.730145,imports
2026-03-01,FRANCE,8703,Motor Cars & Vehicles,False,41.086026,imports
2026-03-01,GERMANY,8703,Motor Cars & Vehicles,False,1911.466388,imports
2026-03-01,AUSTRIA,8703,Motor Cars & Vehicles,False,218.385716,imports
2026-03-01,CZECH REPUBLIC,8703,Motor Cars & Vehicles,False,0.047,imports
2026-03-01,MOROCCO,8703,Motor Cars & Vehicles,False,0.025845,imports
2026-03-01,SLOVAKIA,8703,Motor Cars & Vehicles,False,373.397378,imports
2026-03-01,HUNGARY,8703,Motor Cars & Vehicles,False,41.02948,imports
2026-03-01,LATVIA,8703,Motor Cars & Vehicles,False,0.018353,imports
2026-03-01,POLAND,8703,Motor Cars & Vehicles,False,0.114189,imports
2026-03-01,RUSSIA,8703,Motor Cars & Vehicles,False,0.0,imports
2026-03-01,ARMENIA,8703,Motor Cars & Vehicles,False,0.0111,imports
2026-03-01,SPAIN,8703,Motor Cars & Vehicles,False,0.340069,imports
2026-03-01,ITALY,8703,Motor Cars & Vehicles,False,186.029501,imports
2026-03-01,SERBIA,8703,Motor Cars & Vehicles,False,0.021291,imports
2026-03-01,TURKEY,8703,Motor Cars & Vehicles,False,0.37232,imports
2026-03-01,SAUDI ARABIA,8703,Motor Cars & Vehicles,False,0.078723,imports
2026-03-01,TOTAL FOR ALL COUNTRIES,8703,Motor Cars & Vehicles,False,16487.803848,imports
2026-03-01,EUROPEAN UNION,8703,Motor Cars & Vehicles,False,3426.240377,imports
2026-03-01,NORTH AMERICA,8703,Motor Cars & Vehicles,False,6040.602261,imports
2026-03-01,EUROPE,8703,Motor Cars & Vehicles,False,4248.276517,imports
2026-03-01,AFRICA,8703,Motor Cars & Vehicles,False,55.218293,imports
2026-03-01,PACIFIC RIM COUNTRIES,8703,Motor Cars & Vehicles,False,6116.743752,imports
2026-03-01,ASIA,8703,Motor Cars & Vehicles,False,6143.4862,imports
2026-03-01,AUSTRALIA AND OCEANIA,8703,Motor Cars & Vehicles,False,0.0,imports
2026-03-01,USMCA (NAFTA),8703,Motor Cars & Vehicles,False,6040.602261,imports
2026-03-01,TWENTY LATIN AMERICAN REPUBLICS,8703,Motor Cars & Vehicles,False,3836.75882,imports
2026-03-01,OECD,8703,Motor Cars & Vehicles,False,16204.907776,imports
2026-03-01,NATO,8703,Motor Cars & Vehicles,False,6233.851771,imports
2026-03-01,LAFTA,8703,Motor Cars & Vehicles,False,3836.75882,imports
2026-03-01,EURO AREA,8703,Motor Cars & Vehicles,False,2837.866522,imports
2026-03-01,APEC,8703,Motor Cars & Vehicles,False,12183.294937,imports
2026-03-01,ASEAN,8703,Motor Cars & Vehicles,False,30.590563,imports
2026-03-01,CANADA,8703,Motor Cars & Vehicles,False,2204.064018,imports
2026-03-01,MEXICO,8703,Motor Cars & Vehicles,False,3836.538243,imports
2026-03-01,SOUTH AFRICA,8703,Motor Cars & Vehicles,False,55.180448,imports
2026-03-01,NAMIBIA,8703,Motor Cars & Vehicles,False,0.012,imports
2026-03-01,SOUTH AMERICA,8703,Motor Cars & Vehicles,False,0.220577,imports
2026-03-01,INDIA,2709,Crude Petroleum Oils,True,0.1686,imports
2026-03-01,CHINA,2709,Crude Petroleum Oils,True,0.0,imports
2026-03-01,TRINIDAD AND TOBAGO,2709,Crude Petroleum Oils,True,34.666591,imports
2026-03-01,COLOMBIA,2709,Crude Petroleum Oils,True,356.167195,imports
2026-03-01,VENEZUELA,2709,Crude Petroleum Oils,True,857.623129,imports
2026-03-01,GUYANA,2709,Crude Petroleum Oils,True,499.213729,imports
2026-03-01,ECUADOR,2709,Crude Petroleum Oils,True,273.991858,imports
2026-03-01,PERU,2709,Crude Petroleum Oils,True,0.0,imports
2026-03-01,BRAZIL,2709,Crude Petroleum Oils,True,222.245621,imports
2026-03-01,ARGENTINA,2709,Crude Petroleum Oils,True,252.277721,imports
2026-03-01,NORWAY,2709,Crude Petroleum Oils,True,1.262306,imports
2026-03-01,UNITED KINGDOM,2709,Crude Petroleum Oils,True,136.806465,imports
2026-03-01,ALGERIA,2709,Crude Petroleum Oils,True,0.0,imports
2026-03-01,LIBYA,2709,Crude Petroleum Oils,True,112.005219,imports
2026-03-01,CAMEROON,2709,Crude Petroleum Oils,True,0.0,imports
2026-03-01,COTE D'IVOIRE,2709,Crude Petroleum Oils,True,1.983806,imports
2026-03-01,GHANA,2709,Crude Petroleum Oils,True,230.746469,imports
2026-03-01,NIGERIA,2709,Crude Petroleum Oils,True,111.424333,imports
2026-03-01,GABON,2709,Crude Petroleum Oils,True,29.524251,imports
2026-03-01,ANGOLA,2709,Crude Petroleum Oils,True,14.132499,imports
2026-03-01,DEMOCRATIC REPUBLIC OF THE CONGO,2709,Crude Petroleum Oils,True,33.611,imports
2026-03-01,IRAQ,2709,Crude Petroleum Oils,True,362.458456,imports
2026-03-01,ISRAEL,2709,Crude Petroleum Oils,True,0.0,imports
2026-03-01,KUWAIT,2709,Crude Petroleum Oils,True,0.0,imports
2026-03-01,SAUDI ARABIA,2709,Crude Petroleum Oils,True,1138.184135,imports
2026-03-01,TOTAL FOR ALL COUNTRIES,2709,Crude Petroleum Oils,True,12459.877465,imports
2026-03-01,NORTH AMERICA,2709,Crude Petroleum Oils,True,7791.384082,imports
2026-03-01,EUROPE,2709,Crude Petroleum Oils,True,138.068771,imports
2026-03-01,AFRICA,2709,Crude Petroleum Oils,True,533.427577,imports
2026-03-01,PACIFIC RIM COUNTRIES,2709,Crude Petroleum Oils,True,0.0,imports
2026-03-01,ASIA,2709,Crude Petroleum Oils,True,1500.811191,imports
2026-03-01,USMCA (NAFTA),2709,Crude Petroleum Oils,True,7791.384082,imports
2026-03-01,TWENTY LATIN AMERICAN REPUBLICS,2709,Crude Petroleum Oils,True,2676.780951,imports
2026-03-01,OECD,2709,Crude Petroleum Oils,True,8285.620048,imports
2026-03-01,NATO,2709,Crude Petroleum Oils,True,7214.977426,imports
2026-03-01,LAFTA,2709,Crude Petroleum Oils,True,2676.780951,imports
2026-03-01,APEC,2709,Crude Petroleum Oils,True,7791.384082,imports
2026-03-01,CANADA,2709,Crude Petroleum Oils,True,7076.908655,imports
2026-03-01,MEXICO,2709,Crude Petroleum Oils,True,714.475427,imports
2026-03-01,CENTRAL AMERICA,2709,Crude Petroleum Oils,True,34.666591,imports
2026-03-01,SOUTH AMERICA,2709,Crude Petroleum Oils,True,2461.519253,imports
2026-03-01,UNITED ARAB EMIRATES,3004,Medicaments Packaged,True,0.0,imports
2026-03-01,INDIA,3004,Medicaments Packaged,True,977.841184,imports
2026-03-01,PAKISTAN,3004,Medicaments Packaged,True,0.006394,imports
2026-03-01,BANGLADESH,3004,Medicaments Packaged,True,1.971517,imports
2026-03-01,THAILAND,3004,Medicaments Packaged,True,0.977363,imports
2026-03-01,VIETNAM,3004,Medicaments Packaged,True,0.607786,imports
2026-03-01,MALAYSIA,3004,Medicaments Packaged,True,8.930976,imports
2026-03-01,SINGAPORE,3004,Medicaments Packaged,True,317.13585,imports
2026-03-01,INDONESIA,3004,Medicaments Packaged,True,0.0022,imports
2026-03-01,MACAU,3004,Medicaments Packaged,True,0.955859,imports
2026-03-01,CHINA,3004,Medicaments Packaged,True,267.133289,imports
2026-03-01,"KOREA, SOUTH",3004,Medicaments Packaged,True,22.26433,imports
2026-03-01,HONG KONG,3004,Medicaments Packaged,True,0.183564,imports
2026-03-01,TAIWAN,3004,Medicaments Packaged,True,11.999722,imports
2026-03-01,JAPAN,3004,Medicaments Packaged,True,77.018599,imports
2026-03-01,AUSTRALIA,3004,Medicaments Packaged,True,7.575142,imports
2026-03-01,NEW ZEALAND,3004,Medicaments Packaged,True,0.768032,imports
2026-03-01,COLOMBIA,3004,Medicaments Packaged,True,0.320526,imports
2026-03-01,CHILE,3004,Medicaments Packaged,True,0.0,imports
2026-03-01,BRAZIL,3004,Medicaments Packaged,True,6.03829,imports
2026-03-01,ARGENTINA,3004,Medicaments Packaged,True,0.473408,imports
2026-03-01,SWEDEN,3004,Medicaments Packaged,True,34.757916,imports
2026-03-01,NORWAY,3004,Medicaments Packaged,True,0.143626,imports
2026-03-01,FINLAND,3004,Medicaments Packaged,True,214.463432,imports
2026-03-01,DENMARK,3004,Medicaments Packaged,True,38.518668,imports
2026-03-01,UNITED KINGDOM,3004,Medicaments Packaged,True,268.743041,imports
2026-03-01,IRELAND,3004,Medicaments Packaged,True,839.60006,imports
2026-03-01,NETHERLANDS,3004,Medicaments Packaged,True,52.83624,imports
2026-03-01,BELGIUM,3004,Medicaments Packaged,True,81.368297,imports
2026-03-01,FRANCE,3004,Medicaments Packaged,True,497.567268,imports
2026-03-01,GERMANY,3004,Medicaments Packaged,True,238.513791,imports
2026-03-01,AUSTRIA,3004,Medicaments Packaged,True,39.299838,imports
2026-03-01,CZECH REPUBLIC,3004,Medicaments Packaged,True,24.482356,imports
2026-03-01,EGYPT,3004,Medicaments Packaged,True,0.0,imports
2026-03-01,HUNGARY,3004,Medicaments Packaged,True,248.310786,imports
2026-03-01,SWITZERLAND,3004,Medicaments Packaged,True,848.30816,imports
2026-03-01,LATVIA,3004,Medicaments Packaged,True,0.0,imports
2026-03-01,LITHUANIA,3004,Medicaments Packaged,True,0.007024,imports
2026-03-01,POLAND,3004,Medicaments Packaged,True,1.252107,imports
2026-03-01,RUSSIA,3004,Medicaments Packaged,True,0.0,imports
2026-03-01,SPAIN,3004,Medicaments Packaged,True,50.890073,imports
2026-03-01,PORTUGAL,3004,Medicaments Packaged,True,24.915435,imports
2026-03-01,MALTA,3004,Medicaments Packaged,True,0.055761,imports
2026-03-01,ITALY,3004,Medicaments Packaged,True,366.462991,imports
2026-03-01,CROATIA,3004,Medicaments Packaged,True,16.220433,imports
2026-03-01,SLOVENIA,3004,Medicaments Packaged,True,64.086394,imports
2026-03-01,GREECE,3004,Medicaments Packaged,True,1.115145,imports
2026-03-01,ROMANIA,3004,Medicaments Packaged,True,0.789343,imports
2026-03-01,BULGARIA,3004,Medicaments Packaged,True,0.186256,imports
2026-03-01,TURKEY,3004,Medicaments Packaged,True,1.778502,imports
2026-03-01,ISRAEL,3004,Medicaments Packaged,True,116.054947,imports
2026-03-01,JORDAN,3004,Medicaments Packaged,True,3.227729,imports
2026-03-01,TOTAL FOR ALL COUNTRIES,3004,Medicaments Packaged,True,6144.479094,imports
2026-03-01,EUROPEAN UNION,3004,Medicaments Packaged,True,2835.699614,imports
2026-03-01,NORTH AMERICA,3004,Medicaments Packaged,True,366.066326,imports
2026-03-01,EUROPE,3004,Medicaments Packaged,True,3954.672943,imports
2026-03-01,AFRICA,3004,Medicaments Packaged,True,0.436009,imports
2026-03-01,PACIFIC RIM COUNTRIES,3004,Medicaments Packaged,True,713.967563,imports
2026-03-01,ASIA,3004,Medicaments Packaged,True,1806.311309,imports
2026-03-01,CAFTA-DR,3004,Medicaments Packaged,True,1.817109,imports
2026-03-01,AUSTRALIA AND OCEANIA,3004,Medicaments Packaged,True,8.343174,imports
2026-03-01,USMCA (NAFTA),3004,Medicaments Packaged,True,366.066326,imports
2026-03-01,TWENTY LATIN AMERICAN REPUBLICS,3004,Medicaments Packaged,True,53.420892,imports
2026-03-01,OECD,3004,Medicaments Packaged,True,4527.495532,imports
2026-03-01,NATO,3004,Medicaments Packaged,True,2548.703891,imports
2026-03-01,LAFTA,3004,Medicaments Packaged,True,51.603783,imports
2026-03-01,EURO AREA,3004,Medicaments Packaged,True,2487.588438,imports
2026-03-01,APEC,3004,Medicaments Packaged,True,1080.663179,imports
2026-03-01,ASEAN,3004,Medicaments Packaged,True,327.654175,imports
2026-03-01,CACM,3004,Medicaments Packaged,True,1.817109,imports
2026-03-01,CANADA,3004,Medicaments Packaged,True,321.294767,imports
2026-03-01,MEXICO,3004,Medicaments Packaged,True,44.771559,imports
2026-03-01,GUATEMALA,3004,Medicaments Packaged,True,0.006185,imports
2026-03-01,EL SALVADOR,3004,Medicaments Packaged,True,0.971663,imports
2026-03-01,HONDURAS,3004,Medicaments Packaged,True,0.832781,imports
2026-03-01,COSTA RICA,3004,Medicaments Packaged,True,0.00648,imports
2026-03-01,DOMINICAN REPUBLIC,3004,Medicaments Packaged,True,0.0,imports
2026-03-01,SOUTH AFRICA,3004,Medicaments Packaged,True,0.436009,imports
2026-03-01,CENTRAL AMERICA,3004,Medicaments Packaged,True,1.817109,imports
2026-03-01,SOUTH AMERICA,3004,Medicaments Packaged,True,6.832224,imports
2026-03-01,UNITED ARAB EMIRATES,8517,Telephone Sets & Network Equipment,True,0.116008,imports
2026-03-01,AFGHANISTAN,8517,Telephone Sets & Network Equipment,True,0.0055,imports
2026-03-01,INDIA,8517,Telephone Sets & Network Equipment,True,2727.056223,imports
2026-03-01,PAKISTAN,8517,Telephone Sets & Network Equipment,True,0.0,imports
2026-03-01,SRI LANKA,8517,Telephone Sets & Network Equipment,True,0.0281,imports
2026-03-01,BURMA,8517,Telephone Sets & Network Equipment,True,0.0,imports
2026-03-01,THAILAND,8517,Telephone Sets & Network Equipment,True,2626.478145,imports
2026-03-01,VIETNAM,8517,Telephone Sets & Network Equipment,True,3362.349845,imports
2026-03-01,LAOS,8517,Telephone Sets & Network Equipment,True,0.897248,imports
2026-03-01,CAMBODIA,8517,Telephone Sets & Network Equipment,True,0.553575,imports
2026-03-01,MALAYSIA,8517,Telephone Sets & Network Equipment,True,665.438622,imports
2026-03-01,SINGAPORE,8517,Telephone Sets & Network Equipment,True,76.811397,imports
2026-03-01,INDONESIA,8517,Telephone Sets & Network Equipment,True,132.718988,imports
2026-03-01,PHILIPPINES,8517,Telephone Sets & Network Equipment,True,125.383086,imports
2026-03-01,CHINA,8517,Telephone Sets & Network Equipment,True,1555.558956,imports
2026-03-01,"KOREA, SOUTH",8517,Telephone Sets & Network Equipment,True,29.166158,imports
2026-03-01,HONG KONG,8517,Telephone Sets & Network Equipment,True,24.167265,imports
2026-03-01,TAIWAN,8517,Telephone Sets & Network Equipment,True,1042.660531,imports
2026-03-01,JAPAN,8517,Telephone Sets & Network Equipment,True,57.114635,imports
2026-03-01,AUSTRALIA,8517,Telephone Sets & Network Equipment,True,7.895301,imports
2026-03-01,PAPUA NEW GUINEA,8517,Telephone Sets & Network Equipment,True,0.005422,imports
2026-03-01,NEW ZEALAND,8517,Telephone Sets & Network Equipment,True,2.548737,imports
2026-03-01,FRENCH POLYNESIA,8517,Telephone Sets & Network Equipment,True,0.0,imports
2026-03-01,ST KITTS AND NEVIS,8517,Telephone Sets & Network Equipment,True,0.0,imports
2026-03-01,ST LUCIA,8517,Telephone Sets & Network Equipment,True,0.016899,imports
2026-03-01,TRINIDAD AND TOBAGO,8517,Telephone Sets & Network Equipment,True,0.0025,imports
2026-03-01,COLOMBIA,8517,Telephone Sets & Network Equipment,True,0.063847,imports
2026-03-01,ECUADOR,8517,Telephone Sets & Network Equipment,True,0.0025,imports
2026-03-01,PERU,8517,Telephone Sets & Network Equipment,True,0.00234,imports
2026-03-01,CHILE,8517,Telephone Sets & Network Equipment,True,1.060645,imports
2026-03-01,BRAZIL,8517,Telephone Sets & Network Equipment,True,22.647253,imports
2026-03-01,PARAGUAY,8517,Telephone Sets & Network Equipment,True,0.0,imports
2026-03-01,URUGUAY,8517,Telephone Sets & Network Equipment,True,0.007909,imports
2026-03-01,ARGENTINA,8517,Telephone Sets & Network Equipment,True,0.01472,imports
2026-03-01,ICELAND,8517,Telephone Sets & Network Equipment,True,0.030768,imports
2026-03-01,SWEDEN,8517,Telephone Sets & Network Equipment,True,10.007617,imports
2026-03-01,NORWAY,8517,Telephone Sets & Network Equipment,True,5.954468,imports
2026-03-01,FINLAND,8517,Telephone Sets & Network Equipment,True,3.8912,imports
2026-03-01,FAROE ISLANDS,8517,Telephone Sets & Network Equipment,True,0.0,imports
2026-03-01,DENMARK,8517,Telephone Sets & Network Equipment,True,3.426171,imports
2026-03-01,UNITED KINGDOM,8517,Telephone Sets & Network Equipment,True,34.193547,imports
2026-03-01,IRELAND,8517,Telephone Sets & Network Equipment,True,1.314742,imports
2026-03-01,NETHERLANDS,8517,Telephone Sets & Network Equipment,True,7.622429,imports
2026-03-01,BELGIUM,8517,Telephone Sets & Network Equipment,True,3.578137,imports
2026-03-01,LUXEMBOURG,8517,Telephone Sets & Network Equipment,True,0.009218,imports
2026-03-01,FRANCE,8517,Telephone Sets & Network Equipment,True,13.901876,imports
2026-03-01,GERMANY,8517,Telephone Sets & Network Equipment,True,51.562425,imports
2026-03-01,AUSTRIA,8517,Telephone Sets & Network Equipment,True,2.162045,imports
2026-03-01,CZECH REPUBLIC,8517,Telephone Sets & Network Equipment,True,42.338812,imports
2026-03-01,MOROCCO,8517,Telephone Sets & Network Equipment,True,0.168251,imports
2026-03-01,TUNISIA,8517,Telephone Sets & Network Equipment,True,0.272286,imports
2026-03-01,EGYPT,8517,Telephone Sets & Network Equipment,True,0.0,imports
2026-03-01,CAMEROON,8517,Telephone Sets & Network Equipment,True,0.136531,imports
2026-03-01,SIERRA LEONE,8517,Telephone Sets & Network Equipment,True,0.0,imports
2026-03-01,COTE D'IVOIRE,8517,Telephone Sets & Network Equipment,True,0.0,imports
2026-03-01,GHANA,8517,Telephone Sets & Network Equipment,True,0.002554,imports
2026-03-01,GAMBIA,8517,Telephone Sets & Network Equipment,True,0.0,imports
2026-03-01,KENYA,8517,Telephone Sets & Network Equipment,True,0.0,imports
2026-03-01,SLOVAKIA,8517,Telephone Sets & Network Equipment,True,0.219934,imports
2026-03-01,HUNGARY,8517,Telephone Sets & Network Equipment,True,6.413414,imports
2026-03-01,LIECHTENSTEIN,8517,Telephone Sets & Network Equipment,True,0.01459,imports
2026-03-01,SWITZERLAND,8517,Telephone Sets & Network Equipment,True,3.505433,imports
2026-03-01,ESTONIA,8517,Telephone Sets & Network Equipment,True,44.045432,imports
2026-03-01,LATVIA,8517,Telephone Sets & Network Equipment,True,5.058303,imports
2026-03-01,LITHUANIA,8517,Telephone Sets & Network Equipment,True,5.076927,imports
2026-03-01,POLAND,8517,Telephone Sets & Network Equipment,True,32.396938,imports
2026-03-01,UKRAINE,8517,Telephone Sets & Network Equipment,True,3.305143,imports
2026-03-01,GEORGIA,8517,Telephone Sets & Network Equipment,True,0.031371,imports
2026-03-01,MOLDOVA,8517,Telephone Sets & Network Equipment,True,0.00261,imports
2026-03-01,SPAIN,8517,Telephone Sets & Network Equipment,True,2.338601,imports
2026-03-01,PORTUGAL,8517,Telephone Sets & Network Equipment,True,11.145482,imports
2026-03-01,GIBRALTAR,8517,Telephone Sets & Network Equipment,True,0.008856,imports
2026-03-01,ITALY,8517,Telephone Sets & Network Equipment,True,10.75829,imports
2026-03-01,CROATIA,8517,Telephone Sets & Network Equipment,True,0.876867,imports
2026-03-01,SLOVENIA,8517,Telephone Sets & Network Equipment,True,0.451656,imports
2026-03-01,BOSNIA AND HERZEGOVINA,8517,Telephone Sets & Network Equipment,True,0.00209,imports
2026-03-01,MACEDONIA,8517,Telephone Sets & Network Equipment,True,0.039642,imports
2026-03-01,SERBIA,8517,Telephone Sets & Network Equipment,True,0.002808,imports
2026-03-01,ALBANIA,8517,Telephone Sets & Network Equipment,True,0.006371,imports
2026-03-01,GREECE,8517,Telephone Sets & Network Equipment,True,0.010122,imports
2026-03-01,ROMANIA,8517,Telephone Sets & Network Equipment,True,41.576313,imports
2026-03-01,BULGARIA,8517,Telephone Sets & Network Equipment,True,3.15598,imports
2026-03-01,TURKEY,8517,Telephone Sets & Network Equipment,True,2.473206,imports
2026-03-01,CYPRUS,8517,Telephone Sets & Network Equipment,True,0.156951,imports
2026-03-01,LEBANON,8517,Telephone Sets & Network Equipment,True,0.416175,imports
2026-03-01,ISRAEL,8517,Telephone Sets & Network Equipment,True,65.808072,imports
2026-03-01,SAUDI ARABIA,8517,Telephone Sets & Network Equipment,True,0.0,imports
2026-03-01,TOTAL FOR ALL COUNTRIES,8517,Telephone Sets & Network Equipment,True,14671.273115,imports
2026-03-01,EUROPEAN UNION,8517,Telephone Sets & Network Equipment,True,303.495882,imports
2026-03-01,NORTH AMERICA,8517,Telephone Sets & Network Equipment,True,1785.067234,imports
2026-03-01,EUROPE,8517,Telephone Sets & Network Equipment,True,353.066785,imports
2026-03-01,AFRICA,8517,Telephone Sets & Network Equipment,True,2.36121,imports
2026-03-01,PACIFIC RIM COUNTRIES,8517,Telephone Sets & Network Equipment,True,3719.469098,imports
2026-03-01,ASIA,8517,Telephone Sets & Network Equipment,True,12492.728529,imports
2026-03-01,CAFTA-DR,8517,Telephone Sets & Network Equipment,True,1.900586,imports
2026-03-01,AUSTRALIA AND OCEANIA,8517,Telephone Sets & Network Equipment,True,10.44946,imports
2026-03-01,USMCA (NAFTA),8517,Telephone Sets & Network Equipment,True,1785.067234,imports
2026-03-01,TWENTY LATIN AMERICAN REPUBLICS,8517,Telephone Sets & Network Equipment,True,1723.517947,imports
2026-03-01,OECD,8517,Telephone Sets & Network Equipment,True,2253.125771,imports
2026-03-01,NATO,8517,Telephone Sets & Network Equipment,True,429.863636,imports
2026-03-01,LAFTA,8517,Telephone Sets & Network Equipment,True,1721.562958,imports
2026-03-01,EURO AREA,8517,Telephone Sets & Network Equipment,True,167.336617,imports
2026-03-01,APEC,8517,Telephone Sets & Network Equipment,True,11494.427307,imports
2026-03-01,ASEAN,8517,Telephone Sets & Network Equipment,True,6990.630906,imports
2026-03-01,CACM,8517,Telephone Sets & Network Equipment,True,0.537121,imports
2026-03-01,CANADA,8517,Telephone Sets & Network Equipment,True,87.30349,imports
2026-03-01,MEXICO,8517,Telephone Sets & Network Equipment,True,1697.763744,imports
2026-03-01,GUATEMALA,8517,Telephone Sets & Network Equipment,True,0.00595,imports
2026-03-01,EL SALVADOR,8517,Telephone Sets & Network Equipment,True,0.017222,imports
2026-03-01,HONDURAS,8517,Telephone Sets & Network Equipment,True,0.0,imports
2026-03-01,COSTA RICA,8517,Telephone Sets & Network Equipment,True,0.513949,imports
2026-03-01,PANAMA,8517,Telephone Sets & Network Equipment,True,0.048733,imports
2026-03-01,BERMUDA,8517,Telephone Sets & Network Equipment,True,0.0,imports
2026-03-01,BAHAMAS,8517,Telephone Sets & Network Equipment,True,0.0025,imports
2026-03-01,JAMAICA,8517,Telephone Sets & Network Equipment,True,0.0,imports
2026-03-01,CAYMAN ISLANDS,8517,Telephone Sets & Network Equipment,True,1.823795,imports
2026-03-01,HAITI,8517,Telephone Sets & Network Equipment,True,0.00567,imports
2026-03-01,DOMINICAN REPUBLIC,8517,Telephone Sets & Network Equipment,True,1.363465,imports
2026-03-01,SEYCHELLES,8517,Telephone Sets & Network Equipment,True,0.005891,imports
2026-03-01,MAURITIUS,8517,Telephone Sets & Network Equipment,True,0.0,imports
2026-03-01,MOZAMBIQUE,8517,Telephone Sets & Network Equipment,True,0.152929,imports
2026-03-01,SOUTH AFRICA,8517,Telephone Sets & Network Equipment,True,1.622768,imports
2026-03-01,NAMIBIA,8517,Telephone Sets & Network Equipment,True,0.0,imports
2026-03-01,ZAMBIA,8517,Telephone Sets & Network Equipment,True,0.0,imports
2026-03-01,CENTRAL AMERICA,8517,Telephone Sets & Network Equipment,True,3.800683,imports
2026-03-01,SOUTH AMERICA,8517,Telephone Sets & Network Equipment,True,23.799214,imports
2026-03-01,UNITED ARAB EMIRATES,8471,Automatic Data Processing Machines,True,1.177607,imports
2026-03-01,BAHRAIN,8471,Automatic Data Processing Machines,True,0.0,imports
2026-03-01,INDIA,8471,Automatic Data Processing Machines,True,9.976689,imports
2026-03-01,NEPAL,8471,Automatic Data Processing Machines,True,0.0087,imports
2026-03-01,BANGLADESH,8471,Automatic Data Processing Machines,True,0.00201,imports
2026-03-01,SRI LANKA,8471,Automatic Data Processing Machines,True,0.007345,imports
2026-03-01,THAILAND,8471,Automatic Data Processing Machines,True,4076.753392,imports
2026-03-01,VIETNAM,8471,Automatic Data Processing Machines,True,3683.081032,imports
2026-03-01,LAOS,8471,Automatic Data Processing Machines,True,0.04229,imports
2026-03-01,CAMBODIA,8471,Automatic Data Processing Machines,True,1.027154,imports
2026-03-01,MALAYSIA,8471,Automatic Data Processing Machines,True,90.099862,imports
2026-03-01,SINGAPORE,8471,Automatic Data Processing Machines,True,153.606071,imports
2026-03-01,INDONESIA,8471,Automatic Data Processing Machines,True,47.625216,imports
2026-03-01,PHILIPPINES,8471,Automatic Data Processing Machines,True,166.043561,imports
2026-03-01,CHINA,8471,Automatic Data Processing Machines,True,284.279247,imports
2026-03-01,"KOREA, SOUTH",8471,Automatic Data Processing Machines,True,26.095798,imports
2026-03-01,HONG KONG,8471,Automatic Data Processing Machines,True,0.694749,imports
2026-03-01,TAIWAN,8471,Automatic Data Processing Machines,True,13309.9714,imports
2026-03-01,JAPAN,8471,Automatic Data Processing Machines,True,48.82326,imports
2026-03-01,AUSTRALIA,8471,Automatic Data Processing Machines,True,1.851257,imports
2026-03-01,NEW ZEALAND,8471,Automatic Data Processing Machines,True,0.543241,imports
2026-03-01,ST VINCENT AND THE GRENADINES,8471,Automatic Data Processing Machines,True,0.004198,imports
2026-03-01,BARBADOS,8471,Automatic Data Processing Machines,True,0.0,imports
2026-03-01,TRINIDAD AND TOBAGO,8471,Automatic Data Processing Machines,True,0.0,imports
2026-03-01,CURACAO,8471,Automatic Data Processing Machines,True,0.0,imports
2026-03-01,ARUBA,8471,Automatic Data Processing Machines,True,0.0,imports
2026-03-01,GUADELOUPE,8471,Automatic Data Processing Machines,True,0.009163,imports
2026-03-01,COLOMBIA,8471,Automatic Data Processing Machines,True,0.092,imports
2026-03-01,VENEZUELA,8471,Automatic Data Processing Machines,True,0.003,imports
2026-03-01,ECUADOR,8471,Automatic Data Processing Machines,True,0.0,imports
2026-03-01,PERU,8471,Automatic Data Processing Machines,True,0.06,imports
2026-03-01,BOLIVIA,8471,Automatic Data Processing Machines,True,0.0,imports
2026-03-01,CHILE,8471,Automatic Data Processing Machines,True,0.018907,imports
2026-03-01,BRAZIL,8471,Automatic Data Processing Machines,True,0.100751,imports
2026-03-01,PARAGUAY,8471,Automatic Data Processing Machines,True,0.0,imports
2026-03-01,ARGENTINA,8471,Automatic Data Processing Machines,True,0.024,imports
2026-03-01,ICELAND,8471,Automatic Data Processing Machines,True,0.235735,imports
2026-03-01,SWEDEN,8471,Automatic Data Processing Machines,True,4.221221,imports
2026-03-01,NORWAY,8471,Automatic Data Processing Machines,True,5.651445,imports
2026-03-01,FINLAND,8471,Automatic Data Processing Machines,True,0.734146,imports
2026-03-01,DENMARK,8471,Automatic Data Processing Machines,True,3.651898,imports
2026-03-01,UNITED KINGDOM,8471,Automatic Data Processing Machines,True,33.158582,imports
2026-03-01,IRELAND,8471,Automatic Data Processing Machines,True,131.809692,imports
2026-03-01,NETHERLANDS,8471,Automatic Data Processing Machines,True,3.662051,imports
2026-03-01,BELGIUM,8471,Automatic Data Processing Machines,True,0.321482,imports
2026-03-01,LUXEMBOURG,8471,Automatic Data Processing Machines,True,0.264319,imports
2026-03-01,FRANCE,8471,Automatic Data Processing Machines,True,7.778933,imports
2026-03-01,GERMANY,8471,Automatic Data Processing Machines,True,57.50533,imports
2026-03-01,AUSTRIA,8471,Automatic Data Processing Machines,True,5.438698,imports
2026-03-01,CZECH REPUBLIC,8471,Automatic Data Processing Machines,True,124.455014,imports
2026-03-01,MOROCCO,8471,Automatic Data Processing Machines,True,0.029817,imports
2026-03-01,TUNISIA,8471,Automatic Data Processing Machines,True,0.012422,imports
2026-03-01,EGYPT,8471,Automatic Data Processing Machines,True,0.002439,imports
2026-03-01,SENEGAL,8471,Automatic Data Processing Machines,True,0.023073,imports
2026-03-01,SIERRA LEONE,8471,Automatic Data Processing Machines,True,0.0,imports
2026-03-01,GHANA,8471,Automatic Data Processing Machines,True,0.0,imports
2026-03-01,NIGERIA,8471,Automatic Data Processing Machines,True,0.0,imports
2026-03-01,RWANDA,8471,Automatic Data Processing Machines,True,0.0,imports
2026-03-01,BRITISH VIRGIN ISLANDS,8471,Automatic Data Processing Machines,True,0.027411,imports
2026-03-01,SLOVAKIA,8471,Automatic Data Processing Machines,True,0.595084,imports
2026-03-01,HUNGARY,8471,Automatic Data Processing Machines,True,269.169347,imports
2026-03-01,SWITZERLAND,8471,Automatic Data Processing Machines,True,5.239308,imports
2026-03-01,ESTONIA,8471,Automatic Data Processing Machines,True,0.632809,imports
2026-03-01,LATVIA,8471,Automatic Data Processing Machines,True,0.270582,imports
2026-03-01,LITHUANIA,8471,Automatic Data Processing Machines,True,0.190745,imports
2026-03-01,POLAND,8471,Automatic Data Processing Machines,True,29.668023,imports
2026-03-01,UKRAINE,8471,Automatic Data Processing Machines,True,0.079674,imports
2026-03-01,GEORGIA,8471,Automatic Data Processing Machines,True,0.003923,imports
2026-03-01,KYRGYZSTAN,8471,Automatic Data Processing Machines,True,0.0,imports
2026-03-01,MOLDOVA,8471,Automatic Data Processing Machines,True,0.006165,imports
2026-03-01,SPAIN,8471,Automatic Data Processing Machines,True,1.615888,imports
2026-03-01,PORTUGAL,8471,Automatic Data Processing Machines,True,0.207767,imports
2026-03-01,MALTA,8471,Automatic Data Processing Machines,True,0.0,imports
2026-03-01,ITALY,8471,Automatic Data Processing Machines,True,8.888782,imports
2026-03-01,CROATIA,8471,Automatic Data Processing Machines,True,0.025136,imports
2026-03-01,SLOVENIA,8471,Automatic Data Processing Machines,True,0.153995,imports
2026-03-01,BOSNIA AND HERZEGOVINA,8471,Automatic Data Processing Machines,True,0.003028,imports
2026-03-01,SERBIA,8471,Automatic Data Processing Machines,True,0.068178,imports
2026-03-01,ALBANIA,8471,Automatic Data Processing Machines,True,0.0,imports
2026-03-01,GREECE,8471,Automatic Data Processing Machines,True,0.005952,imports
2026-03-01,ROMANIA,8471,Automatic Data Processing Machines,True,1.774783,imports
2026-03-01,BULGARIA,8471,Automatic Data Processing Machines,True,1.903047,imports
2026-03-01,TURKEY,8471,Automatic Data Processing Machines,True,0.115933,imports
2026-03-01,LEBANON,8471,Automatic Data Processing Machines,True,0.002184,imports
2026-03-01,ISRAEL,8471,Automatic Data Processing Machines,True,21.219517,imports
2026-03-01,SAUDI ARABIA,8471,Automatic Data Processing Machines,True,0.00872,imports
2026-03-01,QATAR,8471,Automatic Data Processing Machines,True,0.0,imports
2026-03-01,TOTAL FOR ALL COUNTRIES,8471,Automatic Data Processing Machines,True,32613.158623,imports
2026-03-01,EUROPEAN UNION,8471,Automatic Data Processing Machines,True,654.944724,imports
2026-03-01,NORTH AMERICA,8471,Automatic Data Processing Machines,True,9989.734587,imports
2026-03-01,EUROPE,8471,Automatic Data Processing Machines,True,699.506695,imports
2026-03-01,AFRICA,8471,Automatic Data Processing Machines,True,0.08669,imports
2026-03-01,PACIFIC RIM COUNTRIES,8471,Automatic Data Processing Machines,True,14129.633662,imports
2026-03-01,ASIA,8471,Automatic Data Processing Machines,True,21920.545804,imports
2026-03-01,CAFTA-DR,8471,Automatic Data Processing Machines,True,0.548119,imports
2026-03-01,AUSTRALIA AND OCEANIA,8471,Automatic Data Processing Machines,True,2.394498,imports
2026-03-01,USMCA (NAFTA),8471,Automatic Data Processing Machines,True,9989.734587,imports
2026-03-01,TWENTY LATIN AMERICAN REPUBLICS,8471,Automatic Data Processing Machines,True,9944.787004,imports
2026-03-01,OECD,8471,Automatic Data Processing Machines,True,10784.343452,imports
2026-03-01,NATO,8471,Automatic Data Processing Machines,True,602.655189,imports
2026-03-01,LAFTA,8471,Automatic Data Processing Machines,True,9944.236085,imports
2026-03-01,EURO AREA,8471,Automatic Data Processing Machines,True,222.004438,imports
2026-03-01,APEC,8471,Automatic Data Processing Machines,True,31879.28158,imports
2026-03-01,ASEAN,8471,Automatic Data Processing Machines,True,8218.278578,imports
2026-03-01,CACM,8471,Automatic Data Processing Machines,True,0.324686,imports
2026-03-01,CANADA,8471,Automatic Data Processing Machines,True,45.79716,imports
2026-03-01,MEXICO,8471,Automatic Data Processing Machines,True,9943.937427,imports
2026-03-01,EL SALVADOR,8471,Automatic Data Processing Machines,True,0.002562,imports
2026-03-01,COSTA RICA,8471,Automatic Data Processing Machines,True,0.322124,imports
2026-03-01,PANAMA,8471,Automatic Data Processing Machines,True,0.0,imports
2026-03-01,BERMUDA,8471,Automatic Data Processing Machines,True,0.0,imports
2026-03-01,JAMAICA,8471,Automatic Data Processing Machines,True,0.0,imports
2026-03-01,CAYMAN ISLANDS,8471,Automatic Data Processing Machines,True,0.0,imports
2026-03-01,HAITI,8471,Automatic Data Processing Machines,True,0.0028,imports
2026-03-01,DOMINICAN REPUBLIC,8471,Automatic Data Processing Machines,True,0.223433,imports
2026-03-01,SOUTH AFRICA,8471,Automatic Data Processing Machines,True,0.005183,imports
2026-03-01,ZIMBABWE,8471,Automatic Data Processing Machines,True,0.005036,imports
2026-03-01,MALAWI,8471,Automatic Data Processing Machines,True,0.00872,imports
2026-03-01,CENTRAL AMERICA,8471,Automatic Data Processing Machines,True,0.591691,imports
2026-03-01,SOUTH AMERICA,8471,Automatic Data Processing Machines,True,0.298658,imports
2026-03-01,UNITED ARAB EMIRATES,2711,Petroleum Gases,True,0.138466,imports
2026-03-01,INDIA,2711,Petroleum Gases,True,0.0,imports
2026-03-01,INDONESIA,2711,Petroleum Gases,True,0.041051,imports
2026-03-01,CHINA,2711,Petroleum Gases,True,0.209536,imports
2026-03-01,"KOREA, SOUTH",2711,Petroleum Gases,True,1.851782,imports
2026-03-01,TAIWAN,2711,Petroleum Gases,True,0.0,imports
2026-03-01,JAPAN,2711,Petroleum Gases,True,0.0,imports
2026-03-01,TRINIDAD AND TOBAGO,2711,Petroleum Gases,True,23.912512,imports
2026-03-01,COLOMBIA,2711,Petroleum Gases,True,0.0,imports
2026-03-01,VENEZUELA,2711,Petroleum Gases,True,2.702252,imports
2026-03-01,GUYANA,2711,Petroleum Gases,True,0.0,imports
2026-03-01,ECUADOR,2711,Petroleum Gases,True,0.0,imports
2026-03-01,CHILE,2711,Petroleum Gases,True,0.0,imports
2026-03-01,BRAZIL,2711,Petroleum Gases,True,0.0,imports
2026-03-01,ARGENTINA,2711,Petroleum Gases,True,0.0,imports
2026-03-01,SWEDEN,2711,Petroleum Gases,True,0.015584,imports
2026-03-01,NORWAY,2711,Petroleum Gases,True,0.0,imports
2026-03-01,UNITED KINGDOM,2711,Petroleum Gases,True,0.133527,imports
2026-03-01,IRELAND,2711,Petroleum Gases,True,0.0,imports
2026-03-01,NETHERLANDS,2711,Petroleum Gases,True,0.0,imports
2026-03-01,FRANCE,2711,Petroleum Gases,True,0.217352,imports
2026-03-01,GERMANY,2711,Petroleum Gases,True,0.018884,imports
2026-03-01,ALGERIA,2711,Petroleum Gases,True,0.0,imports
2026-03-01,LIBYA,2711,Petroleum Gases,True,0.0,imports
2026-03-01,EQUATORIAL GUINEA,2711,Petroleum Gases,True,7.822529,imports
2026-03-01,CAMEROON,2711,Petroleum Gases,True,0.0,imports
2026-03-01,COTE D'IVOIRE,2711,Petroleum Gases,True,0.0,imports
2026-03-01,GHANA,2711,Petroleum Gases,True,0.0,imports
2026-03-01,NIGERIA,2711,Petroleum Gases,True,0.0,imports
2026-03-01,GABON,2711,Petroleum Gases,True,0.0,imports
2026-03-01,ANGOLA,2711,Petroleum Gases,True,0.0,imports
2026-03-01,ITALY,2711,Petroleum Gases,True,0.157396,imports
2026-03-01,SLOVENIA,2711,Petroleum Gases,True,0.005288,imports
2026-03-01,IRAQ,2711,Petroleum Gases,True,0.0,imports
2026-03-01,SAUDI ARABIA,2711,Petroleum Gases,True,0.0,imports
2026-03-01,TOTAL FOR ALL COUNTRIES,2711,Petroleum Gases,True,1364.934269,imports
2026-03-01,EUROPEAN UNION,2711,Petroleum Gases,True,0.414504,imports
2026-03-01,NORTH AMERICA,2711,Petroleum Gases,True,1327.70811,imports
2026-03-01,EUROPE,2711,Petroleum Gases,True,0.548031,imports
2026-03-01,AFRICA,2711,Petroleum Gases,True,7.822529,imports
2026-03-01,PACIFIC RIM COUNTRIES,2711,Petroleum Gases,True,2.102369,imports
2026-03-01,ASIA,2711,Petroleum Gases,True,2.240835,imports
2026-03-01,USMCA (NAFTA),2711,Petroleum Gases,True,1327.70811,imports
2026-03-01,TWENTY LATIN AMERICAN REPUBLICS,2711,Petroleum Gases,True,17.696965,imports
2026-03-01,OECD,2711,Petroleum Gases,True,1330.107923,imports
2026-03-01,NATO,2711,Petroleum Gases,True,1313.261428,imports
2026-03-01,LAFTA,2711,Petroleum Gases,True,17.696965,imports
2026-03-01,EURO AREA,2711,Petroleum Gases,True,0.39892,imports
2026-03-01,APEC,2711,Petroleum Gases,True,1329.810479,imports
2026-03-01,ASEAN,2711,Petroleum Gases,True,0.041051,imports
2026-03-01,CANADA,2711,Petroleum Gases,True,1312.713397,imports
2026-03-01,MEXICO,2711,Petroleum Gases,True,14.994713,imports
2026-03-01,CENTRAL AMERICA,2711,Petroleum Gases,True,23.912512,imports
2026-03-01,SOUTH AMERICA,2711,Petroleum Gases,True,2.702252,imports
2026-03-01,UNITED ARAB EMIRATES,8708,Motor Vehicle Parts,False,2.414317,imports
2026-03-01,OMAN,8708,Motor Vehicle Parts,False,0.409768,imports
2026-03-01,BAHRAIN,8708,Motor Vehicle Parts,False,0.0026,imports
2026-03-01,INDIA,8708,Motor Vehicle Parts,False,150.545416,imports
2026-03-01,PAKISTAN,8708,Motor Vehicle Parts,False,0.329443,imports
2026-03-01,BANGLADESH,8708,Motor Vehicle Parts,False,0.021067,imports
2026-03-01,SRI LANKA,8708,Motor Vehicle Parts,False,0.215924,imports
2026-03-01,BURMA,8708,Motor Vehicle Parts,False,0.051606,imports
2026-03-01,THAILAND,8708,Motor Vehicle Parts,False,153.833103,imports
2026-03-01,VIETNAM,8708,Motor Vehicle Parts,False,66.500067,imports
2026-03-01,CAMBODIA,8708,Motor Vehicle Parts,False,3.084749,imports
2026-03-01,MALAYSIA,8708,Motor Vehicle Parts,False,28.892635,imports
2026-03-01,SINGAPORE,8708,Motor Vehicle Parts,False,1.533038,imports
2026-03-01,INDONESIA,8708,Motor Vehicle Parts,False,16.047224,imports
2026-03-01,PHILIPPINES,8708,Motor Vehicle Parts,False,2.936737,imports
2026-03-01,CHINA,8708,Motor Vehicle Parts,False,586.185549,imports
2026-03-01,MONGOLIA,8708,Motor Vehicle Parts,False,0.104235,imports
2026-03-01,"KOREA, SOUTH",8708,Motor Vehicle Parts,False,489.808243,imports
2026-03-01,HONG KONG,8708,Motor Vehicle Parts,False,0.051969,imports
2026-03-01,TAIWAN,8708,Motor Vehicle Parts,False,157.048224,imports
2026-03-01,JAPAN,8708,Motor Vehicle Parts,False,572.685759,imports
2026-03-01,AUSTRALIA,8708,Motor Vehicle Parts,False,4.210398,imports
2026-03-01,PAPUA NEW GUINEA,8708,Motor Vehicle Parts,False,0.016332,imports
2026-03-01,NEW ZEALAND,8708,Motor Vehicle Parts,False,0.381909,imports
2026-03-01,COLOMBIA,8708,Motor Vehicle Parts,False,1.486936,imports
2026-03-01,GUYANA,8708,Motor Vehicle Parts,False,0.0,imports
2026-03-01,SURINAME,8708,Motor Vehicle Parts,False,0.220961,imports
2026-03-01,ECUADOR,8708,Motor Vehicle Parts,False,0.055941,imports
2026-03-01,PERU,8708,Motor Vehicle Parts,False,0.294224,imports
2026-03-01,CHILE,8708,Motor Vehicle Parts,False,2.450134,imports
2026-03-01,BRAZIL,8708,Motor Vehicle Parts,False,20.128592,imports
2026-03-01,URUGUAY,8708,Motor Vehicle Parts,False,0.0,imports
2026-03-01,ARGENTINA,8708,Motor Vehicle Parts,False,0.444698,imports
2026-03-01,ICELAND,8708,Motor Vehicle Parts,False,0.03479,imports
2026-03-01,SWEDEN,8708,Motor Vehicle Parts,False,11.892648,imports
2026-03-01,NORWAY,8708,Motor Vehicle Parts,False,1.023946,imports
2026-03-01,FINLAND,8708,Motor Vehicle Parts,False,0.822149,imports
2026-03-01,DENMARK,8708,Motor Vehicle Parts,False,1.45554,imports
2026-03-01,UNITED KINGDOM,8708,Motor Vehicle Parts,False,32.304013,imports
2026-03-01,IRELAND,8708,Motor Vehicle Parts,False,0.621233,imports
2026-03-01,NETHERLANDS,8708,Motor Vehicle Parts,False,5.575416,imports
2026-03-01,BELGIUM,8708,Motor Vehicle Parts,False,3.695577,imports
2026-03-01,LUXEMBOURG,8708,Motor Vehicle Parts,False,0.42912,imports
2026-03-01,MONACO,8708,Motor Vehicle Parts,False,0.003839,imports
2026-03-01,FRANCE,8708,Motor Vehicle Parts,False,26.639734,imports
2026-03-01,GERMANY,8708,Motor Vehicle Parts,False,450.122099,imports
2026-03-01,AUSTRIA,8708,Motor Vehicle Parts,False,16.065317,imports
2026-03-01,CZECH REPUBLIC,8708,Motor Vehicle Parts,False,31.583256,imports
2026-03-01,MOROCCO,8708,Motor Vehicle Parts,False,21.616726,imports
2026-03-01,TUNISIA,8708,Motor Vehicle Parts,False,1.58517,imports
2026-03-01,EGYPT,8708,Motor Vehicle Parts,False,0.037333,imports
2026-03-01,SENEGAL,8708,Motor Vehicle Parts,False,0.09117,imports
2026-03-01,MALI,8708,Motor Vehicle Parts,False,0.0,imports
2026-03-01,SIERRA LEONE,8708,Motor Vehicle Parts,False,0.0,imports
2026-03-01,GHANA,8708,Motor Vehicle Parts,False,0.0,imports
2026-03-01,LIBERIA,8708,Motor Vehicle Parts,False,0.008563,imports
2026-03-01,SLOVAKIA,8708,Motor Vehicle Parts,False,13.899502,imports
2026-03-01,HUNGARY,8708,Motor Vehicle Parts,False,22.909572,imports
2026-03-01,LIECHTENSTEIN,8708,Motor Vehicle Parts,False,1.003275,imports
2026-03-01,SWITZERLAND,8708,Motor Vehicle Parts,False,2.134524,imports
2026-03-01,ESTONIA,8708,Motor Vehicle Parts,False,0.300764,imports
2026-03-01,LATVIA,8708,Motor Vehicle Parts,False,0.276215,imports
2026-03-01,LITHUANIA,8708,Motor Vehicle Parts,False,0.189613,imports
2026-03-01,POLAND,8708,Motor Vehicle Parts,False,55.652922,imports
2026-03-01,RUSSIA,8708,Motor Vehicle Parts,False,0.006565,imports
2026-03-01,BELARUS,8708,Motor Vehicle Parts,False,0.0,imports
2026-03-01,UKRAINE,8708,Motor Vehicle Parts,False,0.038493,imports
2026-03-01,GEORGIA,8708,Motor Vehicle Parts,False,0.201489,imports
2026-03-01,KAZAKHSTAN,8708,Motor Vehicle Parts,False,0.050813,imports
2026-03-01,KYRGYZSTAN,8708,Motor Vehicle Parts,False,0.130087,imports
2026-03-01,MOLDOVA,8708,Motor Vehicle Parts,False,0.003498,imports
2026-03-01,SPAIN,8708,Motor Vehicle Parts,False,21.327049,imports
2026-03-01,PORTUGAL,8708,Motor Vehicle Parts,False,1.146931,imports
2026-03-01,MALTA,8708,Motor Vehicle Parts,False,0.0,imports
2026-03-01,ITALY,8708,Motor Vehicle Parts,False,72.980585,imports
2026-03-01,CROATIA,8708,Motor Vehicle Parts,False,0.293038,imports
2026-03-01,SLOVENIA,8708,Motor Vehicle Parts,False,2.198947,imports
2026-03-01,BOSNIA AND HERZEGOVINA,8708,Motor Vehicle Parts,False,0.26515,imports
2026-03-01,MACEDONIA,8708,Motor Vehicle Parts,False,2.14217,imports
2026-03-01,SERBIA,8708,Motor Vehicle Parts,False,8.254735,imports
2026-03-01,KOSOVO,8708,Motor Vehicle Parts,False,0.002806,imports
2026-03-01,MONTENEGRO,8708,Motor Vehicle Parts,False,0.0,imports
2026-03-01,ALBANIA,8708,Motor Vehicle Parts,False,0.039134,imports
2026-03-01,GREECE,8708,Motor Vehicle Parts,False,0.115061,imports
2026-03-01,ROMANIA,8708,Motor Vehicle Parts,False,23.939303,imports
2026-03-01,BULGARIA,8708,Motor Vehicle Parts,False,2.209642,imports
2026-03-01,TURKEY,8708,Motor Vehicle Parts,False,54.220713,imports
2026-03-01,CYPRUS,8708,Motor Vehicle Parts,False,0.0,imports
2026-03-01,LEBANON,8708,Motor Vehicle Parts,False,0.005201,imports
2026-03-01,ISRAEL,8708,Motor Vehicle Parts,False,2.131149,imports
2026-03-01,JORDAN,8708,Motor Vehicle Parts,False,0.786563,imports
2026-03-01,SAUDI ARABIA,8708,Motor Vehicle Parts,False,0.059055,imports
2026-03-01,TOTAL FOR ALL COUNTRIES,8708,Motor Vehicle Parts,False,7411.711043,imports
2026-03-01,EUROPEAN UNION,8708,Motor Vehicle Parts,False,766.341233,imports
2026-03-01,NORTH AMERICA,8708,Motor Vehicle Parts,False,4243.402737,imports
2026-03-01,EUROPE,8708,Motor Vehicle Parts,False,868.201273,imports
2026-03-01,AFRICA,8708,Motor Vehicle Parts,False,27.57134,imports
2026-03-01,PACIFIC RIM COUNTRIES,8708,Motor Vehicle Parts,False,1859.798017,imports
2026-03-01,ASIA,8708,Motor Vehicle Parts,False,2235.683641,imports
2026-03-01,CAFTA-DR,8708,Motor Vehicle Parts,False,7.152421,imports
2026-03-01,AUSTRALIA AND OCEANIA,8708,Motor Vehicle Parts,False,4.608639,imports
2026-03-01,USMCA (NAFTA),8708,Motor Vehicle Parts,False,4243.402737,imports
2026-03-01,TWENTY LATIN AMERICAN REPUBLICS,8708,Motor Vehicle Parts,False,3273.320388,imports
2026-03-01,OECD,8708,Motor Vehicle Parts,False,6147.332677,imports
2026-03-01,NATO,8708,Motor Vehicle Parts,False,1841.52425,imports
2026-03-01,LAFTA,8708,Motor Vehicle Parts,False,3266.158461,imports
2026-03-01,EURO AREA,8708,Motor Vehicle Parts,False,618.907992,imports
2026-03-01,APEC,8708,Motor Vehicle Parts,False,6326.284847,imports
2026-03-01,ASEAN,8708,Motor Vehicle Parts,False,272.879159,imports
2026-03-01,CACM,8708,Motor Vehicle Parts,False,3.705198,imports
2026-03-01,CANADA,8708,Motor Vehicle Parts,False,1002.104801,imports
2026-03-01,MEXICO,8708,Motor Vehicle Parts,False,3241.297936,imports
2026-03-01,GUATEMALA,8708,Motor Vehicle Parts,False,0.008518,imports
2026-03-01,EL SALVADOR,8708,Motor Vehicle Parts,False,0.016338,imports
2026-03-01,HONDURAS,8708,Motor Vehicle Parts,False,2.522166,imports
2026-03-01,COSTA RICA,8708,Motor Vehicle Parts,False,1.158176,imports
2026-03-01,PANAMA,8708,Motor Vehicle Parts,False,0.009506,imports
2026-03-01,JAMAICA,8708,Motor Vehicle Parts,False,0.0,imports
2026-03-01,DOMINICAN REPUBLIC,8708,Motor Vehicle Parts,False,3.447223,imports
2026-03-01,TANZANIA,8708,Motor Vehicle Parts,False,0.0,imports
2026-03-01,MOZAMBIQUE,8708,Motor Vehicle Parts,False,0.083012,imports
2026-03-01,SOUTH AFRICA,8708,Motor Vehicle Parts,False,4.042619,imports
2026-03-01,NAMIBIA,8708,Motor Vehicle Parts,False,0.0,imports
2026-03-01,BOTSWANA,8708,Motor Vehicle Parts,False,0.096474,imports
2026-03-01,ZAMBIA,8708,Motor Vehicle Parts,False,0.010273,imports
2026-03-01,CENTRAL AMERICA,8708,Motor Vehicle Parts,False,7.161927,imports
2026-03-01,SOUTH AMERICA,8708,Motor Vehicle Parts,False,25.081486,imports
2026-04-01,UNITED ARAB EMIRATES,8542,Electronic Integrated Circuits,True,0.081779,imports
2026-04-01,AFGHANISTAN,8542,Electronic Integrated Circuits,True,0.0,imports
2026-04-01,INDIA,8542,Electronic Integrated Circuits,True,1.420711,imports
2026-04-01,SRI LANKA,8542,Electronic Integrated Circuits,True,0.202246,imports
2026-04-01,BURMA,8542,Electronic Integrated Circuits,True,0.00285,imports
2026-04-01,THAILAND,8542,Electronic Integrated Circuits,True,84.378481,imports
2026-04-01,VIETNAM,8542,Electronic Integrated Circuits,True,261.758384,imports
2026-04-01,CAMBODIA,8542,Electronic Integrated Circuits,True,0.0,imports
2026-04-01,MALAYSIA,8542,Electronic Integrated Circuits,True,768.689602,imports
2026-04-01,SINGAPORE,8542,Electronic Integrated Circuits,True,56.963355,imports
2026-04-01,INDONESIA,8542,Electronic Integrated Circuits,True,1.14516,imports
2026-04-01,PHILIPPINES,8542,Electronic Integrated Circuits,True,63.633598,imports
2026-04-01,MACAU,8542,Electronic Integrated Circuits,True,0.0,imports
2026-04-01,MALDIVES,8542,Electronic Integrated Circuits,True,0.0,imports
2026-04-01,CHINA,8542,Electronic Integrated Circuits,True,96.952223,imports
2026-04-01,"KOREA, SOUTH",8542,Electronic Integrated Circuits,True,523.298547,imports
2026-04-01,HONG KONG,8542,Electronic Integrated Circuits,True,0.897372,imports
2026-04-01,TAIWAN,8542,Electronic Integrated Circuits,True,1568.073713,imports
2026-04-01,JAPAN,8542,Electronic Integrated Circuits,True,147.798113,imports
2026-04-01,AUSTRALIA,8542,Electronic Integrated Circuits,True,0.202028,imports
2026-04-01,NEW ZEALAND,8542,Electronic Integrated Circuits,True,0.07074,imports
2026-04-01,COLOMBIA,8542,Electronic Integrated Circuits,True,0.381095,imports
2026-04-01,VENEZUELA,8542,Electronic Integrated Circuits,True,0.0,imports
2026-04-01,SURINAME,8542,Electronic Integrated Circuits,True,0.0,imports
2026-04-01,ECUADOR,8542,Electronic Integrated Circuits,True,0.146009,imports
2026-04-01,PERU,8542,Electronic Integrated Circuits,True,0.0,imports
2026-04-01,CHILE,8542,Electronic Integrated Circuits,True,0.018137,imports
2026-04-01,BRAZIL,8542,Electronic Integrated Circuits,True,2.980779,imports
2026-04-01,ARGENTINA,8542,Electronic Integrated Circuits,True,0.023153,imports
2026-04-01,ICELAND,8542,Electronic Integrated Circuits,True,0.0,imports
2026-04-01,SWEDEN,8542,Electronic Integrated Circuits,True,1.42148,imports
2026-04-01,NORWAY,8542,Electronic Integrated Circuits,True,0.151202,imports
2026-04-01,FINLAND,8542,Electronic Integrated Circuits,True,0.037693,imports
2026-04-01,FAROE ISLANDS,8542,Electronic Integrated Circuits,True,0.00306,imports
2026-04-01,DENMARK,8542,Electronic Integrated Circuits,True,0.466689,imports
2026-04-01,UNITED KINGDOM,8542,Electronic Integrated Circuits,True,8.376733,imports
2026-04-01,IRELAND,8542,Electronic Integrated Circuits,True,234.842532,imports
2026-04-01,NETHERLANDS,8542,Electronic Integrated Circuits,True,7.644021,imports
2026-04-01,BELGIUM,8542,Electronic Integrated Circuits,True,0.932976,imports
2026-04-01,FRANCE,8542,Electronic Integrated Circuits,True,58.298623,imports
2026-04-01,GERMANY,8542,Electronic Integrated Circuits,True,64.00731,imports
2026-04-01,AUSTRIA,8542,Electronic Integrated Circuits,True,14.395253,imports
2026-04-01,CZECH REPUBLIC,8542,Electronic Integrated Circuits,True,0.965374,imports
2026-04-01,MARSHALL ISLANDS,8542,Electronic Integrated Circuits,True,0.004238,imports
2026-04-01,MOROCCO,8542,Electronic Integrated Circuits,True,0.069242,imports
2026-04-01,EGYPT,8542,Electronic Integrated Circuits,True,0.0,imports
2026-04-01,CAMEROON,8542,Electronic Integrated Circuits,True,0.0,imports
2026-04-01,SENEGAL,8542,Electronic Integrated Circuits,True,0.0,imports
2026-04-01,MALI,8542,Electronic Integrated Circuits,True,0.0,imports
2026-04-01,SIERRA LEONE,8542,Electronic Integrated Circuits,True,0.0,imports
2026-04-01,NIGER,8542,Electronic Integrated Circuits,True,0.0,imports
2026-04-01,BENIN,8542,Electronic Integrated Circuits,True,0.003732,imports
2026-04-01,RWANDA,8542,Electronic Integrated Circuits,True,0.0,imports
2026-04-01,ETHIOPIA,8542,Electronic Integrated Circuits,True,0.0,imports
2026-04-01,SLOVAKIA,8542,Electronic Integrated Circuits,True,0.074368,imports
2026-04-01,HUNGARY,8542,Electronic Integrated Circuits,True,0.945828,imports
2026-04-01,SWITZERLAND,8542,Electronic Integrated Circuits,True,3.135558,imports
2026-04-01,ESTONIA,8542,Electronic Integrated Circuits,True,0.0,imports
2026-04-01,LATVIA,8542,Electronic Integrated Circuits,True,0.068697,imports
2026-04-01,LITHUANIA,8542,Electronic Integrated Circuits,True,0.224,imports
2026-04-01,POLAND,8542,Electronic Integrated Circuits,True,0.376134,imports
2026-04-01,UKRAINE,8542,Electronic Integrated Circuits,True,0.0,imports
2026-04-01,GEORGIA,8542,Electronic Integrated Circuits,True,0.0,imports
2026-04-01,SPAIN,8542,Electronic Integrated Circuits,True,0.899144,imports
2026-04-01,PORTUGAL,8542,Electronic Integrated Circuits,True,0.088393,imports
2026-04-01,MALTA,8542,Electronic Integrated Circuits,True,1.49052,imports
2026-04-01,ITALY,8542,Electronic Integrated Circuits,True,12.13009,imports
2026-04-01,CROATIA,8542,Electronic Integrated Circuits,True,0.116385,imports
2026-04-01,SLOVENIA,8542,Electronic Integrated Circuits,True,0.144727,imports
2026-04-01,SERBIA,8542,Electronic Integrated Circuits,True,0.0,imports
2026-04-01,MONTENEGRO,8542,Electronic Integrated Circuits,True,0.0,imports
2026-04-01,ALBANIA,8542,Electronic Integrated Circuits,True,0.006402,imports
2026-04-01,GREECE,8542,Electronic Integrated Circuits,True,0.18419,imports
2026-04-01,ROMANIA,8542,Electronic Integrated Circuits,True,0.227717,imports
2026-04-01,BULGARIA,8542,Electronic Integrated Circuits,True,0.11327,imports
2026-04-01,TURKEY,8542,Electronic Integrated Circuits,True,0.218043,imports
2026-04-01,ISRAEL,8542,Electronic Integrated Circuits,True,343.356946,imports
2026-04-01,JORDAN,8542,Electronic Integrated Circuits,True,0.0,imports
2026-04-01,SAUDI ARABIA,8542,Electronic Integrated Circuits,True,0.0,imports
2026-04-01,TOTAL FOR ALL COUNTRIES,8542,Electronic Integrated Circuits,True,4396.721767,imports
2026-04-01,EUROPEAN UNION,8542,Electronic Integrated Circuits,True,400.095414,imports
2026-04-01,NORTH AMERICA,8542,Electronic Integrated Circuits,True,27.411749,imports
2026-04-01,EUROPE,8542,Electronic Integrated Circuits,True,411.986412,imports
2026-04-01,AFRICA,8542,Electronic Integrated Circuits,True,0.112015,imports
2026-04-01,PACIFIC RIM COUNTRIES,8542,Electronic Integrated Circuits,True,3227.724451,imports
2026-04-01,ASIA,8542,Electronic Integrated Circuits,True,3918.65308,imports
2026-04-01,CAFTA-DR,8542,Electronic Integrated Circuits,True,34.708745,imports
2026-04-01,AUSTRALIA AND OCEANIA,8542,Electronic Integrated Circuits,True,0.277006,imports
2026-04-01,USMCA (NAFTA),8542,Electronic Integrated Circuits,True,27.411749,imports
2026-04-01,TWENTY LATIN AMERICAN REPUBLICS,8542,Electronic Integrated Circuits,True,55.429076,imports
2026-04-01,OECD,8542,Electronic Integrated Circuits,True,1487.057127,imports
2026-04-01,NATO,8542,Electronic Integrated Circuits,True,168.367347,imports
2026-04-01,LAFTA,8542,Electronic Integrated Circuits,True,20.713064,imports
2026-04-01,EURO AREA,8542,Electronic Integrated Circuits,True,395.692192,imports
2026-04-01,APEC,8542,Electronic Integrated Circuits,True,3601.291202,imports
2026-04-01,ASEAN,8542,Electronic Integrated Circuits,True,1236.57143,imports
2026-04-01,CACM,8542,Electronic Integrated Circuits,True,34.609115,imports
2026-04-01,CANADA,8542,Electronic Integrated Circuits,True,10.247858,imports
2026-04-01,MEXICO,8542,Electronic Integrated Circuits,True,17.163891,imports
2026-04-01,GUATEMALA,8542,Electronic Integrated Circuits,True,0.0,imports
2026-04-01,EL SALVADOR,8542,Electronic Integrated Circuits,True,0.118401,imports
2026-04-01,HONDURAS,8542,Electronic Integrated Circuits,True,0.0,imports
2026-04-01,COSTA RICA,8542,Electronic Integrated Circuits,True,34.490714,imports
2026-04-01,PANAMA,8542,Electronic Integrated Circuits,True,0.007267,imports
2026-04-01,CAYMAN ISLANDS,8542,Electronic Integrated Circuits,True,0.01632,imports
2026-04-01,DOMINICAN REPUBLIC,8542,Electronic Integrated Circuits,True,0.09963,imports
2026-04-01,SOUTH AFRICA,8542,Electronic Integrated Circuits,True,0.039041,imports
2026-04-01,NAMIBIA,8542,Electronic Integrated Circuits,True,0.0,imports
2026-04-01,MALAWI,8542,Electronic Integrated Circuits,True,0.0,imports
2026-04-01,CENTRAL AMERICA,8542,Electronic Integrated Circuits,True,34.732332,imports
2026-04-01,SOUTH AMERICA,8542,Electronic Integrated Circuits,True,3.549173,imports
2026-04-01,UNITED ARAB EMIRATES,8703,Motor Cars & Vehicles,False,0.0085,imports
2026-04-01,YEMEN,8703,Motor Cars & Vehicles,False,0.0,imports
2026-04-01,OMAN,8703,Motor Cars & Vehicles,False,0.0,imports
2026-04-01,INDIA,8703,Motor Cars & Vehicles,False,0.896733,imports
2026-04-01,THAILAND,8703,Motor Cars & Vehicles,False,14.315244,imports
2026-04-01,VIETNAM,8703,Motor Cars & Vehicles,False,13.454436,imports
2026-04-01,MALAYSIA,8703,Motor Cars & Vehicles,False,0.088848,imports
2026-04-01,SINGAPORE,8703,Motor Cars & Vehicles,False,1.33332,imports
2026-04-01,INDONESIA,8703,Motor Cars & Vehicles,False,0.15536,imports
2026-04-01,CHINA,8703,Motor Cars & Vehicles,False,159.523882,imports
2026-04-01,"KOREA, SOUTH",8703,Motor Cars & Vehicles,False,2779.10682,imports
2026-04-01,TAIWAN,8703,Motor Cars & Vehicles,False,4.779556,imports
2026-04-01,JAPAN,8703,Motor Cars & Vehicles,False,3092.824688,imports
2026-04-01,AUSTRALIA,8703,Motor Cars & Vehicles,False,0.161906,imports
2026-04-01,NEW ZEALAND,8703,Motor Cars & Vehicles,False,0.017532,imports
2026-04-01,COLOMBIA,8703,Motor Cars & Vehicles,False,0.038184,imports
2026-04-01,VENEZUELA,8703,Motor Cars & Vehicles,False,0.0185,imports
2026-04-01,ECUADOR,8703,Motor Cars & Vehicles,False,0.0,imports
2026-04-01,BRAZIL,8703,Motor Cars & Vehicles,False,0.136275,imports
2026-04-01,ARGENTINA,8703,Motor Cars & Vehicles,False,0.0,imports
2026-04-01,SWEDEN,8703,Motor Cars & Vehicles,False,382.141242,imports
2026-04-01,FINLAND,8703,Motor Cars & Vehicles,False,0.01798,imports
2026-04-01,DENMARK,8703,Motor Cars & Vehicles,False,0.0,imports
2026-04-01,UNITED KINGDOM,8703,Motor Cars & Vehicles,False,454.711871,imports
2026-04-01,IRELAND,8703,Motor Cars & Vehicles,False,0.0,imports
2026-04-01,NETHERLANDS,8703,Motor Cars & Vehicles,False,0.119761,imports
2026-04-01,BELGIUM,8703,Motor Cars & Vehicles,False,91.343514,imports
2026-04-01,FRANCE,8703,Motor Cars & Vehicles,False,37.160643,imports
2026-04-01,GERMANY,8703,Motor Cars & Vehicles,False,1560.307054,imports
2026-04-01,AUSTRIA,8703,Motor Cars & Vehicles,False,159.681785,imports
2026-04-01,CZECH REPUBLIC,8703,Motor Cars & Vehicles,False,0.0,imports
2026-04-01,MOROCCO,8703,Motor Cars & Vehicles,False,0.061739,imports
2026-04-01,SLOVAKIA,8703,Motor Cars & Vehicles,False,426.280784,imports
2026-04-01,HUNGARY,8703,Motor Cars & Vehicles,False,99.629594,imports
2026-04-01,LATVIA,8703,Motor Cars & Vehicles,False,0.0,imports
2026-04-01,POLAND,8703,Motor Cars & Vehicles,False,0.010965,imports
2026-04-01,RUSSIA,8703,Motor Cars & Vehicles,False,0.008826,imports
2026-04-01,UKRAINE,8703,Motor Cars & Vehicles,False,0.0025,imports
2026-04-01,ARMENIA,8703,Motor Cars & Vehicles,False,0.0,imports
2026-04-01,SPAIN,8703,Motor Cars & Vehicles,False,0.063031,imports
2026-04-01,PORTUGAL,8703,Motor Cars & Vehicles,False,0.012,imports
2026-04-01,ITALY,8703,Motor Cars & Vehicles,False,206.023908,imports
2026-04-01,SERBIA,8703,Motor Cars & Vehicles,False,0.0,imports
2026-04-01,TURKEY,8703,Motor Cars & Vehicles,False,0.113945,imports
2026-04-01,SAUDI ARABIA,8703,Motor Cars & Vehicles,False,0.0,imports
2026-04-01,TOTAL FOR ALL COUNTRIES,8703,Motor Cars & Vehicles,False,14608.94208,imports
2026-04-01,EUROPEAN UNION,8703,Motor Cars & Vehicles,False,2962.792261,imports
2026-04-01,NORTH AMERICA,8703,Motor Cars & Vehicles,False,5107.63633,imports
2026-04-01,EUROPE,8703,Motor Cars & Vehicles,False,3417.629403,imports
2026-04-01,AFRICA,8703,Motor Cars & Vehicles,False,16.816563,imports
2026-04-01,PACIFIC RIM COUNTRIES,8703,Motor Cars & Vehicles,False,6037.991912,imports
2026-04-01,ASIA,8703,Motor Cars & Vehicles,False,6066.487387,imports
2026-04-01,AUSTRALIA AND OCEANIA,8703,Motor Cars & Vehicles,False,0.179438,imports
2026-04-01,USMCA (NAFTA),8703,Motor Cars & Vehicles,False,5107.63633,imports
2026-04-01,TWENTY LATIN AMERICAN REPUBLICS,8703,Motor Cars & Vehicles,False,3015.519454,imports
2026-04-01,OECD,8703,Motor Cars & Vehicles,False,14397.403537,imports
2026-04-01,NATO,8703,Motor Cars & Vehicles,False,5350.246127,imports
2026-04-01,LAFTA,8703,Motor Cars & Vehicles,False,3015.519454,imports
2026-04-01,EURO AREA,8703,Motor Cars & Vehicles,False,2481.01046,imports
2026-04-01,APEC,8703,Motor Cars & Vehicles,False,11173.406748,imports
2026-04-01,ASEAN,8703,Motor Cars & Vehicles,False,29.347208,imports
2026-04-01,CANADA,8703,Motor Cars & Vehicles,False,2092.309835,imports
2026-04-01,MEXICO,8703,Motor Cars & Vehicles,False,3015.326495,imports
2026-04-01,SOUTH AFRICA,8703,Motor Cars & Vehicles,False,16.754824,imports
2026-04-01,NAMIBIA,8703,Motor Cars & Vehicles,False,0.0,imports
2026-04-01,SOUTH AMERICA,8703,Motor Cars & Vehicles,False,0.192959,imports
2026-04-01,INDIA,2709,Crude Petroleum Oils,True,0.0,imports
2026-04-01,CHINA,2709,Crude Petroleum Oils,True,0.0,imports
2026-04-01,TRINIDAD AND TOBAGO,2709,Crude Petroleum Oils,True,158.837941,imports
2026-04-01,COLOMBIA,2709,Crude Petroleum Oils,True,561.367308,imports
2026-04-01,VENEZUELA,2709,Crude Petroleum Oils,True,1099.3247,imports
2026-04-01,GUYANA,2709,Crude Petroleum Oils,True,555.958502,imports
2026-04-01,ECUADOR,2709,Crude Petroleum Oils,True,219.791335,imports
2026-04-01,PERU,2709,Crude Petroleum Oils,True,5.059337,imports
2026-04-01,BRAZIL,2709,Crude Petroleum Oils,True,180.562421,imports
2026-04-01,ARGENTINA,2709,Crude Petroleum Oils,True,156.830063,imports
2026-04-01,NORWAY,2709,Crude Petroleum Oils,True,0.0,imports
2026-04-01,UNITED KINGDOM,2709,Crude Petroleum Oils,True,4.119201,imports
2026-04-01,ALGERIA,2709,Crude Petroleum Oils,True,81.496873,imports
2026-04-01,LIBYA,2709,Crude Petroleum Oils,True,134.364379,imports
2026-04-01,CAMEROON,2709,Crude Petroleum Oils,True,82.646684,imports
2026-04-01,COTE D'IVOIRE,2709,Crude Petroleum Oils,True,0.0,imports
2026-04-01,GHANA,2709,Crude Petroleum Oils,True,113.938558,imports
2026-04-01,NIGERIA,2709,Crude Petroleum Oils,True,85.150466,imports
2026-04-01,GABON,2709,Crude Petroleum Oils,True,0.0,imports
2026-04-01,ANGOLA,2709,Crude Petroleum Oils,True,16.60937,imports
2026-04-01,DEMOCRATIC REPUBLIC OF THE CONGO,2709,Crude Petroleum Oils,True,0.0,imports
2026-04-01,IRAQ,2709,Crude Petroleum Oils,True,175.26848,imports
2026-04-01,ISRAEL,2709,Crude Petroleum Oils,True,0.0,imports
2026-04-01,KUWAIT,2709,Crude Petroleum Oils,True,14.637714,imports
2026-04-01,SAUDI ARABIA,2709,Crude Petroleum Oils,True,835.133813,imports
2026-04-01,TOTAL FOR ALL COUNTRIES,2709,Crude Petroleum Oils,True,13893.659486,imports
2026-04-01,NORTH AMERICA,2709,Crude Petroleum Oils,True,9412.562341,imports
2026-04-01,EUROPE,2709,Crude Petroleum Oils,True,4.119201,imports
2026-04-01,AFRICA,2709,Crude Petroleum Oils,True,514.20633,imports
2026-04-01,PACIFIC RIM COUNTRIES,2709,Crude Petroleum Oils,True,0.0,imports
2026-04-01,ASIA,2709,Crude Petroleum Oils,True,1025.040007,imports
2026-04-01,USMCA (NAFTA),2709,Crude Petroleum Oils,True,9412.562341,imports
2026-04-01,TWENTY LATIN AMERICAN REPUBLICS,2709,Crude Petroleum Oils,True,2811.170958,imports
2026-04-01,OECD,2709,Crude Petroleum Oils,True,9978.04885,imports
2026-04-01,NATO,2709,Crude Petroleum Oils,True,8828.445748,imports
2026-04-01,LAFTA,2709,Crude Petroleum Oils,True,2811.170958,imports
2026-04-01,APEC,2709,Crude Petroleum Oils,True,9417.621678,imports
2026-04-01,CANADA,2709,Crude Petroleum Oils,True,8824.326547,imports
2026-04-01,MEXICO,2709,Crude Petroleum Oils,True,588.235794,imports
2026-04-01,CENTRAL AMERICA,2709,Crude Petroleum Oils,True,158.837941,imports
2026-04-01,SOUTH AMERICA,2709,Crude Petroleum Oils,True,2778.893666,imports
2026-04-01,UNITED ARAB EMIRATES,3004,Medicaments Packaged,True,0.011524,imports
2026-04-01,INDIA,3004,Medicaments Packaged,True,634.536439,imports
2026-04-01,PAKISTAN,3004,Medicaments Packaged,True,0.043111,imports
2026-04-01,BANGLADESH,3004,Medicaments Packaged,True,0.907886,imports
2026-04-01,THAILAND,3004,Medicaments Packaged,True,0.904492,imports
2026-04-01,VIETNAM,3004,Medicaments Packaged,True,0.413555,imports
2026-04-01,MALAYSIA,3004,Medicaments Packaged,True,7.773545,imports
2026-04-01,SINGAPORE,3004,Medicaments Packaged,True,271.157739,imports
2026-04-01,INDONESIA,3004,Medicaments Packaged,True,0.0,imports
2026-04-01,MACAU,3004,Medicaments Packaged,True,0.0,imports
2026-04-01,CHINA,3004,Medicaments Packaged,True,262.091156,imports
2026-04-01,"KOREA, SOUTH",3004,Medicaments Packaged,True,45.749062,imports
2026-04-01,HONG KONG,3004,Medicaments Packaged,True,0.0,imports
2026-04-01,TAIWAN,3004,Medicaments Packaged,True,12.667794,imports
2026-04-01,JAPAN,3004,Medicaments Packaged,True,201.791511,imports
2026-04-01,AUSTRALIA,3004,Medicaments Packaged,True,10.256354,imports
2026-04-01,NEW ZEALAND,3004,Medicaments Packaged,True,0.819428,imports
2026-04-01,COLOMBIA,3004,Medicaments Packaged,True,2.160877,imports
2026-04-01,CHILE,3004,Medicaments Packaged,True,0.002275,imports
2026-04-01,BRAZIL,3004,Medicaments Packaged,True,3.532942,imports
2026-04-01,ARGENTINA,3004,Medicaments Packaged,True,0.483837,imports
2026-04-01,SWEDEN,3004,Medicaments Packaged,True,14.802844,imports
2026-04-01,NORWAY,3004,Medicaments Packaged,True,0.040788,imports
2026-04-01,FINLAND,3004,Medicaments Packaged,True,195.958061,imports
2026-04-01,DENMARK,3004,Medicaments Packaged,True,20.694778,imports
2026-04-01,UNITED KINGDOM,3004,Medicaments Packaged,True,257.887641,imports
2026-04-01,IRELAND,3004,Medicaments Packaged,True,893.763949,imports
2026-04-01,NETHERLANDS,3004,Medicaments Packaged,True,19.692447,imports
2026-04-01,BELGIUM,3004,Medicaments Packaged,True,28.575953,imports
2026-04-01,FRANCE,3004,Medicaments Packaged,True,646.904175,imports
2026-04-01,GERMANY,3004,Medicaments Packaged,True,247.164106,imports
2026-04-01,AUSTRIA,3004,Medicaments Packaged,True,72.604311,imports
2026-04-01,CZECH REPUBLIC,3004,Medicaments Packaged,True,15.649305,imports
2026-04-01,EGYPT,3004,Medicaments Packaged,True,0.003972,imports
2026-04-01,HUNGARY,3004,Medicaments Packaged,True,3.731706,imports
2026-04-01,SWITZERLAND,3004,Medicaments Packaged,True,1337.379558,imports
2026-04-01,LATVIA,3004,Medicaments Packaged,True,0.0,imports
2026-04-01,LITHUANIA,3004,Medicaments Packaged,True,0.0,imports
2026-04-01,POLAND,3004,Medicaments Packaged,True,1.281151,imports
2026-04-01,RUSSIA,3004,Medicaments Packaged,True,0.1408,imports
2026-04-01,SPAIN,3004,Medicaments Packaged,True,100.75049,imports
2026-04-01,PORTUGAL,3004,Medicaments Packaged,True,36.891313,imports
2026-04-01,MALTA,3004,Medicaments Packaged,True,0.106811,imports
2026-04-01,ITALY,3004,Medicaments Packaged,True,421.760614,imports
2026-04-01,CROATIA,3004,Medicaments Packaged,True,17.040655,imports
2026-04-01,SLOVENIA,3004,Medicaments Packaged,True,259.020513,imports
2026-04-01,GREECE,3004,Medicaments Packaged,True,0.272119,imports
2026-04-01,ROMANIA,3004,Medicaments Packaged,True,0.605799,imports
2026-04-01,BULGARIA,3004,Medicaments Packaged,True,0.248458,imports
2026-04-01,TURKEY,3004,Medicaments Packaged,True,1.194306,imports
2026-04-01,ISRAEL,3004,Medicaments Packaged,True,199.391393,imports
2026-04-01,JORDAN,3004,Medicaments Packaged,True,4.763664,imports
2026-04-01,TOTAL FOR ALL COUNTRIES,3004,Medicaments Packaged,True,6486.3176,imports
2026-04-01,EUROPEAN UNION,3004,Medicaments Packaged,True,2997.519558,imports
2026-04-01,NORTH AMERICA,3004,Medicaments Packaged,True,230.943286,imports
2026-04-01,EUROPE,3004,Medicaments Packaged,True,4594.162651,imports
2026-04-01,AFRICA,3004,Medicaments Packaged,True,0.008112,imports
2026-04-01,PACIFIC RIM COUNTRIES,3004,Medicaments Packaged,True,812.306589,imports
2026-04-01,ASIA,3004,Medicaments Packaged,True,1642.202871,imports
2026-04-01,CAFTA-DR,3004,Medicaments Packaged,True,1.744967,imports
2026-04-01,AUSTRALIA AND OCEANIA,3004,Medicaments Packaged,True,11.075782,imports
2026-04-01,USMCA (NAFTA),3004,Medicaments Packaged,True,230.943286,imports
2026-04-01,TWENTY LATIN AMERICAN REPUBLICS,3004,Medicaments Packaged,True,50.165249,imports
2026-04-01,OECD,3004,Medicaments Packaged,True,5267.134314,imports
2026-04-01,NATO,3004,Medicaments Packaged,True,2478.870157,imports
2026-04-01,LAFTA,3004,Medicaments Packaged,True,48.420282,imports
2026-04-01,EURO AREA,3004,Medicaments Packaged,True,2940.753975,imports
2026-04-01,APEC,3004,Medicaments Packaged,True,1044.710997,imports
2026-04-01,ASEAN,3004,Medicaments Packaged,True,280.249331,imports
2026-04-01,CACM,3004,Medicaments Packaged,True,1.744967,imports
2026-04-01,CANADA,3004,Medicaments Packaged,True,188.702935,imports
2026-04-01,MEXICO,3004,Medicaments Packaged,True,42.240351,imports
2026-04-01,GUATEMALA,3004,Medicaments Packaged,True,0.078733,imports
2026-04-01,EL SALVADOR,3004,Medicaments Packaged,True,0.943125,imports
2026-04-01,HONDURAS,3004,Medicaments Packaged,True,0.723109,imports
2026-04-01,COSTA RICA,3004,Medicaments Packaged,True,0.0,imports
2026-04-01,DOMINICAN REPUBLIC,3004,Medicaments Packaged,True,0.0,imports
2026-04-01,SOUTH AFRICA,3004,Medicaments Packaged,True,0.0,imports
2026-04-01,ZIMBABWE,3004,Medicaments Packaged,True,0.00414,imports
2026-04-01,CENTRAL AMERICA,3004,Medicaments Packaged,True,1.744967,imports
2026-04-01,SOUTH AMERICA,3004,Medicaments Packaged,True,6.179931,imports
2026-04-01,UNITED ARAB EMIRATES,8517,Telephone Sets & Network Equipment,True,0.585943,imports
2026-04-01,AFGHANISTAN,8517,Telephone Sets & Network Equipment,True,0.0,imports
2026-04-01,INDIA,8517,Telephone Sets & Network Equipment,True,2981.940106,imports
2026-04-01,PAKISTAN,8517,Telephone Sets & Network Equipment,True,0.0,imports
2026-04-01,SRI LANKA,8517,Telephone Sets & Network Equipment,True,0.015845,imports
2026-04-01,BURMA,8517,Telephone Sets & Network Equipment,True,0.024144,imports
2026-04-01,THAILAND,8517,Telephone Sets & Network Equipment,True,3001.171347,imports
2026-04-01,VIETNAM,8517,Telephone Sets & Network Equipment,True,3859.84097,imports
2026-04-01,LAOS,8517,Telephone Sets & Network Equipment,True,2.58099,imports
2026-04-01,CAMBODIA,8517,Telephone Sets & Network Equipment,True,3.127361,imports
2026-04-01,MALAYSIA,8517,Telephone Sets & Network Equipment,True,643.87077,imports
2026-04-01,SINGAPORE,8517,Telephone Sets & Network Equipment,True,29.113455,imports
2026-04-01,INDONESIA,8517,Telephone Sets & Network Equipment,True,153.010342,imports
2026-04-01,PHILIPPINES,8517,Telephone Sets & Network Equipment,True,93.579195,imports
2026-04-01,CHINA,8517,Telephone Sets & Network Equipment,True,1230.109439,imports
2026-04-01,"KOREA, SOUTH",8517,Telephone Sets & Network Equipment,True,29.6276,imports
2026-04-01,HONG KONG,8517,Telephone Sets & Network Equipment,True,18.540764,imports
2026-04-01,TAIWAN,8517,Telephone Sets & Network Equipment,True,1144.090143,imports
2026-04-01,JAPAN,8517,Telephone Sets & Network Equipment,True,34.333065,imports
2026-04-01,AUSTRALIA,8517,Telephone Sets & Network Equipment,True,5.301642,imports
2026-04-01,PAPUA NEW GUINEA,8517,Telephone Sets & Network Equipment,True,0.0,imports
2026-04-01,NEW ZEALAND,8517,Telephone Sets & Network Equipment,True,3.548596,imports
2026-04-01,FRENCH POLYNESIA,8517,Telephone Sets & Network Equipment,True,0.0,imports
2026-04-01,ST KITTS AND NEVIS,8517,Telephone Sets & Network Equipment,True,0.0,imports
2026-04-01,ST LUCIA,8517,Telephone Sets & Network Equipment,True,0.0,imports
2026-04-01,TRINIDAD AND TOBAGO,8517,Telephone Sets & Network Equipment,True,0.0,imports
2026-04-01,COLOMBIA,8517,Telephone Sets & Network Equipment,True,0.283237,imports
2026-04-01,VENEZUELA,8517,Telephone Sets & Network Equipment,True,0.00262,imports
2026-04-01,ECUADOR,8517,Telephone Sets & Network Equipment,True,0.0,imports
2026-04-01,PERU,8517,Telephone Sets & Network Equipment,True,0.0,imports
2026-04-01,CHILE,8517,Telephone Sets & Network Equipment,True,0.458122,imports
2026-04-01,BRAZIL,8517,Telephone Sets & Network Equipment,True,9.516476,imports
2026-04-01,PARAGUAY,8517,Telephone Sets & Network Equipment,True,0.0,imports
2026-04-01,URUGUAY,8517,Telephone Sets & Network Equipment,True,0.011045,imports
2026-04-01,ARGENTINA,8517,Telephone Sets & Network Equipment,True,1.097065,imports
2026-04-01,ICELAND,8517,Telephone Sets & Network Equipment,True,0.133956,imports
2026-04-01,SWEDEN,8517,Telephone Sets & Network Equipment,True,6.3537,imports
2026-04-01,NORWAY,8517,Telephone Sets & Network Equipment,True,4.148207,imports
2026-04-01,FINLAND,8517,Telephone Sets & Network Equipment,True,1.881699,imports
2026-04-01,FAROE ISLANDS,8517,Telephone Sets & Network Equipment,True,0.0,imports
2026-04-01,DENMARK,8517,Telephone Sets & Network Equipment,True,3.383893,imports
2026-04-01,UNITED KINGDOM,8517,Telephone Sets & Network Equipment,True,29.506764,imports
2026-04-01,IRELAND,8517,Telephone Sets & Network Equipment,True,4.969158,imports
2026-04-01,NETHERLANDS,8517,Telephone Sets & Network Equipment,True,3.626974,imports
2026-04-01,BELGIUM,8517,Telephone Sets & Network Equipment,True,2.863851,imports
2026-04-01,LUXEMBOURG,8517,Telephone Sets & Network Equipment,True,0.009331,imports
2026-04-01,FRANCE,8517,Telephone Sets & Network Equipment,True,10.752869,imports
2026-04-01,GERMANY,8517,Telephone Sets & Network Equipment,True,46.859007,imports
2026-04-01,AUSTRIA,8517,Telephone Sets & Network Equipment,True,2.030485,imports
2026-04-01,CZECH REPUBLIC,8517,Telephone Sets & Network Equipment,True,39.304378,imports
2026-04-01,MOROCCO,8517,Telephone Sets & Network Equipment,True,0.146731,imports
2026-04-01,TUNISIA,8517,Telephone Sets & Network Equipment,True,0.340057,imports
2026-04-01,EGYPT,8517,Telephone Sets & Network Equipment,True,0.0,imports
2026-04-01,CAMEROON,8517,Telephone Sets & Network Equipment,True,0.0,imports
2026-04-01,SIERRA LEONE,8517,Telephone Sets & Network Equipment,True,0.002826,imports
2026-04-01,COTE D'IVOIRE,8517,Telephone Sets & Network Equipment,True,0.0,imports
2026-04-01,GHANA,8517,Telephone Sets & Network Equipment,True,0.0,imports
2026-04-01,GAMBIA,8517,Telephone Sets & Network Equipment,True,0.0,imports
2026-04-01,KENYA,8517,Telephone Sets & Network Equipment,True,0.0,imports
2026-04-01,SLOVAKIA,8517,Telephone Sets & Network Equipment,True,0.236532,imports
2026-04-01,HUNGARY,8517,Telephone Sets & Network Equipment,True,5.749314,imports
2026-04-01,LIECHTENSTEIN,8517,Telephone Sets & Network Equipment,True,0.004441,imports
2026-04-01,SWITZERLAND,8517,Telephone Sets & Network Equipment,True,3.004092,imports
2026-04-01,ESTONIA,8517,Telephone Sets & Network Equipment,True,38.315168,imports
2026-04-01,LATVIA,8517,Telephone Sets & Network Equipment,True,3.633013,imports
2026-04-01,LITHUANIA,8517,Telephone Sets & Network Equipment,True,3.21292,imports
2026-04-01,POLAND,8517,Telephone Sets & Network Equipment,True,36.735877,imports
2026-04-01,UKRAINE,8517,Telephone Sets & Network Equipment,True,2.594404,imports
2026-04-01,GEORGIA,8517,Telephone Sets & Network Equipment,True,0.0,imports
2026-04-01,MOLDOVA,8517,Telephone Sets & Network Equipment,True,0.012318,imports
2026-04-01,SPAIN,8517,Telephone Sets & Network Equipment,True,1.973768,imports
2026-04-01,PORTUGAL,8517,Telephone Sets & Network Equipment,True,7.451853,imports
2026-04-01,GIBRALTAR,8517,Telephone Sets & Network Equipment,True,0.0,imports
2026-04-01,MALTA,8517,Telephone Sets & Network Equipment,True,0.007624,imports
2026-04-01,ITALY,8517,Telephone Sets & Network Equipment,True,10.248951,imports
2026-04-01,CROATIA,8517,Telephone Sets & Network Equipment,True,0.197946,imports
2026-04-01,SLOVENIA,8517,Telephone Sets & Network Equipment,True,0.652478,imports
2026-04-01,BOSNIA AND HERZEGOVINA,8517,Telephone Sets & Network Equipment,True,0.003739,imports
2026-04-01,MACEDONIA,8517,Telephone Sets & Network Equipment,True,0.084845,imports
2026-04-01,SERBIA,8517,Telephone Sets & Network Equipment,True,0.133748,imports
2026-04-01,ALBANIA,8517,Telephone Sets & Network Equipment,True,0.0,imports
2026-04-01,GREECE,8517,Telephone Sets & Network Equipment,True,0.057616,imports
2026-04-01,ROMANIA,8517,Telephone Sets & Network Equipment,True,18.649661,imports
2026-04-01,BULGARIA,8517,Telephone Sets & Network Equipment,True,2.629214,imports
2026-04-01,TURKEY,8517,Telephone Sets & Network Equipment,True,1.88347,imports
2026-04-01,CYPRUS,8517,Telephone Sets & Network Equipment,True,0.021065,imports
2026-04-01,LEBANON,8517,Telephone Sets & Network Equipment,True,0.604113,imports
2026-04-01,ISRAEL,8517,Telephone Sets & Network Equipment,True,106.949956,imports
2026-04-01,SAUDI ARABIA,8517,Telephone Sets & Network Equipment,True,0.0033,imports
2026-04-01,TOTAL FOR ALL COUNTRIES,8517,Telephone Sets & Network Equipment,True,15223.915972,imports
2026-04-01,EUROPEAN UNION,8517,Telephone Sets & Network Equipment,True,251.808345,imports
2026-04-01,NORTH AMERICA,8517,Telephone Sets & Network Equipment,True,1572.950364,imports
2026-04-01,EUROPE,8517,Telephone Sets & Network Equipment,True,293.318329,imports
2026-04-01,AFRICA,8517,Telephone Sets & Network Equipment,True,1.329772,imports
2026-04-01,PACIFIC RIM COUNTRIES,8517,Telephone Sets & Network Equipment,True,3385.125011,imports
2026-04-01,ASIA,8517,Telephone Sets & Network Equipment,True,13333.118848,imports
2026-04-01,CAFTA-DR,8517,Telephone Sets & Network Equipment,True,0.952238,imports
2026-04-01,AUSTRALIA AND OCEANIA,8517,Telephone Sets & Network Equipment,True,8.850238,imports
2026-04-01,USMCA (NAFTA),8517,Telephone Sets & Network Equipment,True,1572.950364,imports
2026-04-01,TWENTY LATIN AMERICAN REPUBLICS,8517,Telephone Sets & Network Equipment,True,1507.606185,imports
2026-04-01,OECD,8517,Telephone Sets & Network Equipment,True,2023.107982,imports
2026-04-01,NATO,8517,Telephone Sets & Network Equipment,True,358.466363,imports
2026-04-01,LAFTA,8517,Telephone Sets & Network Equipment,True,1506.389821,imports
2026-04-01,EURO AREA,8517,Telephone Sets & Network Equipment,True,141.631522,imports
2026-04-01,APEC,8517,Telephone Sets & Network Equipment,True,11819.545814,imports
2026-04-01,ASEAN,8517,Telephone Sets & Network Equipment,True,7786.318574,imports
2026-04-01,CACM,8517,Telephone Sets & Network Equipment,True,0.676076,imports
2026-04-01,CANADA,8517,Telephone Sets & Network Equipment,True,77.929108,imports
2026-04-01,MEXICO,8517,Telephone Sets & Network Equipment,True,1495.021256,imports
2026-04-01,GUATEMALA,8517,Telephone Sets & Network Equipment,True,0.0,imports
2026-04-01,EL SALVADOR,8517,Telephone Sets & Network Equipment,True,0.0,imports
2026-04-01,HONDURAS,8517,Telephone Sets & Network Equipment,True,0.0,imports
2026-04-01,COSTA RICA,8517,Telephone Sets & Network Equipment,True,0.676076,imports
2026-04-01,PANAMA,8517,Telephone Sets & Network Equipment,True,0.264126,imports
2026-04-01,BERMUDA,8517,Telephone Sets & Network Equipment,True,0.118492,imports
2026-04-01,BAHAMAS,8517,Telephone Sets & Network Equipment,True,0.0,imports
2026-04-01,JAMAICA,8517,Telephone Sets & Network Equipment,True,0.0132,imports
2026-04-01,CAYMAN ISLANDS,8517,Telephone Sets & Network Equipment,True,1.6318,imports
2026-04-01,HAITI,8517,Telephone Sets & Network Equipment,True,0.0,imports
2026-04-01,DOMINICAN REPUBLIC,8517,Telephone Sets & Network Equipment,True,0.276162,imports
2026-04-01,SEYCHELLES,8517,Telephone Sets & Network Equipment,True,0.0,imports
2026-04-01,MAURITIUS,8517,Telephone Sets & Network Equipment,True,0.0,imports
2026-04-01,MOZAMBIQUE,8517,Telephone Sets & Network Equipment,True,0.0,imports
2026-04-01,SOUTH AFRICA,8517,Telephone Sets & Network Equipment,True,0.811383,imports
2026-04-01,NAMIBIA,8517,Telephone Sets & Network Equipment,True,0.0,imports
2026-04-01,BOTSWANA,8517,Telephone Sets & Network Equipment,True,0.01,imports
2026-04-01,ZAMBIA,8517,Telephone Sets & Network Equipment,True,0.0058,imports
2026-04-01,ZIMBABWE,8517,Telephone Sets & Network Equipment,True,0.012975,imports
2026-04-01,CENTRAL AMERICA,8517,Telephone Sets & Network Equipment,True,2.979856,imports
2026-04-01,SOUTH AMERICA,8517,Telephone Sets & Network Equipment,True,11.368565,imports
2026-04-01,UNITED ARAB EMIRATES,8471,Automatic Data Processing Machines,True,1.291226,imports
2026-04-01,BAHRAIN,8471,Automatic Data Processing Machines,True,0.0,imports
2026-04-01,INDIA,8471,Automatic Data Processing Machines,True,8.964961,imports
2026-04-01,NEPAL,8471,Automatic Data Processing Machines,True,0.0,imports
2026-04-01,BANGLADESH,8471,Automatic Data Processing Machines,True,0.006507,imports
2026-04-01,SRI LANKA,8471,Automatic Data Processing Machines,True,0.04333,imports
2026-04-01,THAILAND,8471,Automatic Data Processing Machines,True,4949.771637,imports
2026-04-01,VIETNAM,8471,Automatic Data Processing Machines,True,3588.105861,imports
2026-04-01,LAOS,8471,Automatic Data Processing Machines,True,0.019988,imports
2026-04-01,CAMBODIA,8471,Automatic Data Processing Machines,True,0.609672,imports
2026-04-01,MALAYSIA,8471,Automatic Data Processing Machines,True,159.707152,imports
2026-04-01,SINGAPORE,8471,Automatic Data Processing Machines,True,248.308102,imports
2026-04-01,INDONESIA,8471,Automatic Data Processing Machines,True,63.95484,imports
2026-04-01,PHILIPPINES,8471,Automatic Data Processing Machines,True,144.683185,imports
2026-04-01,CHINA,8471,Automatic Data Processing Machines,True,517.356576,imports
2026-04-01,"KOREA, SOUTH",8471,Automatic Data Processing Machines,True,45.253783,imports
2026-04-01,HONG KONG,8471,Automatic Data Processing Machines,True,1.165839,imports
2026-04-01,TAIWAN,8471,Automatic Data Processing Machines,True,12778.044497,imports
2026-04-01,JAPAN,8471,Automatic Data Processing Machines,True,38.926666,imports
2026-04-01,AUSTRALIA,8471,Automatic Data Processing Machines,True,1.939264,imports
2026-04-01,NEW ZEALAND,8471,Automatic Data Processing Machines,True,0.483042,imports
2026-04-01,ST LUCIA,8471,Automatic Data Processing Machines,True,0.0027,imports
2026-04-01,ST VINCENT AND THE GRENADINES,8471,Automatic Data Processing Machines,True,0.0,imports
2026-04-01,BARBADOS,8471,Automatic Data Processing Machines,True,0.005,imports
2026-04-01,TRINIDAD AND TOBAGO,8471,Automatic Data Processing Machines,True,0.0,imports
2026-04-01,CURACAO,8471,Automatic Data Processing Machines,True,0.05192,imports
2026-04-01,ARUBA,8471,Automatic Data Processing Machines,True,0.0,imports
2026-04-01,GUADELOUPE,8471,Automatic Data Processing Machines,True,0.0,imports
2026-04-01,COLOMBIA,8471,Automatic Data Processing Machines,True,0.01417,imports
2026-04-01,VENEZUELA,8471,Automatic Data Processing Machines,True,0.0,imports
2026-04-01,ECUADOR,8471,Automatic Data Processing Machines,True,0.0,imports
2026-04-01,PERU,8471,Automatic Data Processing Machines,True,0.002161,imports
2026-04-01,BOLIVIA,8471,Automatic Data Processing Machines,True,0.0,imports
2026-04-01,CHILE,8471,Automatic Data Processing Machines,True,0.0,imports
2026-04-01,BRAZIL,8471,Automatic Data Processing Machines,True,0.300743,imports
2026-04-01,PARAGUAY,8471,Automatic Data Processing Machines,True,0.0,imports
2026-04-01,ARGENTINA,8471,Automatic Data Processing Machines,True,0.022885,imports
2026-04-01,ICELAND,8471,Automatic Data Processing Machines,True,0.17298,imports
2026-04-01,SWEDEN,8471,Automatic Data Processing Machines,True,1.55241,imports
2026-04-01,NORWAY,8471,Automatic Data Processing Machines,True,10.994837,imports
2026-04-01,FINLAND,8471,Automatic Data Processing Machines,True,0.479732,imports
2026-04-01,DENMARK,8471,Automatic Data Processing Machines,True,2.821983,imports
2026-04-01,UNITED KINGDOM,8471,Automatic Data Processing Machines,True,30.266315,imports
2026-04-01,IRELAND,8471,Automatic Data Processing Machines,True,208.046417,imports
2026-04-01,NETHERLANDS,8471,Automatic Data Processing Machines,True,5.54583,imports
2026-04-01,BELGIUM,8471,Automatic Data Processing Machines,True,0.545317,imports
2026-04-01,LUXEMBOURG,8471,Automatic Data Processing Machines,True,0.01276,imports
2026-04-01,FRANCE,8471,Automatic Data Processing Machines,True,11.693251,imports
2026-04-01,GERMANY,8471,Automatic Data Processing Machines,True,92.193638,imports
2026-04-01,AUSTRIA,8471,Automatic Data Processing Machines,True,5.738551,imports
2026-04-01,CZECH REPUBLIC,8471,Automatic Data Processing Machines,True,253.712085,imports
2026-04-01,TONGA,8471,Automatic Data Processing Machines,True,0.014,imports
2026-04-01,MOROCCO,8471,Automatic Data Processing Machines,True,0.0,imports
2026-04-01,TUNISIA,8471,Automatic Data Processing Machines,True,0.0,imports
2026-04-01,EGYPT,8471,Automatic Data Processing Machines,True,0.007,imports
2026-04-01,SENEGAL,8471,Automatic Data Processing Machines,True,0.0,imports
2026-04-01,SIERRA LEONE,8471,Automatic Data Processing Machines,True,0.0,imports
2026-04-01,GHANA,8471,Automatic Data Processing Machines,True,0.0,imports
2026-04-01,NIGERIA,8471,Automatic Data Processing Machines,True,0.0,imports
2026-04-01,RWANDA,8471,Automatic Data Processing Machines,True,1.109258,imports
2026-04-01,BRITISH VIRGIN ISLANDS,8471,Automatic Data Processing Machines,True,0.0,imports
2026-04-01,SLOVAKIA,8471,Automatic Data Processing Machines,True,0.987658,imports
2026-04-01,HUNGARY,8471,Automatic Data Processing Machines,True,291.505537,imports
2026-04-01,SWITZERLAND,8471,Automatic Data Processing Machines,True,5.222601,imports
2026-04-01,ESTONIA,8471,Automatic Data Processing Machines,True,0.781334,imports
2026-04-01,LATVIA,8471,Automatic Data Processing Machines,True,0.00594,imports
2026-04-01,LITHUANIA,8471,Automatic Data Processing Machines,True,0.404112,imports
2026-04-01,POLAND,8471,Automatic Data Processing Machines,True,11.091418,imports
2026-04-01,UKRAINE,8471,Automatic Data Processing Machines,True,0.0036,imports
2026-04-01,GEORGIA,8471,Automatic Data Processing Machines,True,0.002402,imports
2026-04-01,KYRGYZSTAN,8471,Automatic Data Processing Machines,True,0.0,imports
2026-04-01,MOLDOVA,8471,Automatic Data Processing Machines,True,0.0,imports
2026-04-01,SPAIN,8471,Automatic Data Processing Machines,True,0.854968,imports
2026-04-01,PORTUGAL,8471,Automatic Data Processing Machines,True,0.296845,imports
2026-04-01,MALTA,8471,Automatic Data Processing Machines,True,0.002927,imports
2026-04-01,ITALY,8471,Automatic Data Processing Machines,True,7.470217,imports
2026-04-01,CROATIA,8471,Automatic Data Processing Machines,True,0.287657,imports
2026-04-01,SLOVENIA,8471,Automatic Data Processing Machines,True,0.195469,imports
2026-04-01,BOSNIA AND HERZEGOVINA,8471,Automatic Data Processing Machines,True,0.01632,imports
2026-04-01,SERBIA,8471,Automatic Data Processing Machines,True,0.074341,imports
2026-04-01,ALBANIA,8471,Automatic Data Processing Machines,True,0.0,imports
2026-04-01,GREECE,8471,Automatic Data Processing Machines,True,0.061333,imports
2026-04-01,ROMANIA,8471,Automatic Data Processing Machines,True,2.006133,imports
2026-04-01,BULGARIA,8471,Automatic Data Processing Machines,True,2.453105,imports
2026-04-01,TURKEY,8471,Automatic Data Processing Machines,True,0.45165,imports
2026-04-01,LEBANON,8471,Automatic Data Processing Machines,True,0.0,imports
2026-04-01,IRAN,8471,Automatic Data Processing Machines,True,0.004467,imports
2026-04-01,ISRAEL,8471,Automatic Data Processing Machines,True,21.440465,imports
2026-04-01,SAUDI ARABIA,8471,Automatic Data Processing Machines,True,0.00513,imports
2026-04-01,QATAR,8471,Automatic Data Processing Machines,True,0.0,imports
2026-04-01,TOTAL FOR ALL COUNTRIES,8471,Automatic Data Processing Machines,True,35262.741625,imports
2026-04-01,EUROPEAN UNION,8471,Automatic Data Processing Machines,True,900.746627,imports
2026-04-01,NORTH AMERICA,8471,Automatic Data Processing Machines,True,11743.032556,imports
2026-04-01,EUROPE,8471,Automatic Data Processing Machines,True,947.951673,imports
2026-04-01,AFRICA,8471,Automatic Data Processing Machines,True,1.147939,imports
2026-04-01,PACIFIC RIM COUNTRIES,8471,Automatic Data Processing Machines,True,13999.822946,imports
2026-04-01,ASIA,8471,Automatic Data Processing Machines,True,22567.663884,imports
2026-04-01,CAFTA-DR,8471,Automatic Data Processing Machines,True,0.107288,imports
2026-04-01,AUSTRALIA AND OCEANIA,8471,Automatic Data Processing Machines,True,2.436306,imports
2026-04-01,USMCA (NAFTA),8471,Automatic Data Processing Machines,True,11743.032556,imports
2026-04-01,TWENTY LATIN AMERICAN REPUBLICS,8471,Automatic Data Processing Machines,True,11699.89572,imports
2026-04-01,OECD,8471,Automatic Data Processing Machines,True,12794.195134,imports
2026-04-01,NATO,8471,Automatic Data Processing Machines,True,772.428597,imports
2026-04-01,LAFTA,8471,Automatic Data Processing Machines,True,11699.788432,imports
2026-04-01,EURO AREA,8471,Automatic Data Processing Machines,True,338.057061,imports
2026-04-01,APEC,8471,Automatic Data Processing Machines,True,34280.735161,imports
2026-04-01,ASEAN,8471,Automatic Data Processing Machines,True,9155.160437,imports
2026-04-01,CACM,8471,Automatic Data Processing Machines,True,0.007784,imports
2026-04-01,CANADA,8471,Automatic Data Processing Machines,True,43.584083,imports
2026-04-01,MEXICO,8471,Automatic Data Processing Machines,True,11699.448473,imports
2026-04-01,GUATEMALA,8471,Automatic Data Processing Machines,True,0.0045,imports
2026-04-01,EL SALVADOR,8471,Automatic Data Processing Machines,True,0.003284,imports
2026-04-01,COSTA RICA,8471,Automatic Data Processing Machines,True,0.0,imports
2026-04-01,PANAMA,8471,Automatic Data Processing Machines,True,0.0,imports
2026-04-01,BERMUDA,8471,Automatic Data Processing Machines,True,0.0,imports
2026-04-01,JAMAICA,8471,Automatic Data Processing Machines,True,0.0024,imports
2026-04-01,CAYMAN ISLANDS,8471,Automatic Data Processing Machines,True,0.0,imports
2026-04-01,HAITI,8471,Automatic Data Processing Machines,True,0.0,imports
2026-04-01,DOMINICAN REPUBLIC,8471,Automatic Data Processing Machines,True,0.099504,imports
2026-04-01,SOUTH AFRICA,8471,Automatic Data Processing Machines,True,0.017161,imports
2026-04-01,ZIMBABWE,8471,Automatic Data Processing Machines,True,0.0,imports
2026-04-01,MALAWI,8471,Automatic Data Processing Machines,True,0.01452,imports
2026-04-01,CENTRAL AMERICA,8471,Automatic Data Processing Machines,True,0.169308,imports
2026-04-01,SOUTH AMERICA,8471,Automatic Data Processing Machines,True,0.339959,imports
2026-04-01,UNITED ARAB EMIRATES,2711,Petroleum Gases,True,0.0,imports
2026-04-01,INDIA,2711,Petroleum Gases,True,0.0,imports
2026-04-01,INDONESIA,2711,Petroleum Gases,True,0.0,imports
2026-04-01,CHINA,2711,Petroleum Gases,True,0.09498,imports
2026-04-01,"KOREA, SOUTH",2711,Petroleum Gases,True,11.02531,imports
2026-04-01,TAIWAN,2711,Petroleum Gases,True,0.005782,imports
2026-04-01,JAPAN,2711,Petroleum Gases,True,0.0,imports
2026-04-01,TRINIDAD AND TOBAGO,2711,Petroleum Gases,True,23.872874,imports
2026-04-01,COLOMBIA,2711,Petroleum Gases,True,0.0,imports
2026-04-01,VENEZUELA,2711,Petroleum Gases,True,2.818598,imports
2026-04-01,GUYANA,2711,Petroleum Gases,True,0.0,imports
2026-04-01,ECUADOR,2711,Petroleum Gases,True,0.0,imports
2026-04-01,CHILE,2711,Petroleum Gases,True,0.0,imports
2026-04-01,BRAZIL,2711,Petroleum Gases,True,0.0,imports
2026-04-01,ARGENTINA,2711,Petroleum Gases,True,0.0,imports
2026-04-01,SWEDEN,2711,Petroleum Gases,True,0.0,imports
2026-04-01,NORWAY,2711,Petroleum Gases,True,0.0,imports
2026-04-01,UNITED KINGDOM,2711,Petroleum Gases,True,0.075038,imports
2026-04-01,IRELAND,2711,Petroleum Gases,True,0.0,imports
2026-04-01,NETHERLANDS,2711,Petroleum Gases,True,0.0,imports
2026-04-01,FRANCE,2711,Petroleum Gases,True,0.180228,imports
2026-04-01,GERMANY,2711,Petroleum Gases,True,0.005307,imports
2026-04-01,ALGERIA,2711,Petroleum Gases,True,0.0,imports
2026-04-01,LIBYA,2711,Petroleum Gases,True,0.0,imports
2026-04-01,EQUATORIAL GUINEA,2711,Petroleum Gases,True,2.02391,imports
2026-04-01,CAMEROON,2711,Petroleum Gases,True,0.0,imports
2026-04-01,COTE D'IVOIRE,2711,Petroleum Gases,True,0.0,imports
2026-04-01,GHANA,2711,Petroleum Gases,True,0.0,imports
2026-04-01,NIGERIA,2711,Petroleum Gases,True,0.0,imports
2026-04-01,GABON,2711,Petroleum Gases,True,0.0,imports
2026-04-01,ANGOLA,2711,Petroleum Gases,True,0.0,imports
2026-04-01,ITALY,2711,Petroleum Gases,True,0.196087,imports
2026-04-01,SLOVENIA,2711,Petroleum Gases,True,0.009022,imports
2026-04-01,IRAQ,2711,Petroleum Gases,True,0.0,imports
2026-04-01,SAUDI ARABIA,2711,Petroleum Gases,True,0.0,imports
2026-04-01,TOTAL FOR ALL COUNTRIES,2711,Petroleum Gases,True,930.702943,imports
2026-04-01,EUROPEAN UNION,2711,Petroleum Gases,True,0.390644,imports
2026-04-01,NORTH AMERICA,2711,Petroleum Gases,True,890.395807,imports
2026-04-01,EUROPE,2711,Petroleum Gases,True,0.465682,imports
2026-04-01,AFRICA,2711,Petroleum Gases,True,2.02391,imports
2026-04-01,PACIFIC RIM COUNTRIES,2711,Petroleum Gases,True,11.126072,imports
2026-04-01,ASIA,2711,Petroleum Gases,True,11.126072,imports
2026-04-01,USMCA (NAFTA),2711,Petroleum Gases,True,890.395807,imports
2026-04-01,TWENTY LATIN AMERICAN REPUBLICS,2711,Petroleum Gases,True,17.751811,imports
2026-04-01,OECD,2711,Petroleum Gases,True,901.886799,imports
2026-04-01,NATO,2711,Petroleum Gases,True,875.928276,imports
2026-04-01,LAFTA,2711,Petroleum Gases,True,17.751811,imports
2026-04-01,EURO AREA,2711,Petroleum Gases,True,0.390644,imports
2026-04-01,APEC,2711,Petroleum Gases,True,901.521879,imports
2026-04-01,ASEAN,2711,Petroleum Gases,True,0.0,imports
2026-04-01,CANADA,2711,Petroleum Gases,True,875.462594,imports
2026-04-01,MEXICO,2711,Petroleum Gases,True,14.933213,imports
2026-04-01,CENTRAL AMERICA,2711,Petroleum Gases,True,23.872874,imports
2026-04-01,SOUTH AMERICA,2711,Petroleum Gases,True,2.818598,imports
2026-04-01,UNITED ARAB EMIRATES,8708,Motor Vehicle Parts,False,2.510698,imports
2026-04-01,OMAN,8708,Motor Vehicle Parts,False,0.02578,imports
2026-04-01,BAHRAIN,8708,Motor Vehicle Parts,False,0.0,imports
2026-04-01,INDIA,8708,Motor Vehicle Parts,False,146.286114,imports
2026-04-01,PAKISTAN,8708,Motor Vehicle Parts,False,0.583406,imports
2026-04-01,BANGLADESH,8708,Motor Vehicle Parts,False,0.01176,imports
2026-04-01,SRI LANKA,8708,Motor Vehicle Parts,False,0.31811,imports
2026-04-01,BURMA,8708,Motor Vehicle Parts,False,0.050997,imports
2026-04-01,THAILAND,8708,Motor Vehicle Parts,False,154.903417,imports
2026-04-01,VIETNAM,8708,Motor Vehicle Parts,False,71.368921,imports
2026-04-01,CAMBODIA,8708,Motor Vehicle Parts,False,2.291314,imports
2026-04-01,MALAYSIA,8708,Motor Vehicle Parts,False,22.756911,imports
2026-04-01,SINGAPORE,8708,Motor Vehicle Parts,False,1.603952,imports
2026-04-01,INDONESIA,8708,Motor Vehicle Parts,False,18.490248,imports
2026-04-01,PHILIPPINES,8708,Motor Vehicle Parts,False,3.376838,imports
2026-04-01,CHINA,8708,Motor Vehicle Parts,False,518.611623,imports
2026-04-01,MONGOLIA,8708,Motor Vehicle Parts,False,0.006451,imports
2026-04-01,"KOREA, SOUTH",8708,Motor Vehicle Parts,False,529.066344,imports
2026-04-01,HONG KONG,8708,Motor Vehicle Parts,False,0.035005,imports
2026-04-01,TAIWAN,8708,Motor Vehicle Parts,False,138.910475,imports
2026-04-01,JAPAN,8708,Motor Vehicle Parts,False,618.041184,imports
2026-04-01,AUSTRALIA,8708,Motor Vehicle Parts,False,4.211202,imports
2026-04-01,PAPUA NEW GUINEA,8708,Motor Vehicle Parts,False,0.016449,imports
2026-04-01,NEW ZEALAND,8708,Motor Vehicle Parts,False,0.811464,imports
2026-04-01,ST KITTS AND NEVIS,8708,Motor Vehicle Parts,False,0.039219,imports
2026-04-01,COLOMBIA,8708,Motor Vehicle Parts,False,1.339834,imports
2026-04-01,GUYANA,8708,Motor Vehicle Parts,False,0.024651,imports
2026-04-01,SURINAME,8708,Motor Vehicle Parts,False,0.0,imports
2026-04-01,ECUADOR,8708,Motor Vehicle Parts,False,0.0,imports
2026-04-01,PERU,8708,Motor Vehicle Parts,False,0.632653,imports
2026-04-01,CHILE,8708,Motor Vehicle Parts,False,0.279608,imports
2026-04-01,BRAZIL,8708,Motor Vehicle Parts,False,19.405967,imports
2026-04-01,URUGUAY,8708,Motor Vehicle Parts,False,0.00339,imports
2026-04-01,ARGENTINA,8708,Motor Vehicle Parts,False,1.070356,imports
2026-04-01,ICELAND,8708,Motor Vehicle Parts,False,0.0,imports
2026-04-01,SWEDEN,8708,Motor Vehicle Parts,False,10.771717,imports
2026-04-01,NORWAY,8708,Motor Vehicle Parts,False,0.457415,imports
2026-04-01,FINLAND,8708,Motor Vehicle Parts,False,0.804413,imports
2026-04-01,DENMARK,8708,Motor Vehicle Parts,False,1.143208,imports
2026-04-01,UNITED KINGDOM,8708,Motor Vehicle Parts,False,27.831771,imports
2026-04-01,IRELAND,8708,Motor Vehicle Parts,False,0.59094,imports
2026-04-01,NETHERLANDS,8708,Motor Vehicle Parts,False,4.247511,imports
2026-04-01,BELGIUM,8708,Motor Vehicle Parts,False,3.488744,imports
2026-04-01,LUXEMBOURG,8708,Motor Vehicle Parts,False,0.523103,imports
2026-04-01,MONACO,8708,Motor Vehicle Parts,False,0.0,imports
2026-04-01,FRANCE,8708,Motor Vehicle Parts,False,25.399189,imports
2026-04-01,GERMANY,8708,Motor Vehicle Parts,False,426.463219,imports
2026-04-01,AUSTRIA,8708,Motor Vehicle Parts,False,11.480333,imports
2026-04-01,CZECH REPUBLIC,8708,Motor Vehicle Parts,False,28.406587,imports
2026-04-01,MOROCCO,8708,Motor Vehicle Parts,False,28.18276,imports
2026-04-01,TUNISIA,8708,Motor Vehicle Parts,False,0.978719,imports
2026-04-01,EGYPT,8708,Motor Vehicle Parts,False,0.012551,imports
2026-04-01,SENEGAL,8708,Motor Vehicle Parts,False,0.087998,imports
2026-04-01,MALI,8708,Motor Vehicle Parts,False,0.045442,imports
2026-04-01,SIERRA LEONE,8708,Motor Vehicle Parts,False,0.020788,imports
2026-04-01,GHANA,8708,Motor Vehicle Parts,False,0.021999,imports
2026-04-01,LIBERIA,8708,Motor Vehicle Parts,False,0.0,imports
2026-04-01,SLOVAKIA,8708,Motor Vehicle Parts,False,11.0889,imports
2026-04-01,HUNGARY,8708,Motor Vehicle Parts,False,20.19672,imports
2026-04-01,LIECHTENSTEIN,8708,Motor Vehicle Parts,False,1.188581,imports
2026-04-01,SWITZERLAND,8708,Motor Vehicle Parts,False,2.553622,imports
2026-04-01,ESTONIA,8708,Motor Vehicle Parts,False,0.409804,imports
2026-04-01,LATVIA,8708,Motor Vehicle Parts,False,0.549257,imports
2026-04-01,LITHUANIA,8708,Motor Vehicle Parts,False,0.04608,imports
2026-04-01,POLAND,8708,Motor Vehicle Parts,False,48.693375,imports
2026-04-01,RUSSIA,8708,Motor Vehicle Parts,False,0.0,imports
2026-04-01,BELARUS,8708,Motor Vehicle Parts,False,0.0,imports
2026-04-01,UKRAINE,8708,Motor Vehicle Parts,False,0.055148,imports
2026-04-01,GEORGIA,8708,Motor Vehicle Parts,False,0.185218,imports
2026-04-01,KAZAKHSTAN,8708,Motor Vehicle Parts,False,0.073059,imports
2026-04-01,KYRGYZSTAN,8708,Motor Vehicle Parts,False,0.0,imports
2026-04-01,MOLDOVA,8708,Motor Vehicle Parts,False,0.006996,imports
2026-04-01,UZBEKISTAN,8708,Motor Vehicle Parts,False,0.059121,imports
2026-04-01,SPAIN,8708,Motor Vehicle Parts,False,18.499125,imports
2026-04-01,PORTUGAL,8708,Motor Vehicle Parts,False,0.642232,imports
2026-04-01,MALTA,8708,Motor Vehicle Parts,False,0.02187,imports
2026-04-01,ITALY,8708,Motor Vehicle Parts,False,59.717759,imports
2026-04-01,CROATIA,8708,Motor Vehicle Parts,False,0.404102,imports
2026-04-01,SLOVENIA,8708,Motor Vehicle Parts,False,2.509166,imports
2026-04-01,BOSNIA AND HERZEGOVINA,8708,Motor Vehicle Parts,False,0.790199,imports
2026-04-01,MACEDONIA,8708,Motor Vehicle Parts,False,1.349154,imports
2026-04-01,SERBIA,8708,Motor Vehicle Parts,False,8.780846,imports
2026-04-01,KOSOVO,8708,Motor Vehicle Parts,False,0.0,imports
2026-04-01,MONTENEGRO,8708,Motor Vehicle Parts,False,0.0,imports
2026-04-01,ALBANIA,8708,Motor Vehicle Parts,False,0.020202,imports
2026-04-01,GREECE,8708,Motor Vehicle Parts,False,0.013508,imports
2026-04-01,ROMANIA,8708,Motor Vehicle Parts,False,23.265963,imports
2026-04-01,BULGARIA,8708,Motor Vehicle Parts,False,1.961713,imports
2026-04-01,TURKEY,8708,Motor Vehicle Parts,False,55.935885,imports
2026-04-01,CYPRUS,8708,Motor Vehicle Parts,False,0.0,imports
2026-04-01,LEBANON,8708,Motor Vehicle Parts,False,0.0,imports
2026-04-01,ISRAEL,8708,Motor Vehicle Parts,False,1.798895,imports
2026-04-01,JORDAN,8708,Motor Vehicle Parts,False,1.154597,imports
2026-04-01,SAUDI ARABIA,8708,Motor Vehicle Parts,False,0.049469,imports
2026-04-01,TOTAL FOR ALL COUNTRIES,8708,Motor Vehicle Parts,False,7100.175643,imports
2026-04-01,EUROPEAN UNION,8708,Motor Vehicle Parts,False,701.338538,imports
2026-04-01,NORTH AMERICA,8708,Motor Vehicle Parts,False,3997.582892,imports
2026-04-01,EUROPE,8708,Motor Vehicle Parts,False,800.625755,imports
2026-04-01,AFRICA,8708,Motor Vehicle Parts,False,34.378642,imports
2026-04-01,PACIFIC RIM COUNTRIES,8708,Motor Vehicle Parts,False,1855.931695,imports
2026-04-01,ASIA,8708,Motor Vehicle Parts,False,2232.252509,imports
2026-04-01,CAFTA-DR,8708,Motor Vehicle Parts,False,7.501052,imports
2026-04-01,AUSTRALIA AND OCEANIA,8708,Motor Vehicle Parts,False,5.039115,imports
2026-04-01,USMCA (NAFTA),8708,Motor Vehicle Parts,False,3997.582892,imports
2026-04-01,TWENTY LATIN AMERICAN REPUBLICS,8708,Motor Vehicle Parts,False,3072.816755,imports
2026-04-01,OECD,8708,Motor Vehicle Parts,False,5916.429944,imports
2026-04-01,NATO,8708,Motor Vehicle Parts,False,1729.838819,imports
2026-04-01,LAFTA,8708,Motor Vehicle Parts,False,3065.315703,imports
2026-04-01,EURO AREA,8708,Motor Vehicle Parts,False,568.860968,imports
2026-04-01,APEC,8708,Motor Vehicle Parts,False,6080.699186,imports
2026-04-01,ASEAN,8708,Motor Vehicle Parts,False,274.842598,imports
2026-04-01,CACM,8708,Motor Vehicle Parts,False,3.521811,imports
2026-04-01,CANADA,8708,Motor Vehicle Parts,False,954.998997,imports
2026-04-01,MEXICO,8708,Motor Vehicle Parts,False,3042.583895,imports
2026-04-01,GUATEMALA,8708,Motor Vehicle Parts,False,0.0,imports
2026-04-01,EL SALVADOR,8708,Motor Vehicle Parts,False,0.0,imports
2026-04-01,HONDURAS,8708,Motor Vehicle Parts,False,2.686873,imports
2026-04-01,COSTA RICA,8708,Motor Vehicle Parts,False,0.834938,imports
2026-04-01,PANAMA,8708,Motor Vehicle Parts,False,0.0,imports
2026-04-01,JAMAICA,8708,Motor Vehicle Parts,False,0.0,imports
2026-04-01,DOMINICAN REPUBLIC,8708,Motor Vehicle Parts,False,3.979241,imports
2026-04-01,TANZANIA,8708,Motor Vehicle Parts,False,0.0,imports
2026-04-01,MOZAMBIQUE,8708,Motor Vehicle Parts,False,0.101476,imports
2026-04-01,SOUTH AFRICA,8708,Motor Vehicle Parts,False,4.856108,imports
2026-04-01,NAMIBIA,8708,Motor Vehicle Parts,False,0.038776,imports
2026-04-01,BOTSWANA,8708,Motor Vehicle Parts,False,0.009373,imports
2026-04-01,ZAMBIA,8708,Motor Vehicle Parts,False,0.022652,imports
2026-04-01,CENTRAL AMERICA,8708,Motor Vehicle Parts,False,7.540271,imports
2026-04-01,SOUTH AMERICA,8708,Motor Vehicle Parts,False,22.756459,imports
2026-05-01,UNITED ARAB EMIRATES,8542,Electronic Integrated Circuits,True,0.033211,imports
2026-05-01,AFGHANISTAN,8542,Electronic Integrated Circuits,True,0.0,imports
2026-05-01,INDIA,8542,Electronic Integrated Circuits,True,1.099112,imports
2026-05-01,NEPAL,8542,Electronic Integrated Circuits,True,0.0,imports
2026-05-01,SRI LANKA,8542,Electronic Integrated Circuits,True,0.059857,imports
2026-05-01,BURMA,8542,Electronic Integrated Circuits,True,0.0,imports
2026-05-01,THAILAND,8542,Electronic Integrated Circuits,True,82.745756,imports
2026-05-01,VIETNAM,8542,Electronic Integrated Circuits,True,267.531916,imports
2026-05-01,LAOS,8542,Electronic Integrated Circuits,True,0.0048,imports
2026-05-01,CAMBODIA,8542,Electronic Integrated Circuits,True,0.165927,imports
2026-05-01,MALAYSIA,8542,Electronic Integrated Circuits,True,552.854213,imports
2026-05-01,SINGAPORE,8542,Electronic Integrated Circuits,True,59.657539,imports
2026-05-01,INDONESIA,8542,Electronic Integrated Circuits,True,0.961403,imports
2026-05-01,PHILIPPINES,8542,Electronic Integrated Circuits,True,68.730334,imports
2026-05-01,MACAU,8542,Electronic Integrated Circuits,True,0.0,imports
2026-05-01,MALDIVES,8542,Electronic Integrated Circuits,True,0.0,imports
2026-05-01,CHINA,8542,Electronic Integrated Circuits,True,113.7362,imports
2026-05-01,"KOREA, SOUTH",8542,Electronic Integrated Circuits,True,354.895524,imports
2026-05-01,HONG KONG,8542,Electronic Integrated Circuits,True,2.2567,imports
2026-05-01,TAIWAN,8542,Electronic Integrated Circuits,True,1796.879063,imports
2026-05-01,JAPAN,8542,Electronic Integrated Circuits,True,199.285302,imports
2026-05-01,AUSTRALIA,8542,Electronic Integrated Circuits,True,0.235408,imports
2026-05-01,NEW ZEALAND,8542,Electronic Integrated Circuits,True,0.01523,imports
2026-05-01,COLOMBIA,8542,Electronic Integrated Circuits,True,0.166256,imports
2026-05-01,VENEZUELA,8542,Electronic Integrated Circuits,True,0.528324,imports
2026-05-01,SURINAME,8542,Electronic Integrated Circuits,True,0.0,imports
2026-05-01,ECUADOR,8542,Electronic Integrated Circuits,True,0.096494,imports
2026-05-01,PERU,8542,Electronic Integrated Circuits,True,0.0,imports
2026-05-01,CHILE,8542,Electronic Integrated Circuits,True,0.0,imports
2026-05-01,BRAZIL,8542,Electronic Integrated Circuits,True,2.201144,imports
2026-05-01,ARGENTINA,8542,Electronic Integrated Circuits,True,0.0704,imports
2026-05-01,ICELAND,8542,Electronic Integrated Circuits,True,0.002886,imports
2026-05-01,SWEDEN,8542,Electronic Integrated Circuits,True,0.781635,imports
2026-05-01,NORWAY,8542,Electronic Integrated Circuits,True,0.341065,imports
2026-05-01,FINLAND,8542,Electronic Integrated Circuits,True,0.049008,imports
2026-05-01,FAROE ISLANDS,8542,Electronic Integrated Circuits,True,0.0,imports
2026-05-01,DENMARK,8542,Electronic Integrated Circuits,True,0.465829,imports
2026-05-01,UNITED KINGDOM,8542,Electronic Integrated Circuits,True,6.942879,imports
2026-05-01,IRELAND,8542,Electronic Integrated Circuits,True,360.257271,imports
2026-05-01,NETHERLANDS,8542,Electronic Integrated Circuits,True,8.216025,imports
2026-05-01,BELGIUM,8542,Electronic Integrated Circuits,True,1.205294,imports
2026-05-01,FRANCE,8542,Electronic Integrated Circuits,True,49.294801,imports
2026-05-01,GERMANY,8542,Electronic Integrated Circuits,True,62.736402,imports
2026-05-01,AUSTRIA,8542,Electronic Integrated Circuits,True,6.606933,imports
2026-05-01,CZECH REPUBLIC,8542,Electronic Integrated Circuits,True,1.182291,imports
2026-05-01,MARSHALL ISLANDS,8542,Electronic Integrated Circuits,True,0.0,imports
2026-05-01,MOROCCO,8542,Electronic Integrated Circuits,True,0.259811,imports
2026-05-01,EGYPT,8542,Electronic Integrated Circuits,True,0.0,imports
2026-05-01,CAMEROON,8542,Electronic Integrated Circuits,True,0.0,imports
2026-05-01,SENEGAL,8542,Electronic Integrated Circuits,True,0.0,imports
2026-05-01,MALI,8542,Electronic Integrated Circuits,True,0.002054,imports
2026-05-01,SIERRA LEONE,8542,Electronic Integrated Circuits,True,0.0,imports
2026-05-01,NIGER,8542,Electronic Integrated Circuits,True,0.008283,imports
2026-05-01,BENIN,8542,Electronic Integrated Circuits,True,0.0,imports
2026-05-01,RWANDA,8542,Electronic Integrated Circuits,True,0.0,imports
2026-05-01,ETHIOPIA,8542,Electronic Integrated Circuits,True,0.0,imports
2026-05-01,SLOVAKIA,8542,Electronic Integrated Circuits,True,0.229272,imports
2026-05-01,HUNGARY,8542,Electronic Integrated Circuits,True,1.323089,imports
2026-05-01,SWITZERLAND,8542,Electronic Integrated Circuits,True,4.007168,imports
2026-05-01,ESTONIA,8542,Electronic Integrated Circuits,True,0.0,imports
2026-05-01,LATVIA,8542,Electronic Integrated Circuits,True,0.027378,imports
2026-05-01,LITHUANIA,8542,Electronic Integrated Circuits,True,0.77979,imports
2026-05-01,POLAND,8542,Electronic Integrated Circuits,True,0.500341,imports
2026-05-01,UKRAINE,8542,Electronic Integrated Circuits,True,0.002913,imports
2026-05-01,GEORGIA,8542,Electronic Integrated Circuits,True,0.0,imports
2026-05-01,SPAIN,8542,Electronic Integrated Circuits,True,0.417557,imports
2026-05-01,PORTUGAL,8542,Electronic Integrated Circuits,True,0.119182,imports
2026-05-01,MALTA,8542,Electronic Integrated Circuits,True,5.752618,imports
2026-05-01,SAN MARINO,8542,Electronic Integrated Circuits,True,0.00291,imports
2026-05-01,ITALY,8542,Electronic Integrated Circuits,True,10.511069,imports
2026-05-01,CROATIA,8542,Electronic Integrated Circuits,True,0.045901,imports
2026-05-01,SLOVENIA,8542,Electronic Integrated Circuits,True,0.044332,imports
2026-05-01,SERBIA,8542,Electronic Integrated Circuits,True,0.01464,imports
2026-05-01,MONTENEGRO,8542,Electronic Integrated Circuits,True,0.0,imports
2026-05-01,ALBANIA,8542,Electronic Integrated Circuits,True,0.0,imports
2026-05-01,GREECE,8542,Electronic Integrated Circuits,True,0.576832,imports
2026-05-01,ROMANIA,8542,Electronic Integrated Circuits,True,0.117042,imports
2026-05-01,BULGARIA,8542,Electronic Integrated Circuits,True,0.148548,imports
2026-05-01,TURKEY,8542,Electronic Integrated Circuits,True,2.600328,imports
2026-05-01,CYPRUS,8542,Electronic Integrated Circuits,True,0.002068,imports
2026-05-01,ISRAEL,8542,Electronic Integrated Circuits,True,382.567768,imports
2026-05-01,JORDAN,8542,Electronic Integrated Circuits,True,0.0,imports
2026-05-01,SAUDI ARABIA,8542,Electronic Integrated Circuits,True,0.0,imports
2026-05-01,TOTAL FOR ALL COUNTRIES,8542,Electronic Integrated Circuits,True,4476.331643,imports
2026-05-01,EUROPEAN UNION,8542,Electronic Integrated Circuits,True,511.390508,imports
2026-05-01,NORTH AMERICA,8542,Electronic Integrated Circuits,True,28.416826,imports
2026-05-01,EUROPE,8542,Electronic Integrated Circuits,True,525.305297,imports
2026-05-01,AFRICA,8542,Electronic Integrated Circuits,True,0.407257,imports
2026-05-01,PACIFIC RIM COUNTRIES,8542,Electronic Integrated Circuits,True,3149.506916,imports
2026-05-01,ASIA,8542,Electronic Integrated Circuits,True,3883.464625,imports
2026-05-01,CAFTA-DR,8542,Electronic Integrated Circuits,True,35.366467,imports
2026-05-01,AUSTRALIA AND OCEANIA,8542,Electronic Integrated Circuits,True,0.250638,imports
2026-05-01,USMCA (NAFTA),8542,Electronic Integrated Circuits,True,28.416826,imports
2026-05-01,TWENTY LATIN AMERICAN REPUBLICS,8542,Electronic Integrated Circuits,True,56.280702,imports
2026-05-01,OECD,8542,Electronic Integrated Circuits,True,1519.577315,imports
2026-05-01,NATO,8542,Electronic Integrated Circuits,True,159.223985,imports
2026-05-01,LAFTA,8542,Electronic Integrated Circuits,True,20.914235,imports
2026-05-01,EURO AREA,8542,Electronic Integrated Circuits,True,507.020281,imports
2026-05-01,APEC,8542,Electronic Integrated Circuits,True,3528.201414,imports
2026-05-01,ASEAN,8542,Electronic Integrated Circuits,True,1032.651888,imports
2026-05-01,CACM,8542,Electronic Integrated Circuits,True,35.252901,imports
2026-05-01,CANADA,8542,Electronic Integrated Circuits,True,10.565209,imports
2026-05-01,MEXICO,8542,Electronic Integrated Circuits,True,17.851617,imports
2026-05-01,GUATEMALA,8542,Electronic Integrated Circuits,True,0.27439,imports
2026-05-01,EL SALVADOR,8542,Electronic Integrated Circuits,True,0.202167,imports
2026-05-01,HONDURAS,8542,Electronic Integrated Circuits,True,0.0,imports
2026-05-01,COSTA RICA,8542,Electronic Integrated Circuits,True,34.776344,imports
2026-05-01,PANAMA,8542,Electronic Integrated Circuits,True,0.0,imports
2026-05-01,TURKS AND CAICOS ISLANDS,8542,Electronic Integrated Circuits,True,0.050985,imports
2026-05-01,CAYMAN ISLANDS,8542,Electronic Integrated Circuits,True,0.00693,imports
2026-05-01,DOMINICAN REPUBLIC,8542,Electronic Integrated Circuits,True,0.113566,imports
2026-05-01,MAURITIUS,8542,Electronic Integrated Circuits,True,0.021395,imports
2026-05-01,SOUTH AFRICA,8542,Electronic Integrated Circuits,True,0.115714,imports
2026-05-01,NAMIBIA,8542,Electronic Integrated Circuits,True,0.0,imports
2026-05-01,MALAWI,8542,Electronic Integrated Circuits,True,0.0,imports
2026-05-01,CENTRAL AMERICA,8542,Electronic Integrated Circuits,True,35.424382,imports
2026-05-01,SOUTH AMERICA,8542,Electronic Integrated Circuits,True,3.062618,imports
2026-05-01,UNITED ARAB EMIRATES,8703,Motor Cars & Vehicles,False,0.0,imports
2026-05-01,YEMEN,8703,Motor Cars & Vehicles,False,0.0,imports
2026-05-01,OMAN,8703,Motor Cars & Vehicles,False,0.0,imports
2026-05-01,INDIA,8703,Motor Cars & Vehicles,False,0.374904,imports
2026-05-01,THAILAND,8703,Motor Cars & Vehicles,False,9.62494,imports
2026-05-01,VIETNAM,8703,Motor Cars & Vehicles,False,18.379297,imports
2026-05-01,CAMBODIA,8703,Motor Cars & Vehicles,False,0.36236,imports
2026-05-01,MALAYSIA,8703,Motor Cars & Vehicles,False,0.152712,imports
2026-05-01,SINGAPORE,8703,Motor Cars & Vehicles,False,6.22216,imports
2026-05-01,INDONESIA,8703,Motor Cars & Vehicles,False,0.0,imports
2026-05-01,CHINA,8703,Motor Cars & Vehicles,False,181.172975,imports
2026-05-01,"KOREA, SOUTH",8703,Motor Cars & Vehicles,False,2527.050393,imports
2026-05-01,TAIWAN,8703,Motor Cars & Vehicles,False,8.974494,imports
2026-05-01,JAPAN,8703,Motor Cars & Vehicles,False,2819.67666,imports
2026-05-01,AUSTRALIA,8703,Motor Cars & Vehicles,False,0.0,imports
2026-05-01,NEW ZEALAND,8703,Motor Cars & Vehicles,False,0.045728,imports
2026-05-01,COLOMBIA,8703,Motor Cars & Vehicles,False,0.04824,imports
2026-05-01,VENEZUELA,8703,Motor Cars & Vehicles,False,0.0,imports
2026-05-01,ECUADOR,8703,Motor Cars & Vehicles,False,0.0,imports
2026-05-01,BRAZIL,8703,Motor Cars & Vehicles,False,0.755449,imports
2026-05-01,ARGENTINA,8703,Motor Cars & Vehicles,False,0.0,imports
2026-05-01,SWEDEN,8703,Motor Cars & Vehicles,False,403.706101,imports
2026-05-01,FINLAND,8703,Motor Cars & Vehicles,False,0.004232,imports
2026-05-01,DENMARK,8703,Motor Cars & Vehicles,False,0.0,imports
2026-05-01,UNITED KINGDOM,8703,Motor Cars & Vehicles,False,596.531423,imports
2026-05-01,IRELAND,8703,Motor Cars & Vehicles,False,0.0,imports
2026-05-01,NETHERLANDS,8703,Motor Cars & Vehicles,False,0.109522,imports
2026-05-01,BELGIUM,8703,Motor Cars & Vehicles,False,96.457556,imports
2026-05-01,FRANCE,8703,Motor Cars & Vehicles,False,31.400263,imports
2026-05-01,GERMANY,8703,Motor Cars & Vehicles,False,1730.14379,imports
2026-05-01,AUSTRIA,8703,Motor Cars & Vehicles,False,198.680615,imports
2026-05-01,CZECH REPUBLIC,8703,Motor Cars & Vehicles,False,0.059854,imports
2026-05-01,MOROCCO,8703,Motor Cars & Vehicles,False,0.0,imports
2026-05-01,SLOVAKIA,8703,Motor Cars & Vehicles,False,405.583466,imports
2026-05-01,HUNGARY,8703,Motor Cars & Vehicles,False,75.642817,imports
2026-05-01,LATVIA,8703,Motor Cars & Vehicles,False,0.0,imports
2026-05-01,POLAND,8703,Motor Cars & Vehicles,False,0.408202,imports
2026-05-01,RUSSIA,8703,Motor Cars & Vehicles,False,0.0,imports
2026-05-01,UKRAINE,8703,Motor Cars & Vehicles,False,0.0,imports
2026-05-01,ARMENIA,8703,Motor Cars & Vehicles,False,0.0,imports
2026-05-01,KAZAKHSTAN,8703,Motor Cars & Vehicles,False,0.028281,imports
2026-05-01,SPAIN,8703,Motor Cars & Vehicles,False,0.038766,imports
2026-05-01,PORTUGAL,8703,Motor Cars & Vehicles,False,0.0,imports
2026-05-01,ITALY,8703,Motor Cars & Vehicles,False,164.975063,imports
2026-05-01,SERBIA,8703,Motor Cars & Vehicles,False,0.0,imports
2026-05-01,ROMANIA,8703,Motor Cars & Vehicles,False,0.035319,imports
2026-05-01,TURKEY,8703,Motor Cars & Vehicles,False,0.246111,imports
2026-05-01,SAUDI ARABIA,8703,Motor Cars & Vehicles,False,0.0,imports
2026-05-01,TOTAL FOR ALL COUNTRIES,8703,Motor Cars & Vehicles,False,15100.9718,imports
2026-05-01,EUROPEAN UNION,8703,Motor Cars & Vehicles,False,3107.245566,imports
2026-05-01,NORTH AMERICA,8703,Motor Cars & Vehicles,False,5749.615392,imports
2026-05-01,EUROPE,8703,Motor Cars & Vehicles,False,3704.051381,imports
2026-05-01,AFRICA,8703,Motor Cars & Vehicles,False,74.464715,imports
2026-05-01,PACIFIC RIM COUNTRIES,8703,Motor Cars & Vehicles,False,5543.295122,imports
2026-05-01,ASIA,8703,Motor Cars & Vehicles,False,5571.990895,imports
2026-05-01,AUSTRALIA AND OCEANIA,8703,Motor Cars & Vehicles,False,0.045728,imports
2026-05-01,USMCA (NAFTA),8703,Motor Cars & Vehicles,False,5749.615392,imports
2026-05-01,TWENTY LATIN AMERICAN REPUBLICS,8703,Motor Cars & Vehicles,False,3567.106427,imports
2026-05-01,OECD,8703,Motor Cars & Vehicles,False,14800.424194,imports
2026-05-01,NATO,8703,Motor Cars & Vehicles,False,5688.655139,imports
2026-05-01,LAFTA,8703,Motor Cars & Vehicles,False,3567.106427,imports
2026-05-01,EURO AREA,8703,Motor Cars & Vehicles,False,2627.393273,imports
2026-05-01,APEC,8703,Motor Cars & Vehicles,False,11320.914751,imports
2026-05-01,ASEAN,8703,Motor Cars & Vehicles,False,34.741469,imports
2026-05-01,CANADA,8703,Motor Cars & Vehicles,False,2183.312654,imports
2026-05-01,MEXICO,8703,Motor Cars & Vehicles,False,3566.302738,imports
2026-05-01,SOUTH AFRICA,8703,Motor Cars & Vehicles,False,74.464715,imports
2026-05-01,NAMIBIA,8703,Motor Cars & Vehicles,False,0.0,imports
2026-05-01,SOUTH AMERICA,8703,Motor Cars & Vehicles,False,0.803689,imports
2026-05-01,INDIA,2709,Crude Petroleum Oils,True,0.0,imports
2026-05-01,CHINA,2709,Crude Petroleum Oils,True,0.0,imports
2026-05-01,TRINIDAD AND TOBAGO,2709,Crude Petroleum Oils,True,109.159621,imports
2026-05-01,COLOMBIA,2709,Crude Petroleum Oils,True,496.269029,imports
2026-05-01,VENEZUELA,2709,Crude Petroleum Oils,True,1296.824135,imports
2026-05-01,GUYANA,2709,Crude Petroleum Oils,True,783.753255,imports
2026-05-01,ECUADOR,2709,Crude Petroleum Oils,True,460.823769,imports
2026-05-01,PERU,2709,Crude Petroleum Oils,True,0.0,imports
2026-05-01,BRAZIL,2709,Crude Petroleum Oils,True,400.853617,imports
2026-05-01,ARGENTINA,2709,Crude Petroleum Oils,True,241.700461,imports
2026-05-01,NORWAY,2709,Crude Petroleum Oils,True,0.01174,imports
2026-05-01,UNITED KINGDOM,2709,Crude Petroleum Oils,True,128.97011,imports
2026-05-01,ALGERIA,2709,Crude Petroleum Oils,True,52.957922,imports
2026-05-01,LIBYA,2709,Crude Petroleum Oils,True,77.291318,imports
2026-05-01,CAMEROON,2709,Crude Petroleum Oils,True,20.386289,imports
2026-05-01,COTE D'IVOIRE,2709,Crude Petroleum Oils,True,0.0,imports
2026-05-01,GHANA,2709,Crude Petroleum Oils,True,86.113075,imports
2026-05-01,NIGERIA,2709,Crude Petroleum Oils,True,308.158934,imports
2026-05-01,GABON,2709,Crude Petroleum Oils,True,0.0,imports
2026-05-01,ANGOLA,2709,Crude Petroleum Oils,True,0.0,imports
2026-05-01,DEMOCRATIC REPUBLIC OF THE CONGO,2709,Crude Petroleum Oils,True,0.0,imports
2026-05-01,IRAQ,2709,Crude Petroleum Oils,True,185.855423,imports
2026-05-01,ISRAEL,2709,Crude Petroleum Oils,True,0.0,imports
2026-05-01,KUWAIT,2709,Crude Petroleum Oils,True,17.196268,imports
2026-05-01,SAUDI ARABIA,2709,Crude Petroleum Oils,True,397.196442,imports
2026-05-01,TOTAL FOR ALL COUNTRIES,2709,Crude Petroleum Oils,True,15156.298648,imports
2026-05-01,NORTH AMERICA,2709,Crude Petroleum Oils,True,10089.217684,imports
2026-05-01,EUROPE,2709,Crude Petroleum Oils,True,128.98185,imports
2026-05-01,AFRICA,2709,Crude Petroleum Oils,True,544.907538,imports
2026-05-01,PACIFIC RIM COUNTRIES,2709,Crude Petroleum Oils,True,0.0,imports
2026-05-01,ASIA,2709,Crude Petroleum Oils,True,600.248133,imports
2026-05-01,CAFTA-DR,2709,Crude Petroleum Oils,True,3.559556,imports
2026-05-01,USMCA (NAFTA),2709,Crude Petroleum Oils,True,10089.217684,imports
2026-05-01,TWENTY LATIN AMERICAN REPUBLICS,2709,Crude Petroleum Oils,True,3661.553958,imports
2026-05-01,OECD,2709,Crude Petroleum Oils,True,10714.468563,imports
2026-05-01,NATO,2709,Crude Petroleum Oils,True,9456.676143,imports
2026-05-01,LAFTA,2709,Crude Petroleum Oils,True,3657.994402,imports
2026-05-01,APEC,2709,Crude Petroleum Oils,True,10089.217684,imports
2026-05-01,CACM,2709,Crude Petroleum Oils,True,3.559556,imports
2026-05-01,CANADA,2709,Crude Petroleum Oils,True,9327.694293,imports
2026-05-01,MEXICO,2709,Crude Petroleum Oils,True,761.523391,imports
2026-05-01,GUATEMALA,2709,Crude Petroleum Oils,True,3.559556,imports
2026-05-01,CENTRAL AMERICA,2709,Crude Petroleum Oils,True,112.719177,imports
2026-05-01,SOUTH AMERICA,2709,Crude Petroleum Oils,True,3680.224266,imports
2026-05-01,UNITED ARAB EMIRATES,3004,Medicaments Packaged,True,0.0,imports
2026-05-01,INDIA,3004,Medicaments Packaged,True,911.993326,imports
2026-05-01,PAKISTAN,3004,Medicaments Packaged,True,0.0,imports
2026-05-01,BANGLADESH,3004,Medicaments Packaged,True,1.860211,imports
2026-05-01,SRI LANKA,3004,Medicaments Packaged,True,0.02281,imports
2026-05-01,THAILAND,3004,Medicaments Packaged,True,0.77546,imports
2026-05-01,VIETNAM,3004,Medicaments Packaged,True,0.02102,imports
2026-05-01,MALAYSIA,3004,Medicaments Packaged,True,9.211594,imports
2026-05-01,SINGAPORE,3004,Medicaments Packaged,True,202.133061,imports
2026-05-01,INDONESIA,3004,Medicaments Packaged,True,0.0,imports
2026-05-01,MACAU,3004,Medicaments Packaged,True,0.975535,imports
2026-05-01,CHINA,3004,Medicaments Packaged,True,569.959779,imports
2026-05-01,"KOREA, SOUTH",3004,Medicaments Packaged,True,10.228328,imports
2026-05-01,HONG KONG,3004,Medicaments Packaged,True,0.0,imports
2026-05-01,TAIWAN,3004,Medicaments Packaged,True,13.335305,imports
2026-05-01,JAPAN,3004,Medicaments Packaged,True,174.737379,imports
2026-05-01,AUSTRALIA,3004,Medicaments Packaged,True,4.575498,imports
2026-05-01,NEW ZEALAND,3004,Medicaments Packaged,True,0.305033,imports
2026-05-01,COLOMBIA,3004,Medicaments Packaged,True,0.142172,imports
2026-05-01,CHILE,3004,Medicaments Packaged,True,0.231258,imports
2026-05-01,BRAZIL,3004,Medicaments Packaged,True,3.07965,imports
2026-05-01,ARGENTINA,3004,Medicaments Packaged,True,0.773601,imports
2026-05-01,SWEDEN,3004,Medicaments Packaged,True,17.863046,imports
2026-05-01,NORWAY,3004,Medicaments Packaged,True,0.0,imports
2026-05-01,FINLAND,3004,Medicaments Packaged,True,163.136532,imports
2026-05-01,DENMARK,3004,Medicaments Packaged,True,35.610498,imports
2026-05-01,UNITED KINGDOM,3004,Medicaments Packaged,True,427.935393,imports
2026-05-01,IRELAND,3004,Medicaments Packaged,True,1259.118292,imports
2026-05-01,NETHERLANDS,3004,Medicaments Packaged,True,39.868971,imports
2026-05-01,BELGIUM,3004,Medicaments Packaged,True,39.637058,imports
2026-05-01,FRANCE,3004,Medicaments Packaged,True,347.909777,imports
2026-05-01,GERMANY,3004,Medicaments Packaged,True,273.391171,imports
2026-05-01,AUSTRIA,3004,Medicaments Packaged,True,76.032035,imports
2026-05-01,CZECH REPUBLIC,3004,Medicaments Packaged,True,12.319457,imports
2026-05-01,EGYPT,3004,Medicaments Packaged,True,0.0,imports
2026-05-01,HUNGARY,3004,Medicaments Packaged,True,4.056483,imports
2026-05-01,SWITZERLAND,3004,Medicaments Packaged,True,1195.767087,imports
2026-05-01,LATVIA,3004,Medicaments Packaged,True,0.0,imports
2026-05-01,LITHUANIA,3004,Medicaments Packaged,True,0.0,imports
2026-05-01,POLAND,3004,Medicaments Packaged,True,1.145907,imports
2026-05-01,RUSSIA,3004,Medicaments Packaged,True,0.1056,imports
2026-05-01,SPAIN,3004,Medicaments Packaged,True,47.890711,imports
2026-05-01,PORTUGAL,3004,Medicaments Packaged,True,50.953927,imports
2026-05-01,MALTA,3004,Medicaments Packaged,True,0.232762,imports
2026-05-01,ITALY,3004,Medicaments Packaged,True,462.358129,imports
2026-05-01,CROATIA,3004,Medicaments Packaged,True,10.126298,imports
2026-05-01,SLOVENIA,3004,Medicaments Packaged,True,153.604083,imports
2026-05-01,GREECE,3004,Medicaments Packaged,True,1.096143,imports
2026-05-01,ROMANIA,3004,Medicaments Packaged,True,1.883004,imports
2026-05-01,BULGARIA,3004,Medicaments Packaged,True,1.473419,imports
2026-05-01,TURKEY,3004,Medicaments Packaged,True,1.096855,imports
2026-05-01,ISRAEL,3004,Medicaments Packaged,True,228.392954,imports
2026-05-01,JORDAN,3004,Medicaments Packaged,True,3.56413,imports
2026-05-01,TOTAL FOR ALL COUNTRIES,3004,Medicaments Packaged,True,7037.612699,imports
2026-05-01,EUROPEAN UNION,3004,Medicaments Packaged,True,2999.707703,imports
2026-05-01,NORTH AMERICA,3004,Medicaments Packaged,True,274.304789,imports
2026-05-01,EUROPE,3004,Medicaments Packaged,True,4624.612638,imports
2026-05-01,AFRICA,3004,Medicaments Packaged,True,0.047033,imports
2026-05-01,PACIFIC RIM COUNTRIES,3004,Medicaments Packaged,True,985.461512,imports
2026-05-01,ASIA,3004,Medicaments Packaged,True,2127.210892,imports
2026-05-01,CAFTA-DR,3004,Medicaments Packaged,True,2.330135,imports
2026-05-01,AUSTRALIA AND OCEANIA,3004,Medicaments Packaged,True,4.880531,imports
2026-05-01,USMCA (NAFTA),3004,Medicaments Packaged,True,274.304789,imports
2026-05-01,TWENTY LATIN AMERICAN REPUBLICS,3004,Medicaments Packaged,True,51.667925,imports
2026-05-01,OECD,3004,Medicaments Packaged,True,5303.744679,imports
2026-05-01,NATO,3004,Medicaments Packaged,True,2322.550542,imports
2026-05-01,LAFTA,3004,Medicaments Packaged,True,49.33779,imports
2026-05-01,EURO AREA,3004,Medicaments Packaged,True,2926.829308,imports
2026-05-01,APEC,3004,Medicaments Packaged,True,1259.924104,imports
2026-05-01,ASEAN,3004,Medicaments Packaged,True,212.141135,imports
2026-05-01,CACM,3004,Medicaments Packaged,True,2.326235,imports
2026-05-01,CANADA,3004,Medicaments Packaged,True,229.19368,imports
2026-05-01,MEXICO,3004,Medicaments Packaged,True,45.111109,imports
2026-05-01,GUATEMALA,3004,Medicaments Packaged,True,0.006078,imports
2026-05-01,EL SALVADOR,3004,Medicaments Packaged,True,1.548443,imports
2026-05-01,HONDURAS,3004,Medicaments Packaged,True,0.736001,imports
2026-05-01,COSTA RICA,3004,Medicaments Packaged,True,0.035713,imports
2026-05-01,DOMINICAN REPUBLIC,3004,Medicaments Packaged,True,0.0039,imports
2026-05-01,SOUTH AFRICA,3004,Medicaments Packaged,True,0.047033,imports
2026-05-01,ZIMBABWE,3004,Medicaments Packaged,True,0.0,imports
2026-05-01,CENTRAL AMERICA,3004,Medicaments Packaged,True,2.330135,imports
2026-05-01,SOUTH AMERICA,3004,Medicaments Packaged,True,4.226681,imports
2026-05-01,UNITED ARAB EMIRATES,8517,Telephone Sets & Network Equipment,True,0.559142,imports
2026-05-01,AFGHANISTAN,8517,Telephone Sets & Network Equipment,True,0.0,imports
2026-05-01,INDIA,8517,Telephone Sets & Network Equipment,True,2770.070575,imports
2026-05-01,PAKISTAN,8517,Telephone Sets & Network Equipment,True,0.006712,imports
2026-05-01,SRI LANKA,8517,Telephone Sets & Network Equipment,True,0.062583,imports
2026-05-01,BURMA,8517,Telephone Sets & Network Equipment,True,0.0,imports
2026-05-01,THAILAND,8517,Telephone Sets & Network Equipment,True,2676.375462,imports
2026-05-01,VIETNAM,8517,Telephone Sets & Network Equipment,True,3403.394845,imports
2026-05-01,LAOS,8517,Telephone Sets & Network Equipment,True,0.947729,imports
2026-05-01,CAMBODIA,8517,Telephone Sets & Network Equipment,True,3.296001,imports
2026-05-01,MALAYSIA,8517,Telephone Sets & Network Equipment,True,748.336967,imports
2026-05-01,SINGAPORE,8517,Telephone Sets & Network Equipment,True,33.666514,imports
2026-05-01,INDONESIA,8517,Telephone Sets & Network Equipment,True,128.586939,imports
2026-05-01,PHILIPPINES,8517,Telephone Sets & Network Equipment,True,116.823495,imports
2026-05-01,CHINA,8517,Telephone Sets & Network Equipment,True,1809.92669,imports
2026-05-01,"KOREA, SOUTH",8517,Telephone Sets & Network Equipment,True,48.410415,imports
2026-05-01,HONG KONG,8517,Telephone Sets & Network Equipment,True,3.569349,imports
2026-05-01,TAIWAN,8517,Telephone Sets & Network Equipment,True,1282.592516,imports
2026-05-01,JAPAN,8517,Telephone Sets & Network Equipment,True,39.836485,imports
2026-05-01,AUSTRALIA,8517,Telephone Sets & Network Equipment,True,6.84604,imports
2026-05-01,PAPUA NEW GUINEA,8517,Telephone Sets & Network Equipment,True,0.0,imports
2026-05-01,NEW ZEALAND,8517,Telephone Sets & Network Equipment,True,3.422246,imports
2026-05-01,FRENCH POLYNESIA,8517,Telephone Sets & Network Equipment,True,0.0,imports
2026-05-01,ST KITTS AND NEVIS,8517,Telephone Sets & Network Equipment,True,0.0,imports
2026-05-01,ANTIGUA AND BARBUDA,8517,Telephone Sets & Network Equipment,True,0.00296,imports
2026-05-01,ST LUCIA,8517,Telephone Sets & Network Equipment,True,0.0,imports
2026-05-01,TRINIDAD AND TOBAGO,8517,Telephone Sets & Network Equipment,True,0.004803,imports
2026-05-01,COLOMBIA,8517,Telephone Sets & Network Equipment,True,0.029027,imports
2026-05-01,VENEZUELA,8517,Telephone Sets & Network Equipment,True,0.002808,imports
2026-05-01,GUYANA,8517,Telephone Sets & Network Equipment,True,0.042,imports
2026-05-01,ECUADOR,8517,Telephone Sets & Network Equipment,True,0.0,imports
2026-05-01,PERU,8517,Telephone Sets & Network Equipment,True,0.0,imports
2026-05-01,CHILE,8517,Telephone Sets & Network Equipment,True,0.130335,imports
2026-05-01,BRAZIL,8517,Telephone Sets & Network Equipment,True,20.099637,imports
2026-05-01,PARAGUAY,8517,Telephone Sets & Network Equipment,True,0.0,imports
2026-05-01,URUGUAY,8517,Telephone Sets & Network Equipment,True,0.016517,imports
2026-05-01,ARGENTINA,8517,Telephone Sets & Network Equipment,True,0.005109,imports
2026-05-01,ICELAND,8517,Telephone Sets & Network Equipment,True,0.014838,imports
2026-05-01,SWEDEN,8517,Telephone Sets & Network Equipment,True,6.531658,imports
2026-05-01,NORWAY,8517,Telephone Sets & Network Equipment,True,4.046665,imports
2026-05-01,FINLAND,8517,Telephone Sets & Network Equipment,True,1.865788,imports
2026-05-01,FAROE ISLANDS,8517,Telephone Sets & Network Equipment,True,0.0,imports
2026-05-01,DENMARK,8517,Telephone Sets & Network Equipment,True,2.762665,imports
2026-05-01,UNITED KINGDOM,8517,Telephone Sets & Network Equipment,True,29.108084,imports
2026-05-01,IRELAND,8517,Telephone Sets & Network Equipment,True,10.40594,imports
2026-05-01,NETHERLANDS,8517,Telephone Sets & Network Equipment,True,2.647905,imports
2026-05-01,BELGIUM,8517,Telephone Sets & Network Equipment,True,2.535419,imports
2026-05-01,LUXEMBOURG,8517,Telephone Sets & Network Equipment,True,0.119534,imports
2026-05-01,FRANCE,8517,Telephone Sets & Network Equipment,True,9.067378,imports
2026-05-01,GERMANY,8517,Telephone Sets & Network Equipment,True,42.017922,imports
2026-05-01,AUSTRIA,8517,Telephone Sets & Network Equipment,True,2.058613,imports
2026-05-01,CZECH REPUBLIC,8517,Telephone Sets & Network Equipment,True,32.742969,imports
2026-05-01,MOROCCO,8517,Telephone Sets & Network Equipment,True,0.147995,imports
2026-05-01,TUNISIA,8517,Telephone Sets & Network Equipment,True,0.151577,imports
2026-05-01,EGYPT,8517,Telephone Sets & Network Equipment,True,0.0,imports
2026-05-01,CAMEROON,8517,Telephone Sets & Network Equipment,True,0.2754,imports
2026-05-01,SIERRA LEONE,8517,Telephone Sets & Network Equipment,True,0.0,imports
2026-05-01,COTE D'IVOIRE,8517,Telephone Sets & Network Equipment,True,0.0,imports
2026-05-01,GHANA,8517,Telephone Sets & Network Equipment,True,0.003995,imports
2026-05-01,GAMBIA,8517,Telephone Sets & Network Equipment,True,0.0,imports
2026-05-01,ANGOLA,8517,Telephone Sets & Network Equipment,True,0.024124,imports
2026-05-01,KENYA,8517,Telephone Sets & Network Equipment,True,0.0,imports
2026-05-01,BRITISH VIRGIN ISLANDS,8517,Telephone Sets & Network Equipment,True,0.002498,imports
2026-05-01,SLOVAKIA,8517,Telephone Sets & Network Equipment,True,0.126777,imports
2026-05-01,HUNGARY,8517,Telephone Sets & Network Equipment,True,5.752967,imports
2026-05-01,LIECHTENSTEIN,8517,Telephone Sets & Network Equipment,True,0.035137,imports
2026-05-01,SWITZERLAND,8517,Telephone Sets & Network Equipment,True,2.922092,imports
2026-05-01,ESTONIA,8517,Telephone Sets & Network Equipment,True,31.605968,imports
2026-05-01,LATVIA,8517,Telephone Sets & Network Equipment,True,2.928028,imports
2026-05-01,LITHUANIA,8517,Telephone Sets & Network Equipment,True,3.786282,imports
2026-05-01,POLAND,8517,Telephone Sets & Network Equipment,True,28.065822,imports
2026-05-01,UKRAINE,8517,Telephone Sets & Network Equipment,True,2.362196,imports
2026-05-01,ARMENIA,8517,Telephone Sets & Network Equipment,True,0.002055,imports
2026-05-01,GEORGIA,8517,Telephone Sets & Network Equipment,True,0.00578,imports
2026-05-01,KAZAKHSTAN,8517,Telephone Sets & Network Equipment,True,0.008322,imports
2026-05-01,MOLDOVA,8517,Telephone Sets & Network Equipment,True,0.01116,imports
2026-05-01,SPAIN,8517,Telephone Sets & Network Equipment,True,1.31759,imports
2026-05-01,PORTUGAL,8517,Telephone Sets & Network Equipment,True,12.72507,imports
2026-05-01,GIBRALTAR,8517,Telephone Sets & Network Equipment,True,0.0,imports
2026-05-01,MALTA,8517,Telephone Sets & Network Equipment,True,0.002886,imports
2026-05-01,ITALY,8517,Telephone Sets & Network Equipment,True,7.38753,imports
2026-05-01,CROATIA,8517,Telephone Sets & Network Equipment,True,0.621606,imports
2026-05-01,SLOVENIA,8517,Telephone Sets & Network Equipment,True,1.45919,imports
2026-05-01,BOSNIA AND HERZEGOVINA,8517,Telephone Sets & Network Equipment,True,0.0,imports
2026-05-01,MACEDONIA,8517,Telephone Sets & Network Equipment,True,1.061752,imports
2026-05-01,SERBIA,8517,Telephone Sets & Network Equipment,True,0.0039,imports
2026-05-01,ALBANIA,8517,Telephone Sets & Network Equipment,True,0.006041,imports
2026-05-01,GREECE,8517,Telephone Sets & Network Equipment,True,0.18865,imports
2026-05-01,ROMANIA,8517,Telephone Sets & Network Equipment,True,28.808295,imports
2026-05-01,BULGARIA,8517,Telephone Sets & Network Equipment,True,2.836502,imports
2026-05-01,TURKEY,8517,Telephone Sets & Network Equipment,True,2.552908,imports
2026-05-01,CYPRUS,8517,Telephone Sets & Network Equipment,True,0.588351,imports
2026-05-01,LEBANON,8517,Telephone Sets & Network Equipment,True,0.378044,imports
2026-05-01,ISRAEL,8517,Telephone Sets & Network Equipment,True,99.925658,imports
2026-05-01,SAUDI ARABIA,8517,Telephone Sets & Network Equipment,True,0.0,imports
2026-05-01,QATAR,8517,Telephone Sets & Network Equipment,True,0.005,imports
2026-05-01,TOTAL FOR ALL COUNTRIES,8517,Telephone Sets & Network Equipment,True,15092.333377,imports
2026-05-01,EUROPEAN UNION,8517,Telephone Sets & Network Equipment,True,240.957305,imports
2026-05-01,NORTH AMERICA,8517,Telephone Sets & Network Equipment,True,1608.006413,imports
2026-05-01,EUROPE,8517,Telephone Sets & Network Equipment,True,283.098235,imports
2026-05-01,AFRICA,8517,Telephone Sets & Network Equipment,True,1.396588,imports
2026-05-01,PACIFIC RIM COUNTRIES,8517,Telephone Sets & Network Equipment,True,4222.017656,imports
2026-05-01,ASIA,8517,Telephone Sets & Network Equipment,True,13166.771121,imports
2026-05-01,CAFTA-DR,8517,Telephone Sets & Network Equipment,True,0.901745,imports
2026-05-01,AUSTRALIA AND OCEANIA,8517,Telephone Sets & Network Equipment,True,10.268286,imports
2026-05-01,USMCA (NAFTA),8517,Telephone Sets & Network Equipment,True,1608.006413,imports
2026-05-01,TWENTY LATIN AMERICAN REPUBLICS,8517,Telephone Sets & Network Equipment,True,1551.150874,imports
2026-05-01,OECD,8517,Telephone Sets & Network Equipment,True,2053.853531,imports
2026-05-01,NATO,8517,Telephone Sets & Network Equipment,True,342.73252,imports
2026-05-01,LAFTA,8517,Telephone Sets & Network Equipment,True,1550.249129,imports
2026-05-01,EURO AREA,8517,Telephone Sets & Network Equipment,True,136.292929,imports
2026-05-01,APEC,8517,Telephone Sets & Network Equipment,True,11909.924711,imports
2026-05-01,ASEAN,8517,Telephone Sets & Network Equipment,True,7111.427952,imports
2026-05-01,CACM,8517,Telephone Sets & Network Equipment,True,0.50266,imports
2026-05-01,CANADA,8517,Telephone Sets & Network Equipment,True,78.040717,imports
2026-05-01,MEXICO,8517,Telephone Sets & Network Equipment,True,1529.965696,imports
2026-05-01,GUATEMALA,8517,Telephone Sets & Network Equipment,True,0.0,imports
2026-05-01,EL SALVADOR,8517,Telephone Sets & Network Equipment,True,0.0,imports
2026-05-01,HONDURAS,8517,Telephone Sets & Network Equipment,True,0.0,imports
2026-05-01,COSTA RICA,8517,Telephone Sets & Network Equipment,True,0.50266,imports
2026-05-01,PANAMA,8517,Telephone Sets & Network Equipment,True,0.0,imports
2026-05-01,BERMUDA,8517,Telephone Sets & Network Equipment,True,0.0,imports
2026-05-01,BAHAMAS,8517,Telephone Sets & Network Equipment,True,0.0,imports
2026-05-01,JAMAICA,8517,Telephone Sets & Network Equipment,True,0.0,imports
2026-05-01,CAYMAN ISLANDS,8517,Telephone Sets & Network Equipment,True,1.555295,imports
2026-05-01,HAITI,8517,Telephone Sets & Network Equipment,True,0.0,imports
2026-05-01,DOMINICAN REPUBLIC,8517,Telephone Sets & Network Equipment,True,0.399085,imports
2026-05-01,SEYCHELLES,8517,Telephone Sets & Network Equipment,True,0.0,imports
2026-05-01,MAURITIUS,8517,Telephone Sets & Network Equipment,True,0.009571,imports
2026-05-01,MOZAMBIQUE,8517,Telephone Sets & Network Equipment,True,0.0,imports
2026-05-01,REUNION,8517,Telephone Sets & Network Equipment,True,0.002344,imports
2026-05-01,SOUTH AFRICA,8517,Telephone Sets & Network Equipment,True,0.781582,imports
2026-05-01,NAMIBIA,8517,Telephone Sets & Network Equipment,True,0.0,imports
2026-05-01,BOTSWANA,8517,Telephone Sets & Network Equipment,True,0.0,imports
2026-05-01,ZAMBIA,8517,Telephone Sets & Network Equipment,True,0.0,imports
2026-05-01,ZIMBABWE,8517,Telephone Sets & Network Equipment,True,0.0,imports
2026-05-01,CENTRAL AMERICA,8517,Telephone Sets & Network Equipment,True,2.467301,imports
2026-05-01,SOUTH AMERICA,8517,Telephone Sets & Network Equipment,True,20.325433,imports
2026-05-01,UNITED ARAB EMIRATES,8471,Automatic Data Processing Machines,True,0.989375,imports
2026-05-01,BAHRAIN,8471,Automatic Data Processing Machines,True,0.0,imports
2026-05-01,INDIA,8471,Automatic Data Processing Machines,True,3.85732,imports
2026-05-01,PAKISTAN,8471,Automatic Data Processing Machines,True,0.162732,imports
2026-05-01,NEPAL,8471,Automatic Data Processing Machines,True,0.0,imports
2026-05-01,BANGLADESH,8471,Automatic Data Processing Machines,True,0.0,imports
2026-05-01,SRI LANKA,8471,Automatic Data Processing Machines,True,0.104873,imports
2026-05-01,THAILAND,8471,Automatic Data Processing Machines,True,3618.269915,imports
2026-05-01,VIETNAM,8471,Automatic Data Processing Machines,True,4129.906201,imports
2026-05-01,LAOS,8471,Automatic Data Processing Machines,True,0.027634,imports
2026-05-01,CAMBODIA,8471,Automatic Data Processing Machines,True,0.89063,imports
2026-05-01,MALAYSIA,8471,Automatic Data Processing Machines,True,153.111722,imports
2026-05-01,SINGAPORE,8471,Automatic Data Processing Machines,True,141.995595,imports
2026-05-01,INDONESIA,8471,Automatic Data Processing Machines,True,45.09747,imports
2026-05-01,PHILIPPINES,8471,Automatic Data Processing Machines,True,121.371932,imports
2026-05-01,CHINA,8471,Automatic Data Processing Machines,True,682.130092,imports
2026-05-01,"KOREA, SOUTH",8471,Automatic Data Processing Machines,True,39.175069,imports
2026-05-01,HONG KONG,8471,Automatic Data Processing Machines,True,1.310087,imports
2026-05-01,TAIWAN,8471,Automatic Data Processing Machines,True,12043.920165,imports
2026-05-01,JAPAN,8471,Automatic Data Processing Machines,True,40.297254,imports
2026-05-01,AUSTRALIA,8471,Automatic Data Processing Machines,True,1.642262,imports
2026-05-01,NEW ZEALAND,8471,Automatic Data Processing Machines,True,0.269647,imports
2026-05-01,ST KITTS AND NEVIS,8471,Automatic Data Processing Machines,True,0.002324,imports
2026-05-01,ST LUCIA,8471,Automatic Data Processing Machines,True,0.0,imports
2026-05-01,ST VINCENT AND THE GRENADINES,8471,Automatic Data Processing Machines,True,0.0,imports
2026-05-01,GRENADA,8471,Automatic Data Processing Machines,True,0.0021,imports
2026-05-01,BARBADOS,8471,Automatic Data Processing Machines,True,0.0,imports
2026-05-01,TRINIDAD AND TOBAGO,8471,Automatic Data Processing Machines,True,0.0,imports
2026-05-01,CURACAO,8471,Automatic Data Processing Machines,True,0.0,imports
2026-05-01,ARUBA,8471,Automatic Data Processing Machines,True,0.0,imports
2026-05-01,GUADELOUPE,8471,Automatic Data Processing Machines,True,0.0,imports
2026-05-01,COLOMBIA,8471,Automatic Data Processing Machines,True,0.01853,imports
2026-05-01,VENEZUELA,8471,Automatic Data Processing Machines,True,0.0,imports
2026-05-01,ECUADOR,8471,Automatic Data Processing Machines,True,0.0,imports
2026-05-01,PERU,8471,Automatic Data Processing Machines,True,0.0,imports
2026-05-01,BOLIVIA,8471,Automatic Data Processing Machines,True,0.0,imports
2026-05-01,CHILE,8471,Automatic Data Processing Machines,True,0.00299,imports
2026-05-01,BRAZIL,8471,Automatic Data Processing Machines,True,0.594225,imports
2026-05-01,PARAGUAY,8471,Automatic Data Processing Machines,True,0.0,imports
2026-05-01,URUGUAY,8471,Automatic Data Processing Machines,True,0.023499,imports
2026-05-01,ARGENTINA,8471,Automatic Data Processing Machines,True,0.02086,imports
2026-05-01,ICELAND,8471,Automatic Data Processing Machines,True,0.240618,imports
2026-05-01,SWEDEN,8471,Automatic Data Processing Machines,True,4.394454,imports
2026-05-01,NORWAY,8471,Automatic Data Processing Machines,True,4.376003,imports
2026-05-01,FINLAND,8471,Automatic Data Processing Machines,True,3.389596,imports
2026-05-01,DENMARK,8471,Automatic Data Processing Machines,True,3.332444,imports
2026-05-01,UNITED KINGDOM,8471,Automatic Data Processing Machines,True,33.81203,imports
2026-05-01,IRELAND,8471,Automatic Data Processing Machines,True,445.428642,imports
2026-05-01,NETHERLANDS,8471,Automatic Data Processing Machines,True,14.129039,imports
2026-05-01,BELGIUM,8471,Automatic Data Processing Machines,True,0.618478,imports
2026-05-01,LUXEMBOURG,8471,Automatic Data Processing Machines,True,0.002336,imports
2026-05-01,FRANCE,8471,Automatic Data Processing Machines,True,7.601087,imports
2026-05-01,GERMANY,8471,Automatic Data Processing Machines,True,79.15709,imports
2026-05-01,AUSTRIA,8471,Automatic Data Processing Machines,True,4.031288,imports
2026-05-01,CZECH REPUBLIC,8471,Automatic Data Processing Machines,True,161.553962,imports
2026-05-01,TONGA,8471,Automatic Data Processing Machines,True,0.0,imports
2026-05-01,MOROCCO,8471,Automatic Data Processing Machines,True,0.033099,imports
2026-05-01,TUNISIA,8471,Automatic Data Processing Machines,True,0.004248,imports
2026-05-01,EGYPT,8471,Automatic Data Processing Machines,True,0.002759,imports
2026-05-01,SENEGAL,8471,Automatic Data Processing Machines,True,0.002712,imports
2026-05-01,SIERRA LEONE,8471,Automatic Data Processing Machines,True,0.0,imports
2026-05-01,GHANA,8471,Automatic Data Processing Machines,True,0.0,imports
2026-05-01,TOGO,8471,Automatic Data Processing Machines,True,0.0,imports
2026-05-01,NIGERIA,8471,Automatic Data Processing Machines,True,0.029184,imports
2026-05-01,RWANDA,8471,Automatic Data Processing Machines,True,0.0,imports
2026-05-01,BRITISH VIRGIN ISLANDS,8471,Automatic Data Processing Machines,True,0.0,imports
2026-05-01,SLOVAKIA,8471,Automatic Data Processing Machines,True,0.668928,imports
2026-05-01,HUNGARY,8471,Automatic Data Processing Machines,True,288.197992,imports
2026-05-01,SWITZERLAND,8471,Automatic Data Processing Machines,True,7.527263,imports
2026-05-01,ESTONIA,8471,Automatic Data Processing Machines,True,0.937577,imports
2026-05-01,LATVIA,8471,Automatic Data Processing Machines,True,0.075898,imports
2026-05-01,LITHUANIA,8471,Automatic Data Processing Machines,True,0.353522,imports
2026-05-01,POLAND,8471,Automatic Data Processing Machines,True,22.129203,imports
2026-05-01,UKRAINE,8471,Automatic Data Processing Machines,True,0.005821,imports
2026-05-01,GEORGIA,8471,Automatic Data Processing Machines,True,0.003288,imports
2026-05-01,KYRGYZSTAN,8471,Automatic Data Processing Machines,True,0.0,imports
2026-05-01,MOLDOVA,8471,Automatic Data Processing Machines,True,0.005625,imports
2026-05-01,SPAIN,8471,Automatic Data Processing Machines,True,1.422286,imports
2026-05-01,PORTUGAL,8471,Automatic Data Processing Machines,True,0.673448,imports
2026-05-01,MALTA,8471,Automatic Data Processing Machines,True,0.0,imports
2026-05-01,ITALY,8471,Automatic Data Processing Machines,True,7.699412,imports
2026-05-01,CROATIA,8471,Automatic Data Processing Machines,True,0.325441,imports
2026-05-01,SLOVENIA,8471,Automatic Data Processing Machines,True,0.244329,imports
2026-05-01,BOSNIA AND HERZEGOVINA,8471,Automatic Data Processing Machines,True,0.022722,imports
2026-05-01,SERBIA,8471,Automatic Data Processing Machines,True,0.070538,imports
2026-05-01,ALBANIA,8471,Automatic Data Processing Machines,True,0.0,imports
2026-05-01,GREECE,8471,Automatic Data Processing Machines,True,0.0,imports
2026-05-01,ROMANIA,8471,Automatic Data Processing Machines,True,1.200979,imports
2026-05-01,BULGARIA,8471,Automatic Data Processing Machines,True,1.281086,imports
2026-05-01,TURKEY,8471,Automatic Data Processing Machines,True,0.16807,imports
2026-05-01,LEBANON,8471,Automatic Data Processing Machines,True,0.0,imports
2026-05-01,IRAN,8471,Automatic Data Processing Machines,True,0.0,imports
2026-05-01,ISRAEL,8471,Automatic Data Processing Machines,True,25.614331,imports
2026-05-01,SAUDI ARABIA,8471,Automatic Data Processing Machines,True,0.011691,imports
2026-05-01,QATAR,8471,Automatic Data Processing Machines,True,0.0,imports
2026-05-01,TOTAL FOR ALL COUNTRIES,8471,Automatic Data Processing Machines,True,35711.744148,imports
2026-05-01,EUROPEAN UNION,8471,Automatic Data Processing Machines,True,1048.848517,imports
2026-05-01,NORTH AMERICA,8471,Automatic Data Processing Machines,True,13565.403277,imports
2026-05-01,EUROPE,8471,Automatic Data Processing Machines,True,1095.080495,imports
2026-05-01,AFRICA,8471,Automatic Data Processing Machines,True,0.276791,imports
2026-05-01,PACIFIC RIM COUNTRIES,8471,Automatic Data Processing Machines,True,13270.321295,imports
2026-05-01,ASIA,8471,Automatic Data Processing Machines,True,21048.244088,imports
2026-05-01,CAFTA-DR,8471,Automatic Data Processing Machines,True,0.15636,imports
2026-05-01,AUSTRALIA AND OCEANIA,8471,Automatic Data Processing Machines,True,1.911909,imports
2026-05-01,USMCA (NAFTA),8471,Automatic Data Processing Machines,True,13565.403277,imports
2026-05-01,TWENTY LATIN AMERICAN REPUBLICS,8471,Automatic Data Processing Machines,True,13523.726541,imports
2026-05-01,OECD,8471,Automatic Data Processing Machines,True,14764.595155,imports
2026-05-01,NATO,8471,Automatic Data Processing Machines,True,680.478508,imports
2026-05-01,LAFTA,8471,Automatic Data Processing Machines,True,13523.570181,imports
2026-05-01,EURO AREA,8471,Automatic Data Processing Machines,True,568.039483,imports
2026-05-01,APEC,8471,Automatic Data Processing Machines,True,34583.903678,imports
2026-05-01,ASEAN,8471,Automatic Data Processing Machines,True,8210.671099,imports
2026-05-01,CACM,8471,Automatic Data Processing Machines,True,0.0068,imports
2026-05-01,CANADA,8471,Automatic Data Processing Machines,True,42.4932,imports
2026-05-01,MEXICO,8471,Automatic Data Processing Machines,True,13522.910077,imports
2026-05-01,GUATEMALA,8471,Automatic Data Processing Machines,True,0.0,imports
2026-05-01,EL SALVADOR,8471,Automatic Data Processing Machines,True,0.0,imports
2026-05-01,COSTA RICA,8471,Automatic Data Processing Machines,True,0.0068,imports
2026-05-01,PANAMA,8471,Automatic Data Processing Machines,True,0.0,imports
2026-05-01,BERMUDA,8471,Automatic Data Processing Machines,True,0.0,imports
2026-05-01,JAMAICA,8471,Automatic Data Processing Machines,True,0.0,imports
2026-05-01,TURKS AND CAICOS ISLANDS,8471,Automatic Data Processing Machines,True,0.0037,imports
2026-05-01,CAYMAN ISLANDS,8471,Automatic Data Processing Machines,True,0.003,imports
2026-05-01,HAITI,8471,Automatic Data Processing Machines,True,0.0,imports
2026-05-01,DOMINICAN REPUBLIC,8471,Automatic Data Processing Machines,True,0.14956,imports
2026-05-01,MAURITIUS,8471,Automatic Data Processing Machines,True,0.00639,imports
2026-05-01,SOUTH AFRICA,8471,Automatic Data Processing Machines,True,0.018533,imports
2026-05-01,NAMIBIA,8471,Automatic Data Processing Machines,True,0.17252,imports
2026-05-01,ZIMBABWE,8471,Automatic Data Processing Machines,True,0.0,imports
2026-05-01,MALAWI,8471,Automatic Data Processing Machines,True,0.007346,imports
2026-05-01,CENTRAL AMERICA,8471,Automatic Data Processing Machines,True,0.167484,imports
2026-05-01,SOUTH AMERICA,8471,Automatic Data Processing Machines,True,0.660104,imports
2026-05-01,UNITED ARAB EMIRATES,2711,Petroleum Gases,True,0.0,imports
2026-05-01,INDIA,2711,Petroleum Gases,True,0.0,imports
2026-05-01,INDONESIA,2711,Petroleum Gases,True,0.0,imports
2026-05-01,CHINA,2711,Petroleum Gases,True,0.354363,imports
2026-05-01,"KOREA, SOUTH",2711,Petroleum Gases,True,2.272466,imports
2026-05-01,TAIWAN,2711,Petroleum Gases,True,0.012551,imports
2026-05-01,JAPAN,2711,Petroleum Gases,True,0.0,imports
2026-05-01,AUSTRALIA,2711,Petroleum Gases,True,0.003504,imports
2026-05-01,TRINIDAD AND TOBAGO,2711,Petroleum Gases,True,0.0,imports
2026-05-01,COLOMBIA,2711,Petroleum Gases,True,0.0,imports
2026-05-01,VENEZUELA,2711,Petroleum Gases,True,0.0,imports
2026-05-01,GUYANA,2711,Petroleum Gases,True,0.0,imports
2026-05-01,ECUADOR,2711,Petroleum Gases,True,0.0,imports
2026-05-01,CHILE,2711,Petroleum Gases,True,0.0,imports
2026-05-01,BRAZIL,2711,Petroleum Gases,True,0.0,imports
2026-05-01,ARGENTINA,2711,Petroleum Gases,True,0.0,imports
2026-05-01,SWEDEN,2711,Petroleum Gases,True,0.0,imports
2026-05-01,NORWAY,2711,Petroleum Gases,True,0.0,imports
2026-05-01,UNITED KINGDOM,2711,Petroleum Gases,True,0.081928,imports
2026-05-01,IRELAND,2711,Petroleum Gases,True,0.0,imports
2026-05-01,NETHERLANDS,2711,Petroleum Gases,True,0.0,imports
2026-05-01,FRANCE,2711,Petroleum Gases,True,0.129099,imports
2026-05-01,GERMANY,2711,Petroleum Gases,True,0.025835,imports
2026-05-01,ALGERIA,2711,Petroleum Gases,True,0.0,imports
2026-05-01,LIBYA,2711,Petroleum Gases,True,0.0,imports
2026-05-01,EQUATORIAL GUINEA,2711,Petroleum Gases,True,0.177574,imports
2026-05-01,CAMEROON,2711,Petroleum Gases,True,0.0,imports
2026-05-01,COTE D'IVOIRE,2711,Petroleum Gases,True,0.0,imports
2026-05-01,GHANA,2711,Petroleum Gases,True,0.0,imports
2026-05-01,NIGERIA,2711,Petroleum Gases,True,0.0,imports
2026-05-01,GABON,2711,Petroleum Gases,True,0.0,imports
2026-05-01,ANGOLA,2711,Petroleum Gases,True,0.0,imports
2026-05-01,ITALY,2711,Petroleum Gases,True,0.136974,imports
2026-05-01,SLOVENIA,2711,Petroleum Gases,True,0.01002,imports
2026-05-01,TURKEY,2711,Petroleum Gases,True,0.021216,imports
2026-05-01,IRAQ,2711,Petroleum Gases,True,0.0,imports
2026-05-01,SAUDI ARABIA,2711,Petroleum Gases,True,0.0,imports
2026-05-01,TOTAL FOR ALL COUNTRIES,2711,Petroleum Gases,True,620.414704,imports
2026-05-01,EUROPEAN UNION,2711,Petroleum Gases,True,0.301928,imports
2026-05-01,NORTH AMERICA,2711,Petroleum Gases,True,617.189174,imports
2026-05-01,EUROPE,2711,Petroleum Gases,True,0.405072,imports
2026-05-01,AFRICA,2711,Petroleum Gases,True,0.177574,imports
2026-05-01,PACIFIC RIM COUNTRIES,2711,Petroleum Gases,True,2.642884,imports
2026-05-01,ASIA,2711,Petroleum Gases,True,2.63938,imports
2026-05-01,AUSTRALIA AND OCEANIA,2711,Petroleum Gases,True,0.003504,imports
2026-05-01,USMCA (NAFTA),2711,Petroleum Gases,True,617.189174,imports
2026-05-01,TWENTY LATIN AMERICAN REPUBLICS,2711,Petroleum Gases,True,33.67772,imports
2026-05-01,OECD,2711,Petroleum Gases,True,619.870216,imports
2026-05-01,NATO,2711,Petroleum Gases,True,583.916526,imports
2026-05-01,LAFTA,2711,Petroleum Gases,True,33.67772,imports
2026-05-01,EURO AREA,2711,Petroleum Gases,True,0.301928,imports
2026-05-01,APEC,2711,Petroleum Gases,True,619.832058,imports
2026-05-01,ASEAN,2711,Petroleum Gases,True,0.0,imports
2026-05-01,CANADA,2711,Petroleum Gases,True,583.511454,imports
2026-05-01,MEXICO,2711,Petroleum Gases,True,33.67772,imports
2026-05-01,CENTRAL AMERICA,2711,Petroleum Gases,True,0.0,imports
2026-05-01,SOUTH AMERICA,2711,Petroleum Gases,True,0.0,imports
2026-05-01,UNITED ARAB EMIRATES,8708,Motor Vehicle Parts,False,0.639685,imports
2026-05-01,OMAN,8708,Motor Vehicle Parts,False,0.0,imports
2026-05-01,BAHRAIN,8708,Motor Vehicle Parts,False,0.0,imports
2026-05-01,INDIA,8708,Motor Vehicle Parts,False,165.716891,imports
2026-05-01,PAKISTAN,8708,Motor Vehicle Parts,False,0.717744,imports
2026-05-01,BANGLADESH,8708,Motor Vehicle Parts,False,0.036044,imports
2026-05-01,SRI LANKA,8708,Motor Vehicle Parts,False,0.569044,imports
2026-05-01,BURMA,8708,Motor Vehicle Parts,False,0.051268,imports
2026-05-01,THAILAND,8708,Motor Vehicle Parts,False,149.293247,imports
2026-05-01,VIETNAM,8708,Motor Vehicle Parts,False,69.369379,imports
2026-05-01,CAMBODIA,8708,Motor Vehicle Parts,False,2.187558,imports
2026-05-01,MALAYSIA,8708,Motor Vehicle Parts,False,25.170677,imports
2026-05-01,SINGAPORE,8708,Motor Vehicle Parts,False,1.904953,imports
2026-05-01,INDONESIA,8708,Motor Vehicle Parts,False,11.927922,imports
2026-05-01,PHILIPPINES,8708,Motor Vehicle Parts,False,2.460598,imports
2026-05-01,CHINA,8708,Motor Vehicle Parts,False,572.974084,imports
2026-05-01,MONGOLIA,8708,Motor Vehicle Parts,False,0.059402,imports
2026-05-01,"KOREA, SOUTH",8708,Motor Vehicle Parts,False,515.108458,imports
2026-05-01,HONG KONG,8708,Motor Vehicle Parts,False,0.105383,imports
2026-05-01,TAIWAN,8708,Motor Vehicle Parts,False,130.923848,imports
2026-05-01,JAPAN,8708,Motor Vehicle Parts,False,602.525195,imports
2026-05-01,AUSTRALIA,8708,Motor Vehicle Parts,False,8.264484,imports
2026-05-01,PAPUA NEW GUINEA,8708,Motor Vehicle Parts,False,0.0,imports
2026-05-01,NEW ZEALAND,8708,Motor Vehicle Parts,False,0.555768,imports
2026-05-01,ST KITTS AND NEVIS,8708,Motor Vehicle Parts,False,0.0,imports
2026-05-01,BARBADOS,8708,Motor Vehicle Parts,False,0.034254,imports
2026-05-01,COLOMBIA,8708,Motor Vehicle Parts,False,1.063893,imports
2026-05-01,GUYANA,8708,Motor Vehicle Parts,False,0.0,imports
2026-05-01,SURINAME,8708,Motor Vehicle Parts,False,0.262534,imports
2026-05-01,ECUADOR,8708,Motor Vehicle Parts,False,0.0,imports
2026-05-01,PERU,8708,Motor Vehicle Parts,False,0.112336,imports
2026-05-01,CHILE,8708,Motor Vehicle Parts,False,0.712025,imports
2026-05-01,BRAZIL,8708,Motor Vehicle Parts,False,23.93693,imports
2026-05-01,URUGUAY,8708,Motor Vehicle Parts,False,0.0,imports
2026-05-01,ARGENTINA,8708,Motor Vehicle Parts,False,0.517707,imports
2026-05-01,ICELAND,8708,Motor Vehicle Parts,False,0.0,imports
2026-05-01,SWEDEN,8708,Motor Vehicle Parts,False,10.847086,imports
2026-05-01,NORWAY,8708,Motor Vehicle Parts,False,0.466074,imports
2026-05-01,FINLAND,8708,Motor Vehicle Parts,False,2.25014,imports
2026-05-01,DENMARK,8708,Motor Vehicle Parts,False,1.793575,imports
2026-05-01,UNITED KINGDOM,8708,Motor Vehicle Parts,False,27.547817,imports
2026-05-01,IRELAND,8708,Motor Vehicle Parts,False,0.66935,imports
2026-05-01,NETHERLANDS,8708,Motor Vehicle Parts,False,5.042731,imports
2026-05-01,BELGIUM,8708,Motor Vehicle Parts,False,3.911779,imports
2026-05-01,LUXEMBOURG,8708,Motor Vehicle Parts,False,0.746165,imports
2026-05-01,MONACO,8708,Motor Vehicle Parts,False,0.037626,imports
2026-05-01,FRANCE,8708,Motor Vehicle Parts,False,28.043719,imports
2026-05-01,GERMANY,8708,Motor Vehicle Parts,False,435.681939,imports
2026-05-01,AUSTRIA,8708,Motor Vehicle Parts,False,15.264127,imports
2026-05-01,CZECH REPUBLIC,8708,Motor Vehicle Parts,False,29.319175,imports
2026-05-01,MARSHALL ISLANDS,8708,Motor Vehicle Parts,False,0.0122,imports
2026-05-01,MOROCCO,8708,Motor Vehicle Parts,False,35.892749,imports
2026-05-01,TUNISIA,8708,Motor Vehicle Parts,False,1.348475,imports
2026-05-01,EGYPT,8708,Motor Vehicle Parts,False,0.012041,imports
2026-05-01,SENEGAL,8708,Motor Vehicle Parts,False,0.0,imports
2026-05-01,MALI,8708,Motor Vehicle Parts,False,0.021841,imports
2026-05-01,SIERRA LEONE,8708,Motor Vehicle Parts,False,0.0,imports
2026-05-01,GHANA,8708,Motor Vehicle Parts,False,0.00269,imports
2026-05-01,BURKINA FASO,8708,Motor Vehicle Parts,False,0.005,imports
2026-05-01,LIBERIA,8708,Motor Vehicle Parts,False,0.0,imports
2026-05-01,DEMOCRATIC REPUBLIC OF THE CONGO,8708,Motor Vehicle Parts,False,0.078724,imports
2026-05-01,SLOVAKIA,8708,Motor Vehicle Parts,False,10.693687,imports
2026-05-01,HUNGARY,8708,Motor Vehicle Parts,False,22.343596,imports
2026-05-01,LIECHTENSTEIN,8708,Motor Vehicle Parts,False,0.753047,imports
2026-05-01,SWITZERLAND,8708,Motor Vehicle Parts,False,2.421488,imports
2026-05-01,ESTONIA,8708,Motor Vehicle Parts,False,0.503021,imports
2026-05-01,LATVIA,8708,Motor Vehicle Parts,False,0.308637,imports
2026-05-01,LITHUANIA,8708,Motor Vehicle Parts,False,0.127249,imports
2026-05-01,POLAND,8708,Motor Vehicle Parts,False,51.784475,imports
2026-05-01,RUSSIA,8708,Motor Vehicle Parts,False,0.019052,imports
2026-05-01,BELARUS,8708,Motor Vehicle Parts,False,0.0,imports
2026-05-01,UKRAINE,8708,Motor Vehicle Parts,False,0.141669,imports
2026-05-01,AZERBAIJAN,8708,Motor Vehicle Parts,False,0.005541,imports
2026-05-01,GEORGIA,8708,Motor Vehicle Parts,False,0.222032,imports
2026-05-01,KAZAKHSTAN,8708,Motor Vehicle Parts,False,0.178375,imports
2026-05-01,KYRGYZSTAN,8708,Motor Vehicle Parts,False,0.0,imports
2026-05-01,MOLDOVA,8708,Motor Vehicle Parts,False,0.003498,imports
2026-05-01,UZBEKISTAN,8708,Motor Vehicle Parts,False,0.0,imports
2026-05-01,SPAIN,8708,Motor Vehicle Parts,False,16.371684,imports
2026-05-01,PORTUGAL,8708,Motor Vehicle Parts,False,0.739233,imports
2026-05-01,MALTA,8708,Motor Vehicle Parts,False,0.00315,imports
2026-05-01,ITALY,8708,Motor Vehicle Parts,False,65.379648,imports
2026-05-01,CROATIA,8708,Motor Vehicle Parts,False,0.37421,imports
2026-05-01,SLOVENIA,8708,Motor Vehicle Parts,False,3.078763,imports
2026-05-01,BOSNIA AND HERZEGOVINA,8708,Motor Vehicle Parts,False,0.332737,imports
2026-05-01,MACEDONIA,8708,Motor Vehicle Parts,False,1.807776,imports
2026-05-01,SERBIA,8708,Motor Vehicle Parts,False,6.341725,imports
2026-05-01,KOSOVO,8708,Motor Vehicle Parts,False,0.003284,imports
2026-05-01,MONTENEGRO,8708,Motor Vehicle Parts,False,0.0,imports
2026-05-01,ALBANIA,8708,Motor Vehicle Parts,False,0.029989,imports
2026-05-01,GREECE,8708,Motor Vehicle Parts,False,0.01785,imports
2026-05-01,ROMANIA,8708,Motor Vehicle Parts,False,23.358913,imports
2026-05-01,BULGARIA,8708,Motor Vehicle Parts,False,2.005032,imports
2026-05-01,TURKEY,8708,Motor Vehicle Parts,False,54.720793,imports
2026-05-01,CYPRUS,8708,Motor Vehicle Parts,False,0.0,imports
2026-05-01,LEBANON,8708,Motor Vehicle Parts,False,0.0,imports
2026-05-01,ISRAEL,8708,Motor Vehicle Parts,False,1.761421,imports
2026-05-01,JORDAN,8708,Motor Vehicle Parts,False,1.494188,imports
2026-05-01,SAUDI ARABIA,8708,Motor Vehicle Parts,False,0.0,imports
2026-05-01,TOTAL FOR ALL COUNTRIES,8708,Motor Vehicle Parts,False,7355.5403,imports
2026-05-01,EUROPEAN UNION,8708,Motor Vehicle Parts,False,730.658934,imports
2026-05-01,NORTH AMERICA,8708,Motor Vehicle Parts,False,4188.602854,imports
2026-05-01,EUROPE,8708,Motor Vehicle Parts,False,825.691457,imports
2026-05-01,AFRICA,8708,Motor Vehicle Parts,False,42.8341,imports
2026-05-01,PACIFIC RIM COUNTRIES,8708,Motor Vehicle Parts,False,1871.92137,imports
2026-05-01,ASIA,8708,Motor Vehicle Parts,False,2254.996989,imports
2026-05-01,CAFTA-DR,8708,Motor Vehicle Parts,False,7.688046,imports
2026-05-01,AUSTRALIA AND OCEANIA,8708,Motor Vehicle Parts,False,8.832452,imports
2026-05-01,USMCA (NAFTA),8708,Motor Vehicle Parts,False,4188.602854,imports
2026-05-01,TWENTY LATIN AMERICAN REPUBLICS,8708,Motor Vehicle Parts,False,3249.944703,imports
2026-05-01,OECD,8708,Motor Vehicle Parts,False,6109.194456,imports
2026-05-01,NATO,8708,Motor Vehicle Parts,False,1772.238567,imports
2026-05-01,LAFTA,8708,Motor Vehicle Parts,False,3242.001934,imports
2026-05-01,EURO AREA,8708,Motor Vehicle Parts,False,591.212114,imports
2026-05-01,APEC,8708,Motor Vehicle Parts,False,6280.030263,imports
2026-05-01,ASEAN,8708,Motor Vehicle Parts,False,262.365602,imports
2026-05-01,CACM,8708,Motor Vehicle Parts,False,3.503486,imports
2026-05-01,CANADA,8708,Motor Vehicle Parts,False,972.943811,imports
2026-05-01,MEXICO,8708,Motor Vehicle Parts,False,3215.659043,imports
2026-05-01,GUATEMALA,8708,Motor Vehicle Parts,False,0.037657,imports
2026-05-01,EL SALVADOR,8708,Motor Vehicle Parts,False,0.034006,imports
2026-05-01,HONDURAS,8708,Motor Vehicle Parts,False,2.905266,imports
2026-05-01,COSTA RICA,8708,Motor Vehicle Parts,False,0.526557,imports
2026-05-01,PANAMA,8708,Motor Vehicle Parts,False,0.251223,imports
2026-05-01,JAMAICA,8708,Motor Vehicle Parts,False,0.0,imports
2026-05-01,HAITI,8708,Motor Vehicle Parts,False,0.0035,imports
2026-05-01,DOMINICAN REPUBLIC,8708,Motor Vehicle Parts,False,4.18456,imports
2026-05-01,TANZANIA,8708,Motor Vehicle Parts,False,0.0,imports
2026-05-01,MOZAMBIQUE,8708,Motor Vehicle Parts,False,0.025932,imports
2026-05-01,MADAGASCAR,8708,Motor Vehicle Parts,False,0.013797,imports
2026-05-01,SOUTH AFRICA,8708,Motor Vehicle Parts,False,5.387596,imports
2026-05-01,NAMIBIA,8708,Motor Vehicle Parts,False,0.0,imports
2026-05-01,BOTSWANA,8708,Motor Vehicle Parts,False,0.0,imports
2026-05-01,ZAMBIA,8708,Motor Vehicle Parts,False,0.045255,imports
2026-05-01,CENTRAL AMERICA,8708,Motor Vehicle Parts,False,7.977023,imports
2026-05-01,SOUTH AMERICA,8708,Motor Vehicle Parts,False,26.605425,imports
2026-06-01,UNITED ARAB EMIRATES,8542,Electronic Integrated Circuits,True,0.09352,imports
2026-06-01,AFGHANISTAN,8542,Electronic Integrated Circuits,True,0.0,imports
2026-06-01,INDIA,8542,Electronic Integrated Circuits,True,1.017222,imports
2026-06-01,NEPAL,8542,Electronic Integrated Circuits,True,0.002148,imports
2026-06-01,SRI LANKA,8542,Electronic Integrated Circuits,True,0.304969,imports
2026-06-01,BURMA,8542,Electronic Integrated Circuits,True,0.012525,imports
2026-06-01,THAILAND,8542,Electronic Integrated Circuits,True,103.221003,imports
2026-06-01,VIETNAM,8542,Electronic Integrated Circuits,True,65.824706,imports
2026-06-01,LAOS,8542,Electronic Integrated Circuits,True,0.0,imports
2026-06-01,CAMBODIA,8542,Electronic Integrated Circuits,True,0.05485,imports
2026-06-01,MALAYSIA,8542,Electronic Integrated Circuits,True,343.417402,imports
2026-06-01,SINGAPORE,8542,Electronic Integrated Circuits,True,71.847778,imports
2026-06-01,INDONESIA,8542,Electronic Integrated Circuits,True,1.182621,imports
2026-06-01,PHILIPPINES,8542,Electronic Integrated Circuits,True,59.78806,imports
2026-06-01,MACAU,8542,Electronic Integrated Circuits,True,0.0,imports
2026-06-01,MALDIVES,8542,Electronic Integrated Circuits,True,0.0,imports
2026-06-01,CHINA,8542,Electronic Integrated Circuits,True,90.093462,imports
2026-06-01,"KOREA, SOUTH",8542,Electronic Integrated Circuits,True,592.83798,imports
2026-06-01,HONG KONG,8542,Electronic Integrated Circuits,True,1.569731,imports
2026-06-01,TAIWAN,8542,Electronic Integrated Circuits,True,1873.593258,imports
2026-06-01,JAPAN,8542,Electronic Integrated Circuits,True,318.057461,imports
2026-06-01,AUSTRALIA,8542,Electronic Integrated Circuits,True,0.288105,imports
2026-06-01,NEW ZEALAND,8542,Electronic Integrated Circuits,True,0.0099,imports
2026-06-01,CURACAO,8542,Electronic Integrated Circuits,True,0.0021,imports
2026-06-01,COLOMBIA,8542,Electronic Integrated Circuits,True,0.387325,imports
2026-06-01,VENEZUELA,8542,Electronic Integrated Circuits,True,0.320015,imports
2026-06-01,SURINAME,8542,Electronic Integrated Circuits,True,0.0,imports
2026-06-01,ECUADOR,8542,Electronic Integrated Circuits,True,0.011894,imports
2026-06-01,PERU,8542,Electronic Integrated Circuits,True,0.0,imports
2026-06-01,CHILE,8542,Electronic Integrated Circuits,True,0.0,imports
2026-06-01,BRAZIL,8542,Electronic Integrated Circuits,True,2.450248,imports
2026-06-01,ARGENTINA,8542,Electronic Integrated Circuits,True,0.07056,imports
2026-06-01,ICELAND,8542,Electronic Integrated Circuits,True,6.194666,imports
2026-06-01,SWEDEN,8542,Electronic Integrated Circuits,True,0.794892,imports
2026-06-01,NORWAY,8542,Electronic Integrated Circuits,True,0.072468,imports
2026-06-01,FINLAND,8542,Electronic Integrated Circuits,True,0.189589,imports
2026-06-01,FAROE ISLANDS,8542,Electronic Integrated Circuits,True,0.0,imports
2026-06-01,DENMARK,8542,Electronic Integrated Circuits,True,0.588472,imports
2026-06-01,UNITED KINGDOM,8542,Electronic Integrated Circuits,True,7.378628,imports
2026-06-01,IRELAND,8542,Electronic Integrated Circuits,True,522.972956,imports
2026-06-01,NETHERLANDS,8542,Electronic Integrated Circuits,True,8.765044,imports
2026-06-01,BELGIUM,8542,Electronic Integrated Circuits,True,0.732374,imports
2026-06-01,ANDORRA,8542,Electronic Integrated Circuits,True,0.08646,imports
2026-06-01,FRANCE,8542,Electronic Integrated Circuits,True,51.26117,imports
2026-06-01,GERMANY,8542,Electronic Integrated Circuits,True,68.091818,imports
2026-06-01,AUSTRIA,8542,Electronic Integrated Circuits,True,7.567977,imports
2026-06-01,CZECH REPUBLIC,8542,Electronic Integrated Circuits,True,1.143381,imports
2026-06-01,MARSHALL ISLANDS,8542,Electronic Integrated Circuits,True,0.0,imports
2026-06-01,MOROCCO,8542,Electronic Integrated Circuits,True,0.072469,imports
2026-06-01,EGYPT,8542,Electronic Integrated Circuits,True,0.0,imports
2026-06-01,CAMEROON,8542,Electronic Integrated Circuits,True,0.0,imports
2026-06-01,SENEGAL,8542,Electronic Integrated Circuits,True,0.0,imports
2026-06-01,MALI,8542,Electronic Integrated Circuits,True,0.0,imports
2026-06-01,SIERRA LEONE,8542,Electronic Integrated Circuits,True,0.0,imports
2026-06-01,NIGER,8542,Electronic Integrated Circuits,True,0.0,imports
2026-06-01,BENIN,8542,Electronic Integrated Circuits,True,0.0,imports
2026-06-01,RWANDA,8542,Electronic Integrated Circuits,True,0.0,imports
2026-06-01,ETHIOPIA,8542,Electronic Integrated Circuits,True,3.081466,imports
2026-06-01,SLOVAKIA,8542,Electronic Integrated Circuits,True,0.095373,imports
2026-06-01,HUNGARY,8542,Electronic Integrated Circuits,True,1.003285,imports
2026-06-01,SWITZERLAND,8542,Electronic Integrated Circuits,True,3.366746,imports
2026-06-01,ESTONIA,8542,Electronic Integrated Circuits,True,0.002732,imports
2026-06-01,LATVIA,8542,Electronic Integrated Circuits,True,0.050517,imports
2026-06-01,LITHUANIA,8542,Electronic Integrated Circuits,True,0.33089,imports
2026-06-01,POLAND,8542,Electronic Integrated Circuits,True,0.295809,imports
2026-06-01,UKRAINE,8542,Electronic Integrated Circuits,True,0.0,imports
2026-06-01,GEORGIA,8542,Electronic Integrated Circuits,True,0.0,imports
2026-06-01,SPAIN,8542,Electronic Integrated Circuits,True,0.286154,imports
2026-06-01,PORTUGAL,8542,Electronic Integrated Circuits,True,0.462592,imports
2026-06-01,MALTA,8542,Electronic Integrated Circuits,True,9.466894,imports
2026-06-01,SAN MARINO,8542,Electronic Integrated Circuits,True,0.0,imports
2026-06-01,ITALY,8542,Electronic Integrated Circuits,True,11.499309,imports
2026-06-01,CROATIA,8542,Electronic Integrated Circuits,True,0.100092,imports
2026-06-01,SLOVENIA,8542,Electronic Integrated Circuits,True,0.084313,imports
2026-06-01,SERBIA,8542,Electronic Integrated Circuits,True,0.0095,imports
2026-06-01,MONTENEGRO,8542,Electronic Integrated Circuits,True,0.0,imports
2026-06-01,ALBANIA,8542,Electronic Integrated Circuits,True,0.035598,imports
2026-06-01,GREECE,8542,Electronic Integrated Circuits,True,0.1342,imports
2026-06-01,ROMANIA,8542,Electronic Integrated Circuits,True,0.153926,imports
2026-06-01,BULGARIA,8542,Electronic Integrated Circuits,True,0.027488,imports
2026-06-01,TURKEY,8542,Electronic Integrated Circuits,True,0.631931,imports
2026-06-01,CYPRUS,8542,Electronic Integrated Circuits,True,0.0,imports
2026-06-01,ISRAEL,8542,Electronic Integrated Circuits,True,751.225603,imports
2026-06-01,JORDAN,8542,Electronic Integrated Circuits,True,0.0,imports
2026-06-01,SAUDI ARABIA,8542,Electronic Integrated Circuits,True,0.0,imports
2026-06-01,TOTAL FOR ALL COUNTRIES,8542,Electronic Integrated Circuits,True,5022.811092,imports
2026-06-01,EUROPEAN UNION,8542,Electronic Integrated Circuits,True,686.101247,imports
2026-06-01,NORTH AMERICA,8542,Electronic Integrated Circuits,True,27.518079,imports
2026-06-01,EUROPE,8542,Electronic Integrated Circuits,True,703.877244,imports
2026-06-01,AFRICA,8542,Electronic Integrated Circuits,True,3.324359,imports
2026-06-01,PACIFIC RIM COUNTRIES,8542,Electronic Integrated Circuits,True,3352.685758,imports
2026-06-01,ASIA,8542,Electronic Integrated Circuits,True,4274.144299,imports
2026-06-01,CAFTA-DR,8542,Electronic Integrated Circuits,True,10.286398,imports
2026-06-01,AUSTRALIA AND OCEANIA,8542,Electronic Integrated Circuits,True,0.298005,imports
2026-06-01,USMCA (NAFTA),8542,Electronic Integrated Circuits,True,27.518079,imports
2026-06-01,TWENTY LATIN AMERICAN REPUBLICS,8542,Electronic Integrated Circuits,True,31.420888,imports
2026-06-01,OECD,8542,Electronic Integrated Circuits,True,2393.982774,imports
2026-06-01,NATO,8542,Electronic Integrated Circuits,True,170.119166,imports
2026-06-01,LAFTA,8542,Electronic Integrated Circuits,True,21.045666,imports
2026-06-01,EURO AREA,8542,Electronic Integrated Circuits,True,682.121482,imports
2026-06-01,APEC,8542,Electronic Integrated Circuits,True,3549.249546,imports
2026-06-01,ASEAN,8542,Electronic Integrated Circuits,True,645.348945,imports
2026-06-01,CACM,8542,Electronic Integrated Circuits,True,10.110998,imports
2026-06-01,CANADA,8542,Electronic Integrated Circuits,True,9.712455,imports
2026-06-01,MEXICO,8542,Electronic Integrated Circuits,True,17.805624,imports
2026-06-01,GUATEMALA,8542,Electronic Integrated Circuits,True,0.0,imports
2026-06-01,EL SALVADOR,8542,Electronic Integrated Circuits,True,0.101896,imports
2026-06-01,HONDURAS,8542,Electronic Integrated Circuits,True,0.217639,imports
2026-06-01,NICARAGUA,8542,Electronic Integrated Circuits,True,0.130428,imports
2026-06-01,COSTA RICA,8542,Electronic Integrated Circuits,True,9.661035,imports
2026-06-01,PANAMA,8542,Electronic Integrated Circuits,True,0.088824,imports
2026-06-01,BERMUDA,8542,Electronic Integrated Circuits,True,0.031742,imports
2026-06-01,TURKS AND CAICOS ISLANDS,8542,Electronic Integrated Circuits,True,0.0,imports
2026-06-01,CAYMAN ISLANDS,8542,Electronic Integrated Circuits,True,0.0,imports
2026-06-01,DOMINICAN REPUBLIC,8542,Electronic Integrated Circuits,True,0.1754,imports
2026-06-01,MAURITIUS,8542,Electronic Integrated Circuits,True,0.0,imports
2026-06-01,SOUTH AFRICA,8542,Electronic Integrated Circuits,True,0.167669,imports
2026-06-01,NAMIBIA,8542,Electronic Integrated Circuits,True,0.002755,imports
2026-06-01,MALAWI,8542,Electronic Integrated Circuits,True,0.0,imports
2026-06-01,CENTRAL AMERICA,8542,Electronic Integrated Circuits,True,10.409064,imports
2026-06-01,SOUTH AMERICA,8542,Electronic Integrated Circuits,True,3.240042,imports
2026-06-01,UNITED ARAB EMIRATES,8703,Motor Cars & Vehicles,False,0.0,imports
2026-06-01,YEMEN,8703,Motor Cars & Vehicles,False,0.0,imports
2026-06-01,OMAN,8703,Motor Cars & Vehicles,False,0.0,imports
2026-06-01,INDIA,8703,Motor Cars & Vehicles,False,1.023423,imports
2026-06-01,THAILAND,8703,Motor Cars & Vehicles,False,11.43023,imports
2026-06-01,VIETNAM,8703,Motor Cars & Vehicles,False,16.684861,imports
2026-06-01,CAMBODIA,8703,Motor Cars & Vehicles,False,0.36256,imports
2026-06-01,MALAYSIA,8703,Motor Cars & Vehicles,False,0.078848,imports
2026-06-01,SINGAPORE,8703,Motor Cars & Vehicles,False,5.77772,imports
2026-06-01,INDONESIA,8703,Motor Cars & Vehicles,False,0.136454,imports
2026-06-01,CHINA,8703,Motor Cars & Vehicles,False,168.470125,imports
2026-06-01,"KOREA, SOUTH",8703,Motor Cars & Vehicles,False,2620.200339,imports
2026-06-01,TAIWAN,8703,Motor Cars & Vehicles,False,10.341738,imports
2026-06-01,JAPAN,8703,Motor Cars & Vehicles,False,3074.781483,imports
2026-06-01,AUSTRALIA,8703,Motor Cars & Vehicles,False,0.05549,imports
2026-06-01,NEW ZEALAND,8703,Motor Cars & Vehicles,False,0.022995,imports
2026-06-01,ST VINCENT AND THE GRENADINES,8703,Motor Cars & Vehicles,False,0.003,imports
2026-06-01,COLOMBIA,8703,Motor Cars & Vehicles,False,0.0088,imports
2026-06-01,VENEZUELA,8703,Motor Cars & Vehicles,False,0.0,imports
2026-06-01,ECUADOR,8703,Motor Cars & Vehicles,False,0.0,imports
2026-06-01,BRAZIL,8703,Motor Cars & Vehicles,False,0.180846,imports
2026-06-01,ARGENTINA,8703,Motor Cars & Vehicles,False,0.0035,imports
2026-06-01,SWEDEN,8703,Motor Cars & Vehicles,False,161.887936,imports
2026-06-01,FINLAND,8703,Motor Cars & Vehicles,False,0.0,imports
2026-06-01,DENMARK,8703,Motor Cars & Vehicles,False,0.0,imports
2026-06-01,UNITED KINGDOM,8703,Motor Cars & Vehicles,False,600.776262,imports
2026-06-01,IRELAND,8703,Motor Cars & Vehicles,False,0.0,imports
2026-06-01,NETHERLANDS,8703,Motor Cars & Vehicles,False,0.0172,imports
2026-06-01,BELGIUM,8703,Motor Cars & Vehicles,False,40.97262,imports
2026-06-01,FRANCE,8703,Motor Cars & Vehicles,False,34.639263,imports
2026-06-01,GERMANY,8703,Motor Cars & Vehicles,False,1703.789393,imports
2026-06-01,AUSTRIA,8703,Motor Cars & Vehicles,False,168.864958,imports
2026-06-01,CZECH REPUBLIC,8703,Motor Cars & Vehicles,False,0.179473,imports
2026-06-01,MOROCCO,8703,Motor Cars & Vehicles,False,2.22423,imports
2026-06-01,SLOVAKIA,8703,Motor Cars & Vehicles,False,738.386274,imports
2026-06-01,HUNGARY,8703,Motor Cars & Vehicles,False,88.353829,imports
2026-06-01,LATVIA,8703,Motor Cars & Vehicles,False,0.0,imports
2026-06-01,POLAND,8703,Motor Cars & Vehicles,False,0.206221,imports
2026-06-01,RUSSIA,8703,Motor Cars & Vehicles,False,0.0053,imports
2026-06-01,UKRAINE,8703,Motor Cars & Vehicles,False,0.0,imports
2026-06-01,ARMENIA,8703,Motor Cars & Vehicles,False,0.0174,imports
2026-06-01,KAZAKHSTAN,8703,Motor Cars & Vehicles,False,0.0,imports
2026-06-01,SPAIN,8703,Motor Cars & Vehicles,False,0.310279,imports
2026-06-01,PORTUGAL,8703,Motor Cars & Vehicles,False,0.009,imports
2026-06-01,ITALY,8703,Motor Cars & Vehicles,False,227.187653,imports
2026-06-01,SERBIA,8703,Motor Cars & Vehicles,False,0.0,imports
2026-06-01,ROMANIA,8703,Motor Cars & Vehicles,False,0.035037,imports
2026-06-01,TURKEY,8703,Motor Cars & Vehicles,False,0.09714,imports
2026-06-01,JORDAN,8703,Motor Cars & Vehicles,False,0.006,imports
2026-06-01,SAUDI ARABIA,8703,Motor Cars & Vehicles,False,0.01,imports
2026-06-01,TOTAL FOR ALL COUNTRIES,8703,Motor Cars & Vehicles,False,15393.486649,imports
2026-06-01,EUROPEAN UNION,8703,Motor Cars & Vehicles,False,3164.839136,imports
2026-06-01,NORTH AMERICA,8703,Motor Cars & Vehicles,False,5656.707825,imports
2026-06-01,EUROPE,8703,Motor Cars & Vehicles,False,3765.735238,imports
2026-06-01,AFRICA,8703,Motor Cars & Vehicles,False,61.465174,imports
2026-06-01,PACIFIC RIM COUNTRIES,8703,Motor Cars & Vehicles,False,5879.865192,imports
2026-06-01,ASIA,8703,Motor Cars & Vehicles,False,5909.303781,imports
2026-06-01,AUSTRALIA AND OCEANIA,8703,Motor Cars & Vehicles,False,0.078485,imports
2026-06-01,USMCA (NAFTA),8703,Motor Cars & Vehicles,False,5656.707825,imports
2026-06-01,TWENTY LATIN AMERICAN REPUBLICS,8703,Motor Cars & Vehicles,False,3334.882637,imports
2026-06-01,OECD,8703,Motor Cars & Vehicles,False,15117.454433,imports
2026-06-01,NATO,8703,Motor Cars & Vehicles,False,5918.865914,imports
2026-06-01,LAFTA,8703,Motor Cars & Vehicles,False,3334.882637,imports
2026-06-01,EURO AREA,8703,Motor Cars & Vehicles,False,2914.17664,imports
2026-06-01,APEC,8703,Motor Cars & Vehicles,False,11564.693408,imports
2026-06-01,ASEAN,8703,Motor Cars & Vehicles,False,34.470673,imports
2026-06-01,CANADA,8703,Motor Cars & Vehicles,False,2322.018334,imports
2026-06-01,MEXICO,8703,Motor Cars & Vehicles,False,3334.689491,imports
2026-06-01,SOUTH AFRICA,8703,Motor Cars & Vehicles,False,59.240944,imports
2026-06-01,NAMIBIA,8703,Motor Cars & Vehicles,False,0.0,imports
2026-06-01,CENTRAL AMERICA,8703,Motor Cars & Vehicles,False,0.003,imports
2026-06-01,SOUTH AMERICA,8703,Motor Cars & Vehicles,False,0.193146,imports
2026-06-01,INDIA,2709,Crude Petroleum Oils,True,0.0,imports
2026-06-01,CHINA,2709,Crude Petroleum Oils,True,0.0,imports
2026-06-01,TRINIDAD AND TOBAGO,2709,Crude Petroleum Oils,True,126.606536,imports
2026-06-01,COLOMBIA,2709,Crude Petroleum Oils,True,436.592007,imports
2026-06-01,VENEZUELA,2709,Crude Petroleum Oils,True,1579.21768,imports
2026-06-01,GUYANA,2709,Crude Petroleum Oils,True,804.42249,imports
2026-06-01,ECUADOR,2709,Crude Petroleum Oils,True,448.940407,imports
2026-06-01,PERU,2709,Crude Petroleum Oils,True,22.639342,imports
2026-06-01,BRAZIL,2709,Crude Petroleum Oils,True,325.697492,imports
2026-06-01,ARGENTINA,2709,Crude Petroleum Oils,True,178.933137,imports
2026-06-01,NORWAY,2709,Crude Petroleum Oils,True,0.0,imports
2026-06-01,UNITED KINGDOM,2709,Crude Petroleum Oils,True,0.355396,imports
2026-06-01,ALGERIA,2709,Crude Petroleum Oils,True,16.634357,imports
2026-06-01,LIBYA,2709,Crude Petroleum Oils,True,210.785685,imports
2026-06-01,CAMEROON,2709,Crude Petroleum Oils,True,5.404865,imports
2026-06-01,COTE D'IVOIRE,2709,Crude Petroleum Oils,True,0.0,imports
2026-06-01,GHANA,2709,Crude Petroleum Oils,True,32.902963,imports
2026-06-01,NIGERIA,2709,Crude Petroleum Oils,True,26.703736,imports
2026-06-01,GABON,2709,Crude Petroleum Oils,True,0.0,imports
2026-06-01,ANGOLA,2709,Crude Petroleum Oils,True,107.450135,imports
2026-06-01,DEMOCRATIC REPUBLIC OF THE CONGO,2709,Crude Petroleum Oils,True,0.0,imports
2026-06-01,IRAQ,2709,Crude Petroleum Oils,True,0.0,imports
2026-06-01,ISRAEL,2709,Crude Petroleum Oils,True,0.0,imports
2026-06-01,KUWAIT,2709,Crude Petroleum Oils,True,0.0,imports
2026-06-01,SAUDI ARABIA,2709,Crude Petroleum Oils,True,207.58929,imports
2026-06-01,TOTAL FOR ALL COUNTRIES,2709,Crude Petroleum Oils,True,14910.17907,imports
2026-06-01,NORTH AMERICA,2709,Crude Petroleum Oils,True,10379.303552,imports
2026-06-01,EUROPE,2709,Crude Petroleum Oils,True,0.355396,imports
2026-06-01,AFRICA,2709,Crude Petroleum Oils,True,399.881741,imports
2026-06-01,PACIFIC RIM COUNTRIES,2709,Crude Petroleum Oils,True,0.0,imports
2026-06-01,ASIA,2709,Crude Petroleum Oils,True,207.58929,imports
2026-06-01,CAFTA-DR,2709,Crude Petroleum Oils,True,0.0,imports
2026-06-01,USMCA (NAFTA),2709,Crude Petroleum Oils,True,10379.303552,imports
2026-06-01,TWENTY LATIN AMERICAN REPUBLICS,2709,Crude Petroleum Oils,True,3557.169718,imports
2026-06-01,OECD,2709,Crude Petroleum Oils,True,10816.250955,imports
2026-06-01,NATO,2709,Crude Petroleum Oils,True,9814.509295,imports
2026-06-01,LAFTA,2709,Crude Petroleum Oils,True,3557.169718,imports
2026-06-01,APEC,2709,Crude Petroleum Oils,True,10401.942894,imports
2026-06-01,CACM,2709,Crude Petroleum Oils,True,0.0,imports
2026-06-01,CANADA,2709,Crude Petroleum Oils,True,9814.153899,imports
2026-06-01,MEXICO,2709,Crude Petroleum Oils,True,565.149653,imports
2026-06-01,GUATEMALA,2709,Crude Petroleum Oils,True,0.0,imports
2026-06-01,CENTRAL AMERICA,2709,Crude Petroleum Oils,True,126.606536,imports
2026-06-01,SOUTH AMERICA,2709,Crude Petroleum Oils,True,3796.442555,imports
2026-06-01,UNITED ARAB EMIRATES,3004,Medicaments Packaged,True,0.10296,imports
2026-06-01,INDIA,3004,Medicaments Packaged,True,927.222014,imports
2026-06-01,PAKISTAN,3004,Medicaments Packaged,True,0.068244,imports
2026-06-01,BANGLADESH,3004,Medicaments Packaged,True,1.505403,imports
2026-06-01,SRI LANKA,3004,Medicaments Packaged,True,0.0,imports
2026-06-01,THAILAND,3004,Medicaments Packaged,True,1.061723,imports
2026-06-01,VIETNAM,3004,Medicaments Packaged,True,0.0,imports
2026-06-01,MALAYSIA,3004,Medicaments Packaged,True,12.315833,imports
2026-06-01,SINGAPORE,3004,Medicaments Packaged,True,274.380565,imports
2026-06-01,INDONESIA,3004,Medicaments Packaged,True,0.372463,imports
2026-06-01,MACAU,3004,Medicaments Packaged,True,0.0,imports
2026-06-01,CHINA,3004,Medicaments Packaged,True,455.237668,imports
2026-06-01,"KOREA, SOUTH",3004,Medicaments Packaged,True,3.03463,imports
2026-06-01,HONG KONG,3004,Medicaments Packaged,True,0.09763,imports
2026-06-01,TAIWAN,3004,Medicaments Packaged,True,21.394363,imports
2026-06-01,JAPAN,3004,Medicaments Packaged,True,82.534019,imports
2026-06-01,AUSTRALIA,3004,Medicaments Packaged,True,5.155691,imports
2026-06-01,NEW ZEALAND,3004,Medicaments Packaged,True,0.658678,imports
2026-06-01,COLOMBIA,3004,Medicaments Packaged,True,0.725153,imports
2026-06-01,ECUADOR,3004,Medicaments Packaged,True,0.00832,imports
2026-06-01,CHILE,3004,Medicaments Packaged,True,0.0,imports
2026-06-01,BRAZIL,3004,Medicaments Packaged,True,3.211051,imports
2026-06-01,ARGENTINA,3004,Medicaments Packaged,True,0.522965,imports
2026-06-01,ICELAND,3004,Medicaments Packaged,True,0.228565,imports
2026-06-01,SWEDEN,3004,Medicaments Packaged,True,47.185037,imports
2026-06-01,NORWAY,3004,Medicaments Packaged,True,0.0,imports
2026-06-01,FINLAND,3004,Medicaments Packaged,True,99.387515,imports
2026-06-01,DENMARK,3004,Medicaments Packaged,True,41.392671,imports
2026-06-01,UNITED KINGDOM,3004,Medicaments Packaged,True,338.04629,imports
2026-06-01,IRELAND,3004,Medicaments Packaged,True,1285.572411,imports
2026-06-01,NETHERLANDS,3004,Medicaments Packaged,True,37.860223,imports
2026-06-01,BELGIUM,3004,Medicaments Packaged,True,38.281024,imports
2026-06-01,FRANCE,3004,Medicaments Packaged,True,331.151845,imports
2026-06-01,GERMANY,3004,Medicaments Packaged,True,294.561389,imports
2026-06-01,AUSTRIA,3004,Medicaments Packaged,True,38.421945,imports
2026-06-01,CZECH REPUBLIC,3004,Medicaments Packaged,True,32.990894,imports
2026-06-01,EGYPT,3004,Medicaments Packaged,True,0.00792,imports
2026-06-01,HUNGARY,3004,Medicaments Packaged,True,3.028021,imports
2026-06-01,LIECHTENSTEIN,3004,Medicaments Packaged,True,0.09306,imports
2026-06-01,SWITZERLAND,3004,Medicaments Packaged,True,666.897444,imports
2026-06-01,LATVIA,3004,Medicaments Packaged,True,0.0,imports
2026-06-01,LITHUANIA,3004,Medicaments Packaged,True,0.0,imports
2026-06-01,POLAND,3004,Medicaments Packaged,True,0.247317,imports
2026-06-01,RUSSIA,3004,Medicaments Packaged,True,0.09504,imports
2026-06-01,SPAIN,3004,Medicaments Packaged,True,98.798109,imports
2026-06-01,PORTUGAL,3004,Medicaments Packaged,True,259.89501,imports
2026-06-01,MALTA,3004,Medicaments Packaged,True,0.042145,imports
2026-06-01,ITALY,3004,Medicaments Packaged,True,570.142601,imports
2026-06-01,CROATIA,3004,Medicaments Packaged,True,6.980658,imports
2026-06-01,SLOVENIA,3004,Medicaments Packaged,True,180.913229,imports
2026-06-01,GREECE,3004,Medicaments Packaged,True,0.725154,imports
2026-06-01,ROMANIA,3004,Medicaments Packaged,True,0.693136,imports
2026-06-01,BULGARIA,3004,Medicaments Packaged,True,0.675075,imports
2026-06-01,TURKEY,3004,Medicaments Packaged,True,2.440898,imports
2026-06-01,ISRAEL,3004,Medicaments Packaged,True,338.339039,imports
2026-06-01,JORDAN,3004,Medicaments Packaged,True,1.735986,imports
2026-06-01,TOTAL FOR ALL COUNTRIES,3004,Medicaments Packaged,True,6818.536268,imports
2026-06-01,EUROPEAN UNION,3004,Medicaments Packaged,True,3368.945409,imports
2026-06-01,NORTH AMERICA,3004,Medicaments Packaged,True,308.798156,imports
2026-06-01,EUROPE,3004,Medicaments Packaged,True,4376.746706,imports
2026-06-01,AFRICA,3004,Medicaments Packaged,True,0.454168,imports
2026-06-01,PACIFIC RIM COUNTRIES,3004,Medicaments Packaged,True,855.18154,imports
2026-06-01,ASIA,3004,Medicaments Packaged,True,2119.40254,imports
2026-06-01,CAFTA-DR,3004,Medicaments Packaged,True,2.85284,imports
2026-06-01,AUSTRALIA AND OCEANIA,3004,Medicaments Packaged,True,5.814369,imports
2026-06-01,USMCA (NAFTA),3004,Medicaments Packaged,True,308.798156,imports
2026-06-01,TWENTY LATIN AMERICAN REPUBLICS,3004,Medicaments Packaged,True,54.093567,imports
2026-06-01,OECD,3004,Medicaments Packaged,True,5107.463327,imports
2026-06-01,NATO,3004,Medicaments Packaged,True,2647.649579,imports
2026-06-01,LAFTA,3004,Medicaments Packaged,True,51.240727,imports
2026-06-01,EURO AREA,3004,Medicaments Packaged,True,3243.408333,imports
2026-06-01,APEC,3004,Medicaments Packaged,True,1165.136459,imports
2026-06-01,ASEAN,3004,Medicaments Packaged,True,288.130584,imports
2026-06-01,CACM,3004,Medicaments Packaged,True,2.729839,imports
2026-06-01,CANADA,3004,Medicaments Packaged,True,262.024918,imports
2026-06-01,MEXICO,3004,Medicaments Packaged,True,46.773238,imports
2026-06-01,GUATEMALA,3004,Medicaments Packaged,True,0.0,imports
2026-06-01,EL SALVADOR,3004,Medicaments Packaged,True,1.859192,imports
2026-06-01,HONDURAS,3004,Medicaments Packaged,True,0.667906,imports
2026-06-01,NICARAGUA,3004,Medicaments Packaged,True,0.152372,imports
2026-06-01,COSTA RICA,3004,Medicaments Packaged,True,0.050369,imports
2026-06-01,DOMINICAN REPUBLIC,3004,Medicaments Packaged,True,0.123001,imports
2026-06-01,SOUTH AFRICA,3004,Medicaments Packaged,True,0.446248,imports
2026-06-01,ZIMBABWE,3004,Medicaments Packaged,True,0.0,imports
2026-06-01,CENTRAL AMERICA,3004,Medicaments Packaged,True,2.85284,imports
2026-06-01,SOUTH AMERICA,3004,Medicaments Packaged,True,4.467489,imports
2026-06-01,UNITED ARAB EMIRATES,8517,Telephone Sets & Network Equipment,True,0.378071,imports
2026-06-01,OMAN,8517,Telephone Sets & Network Equipment,True,0.006304,imports
2026-06-01,AFGHANISTAN,8517,Telephone Sets & Network Equipment,True,0.0,imports
2026-06-01,INDIA,8517,Telephone Sets & Network Equipment,True,2663.306076,imports
2026-06-01,PAKISTAN,8517,Telephone Sets & Network Equipment,True,0.0,imports
2026-06-01,NEPAL,8517,Telephone Sets & Network Equipment,True,0.005995,imports
2026-06-01,BANGLADESH,8517,Telephone Sets & Network Equipment,True,0.014456,imports
2026-06-01,SRI LANKA,8517,Telephone Sets & Network Equipment,True,0.12456,imports
2026-06-01,BURMA,8517,Telephone Sets & Network Equipment,True,0.0,imports
2026-06-01,THAILAND,8517,Telephone Sets & Network Equipment,True,3227.625068,imports
2026-06-01,VIETNAM,8517,Telephone Sets & Network Equipment,True,4205.214006,imports
2026-06-01,LAOS,8517,Telephone Sets & Network Equipment,True,1.275581,imports
2026-06-01,CAMBODIA,8517,Telephone Sets & Network Equipment,True,0.985871,imports
2026-06-01,MALAYSIA,8517,Telephone Sets & Network Equipment,True,851.703941,imports
2026-06-01,SINGAPORE,8517,Telephone Sets & Network Equipment,True,29.178485,imports
2026-06-01,INDONESIA,8517,Telephone Sets & Network Equipment,True,146.118107,imports
2026-06-01,PHILIPPINES,8517,Telephone Sets & Network Equipment,True,118.86396,imports
2026-06-01,CHINA,8517,Telephone Sets & Network Equipment,True,1916.309097,imports
2026-06-01,"KOREA, SOUTH",8517,Telephone Sets & Network Equipment,True,30.489388,imports
2026-06-01,HONG KONG,8517,Telephone Sets & Network Equipment,True,9.773137,imports
2026-06-01,TAIWAN,8517,Telephone Sets & Network Equipment,True,1569.584357,imports
2026-06-01,JAPAN,8517,Telephone Sets & Network Equipment,True,64.04567,imports
2026-06-01,AUSTRALIA,8517,Telephone Sets & Network Equipment,True,6.988637,imports
2026-06-01,PAPUA NEW GUINEA,8517,Telephone Sets & Network Equipment,True,0.0,imports
2026-06-01,NEW ZEALAND,8517,Telephone Sets & Network Equipment,True,4.986464,imports
2026-06-01,COOK ISLANDS,8517,Telephone Sets & Network Equipment,True,3.7965,imports
2026-06-01,FRENCH POLYNESIA,8517,Telephone Sets & Network Equipment,True,0.0,imports
2026-06-01,ST KITTS AND NEVIS,8517,Telephone Sets & Network Equipment,True,0.035485,imports
2026-06-01,ANTIGUA AND BARBUDA,8517,Telephone Sets & Network Equipment,True,0.0,imports
2026-06-01,ST LUCIA,8517,Telephone Sets & Network Equipment,True,0.0,imports
2026-06-01,ST VINCENT AND THE GRENADINES,8517,Telephone Sets & Network Equipment,True,0.005,imports
2026-06-01,TRINIDAD AND TOBAGO,8517,Telephone Sets & Network Equipment,True,0.0,imports
2026-06-01,COLOMBIA,8517,Telephone Sets & Network Equipment,True,0.042393,imports
2026-06-01,VENEZUELA,8517,Telephone Sets & Network Equipment,True,0.0,imports
2026-06-01,GUYANA,8517,Telephone Sets & Network Equipment,True,0.120856,imports
2026-06-01,ECUADOR,8517,Telephone Sets & Network Equipment,True,0.0,imports
2026-06-01,PERU,8517,Telephone Sets & Network Equipment,True,0.0,imports
2026-06-01,CHILE,8517,Telephone Sets & Network Equipment,True,0.062213,imports
2026-06-01,BRAZIL,8517,Telephone Sets & Network Equipment,True,12.303493,imports
2026-06-01,PARAGUAY,8517,Telephone Sets & Network Equipment,True,0.0,imports
2026-06-01,URUGUAY,8517,Telephone Sets & Network Equipment,True,0.043322,imports
2026-06-01,ARGENTINA,8517,Telephone Sets & Network Equipment,True,0.00299,imports
2026-06-01,ICELAND,8517,Telephone Sets & Network Equipment,True,0.0,imports
2026-06-01,SWEDEN,8517,Telephone Sets & Network Equipment,True,10.108843,imports
2026-06-01,NORWAY,8517,Telephone Sets & Network Equipment,True,4.981388,imports
2026-06-01,FINLAND,8517,Telephone Sets & Network Equipment,True,3.178032,imports
2026-06-01,FAROE ISLANDS,8517,Telephone Sets & Network Equipment,True,0.0,imports
2026-06-01,DENMARK,8517,Telephone Sets & Network Equipment,True,9.472496,imports
2026-06-01,UNITED KINGDOM,8517,Telephone Sets & Network Equipment,True,37.081146,imports
2026-06-01,IRELAND,8517,Telephone Sets & Network Equipment,True,4.393241,imports
2026-06-01,NETHERLANDS,8517,Telephone Sets & Network Equipment,True,3.02883,imports
2026-06-01,BELGIUM,8517,Telephone Sets & Network Equipment,True,3.181916,imports
2026-06-01,LUXEMBOURG,8517,Telephone Sets & Network Equipment,True,0.018406,imports
2026-06-01,FRANCE,8517,Telephone Sets & Network Equipment,True,11.361121,imports
2026-06-01,GERMANY,8517,Telephone Sets & Network Equipment,True,49.591044,imports
2026-06-01,AUSTRIA,8517,Telephone Sets & Network Equipment,True,2.255854,imports
2026-06-01,CZECH REPUBLIC,8517,Telephone Sets & Network Equipment,True,36.078348,imports
2026-06-01,MOROCCO,8517,Telephone Sets & Network Equipment,True,0.130509,imports
2026-06-01,TUNISIA,8517,Telephone Sets & Network Equipment,True,0.156045,imports
2026-06-01,EGYPT,8517,Telephone Sets & Network Equipment,True,0.002492,imports
2026-06-01,CAMEROON,8517,Telephone Sets & Network Equipment,True,0.00405,imports
2026-06-01,SIERRA LEONE,8517,Telephone Sets & Network Equipment,True,0.0,imports
2026-06-01,COTE D'IVOIRE,8517,Telephone Sets & Network Equipment,True,0.0,imports
2026-06-01,GHANA,8517,Telephone Sets & Network Equipment,True,0.0,imports
2026-06-01,GAMBIA,8517,Telephone Sets & Network Equipment,True,0.0,imports
2026-06-01,ANGOLA,8517,Telephone Sets & Network Equipment,True,0.0,imports
2026-06-01,KENYA,8517,Telephone Sets & Network Equipment,True,0.0,imports
2026-06-01,BRITISH VIRGIN ISLANDS,8517,Telephone Sets & Network Equipment,True,0.0,imports
2026-06-01,SLOVAKIA,8517,Telephone Sets & Network Equipment,True,0.257824,imports
2026-06-01,HUNGARY,8517,Telephone Sets & Network Equipment,True,4.586589,imports
2026-06-01,LIECHTENSTEIN,8517,Telephone Sets & Network Equipment,True,0.0,imports
2026-06-01,SWITZERLAND,8517,Telephone Sets & Network Equipment,True,2.865649,imports
2026-06-01,ESTONIA,8517,Telephone Sets & Network Equipment,True,14.847844,imports
2026-06-01,LATVIA,8517,Telephone Sets & Network Equipment,True,3.813679,imports
2026-06-01,LITHUANIA,8517,Telephone Sets & Network Equipment,True,4.815655,imports
2026-06-01,POLAND,8517,Telephone Sets & Network Equipment,True,42.549878,imports
2026-06-01,UKRAINE,8517,Telephone Sets & Network Equipment,True,3.626367,imports
2026-06-01,ARMENIA,8517,Telephone Sets & Network Equipment,True,0.0,imports
2026-06-01,GEORGIA,8517,Telephone Sets & Network Equipment,True,0.004122,imports
2026-06-01,KAZAKHSTAN,8517,Telephone Sets & Network Equipment,True,0.0,imports
2026-06-01,MOLDOVA,8517,Telephone Sets & Network Equipment,True,0.0,imports
2026-06-01,UZBEKISTAN,8517,Telephone Sets & Network Equipment,True,0.002075,imports
2026-06-01,SPAIN,8517,Telephone Sets & Network Equipment,True,2.070427,imports
2026-06-01,PORTUGAL,8517,Telephone Sets & Network Equipment,True,11.952997,imports
2026-06-01,GIBRALTAR,8517,Telephone Sets & Network Equipment,True,0.0,imports
2026-06-01,MALTA,8517,Telephone Sets & Network Equipment,True,0.404861,imports
2026-06-01,ITALY,8517,Telephone Sets & Network Equipment,True,6.489003,imports
2026-06-01,CROATIA,8517,Telephone Sets & Network Equipment,True,0.445787,imports
2026-06-01,SLOVENIA,8517,Telephone Sets & Network Equipment,True,0.680217,imports
2026-06-01,BOSNIA AND HERZEGOVINA,8517,Telephone Sets & Network Equipment,True,0.0,imports
2026-06-01,MACEDONIA,8517,Telephone Sets & Network Equipment,True,0.058072,imports
2026-06-01,SERBIA,8517,Telephone Sets & Network Equipment,True,0.051168,imports
2026-06-01,MONTENEGRO,8517,Telephone Sets & Network Equipment,True,0.059534,imports
2026-06-01,ALBANIA,8517,Telephone Sets & Network Equipment,True,0.016801,imports
2026-06-01,GREECE,8517,Telephone Sets & Network Equipment,True,0.223764,imports
2026-06-01,ROMANIA,8517,Telephone Sets & Network Equipment,True,44.421547,imports
2026-06-01,BULGARIA,8517,Telephone Sets & Network Equipment,True,2.612324,imports
2026-06-01,TURKEY,8517,Telephone Sets & Network Equipment,True,2.499124,imports
2026-06-01,CYPRUS,8517,Telephone Sets & Network Equipment,True,0.397599,imports
2026-06-01,LEBANON,8517,Telephone Sets & Network Equipment,True,0.919752,imports
2026-06-01,IRAQ,8517,Telephone Sets & Network Equipment,True,0.003895,imports
2026-06-01,ISRAEL,8517,Telephone Sets & Network Equipment,True,160.78197,imports
2026-06-01,SAUDI ARABIA,8517,Telephone Sets & Network Equipment,True,0.0,imports
2026-06-01,QATAR,8517,Telephone Sets & Network Equipment,True,0.0,imports
2026-06-01,TOTAL FOR ALL COUNTRIES,8517,Telephone Sets & Network Equipment,True,17237.599999,imports
2026-06-01,EUROPEAN UNION,8517,Telephone Sets & Network Equipment,True,273.238126,imports
2026-06-01,NORTH AMERICA,8517,Telephone Sets & Network Equipment,True,1883.759422,imports
2026-06-01,EUROPE,8517,Telephone Sets & Network Equipment,True,324.483572,imports
2026-06-01,AFRICA,8517,Telephone Sets & Network Equipment,True,1.450535,imports
2026-06-01,PACIFIC RIM COUNTRIES,8517,Telephone Sets & Network Equipment,True,4748.041243,imports
2026-06-01,ASIA,8517,Telephone Sets & Network Equipment,True,14996.707747,imports
2026-06-01,CAFTA-DR,8517,Telephone Sets & Network Equipment,True,1.253554,imports
2026-06-01,AUSTRALIA AND OCEANIA,8517,Telephone Sets & Network Equipment,True,15.771601,imports
2026-06-01,USMCA (NAFTA),8517,Telephone Sets & Network Equipment,True,1883.759422,imports
2026-06-01,TWENTY LATIN AMERICAN REPUBLICS,8517,Telephone Sets & Network Equipment,True,1808.155613,imports
2026-06-01,OECD,8517,Telephone Sets & Network Equipment,True,2424.242425,imports
2026-06-01,NATO,8517,Telephone Sets & Network Equipment,True,400.033792,imports
2026-06-01,LAFTA,8517,Telephone Sets & Network Equipment,True,1806.662677,imports
2026-06-01,EURO AREA,8517,Telephone Sets & Network Equipment,True,126.020425,imports
2026-06-01,APEC,8517,Telephone Sets & Network Equipment,True,14064.701952,imports
2026-06-01,ASEAN,8517,Telephone Sets & Network Equipment,True,8580.965019,imports
2026-06-01,CACM,8517,Telephone Sets & Network Equipment,True,0.759053,imports
2026-06-01,CANADA,8517,Telephone Sets & Network Equipment,True,89.551156,imports
2026-06-01,MEXICO,8517,Telephone Sets & Network Equipment,True,1794.208266,imports
2026-06-01,GUATEMALA,8517,Telephone Sets & Network Equipment,True,0.00602,imports
2026-06-01,EL SALVADOR,8517,Telephone Sets & Network Equipment,True,0.05008,imports
2026-06-01,HONDURAS,8517,Telephone Sets & Network Equipment,True,0.0,imports
2026-06-01,COSTA RICA,8517,Telephone Sets & Network Equipment,True,0.702953,imports
2026-06-01,PANAMA,8517,Telephone Sets & Network Equipment,True,0.239382,imports
2026-06-01,BERMUDA,8517,Telephone Sets & Network Equipment,True,0.0,imports
2026-06-01,BAHAMAS,8517,Telephone Sets & Network Equipment,True,0.00215,imports
2026-06-01,JAMAICA,8517,Telephone Sets & Network Equipment,True,0.0,imports
2026-06-01,CAYMAN ISLANDS,8517,Telephone Sets & Network Equipment,True,1.316284,imports
2026-06-01,HAITI,8517,Telephone Sets & Network Equipment,True,0.0,imports
2026-06-01,DOMINICAN REPUBLIC,8517,Telephone Sets & Network Equipment,True,0.494501,imports
2026-06-01,SEYCHELLES,8517,Telephone Sets & Network Equipment,True,0.0,imports
2026-06-01,MAURITIUS,8517,Telephone Sets & Network Equipment,True,0.0,imports
2026-06-01,MOZAMBIQUE,8517,Telephone Sets & Network Equipment,True,0.0,imports
2026-06-01,REUNION,8517,Telephone Sets & Network Equipment,True,0.00503,imports
2026-06-01,SOUTH AFRICA,8517,Telephone Sets & Network Equipment,True,1.152409,imports
2026-06-01,NAMIBIA,8517,Telephone Sets & Network Equipment,True,0.0,imports
2026-06-01,BOTSWANA,8517,Telephone Sets & Network Equipment,True,0.0,imports
2026-06-01,ZAMBIA,8517,Telephone Sets & Network Equipment,True,0.0,imports
2026-06-01,ZIMBABWE,8517,Telephone Sets & Network Equipment,True,0.0,imports
2026-06-01,CENTRAL AMERICA,8517,Telephone Sets & Network Equipment,True,2.851855,imports
2026-06-01,SOUTH AMERICA,8517,Telephone Sets & Network Equipment,True,12.575267,imports
2026-06-01,UNITED ARAB EMIRATES,8471,Automatic Data Processing Machines,True,4.277412,imports
2026-06-01,BAHRAIN,8471,Automatic Data Processing Machines,True,0.0,imports
2026-06-01,INDIA,8471,Automatic Data Processing Machines,True,4.786364,imports
2026-06-01,PAKISTAN,8471,Automatic Data Processing Machines,True,0.0,imports
2026-06-01,NEPAL,8471,Automatic Data Processing Machines,True,0.0,imports
2026-06-01,BANGLADESH,8471,Automatic Data Processing Machines,True,0.002124,imports
2026-06-01,SRI LANKA,8471,Automatic Data Processing Machines,True,0.061763,imports
2026-06-01,THAILAND,8471,Automatic Data Processing Machines,True,3264.266391,imports
2026-06-01,VIETNAM,8471,Automatic Data Processing Machines,True,4365.843605,imports
2026-06-01,LAOS,8471,Automatic Data Processing Machines,True,0.013376,imports
2026-06-01,CAMBODIA,8471,Automatic Data Processing Machines,True,0.963747,imports
2026-06-01,MALAYSIA,8471,Automatic Data Processing Machines,True,238.129573,imports
2026-06-01,SINGAPORE,8471,Automatic Data Processing Machines,True,328.669288,imports
2026-06-01,INDONESIA,8471,Automatic Data Processing Machines,True,44.881861,imports
2026-06-01,PHILIPPINES,8471,Automatic Data Processing Machines,True,167.316036,imports
2026-06-01,CHINA,8471,Automatic Data Processing Machines,True,853.247496,imports
2026-06-01,"KOREA, SOUTH",8471,Automatic Data Processing Machines,True,45.695232,imports
2026-06-01,HONG KONG,8471,Automatic Data Processing Machines,True,1.866578,imports
2026-06-01,TAIWAN,8471,Automatic Data Processing Machines,True,9610.469448,imports
2026-06-01,JAPAN,8471,Automatic Data Processing Machines,True,44.226187,imports
2026-06-01,AUSTRALIA,8471,Automatic Data Processing Machines,True,1.035082,imports
2026-06-01,NEW ZEALAND,8471,Automatic Data Processing Machines,True,0.363551,imports
2026-06-01,ST KITTS AND NEVIS,8471,Automatic Data Processing Machines,True,0.00254,imports
2026-06-01,ST LUCIA,8471,Automatic Data Processing Machines,True,0.0,imports
2026-06-01,ST VINCENT AND THE GRENADINES,8471,Automatic Data Processing Machines,True,0.0,imports
2026-06-01,GRENADA,8471,Automatic Data Processing Machines,True,0.0,imports
2026-06-01,BARBADOS,8471,Automatic Data Processing Machines,True,0.0,imports
2026-06-01,TRINIDAD AND TOBAGO,8471,Automatic Data Processing Machines,True,0.0024,imports
2026-06-01,CURACAO,8471,Automatic Data Processing Machines,True,0.0,imports
2026-06-01,ARUBA,8471,Automatic Data Processing Machines,True,0.0,imports
2026-06-01,GUADELOUPE,8471,Automatic Data Processing Machines,True,0.0,imports
2026-06-01,COLOMBIA,8471,Automatic Data Processing Machines,True,0.026619,imports
2026-06-01,VENEZUELA,8471,Automatic Data Processing Machines,True,0.0,imports
2026-06-01,ECUADOR,8471,Automatic Data Processing Machines,True,0.0,imports
2026-06-01,PERU,8471,Automatic Data Processing Machines,True,0.0,imports
2026-06-01,BOLIVIA,8471,Automatic Data Processing Machines,True,0.0,imports
2026-06-01,CHILE,8471,Automatic Data Processing Machines,True,0.0028,imports
2026-06-01,BRAZIL,8471,Automatic Data Processing Machines,True,0.25238,imports
2026-06-01,PARAGUAY,8471,Automatic Data Processing Machines,True,0.0,imports
2026-06-01,URUGUAY,8471,Automatic Data Processing Machines,True,0.007695,imports
2026-06-01,ARGENTINA,8471,Automatic Data Processing Machines,True,0.018,imports
2026-06-01,ICELAND,8471,Automatic Data Processing Machines,True,0.168401,imports
2026-06-01,SWEDEN,8471,Automatic Data Processing Machines,True,2.102492,imports
2026-06-01,NORWAY,8471,Automatic Data Processing Machines,True,1.449533,imports
2026-06-01,FINLAND,8471,Automatic Data Processing Machines,True,0.887047,imports
2026-06-01,DENMARK,8471,Automatic Data Processing Machines,True,3.661612,imports
2026-06-01,UNITED KINGDOM,8471,Automatic Data Processing Machines,True,36.228694,imports
2026-06-01,IRELAND,8471,Automatic Data Processing Machines,True,170.10756,imports
2026-06-01,NETHERLANDS,8471,Automatic Data Processing Machines,True,9.683705,imports
2026-06-01,BELGIUM,8471,Automatic Data Processing Machines,True,0.763901,imports
2026-06-01,LUXEMBOURG,8471,Automatic Data Processing Machines,True,0.026589,imports
2026-06-01,FRANCE,8471,Automatic Data Processing Machines,True,12.04536,imports
2026-06-01,GERMANY,8471,Automatic Data Processing Machines,True,90.203767,imports
2026-06-01,AUSTRIA,8471,Automatic Data Processing Machines,True,6.419314,imports
2026-06-01,CZECH REPUBLIC,8471,Automatic Data Processing Machines,True,138.101072,imports
2026-06-01,TONGA,8471,Automatic Data Processing Machines,True,0.0,imports
2026-06-01,MOROCCO,8471,Automatic Data Processing Machines,True,0.0,imports
2026-06-01,TUNISIA,8471,Automatic Data Processing Machines,True,0.00403,imports
2026-06-01,EGYPT,8471,Automatic Data Processing Machines,True,0.010446,imports
2026-06-01,SENEGAL,8471,Automatic Data Processing Machines,True,0.009171,imports
2026-06-01,SIERRA LEONE,8471,Automatic Data Processing Machines,True,0.0,imports
2026-06-01,GHANA,8471,Automatic Data Processing Machines,True,0.00245,imports
2026-06-01,TOGO,8471,Automatic Data Processing Machines,True,0.0,imports
2026-06-01,NIGERIA,8471,Automatic Data Processing Machines,True,0.007,imports
2026-06-01,LIBERIA,8471,Automatic Data Processing Machines,True,0.005,imports
2026-06-01,RWANDA,8471,Automatic Data Processing Machines,True,0.0,imports
2026-06-01,BRITISH VIRGIN ISLANDS,8471,Automatic Data Processing Machines,True,0.00845,imports
2026-06-01,SLOVAKIA,8471,Automatic Data Processing Machines,True,2.989886,imports
2026-06-01,HUNGARY,8471,Automatic Data Processing Machines,True,663.729113,imports
2026-06-01,SWITZERLAND,8471,Automatic Data Processing Machines,True,7.021141,imports
2026-06-01,ESTONIA,8471,Automatic Data Processing Machines,True,0.817977,imports
2026-06-01,LATVIA,8471,Automatic Data Processing Machines,True,0.16989,imports
2026-06-01,LITHUANIA,8471,Automatic Data Processing Machines,True,0.172015,imports
2026-06-01,POLAND,8471,Automatic Data Processing Machines,True,15.281281,imports
2026-06-01,UKRAINE,8471,Automatic Data Processing Machines,True,0.00559,imports
2026-06-01,GEORGIA,8471,Automatic Data Processing Machines,True,0.003409,imports
2026-06-01,KYRGYZSTAN,8471,Automatic Data Processing Machines,True,0.0,imports
2026-06-01,MOLDOVA,8471,Automatic Data Processing Machines,True,0.0,imports
2026-06-01,SPAIN,8471,Automatic Data Processing Machines,True,1.053227,imports
2026-06-01,PORTUGAL,8471,Automatic Data Processing Machines,True,0.321839,imports
2026-06-01,MALTA,8471,Automatic Data Processing Machines,True,0.008157,imports
2026-06-01,SAN MARINO,8471,Automatic Data Processing Machines,True,0.002385,imports
2026-06-01,ITALY,8471,Automatic Data Processing Machines,True,7.846421,imports
2026-06-01,CROATIA,8471,Automatic Data Processing Machines,True,0.025135,imports
2026-06-01,SLOVENIA,8471,Automatic Data Processing Machines,True,0.47553,imports
2026-06-01,BOSNIA AND HERZEGOVINA,8471,Automatic Data Processing Machines,True,0.030637,imports
2026-06-01,MACEDONIA,8471,Automatic Data Processing Machines,True,0.007682,imports
2026-06-01,SERBIA,8471,Automatic Data Processing Machines,True,0.014127,imports
2026-06-01,ALBANIA,8471,Automatic Data Processing Machines,True,0.0,imports
2026-06-01,GREECE,8471,Automatic Data Processing Machines,True,0.009478,imports
2026-06-01,ROMANIA,8471,Automatic Data Processing Machines,True,1.061156,imports
2026-06-01,BULGARIA,8471,Automatic Data Processing Machines,True,1.721831,imports
2026-06-01,TURKEY,8471,Automatic Data Processing Machines,True,0.122724,imports
2026-06-01,LEBANON,8471,Automatic Data Processing Machines,True,0.0,imports
2026-06-01,IRAN,8471,Automatic Data Processing Machines,True,0.0,imports
2026-06-01,ISRAEL,8471,Automatic Data Processing Machines,True,12.865578,imports
2026-06-01,JORDAN,8471,Automatic Data Processing Machines,True,0.101884,imports
2026-06-01,KUWAIT,8471,Automatic Data Processing Machines,True,0.0098,imports
2026-06-01,SAUDI ARABIA,8471,Automatic Data Processing Machines,True,0.264531,imports
2026-06-01,QATAR,8471,Automatic Data Processing Machines,True,0.0,imports
2026-06-01,TOTAL FOR ALL COUNTRIES,8471,Automatic Data Processing Machines,True,35199.413826,imports
2026-06-01,EUROPEAN UNION,8471,Automatic Data Processing Machines,True,1129.685355,imports
2026-06-01,NORTH AMERICA,8471,Automatic Data Processing Machines,True,15034.634351,imports
2026-06-01,EUROPE,8471,Automatic Data Processing Machines,True,1174.739678,imports
2026-06-01,AFRICA,8471,Automatic Data Processing Machines,True,0.049631,imports
2026-06-01,PACIFIC RIM COUNTRIES,8471,Automatic Data Processing Machines,True,11335.900332,imports
2026-06-01,ASIA,8471,Automatic Data Processing Machines,True,18987.958274,imports
2026-06-01,CAFTA-DR,8471,Automatic Data Processing Machines,True,0.234025,imports
2026-06-01,AUSTRALIA AND OCEANIA,8471,Automatic Data Processing Machines,True,1.398633,imports
2026-06-01,USMCA (NAFTA),8471,Automatic Data Processing Machines,True,15034.634351,imports
2026-06-01,TWENTY LATIN AMERICAN REPUBLICS,8471,Automatic Data Processing Machines,True,14981.515495,imports
2026-06-01,OECD,8471,Automatic Data Processing Machines,True,16310.790026,imports
2026-06-01,NATO,8471,Automatic Data Processing Machines,True,1044.862483,imports
2026-06-01,LAFTA,8471,Automatic Data Processing Machines,True,14981.20672,imports
2026-06-01,EURO AREA,8471,Automatic Data Processing Machines,True,305.748629,imports
2026-06-01,APEC,8471,Automatic Data Processing Machines,True,34000.647479,imports
2026-06-01,ASEAN,8471,Automatic Data Processing Machines,True,8410.083877,imports
2026-06-01,CACM,8471,Automatic Data Processing Machines,True,0.087437,imports
2026-06-01,CANADA,8471,Automatic Data Processing Machines,True,53.735125,imports
2026-06-01,MEXICO,8471,Automatic Data Processing Machines,True,14980.899226,imports
2026-06-01,GUATEMALA,8471,Automatic Data Processing Machines,True,0.0,imports
2026-06-01,EL SALVADOR,8471,Automatic Data Processing Machines,True,0.0,imports
2026-06-01,HONDURAS,8471,Automatic Data Processing Machines,True,0.00638,imports
2026-06-01,COSTA RICA,8471,Automatic Data Processing Machines,True,0.081057,imports
2026-06-01,PANAMA,8471,Automatic Data Processing Machines,True,0.07475,imports
2026-06-01,BERMUDA,8471,Automatic Data Processing Machines,True,0.0,imports
2026-06-01,JAMAICA,8471,Automatic Data Processing Machines,True,0.0,imports
2026-06-01,TURKS AND CAICOS ISLANDS,8471,Automatic Data Processing Machines,True,0.0,imports
2026-06-01,CAYMAN ISLANDS,8471,Automatic Data Processing Machines,True,0.0036,imports
2026-06-01,HAITI,8471,Automatic Data Processing Machines,True,0.0,imports
2026-06-01,DOMINICAN REPUBLIC,8471,Automatic Data Processing Machines,True,0.146588,imports
2026-06-01,MAURITIUS,8471,Automatic Data Processing Machines,True,0.0,imports
2026-06-01,SOUTH AFRICA,8471,Automatic Data Processing Machines,True,0.002816,imports
2026-06-01,NAMIBIA,8471,Automatic Data Processing Machines,True,0.003979,imports
2026-06-01,ZIMBABWE,8471,Automatic Data Processing Machines,True,0.0,imports
2026-06-01,MALAWI,8471,Automatic Data Processing Machines,True,0.004739,imports
2026-06-01,CENTRAL AMERICA,8471,Automatic Data Processing Machines,True,0.325765,imports
2026-06-01,SOUTH AMERICA,8471,Automatic Data Processing Machines,True,0.307494,imports
2026-06-01,UNITED ARAB EMIRATES,2711,Petroleum Gases,True,0.069966,imports
2026-06-01,INDIA,2711,Petroleum Gases,True,0.0,imports
2026-06-01,INDONESIA,2711,Petroleum Gases,True,0.0,imports
2026-06-01,CHINA,2711,Petroleum Gases,True,0.588163,imports
2026-06-01,"KOREA, SOUTH",2711,Petroleum Gases,True,2.452451,imports
2026-06-01,TAIWAN,2711,Petroleum Gases,True,0.048552,imports
2026-06-01,JAPAN,2711,Petroleum Gases,True,0.0,imports
2026-06-01,AUSTRALIA,2711,Petroleum Gases,True,0.002452,imports
2026-06-01,TRINIDAD AND TOBAGO,2711,Petroleum Gases,True,25.384467,imports
2026-06-01,COLOMBIA,2711,Petroleum Gases,True,0.0,imports
2026-06-01,VENEZUELA,2711,Petroleum Gases,True,0.0,imports
2026-06-01,GUYANA,2711,Petroleum Gases,True,0.0,imports
2026-06-01,ECUADOR,2711,Petroleum Gases,True,0.0,imports
2026-06-01,CHILE,2711,Petroleum Gases,True,0.0,imports
2026-06-01,BRAZIL,2711,Petroleum Gases,True,0.0,imports
2026-06-01,ARGENTINA,2711,Petroleum Gases,True,0.0,imports
2026-06-01,SWEDEN,2711,Petroleum Gases,True,0.0,imports
2026-06-01,NORWAY,2711,Petroleum Gases,True,0.0,imports
2026-06-01,UNITED KINGDOM,2711,Petroleum Gases,True,0.106444,imports
2026-06-01,IRELAND,2711,Petroleum Gases,True,0.0,imports
2026-06-01,NETHERLANDS,2711,Petroleum Gases,True,0.0,imports
2026-06-01,BELGIUM,2711,Petroleum Gases,True,0.007957,imports
2026-06-01,FRANCE,2711,Petroleum Gases,True,0.040277,imports
2026-06-01,GERMANY,2711,Petroleum Gases,True,0.0,imports
2026-06-01,ALGERIA,2711,Petroleum Gases,True,0.0,imports
2026-06-01,LIBYA,2711,Petroleum Gases,True,0.0,imports
2026-06-01,EQUATORIAL GUINEA,2711,Petroleum Gases,True,2.269344,imports
2026-06-01,CAMEROON,2711,Petroleum Gases,True,0.0,imports
2026-06-01,COTE D'IVOIRE,2711,Petroleum Gases,True,0.0,imports
2026-06-01,GHANA,2711,Petroleum Gases,True,0.0,imports
2026-06-01,NIGERIA,2711,Petroleum Gases,True,0.0,imports
2026-06-01,GABON,2711,Petroleum Gases,True,0.0,imports
2026-06-01,ANGOLA,2711,Petroleum Gases,True,0.0,imports
2026-06-01,ITALY,2711,Petroleum Gases,True,0.376413,imports
2026-06-01,SLOVENIA,2711,Petroleum Gases,True,0.0,imports
2026-06-01,TURKEY,2711,Petroleum Gases,True,0.0,imports
2026-06-01,IRAQ,2711,Petroleum Gases,True,0.0,imports
2026-06-01,SAUDI ARABIA,2711,Petroleum Gases,True,0.0,imports
2026-06-01,TOTAL FOR ALL COUNTRIES,2711,Petroleum Gases,True,768.627425,imports
2026-06-01,EUROPEAN UNION,2711,Petroleum Gases,True,0.424647,imports
2026-06-01,NORTH AMERICA,2711,Petroleum Gases,True,735.928011,imports
2026-06-01,EUROPE,2711,Petroleum Gases,True,0.531091,imports
2026-06-01,AFRICA,2711,Petroleum Gases,True,2.269344,imports
2026-06-01,PACIFIC RIM COUNTRIES,2711,Petroleum Gases,True,3.091618,imports
2026-06-01,ASIA,2711,Petroleum Gases,True,3.159132,imports
2026-06-01,CAFTA-DR,2711,Petroleum Gases,True,1.352928,imports
2026-06-01,AUSTRALIA AND OCEANIA,2711,Petroleum Gases,True,0.002452,imports
2026-06-01,USMCA (NAFTA),2711,Petroleum Gases,True,735.928011,imports
2026-06-01,TWENTY LATIN AMERICAN REPUBLICS,2711,Petroleum Gases,True,16.342033,imports
2026-06-01,OECD,2711,Petroleum Gases,True,738.914005,imports
2026-06-01,NATO,2711,Petroleum Gases,True,721.469997,imports
2026-06-01,LAFTA,2711,Petroleum Gases,True,14.989105,imports
2026-06-01,EURO AREA,2711,Petroleum Gases,True,0.424647,imports
2026-06-01,APEC,2711,Petroleum Gases,True,739.019629,imports
2026-06-01,ASEAN,2711,Petroleum Gases,True,0.0,imports
2026-06-01,CANADA,2711,Petroleum Gases,True,720.938906,imports
2026-06-01,MEXICO,2711,Petroleum Gases,True,14.989105,imports
2026-06-01,DOMINICAN REPUBLIC,2711,Petroleum Gases,True,1.352928,imports
2026-06-01,CENTRAL AMERICA,2711,Petroleum Gases,True,26.737395,imports
2026-06-01,SOUTH AMERICA,2711,Petroleum Gases,True,0.0,imports
2026-06-01,UNITED ARAB EMIRATES,8708,Motor Vehicle Parts,False,1.07939,imports
2026-06-01,OMAN,8708,Motor Vehicle Parts,False,0.48939,imports
2026-06-01,BAHRAIN,8708,Motor Vehicle Parts,False,0.0,imports
2026-06-01,INDIA,8708,Motor Vehicle Parts,False,170.374154,imports
2026-06-01,PAKISTAN,8708,Motor Vehicle Parts,False,0.297924,imports
2026-06-01,BANGLADESH,8708,Motor Vehicle Parts,False,0.003593,imports
2026-06-01,SRI LANKA,8708,Motor Vehicle Parts,False,0.684435,imports
2026-06-01,BURMA,8708,Motor Vehicle Parts,False,0.071418,imports
2026-06-01,THAILAND,8708,Motor Vehicle Parts,False,154.802399,imports
2026-06-01,VIETNAM,8708,Motor Vehicle Parts,False,71.428147,imports
2026-06-01,CAMBODIA,8708,Motor Vehicle Parts,False,1.814228,imports
2026-06-01,MALAYSIA,8708,Motor Vehicle Parts,False,23.324407,imports
2026-06-01,SINGAPORE,8708,Motor Vehicle Parts,False,2.257602,imports
2026-06-01,INDONESIA,8708,Motor Vehicle Parts,False,15.790484,imports
2026-06-01,PHILIPPINES,8708,Motor Vehicle Parts,False,3.727835,imports
2026-06-01,CHINA,8708,Motor Vehicle Parts,False,587.100878,imports
2026-06-01,MONGOLIA,8708,Motor Vehicle Parts,False,0.012902,imports
2026-06-01,"KOREA, SOUTH",8708,Motor Vehicle Parts,False,421.435447,imports
2026-06-01,HONG KONG,8708,Motor Vehicle Parts,False,0.051459,imports
2026-06-01,TAIWAN,8708,Motor Vehicle Parts,False,147.639001,imports
2026-06-01,JAPAN,8708,Motor Vehicle Parts,False,495.283967,imports
2026-06-01,AUSTRALIA,8708,Motor Vehicle Parts,False,8.590885,imports
2026-06-01,PAPUA NEW GUINEA,8708,Motor Vehicle Parts,False,0.0,imports
2026-06-01,NEW ZEALAND,8708,Motor Vehicle Parts,False,0.615223,imports
2026-06-01,ST KITTS AND NEVIS,8708,Motor Vehicle Parts,False,0.0,imports
2026-06-01,BARBADOS,8708,Motor Vehicle Parts,False,0.0,imports
2026-06-01,COLOMBIA,8708,Motor Vehicle Parts,False,1.076383,imports
2026-06-01,VENEZUELA,8708,Motor Vehicle Parts,False,0.002922,imports
2026-06-01,GUYANA,8708,Motor Vehicle Parts,False,0.0,imports
2026-06-01,SURINAME,8708,Motor Vehicle Parts,False,0.024405,imports
2026-06-01,ECUADOR,8708,Motor Vehicle Parts,False,0.019229,imports
2026-06-01,PERU,8708,Motor Vehicle Parts,False,0.411818,imports
2026-06-01,CHILE,8708,Motor Vehicle Parts,False,1.044561,imports
2026-06-01,BRAZIL,8708,Motor Vehicle Parts,False,29.975215,imports
2026-06-01,PARAGUAY,8708,Motor Vehicle Parts,False,0.015656,imports
2026-06-01,URUGUAY,8708,Motor Vehicle Parts,False,0.0,imports
2026-06-01,ARGENTINA,8708,Motor Vehicle Parts,False,0.875049,imports
2026-06-01,ICELAND,8708,Motor Vehicle Parts,False,0.0,imports
2026-06-01,SWEDEN,8708,Motor Vehicle Parts,False,13.109021,imports
2026-06-01,NORWAY,8708,Motor Vehicle Parts,False,0.492944,imports
2026-06-01,FINLAND,8708,Motor Vehicle Parts,False,2.355073,imports
2026-06-01,DENMARK,8708,Motor Vehicle Parts,False,1.339802,imports
2026-06-01,UNITED KINGDOM,8708,Motor Vehicle Parts,False,29.737141,imports
2026-06-01,IRELAND,8708,Motor Vehicle Parts,False,0.410769,imports
2026-06-01,NETHERLANDS,8708,Motor Vehicle Parts,False,3.803946,imports
2026-06-01,BELGIUM,8708,Motor Vehicle Parts,False,3.449297,imports
2026-06-01,LUXEMBOURG,8708,Motor Vehicle Parts,False,0.890364,imports
2026-06-01,MONACO,8708,Motor Vehicle Parts,False,0.0,imports
2026-06-01,FRANCE,8708,Motor Vehicle Parts,False,21.1112,imports
2026-06-01,GERMANY,8708,Motor Vehicle Parts,False,384.001035,imports
2026-06-01,AUSTRIA,8708,Motor Vehicle Parts,False,13.258101,imports
2026-06-01,CZECH REPUBLIC,8708,Motor Vehicle Parts,False,27.340124,imports
2026-06-01,MARSHALL ISLANDS,8708,Motor Vehicle Parts,False,0.0,imports
2026-06-01,MOROCCO,8708,Motor Vehicle Parts,False,26.925584,imports
2026-06-01,TUNISIA,8708,Motor Vehicle Parts,False,0.627879,imports
2026-06-01,EGYPT,8708,Motor Vehicle Parts,False,0.038587,imports
2026-06-01,SENEGAL,8708,Motor Vehicle Parts,False,0.012648,imports
2026-06-01,MALI,8708,Motor Vehicle Parts,False,0.0,imports
2026-06-01,SIERRA LEONE,8708,Motor Vehicle Parts,False,0.004224,imports
2026-06-01,GHANA,8708,Motor Vehicle Parts,False,0.0,imports
2026-06-01,NIGERIA,8708,Motor Vehicle Parts,False,0.036377,imports
2026-06-01,BURKINA FASO,8708,Motor Vehicle Parts,False,0.0,imports
2026-06-01,LIBERIA,8708,Motor Vehicle Parts,False,0.0,imports
2026-06-01,DEMOCRATIC REPUBLIC OF THE CONGO,8708,Motor Vehicle Parts,False,0.0,imports
2026-06-01,SLOVAKIA,8708,Motor Vehicle Parts,False,9.64061,imports
2026-06-01,HUNGARY,8708,Motor Vehicle Parts,False,19.915321,imports
2026-06-01,LIECHTENSTEIN,8708,Motor Vehicle Parts,False,0.802343,imports
2026-06-01,SWITZERLAND,8708,Motor Vehicle Parts,False,2.36269,imports
2026-06-01,ESTONIA,8708,Motor Vehicle Parts,False,0.322852,imports
2026-06-01,LATVIA,8708,Motor Vehicle Parts,False,0.206066,imports
2026-06-01,LITHUANIA,8708,Motor Vehicle Parts,False,0.303693,imports
2026-06-01,POLAND,8708,Motor Vehicle Parts,False,48.648831,imports
2026-06-01,RUSSIA,8708,Motor Vehicle Parts,False,0.013411,imports
2026-06-01,BELARUS,8708,Motor Vehicle Parts,False,0.0,imports
2026-06-01,UKRAINE,8708,Motor Vehicle Parts,False,0.080152,imports
2026-06-01,AZERBAIJAN,8708,Motor Vehicle Parts,False,0.00518,imports
2026-06-01,GEORGIA,8708,Motor Vehicle Parts,False,0.126056,imports
2026-06-01,KAZAKHSTAN,8708,Motor Vehicle Parts,False,0.087524,imports
2026-06-01,KYRGYZSTAN,8708,Motor Vehicle Parts,False,0.0,imports
2026-06-01,MOLDOVA,8708,Motor Vehicle Parts,False,0.0,imports
2026-06-01,UZBEKISTAN,8708,Motor Vehicle Parts,False,0.0,imports
2026-06-01,SPAIN,8708,Motor Vehicle Parts,False,19.007571,imports
2026-06-01,PORTUGAL,8708,Motor Vehicle Parts,False,0.560218,imports
2026-06-01,MALTA,8708,Motor Vehicle Parts,False,0.008207,imports
2026-06-01,ITALY,8708,Motor Vehicle Parts,False,63.864063,imports
2026-06-01,CROATIA,8708,Motor Vehicle Parts,False,0.285717,imports
2026-06-01,SLOVENIA,8708,Motor Vehicle Parts,False,2.590409,imports
2026-06-01,BOSNIA AND HERZEGOVINA,8708,Motor Vehicle Parts,False,0.315583,imports
2026-06-01,MACEDONIA,8708,Motor Vehicle Parts,False,0.926652,imports
2026-06-01,SERBIA,8708,Motor Vehicle Parts,False,5.553633,imports
2026-06-01,KOSOVO,8708,Motor Vehicle Parts,False,0.0,imports
2026-06-01,MONTENEGRO,8708,Motor Vehicle Parts,False,0.0,imports
2026-06-01,ALBANIA,8708,Motor Vehicle Parts,False,0.025463,imports
2026-06-01,GREECE,8708,Motor Vehicle Parts,False,0.029013,imports
2026-06-01,ROMANIA,8708,Motor Vehicle Parts,False,18.914798,imports
2026-06-01,BULGARIA,8708,Motor Vehicle Parts,False,2.59642,imports
2026-06-01,TURKEY,8708,Motor Vehicle Parts,False,54.07727,imports
2026-06-01,CYPRUS,8708,Motor Vehicle Parts,False,0.0,imports
2026-06-01,LEBANON,8708,Motor Vehicle Parts,False,0.0,imports
2026-06-01,ISRAEL,8708,Motor Vehicle Parts,False,1.106357,imports
2026-06-01,JORDAN,8708,Motor Vehicle Parts,False,1.174827,imports
2026-06-01,SAUDI ARABIA,8708,Motor Vehicle Parts,False,0.017277,imports
2026-06-01,TOTAL FOR ALL COUNTRIES,8708,Motor Vehicle Parts,False,6964.690873,imports
2026-06-01,EUROPEAN UNION,8708,Motor Vehicle Parts,False,657.962521,imports
2026-06-01,NORTH AMERICA,8708,Motor Vehicle Parts,False,4032.081654,imports
2026-06-01,EUROPE,8708,Motor Vehicle Parts,False,752.568563,imports
2026-06-01,AFRICA,8708,Motor Vehicle Parts,False,30.694859,imports
2026-06-01,PACIFIC RIM COUNTRIES,8708,Motor Vehicle Parts,False,1705.817188,imports
2026-06-01,ASIA,8708,Motor Vehicle Parts,False,2099.967521,imports
2026-06-01,CAFTA-DR,8708,Motor Vehicle Parts,False,6.72693,imports
2026-06-01,AUSTRALIA AND OCEANIA,8708,Motor Vehicle Parts,False,9.206108,imports
2026-06-01,USMCA (NAFTA),8708,Motor Vehicle Parts,False,4032.081654,imports
2026-06-01,TWENTY LATIN AMERICAN REPUBLICS,8708,Motor Vehicle Parts,False,3102.293125,imports
2026-06-01,OECD,8708,Motor Vehicle Parts,False,5684.875408,imports
2026-06-01,NATO,8708,Motor Vehicle Parts,False,1699.481206,imports
2026-06-01,LAFTA,8708,Motor Vehicle Parts,False,3095.566195,imports
2026-06-01,EURO AREA,8708,Motor Vehicle Parts,False,528.694624,imports
2026-06-01,APEC,8708,Motor Vehicle Parts,False,5965.599178,imports
2026-06-01,ASEAN,8708,Motor Vehicle Parts,False,273.21652,imports
2026-06-01,CACM,8708,Motor Vehicle Parts,False,3.045302,imports
2026-06-01,CANADA,8708,Motor Vehicle Parts,False,969.936292,imports
2026-06-01,MEXICO,8708,Motor Vehicle Parts,False,3062.145362,imports
2026-06-01,GUATEMALA,8708,Motor Vehicle Parts,False,0.0,imports
2026-06-01,EL SALVADOR,8708,Motor Vehicle Parts,False,0.0,imports
2026-06-01,HONDURAS,8708,Motor Vehicle Parts,False,2.231795,imports
2026-06-01,COSTA RICA,8708,Motor Vehicle Parts,False,0.813507,imports
2026-06-01,PANAMA,8708,Motor Vehicle Parts,False,0.0,imports
2026-06-01,JAMAICA,8708,Motor Vehicle Parts,False,0.0,imports
2026-06-01,HAITI,8708,Motor Vehicle Parts,False,0.0,imports
2026-06-01,DOMINICAN REPUBLIC,8708,Motor Vehicle Parts,False,3.681628,imports
2026-06-01,TANZANIA,8708,Motor Vehicle Parts,False,0.0,imports
2026-06-01,MAURITIUS,8708,Motor Vehicle Parts,False,0.004307,imports
2026-06-01,MOZAMBIQUE,8708,Motor Vehicle Parts,False,0.032535,imports
2026-06-01,MADAGASCAR,8708,Motor Vehicle Parts,False,0.0,imports
2026-06-01,SOUTH AFRICA,8708,Motor Vehicle Parts,False,3.000718,imports
2026-06-01,NAMIBIA,8708,Motor Vehicle Parts,False,0.012,imports
2026-06-01,BOTSWANA,8708,Motor Vehicle Parts,False,0.0,imports
2026-06-01,ZAMBIA,8708,Motor Vehicle Parts,False,0.0,imports
2026-06-01,CENTRAL AMERICA,8708,Motor Vehicle Parts,False,6.72693,imports
2026-06-01,SOUTH AMERICA,8708,Motor Vehicle Parts,False,33.445238,imports
