date,year,month,country,hs_code,commodity,critical,import_value_usd_m,export_value_usd_m,import_volume_teu,export_volume_teu
2021-09-01,2021,9,China,1005,Maize (Corn),False,1630.87,2008.27,1733.3,2376.6
2021-09-01,2021,9,Mexico,1005,Maize (Corn),False,959.62,1241.78,929.4,1039.7
2021-09-01,2021,9,Canada,1005,Maize (Corn),False,1926.69,994.41,1717.4,1172.8
2021-09-01,2021,9,Japan,1005,Maize (Corn),False,1582.43,1945.86,1569.0,2404.5
2021-09-01,2021,9,Germany,1005,Maize (Corn),False,446.81,444.11,518.2,481.3
2021-09-01,2021,9,South Korea,1005,Maize (Corn),False,2475.02,1753.41,2243.2,2116.1
2021-09-01,2021,9,Vietnam,1005,Maize (Corn),False,1942.69,847.46,2078.3,1131.8
2021-09-01,2021,9,India,1005,Maize (Corn),False,1944.34,2513.3,2175.4,3005.9
2021-09-01,2021,9,Taiwan,1005,Maize (Corn),False,487.91,611.24,497.6,759.8
2021-09-01,2021,9,United Kingdom,1005,Maize (Corn),False,1117.18,1011.76,1376.2,1118.4
2021-09-01,2021,9,Brazil,1005,Maize (Corn),False,1116.0,867.55,1326.1,872.2
2021-09-01,2021,9,France,1005,Maize (Corn),False,2027.35,1613.86,1774.9,1379.9
2021-09-01,2021,9,Italy,1005,Maize (Corn),False,1606.9,1590.78,1924.7,1291.5
2021-09-01,2021,9,Netherlands,1005,Maize (Corn),False,1782.97,1030.61,2258.8,1356.7
2021-09-01,2021,9,Thailand,1005,Maize (Corn),False,1050.54,1051.66,922.0,1014.9
2021-09-01,2021,9,Malaysia,1005,Maize (Corn),False,635.73,416.51,766.0,560.7
2021-09-01,2021,9,Singapore,1005,Maize (Corn),False,1234.03,1095.66,1506.5,1503.0
2021-09-01,2021,9,Australia,1005,Maize (Corn),False,405.52,255.31,476.6,253.3
2021-09-01,2021,9,Saudi Arabia,1005,Maize (Corn),False,2160.41,1641.28,2616.8,1335.9
2021-09-01,2021,9,Switzerland,1005,Maize (Corn),False,1460.94,1735.01,1703.7,1850.2
2021-09-01,2021,9,China,1201,Soya Beans,False,2299.54,1586.67,2591.0,1735.7
2021-09-01,2021,9,Mexico,1201,Soya Beans,False,1365.71,956.95,1292.7,1289.6
2021-09-01,2021,9,Canada,1201,Soya Beans,False,2560.99,2968.17,3551.9,3701.3
2021-09-01,2021,9,Japan,1201,Soya Beans,False,2055.06,2232.48,2236.7,2397.4
2021-09-01,2021,9,Germany,1201,Soya Beans,False,485.43,475.89,472.6,454.3
2021-09-01,2021,9,South Korea,1201,Soya Beans,False,2604.79,2003.04,2425.9,2583.2
2021-09-01,2021,9,Vietnam,1201,Soya Beans,False,2271.22,1251.28,1827.2,1253.4
2021-09-01,2021,9,India,1201,Soya Beans,False,2294.44,2650.67,2026.0,3352.0
2021-09-01,2021,9,Taiwan,1201,Soya Beans,False,534.33,401.31,747.6,367.4
2021-09-01,2021,9,United Kingdom,1201,Soya Beans,False,1200.79,937.24,1407.1,1274.4
2021-09-01,2021,9,Brazil,1201,Soya Beans,False,1325.2,613.14,1169.9,781.4
2021-09-01,2021,9,France,1201,Soya Beans,False,2260.68,2704.6,2708.5,2345.2
2021-09-01,2021,9,Italy,1201,Soya Beans,False,1959.45,1094.79,2065.5,1238.5
2021-09-01,2021,9,Netherlands,1201,Soya Beans,False,2190.74,2229.18,2610.5,3110.2
2021-09-01,2021,9,Thailand,1201,Soya Beans,False,1522.33,1316.53,1304.8,1628.2
2021-09-01,2021,9,Malaysia,1201,Soya Beans,False,949.05,651.52,1021.9,687.3
2021-09-01,2021,9,Singapore,1201,Soya Beans,False,1365.5,1372.38,1381.9,1746.3
2021-09-01,2021,9,Australia,1201,Soya Beans,False,502.68,572.6,527.8,568.6
2021-09-01,2021,9,Saudi Arabia,1201,Soya Beans,False,2365.68,2652.52,2589.8,3543.3
2021-09-01,2021,9,Switzerland,1201,Soya Beans,False,1566.49,1865.95,1343.5,1664.6
2021-10-01,2021,10,China,1005,Maize (Corn),False,323.8,197.91,335.4,246.5
2021-10-01,2021,10,Mexico,1005,Maize (Corn),False,214.21,195.71,211.7,173.2
2021-10-01,2021,10,Canada,1005,Maize (Corn),False,347.28,407.6,403.3,418.5
2021-10-01,2021,10,Japan,1005,Maize (Corn),False,340.09,155.77,323.9,146.1
2021-10-01,2021,10,Germany,1005,Maize (Corn),False,99.11,102.63,116.0,82.4
2021-10-01,2021,10,South Korea,1005,Maize (Corn),False,377.78,367.2,388.3,497.4
2021-10-01,2021,10,Vietnam,1005,Maize (Corn),False,363.56,291.81,454.3,404.2
2021-10-01,2021,10,India,1005,Maize (Corn),False,342.11,334.68,462.3,317.7
2021-10-01,2021,10,Taiwan,1005,Maize (Corn),False,110.76,54.03,131.7,68.6
2021-10-01,2021,10,United Kingdom,1005,Maize (Corn),False,227.76,192.68,266.6,171.7
2021-10-01,2021,10,Brazil,1005,Maize (Corn),False,174.08,111.92,201.7,119.2
2021-10-01,2021,10,France,1005,Maize (Corn),False,368.38,440.04,377.4,469.8
2021-10-01,2021,10,Italy,1005,Maize (Corn),False,284.87,160.59,352.9,171.7
2021-10-01,2021,10,Netherlands,1005,Maize (Corn),False,307.7,390.04,396.8,481.4
2021-10-01,2021,10,Thailand,1005,Maize (Corn),False,241.67,293.9,242.3,342.9
2021-10-01,2021,10,Malaysia,1005,Maize (Corn),False,140.9,90.26,131.5,78.4
2021-10-01,2021,10,Singapore,1005,Maize (Corn),False,271.69,299.63,341.4,296.6
2021-10-01,2021,10,Australia,1005,Maize (Corn),False,68.48,55.35,77.3,74.8
2021-10-01,2021,10,Saudi Arabia,1005,Maize (Corn),False,402.44,492.77,527.3,679.4
2021-10-01,2021,10,Switzerland,1005,Maize (Corn),False,285.24,126.28,242.5,130.6
2021-10-01,2021,10,China,1201,Soya Beans,False,621.51,781.79,570.1,1075.5
2021-10-01,2021,10,Mexico,1201,Soya Beans,False,470.02,459.13,566.7,458.6
2021-10-01,2021,10,Canada,1201,Soya Beans,False,787.08,447.08,1072.5,438.6
2021-10-01,2021,10,Japan,1201,Soya Beans,False,585.38,608.82,698.9,651.9
2021-10-01,2021,10,Germany,1201,Soya Beans,False,181.64,98.73,218.7,95.0
2021-10-01,2021,10,South Korea,1201,Soya Beans,False,785.21,428.7,784.8,428.2
2021-10-01,2021,10,Vietnam,1201,Soya Beans,False,670.76,383.26,614.3,431.2
2021-10-01,2021,10,India,1201,Soya Beans,False,621.17,633.6,848.7,669.1
2021-10-01,2021,10,Taiwan,1201,Soya Beans,False,224.53,109.68,185.4,135.2
2021-10-01,2021,10,United Kingdom,1201,Soya Beans,False,479.44,555.55,399.9,703.4
2021-10-01,2021,10,Brazil,1201,Soya Beans,False,370.08,249.07,334.5,348.1
2021-10-01,2021,10,France,1201,Soya Beans,False,700.16,801.2,828.8,994.3
2021-10-01,2021,10,Italy,1201,Soya Beans,False,628.79,737.32,572.4,590.2
2021-10-01,2021,10,Netherlands,1201,Soya Beans,False,748.29,537.62,654.2,490.1
2021-10-01,2021,10,Thailand,1201,Soya Beans,False,417.17,193.24,348.0,260.8
2021-10-01,2021,10,Malaysia,1201,Soya Beans,False,260.0,333.84,358.4,295.6
2021-10-01,2021,10,Singapore,1201,Soya Beans,False,557.34,524.31,676.8,449.7
2021-10-01,2021,10,Australia,1201,Soya Beans,False,137.52,64.49,159.9,89.8
2021-10-01,2021,10,Saudi Arabia,1201,Soya Beans,False,768.18,798.67,1068.4,963.8
2021-10-01,2021,10,Switzerland,1201,Soya Beans,False,501.71,592.17,511.1,475.3
2021-11-01,2021,11,China,1005,Maize (Corn),False,815.67,506.7,1141.4,475.2
2021-11-01,2021,11,Mexico,1005,Maize (Corn),False,584.45,317.48,811.3,296.9
2021-11-01,2021,11,Canada,1005,Maize (Corn),False,898.06,810.69,783.3,1045.9
2021-11-01,2021,11,Japan,1005,Maize (Corn),False,718.55,642.63,811.8,746.5
2021-11-01,2021,11,Germany,1005,Maize (Corn),False,184.68,101.9,165.6,100.0
2021-11-01,2021,11,South Korea,1005,Maize (Corn),False,918.35,1129.32,1017.3,1326.0
2021-11-01,2021,11,Vietnam,1005,Maize (Corn),False,794.12,515.08,875.0,503.0
2021-11-01,2021,11,India,1005,Maize (Corn),False,812.63,656.18,896.7,912.5
2021-11-01,2021,11,Taiwan,1005,Maize (Corn),False,224.17,188.12,199.4,190.0
2021-11-01,2021,11,United Kingdom,1005,Maize (Corn),False,577.7,321.79,663.7,337.9
2021-11-01,2021,11,Brazil,1005,Maize (Corn),False,405.72,503.0,425.3,639.0
2021-11-01,2021,11,France,1005,Maize (Corn),False,958.01,1191.4,933.4,1247.8
2021-11-01,2021,11,Italy,1005,Maize (Corn),False,777.19,551.26,791.7,770.1
2021-11-01,2021,11,Netherlands,1005,Maize (Corn),False,901.34,919.76,1069.1,1192.7
2021-11-01,2021,11,Thailand,1005,Maize (Corn),False,594.07,538.78,580.3,438.4
2021-11-01,2021,11,Malaysia,1005,Maize (Corn),False,347.62,397.3,372.1,357.1
2021-11-01,2021,11,Singapore,1005,Maize (Corn),False,598.06,513.73,778.7,463.9
2021-11-01,2021,11,Australia,1005,Maize (Corn),False,191.26,206.18,260.4,179.4
2021-11-01,2021,11,Saudi Arabia,1005,Maize (Corn),False,1005.03,946.05,1266.4,787.4
2021-11-01,2021,11,Switzerland,1005,Maize (Corn),False,711.22,683.03,699.9,723.3
2021-11-01,2021,11,China,1201,Soya Beans,False,1379.57,603.8,1467.4,560.5
2021-11-01,2021,11,Mexico,1201,Soya Beans,False,965.53,1234.83,946.0,1117.7
2021-11-01,2021,11,Canada,1201,Soya Beans,False,1359.53,1128.38,1801.0,1241.2
2021-11-01,2021,11,Japan,1201,Soya Beans,False,1077.98,469.89,1009.5,613.5
2021-11-01,2021,11,Germany,1201,Soya Beans,False,356.49,323.22,353.4,438.8
2021-11-01,2021,11,South Korea,1201,Soya Beans,False,1575.01,1813.55,2106.6,1976.8
2021-11-01,2021,11,Vietnam,1201,Soya Beans,False,1497.43,972.02,1789.5,828.9
2021-11-01,2021,11,India,1201,Soya Beans,False,1365.46,813.27,1143.8,652.4
2021-11-01,2021,11,Taiwan,1201,Soya Beans,False,373.84,347.89,401.2,341.3
2021-11-01,2021,11,United Kingdom,1201,Soya Beans,False,1004.41,1251.06,879.2,1312.4
2021-11-01,2021,11,Brazil,1201,Soya Beans,False,790.45,837.99,806.1,1045.6
2021-11-01,2021,11,France,1201,Soya Beans,False,1407.3,983.18,1730.8,1155.6
2021-11-01,2021,11,Italy,1201,Soya Beans,False,1281.83,566.79,1159.6,469.9
2021-11-01,2021,11,Netherlands,1201,Soya Beans,False,1298.8,524.53,1432.0,585.9
2021-11-01,2021,11,Thailand,1201,Soya Beans,False,905.98,676.24,726.5,814.4
2021-11-01,2021,11,Malaysia,1201,Soya Beans,False,469.94,554.32,382.3,619.9
2021-11-01,2021,11,Singapore,1201,Soya Beans,False,1153.0,1055.27,1343.3,1275.8
2021-11-01,2021,11,Australia,1201,Soya Beans,False,264.83,266.8,351.8,369.4
2021-11-01,2021,11,Saudi Arabia,1201,Soya Beans,False,1413.67,1003.78,1769.9,1130.0
2021-11-01,2021,11,Switzerland,1201,Soya Beans,False,1062.44,589.59,958.5,634.1
2021-12-01,2021,12,China,1005,Maize (Corn),False,2262.01,2345.75,2712.6,2182.1
2021-12-01,2021,12,Mexico,1005,Maize (Corn),False,1375.28,1205.91,1757.6,1298.9
2021-12-01,2021,12,Canada,1005,Maize (Corn),False,2321.22,3003.94,2017.9,4126.0
2021-12-01,2021,12,Japan,1005,Maize (Corn),False,2314.45,2673.2,2955.4,2472.5
2021-12-01,2021,12,Germany,1005,Maize (Corn),False,608.98,658.35,759.6,634.0
2021-12-01,2021,12,South Korea,1005,Maize (Corn),False,2554.73,1776.33,2779.3,2032.6
2021-12-01,2021,12,Vietnam,1005,Maize (Corn),False,2510.57,2741.87,3027.0,2627.0
2021-12-01,2021,12,India,1005,Maize (Corn),False,2328.56,1634.4,2191.1,1317.6
2021-12-01,2021,12,Taiwan,1005,Maize (Corn),False,639.54,403.23,731.1,337.7
2021-12-01,2021,12,United Kingdom,1005,Maize (Corn),False,1388.0,611.13,1644.6,697.2
2021-12-01,2021,12,Brazil,1005,Maize (Corn),False,1225.61,652.76,1684.9,751.1
2021-12-01,2021,12,France,1005,Maize (Corn),False,2845.98,2499.38,3654.0,3343.7
2021-12-01,2021,12,Italy,1005,Maize (Corn),False,1912.41,1952.61,1793.7,2325.8
2021-12-01,2021,12,Netherlands,1005,Maize (Corn),False,2362.92,959.59,3245.0,1267.7
2021-12-01,2021,12,Thailand,1005,Maize (Corn),False,1380.49,1791.85,1367.1,1926.8
2021-12-01,2021,12,Malaysia,1005,Maize (Corn),False,1021.06,688.34,1092.9,825.6
2021-12-01,2021,12,Singapore,1005,Maize (Corn),False,1560.74,1217.56,1538.3,1468.5
2021-12-01,2021,12,Australia,1005,Maize (Corn),False,453.02,276.09,555.8,246.8
2021-12-01,2021,12,Saudi Arabia,1005,Maize (Corn),False,2391.71,2491.19,3011.8,2134.8
2021-12-01,2021,12,Switzerland,1005,Maize (Corn),False,2157.2,2268.46,2164.9,2854.4
2021-12-01,2021,12,China,1201,Soya Beans,False,1870.28,1688.18,2320.7,2362.7
2021-12-01,2021,12,Mexico,1201,Soya Beans,False,1174.17,1324.28,1463.7,1739.4
2021-12-01,2021,12,Canada,1201,Soya Beans,False,2254.68,1293.68,2027.6,1490.1
2021-12-01,2021,12,Japan,1201,Soya Beans,False,1637.32,1495.93,2093.8,2033.0
2021-12-01,2021,12,Germany,1201,Soya Beans,False,448.35,469.04,411.6,525.7
2021-12-01,2021,12,South Korea,1201,Soya Beans,False,1899.38,1620.88,2141.0,2011.9
2021-12-01,2021,12,Vietnam,1201,Soya Beans,False,1870.04,1351.21,1502.5,1174.6
2021-12-01,2021,12,India,1201,Soya Beans,False,2100.54,2583.87,2090.2,2468.4
2021-12-01,2021,12,Taiwan,1201,Soya Beans,False,517.35,528.19,524.6,443.9
2021-12-01,2021,12,United Kingdom,1201,Soya Beans,False,1135.96,720.8,1130.2,647.1
2021-12-01,2021,12,Brazil,1201,Soya Beans,False,1059.56,926.02,1019.8,1048.6
2021-12-01,2021,12,France,1201,Soya Beans,False,2115.43,2361.61,2905.7,2074.4
2021-12-01,2021,12,Italy,1201,Soya Beans,False,1735.11,1794.66,2109.1,1838.8
2021-12-01,2021,12,Netherlands,1201,Soya Beans,False,1823.1,738.49,2532.9,859.5
2021-12-01,2021,12,Thailand,1201,Soya Beans,False,1122.3,998.17,925.1,902.5
2021-12-01,2021,12,Malaysia,1201,Soya Beans,False,751.92,648.78,956.6,775.5
2021-12-01,2021,12,Singapore,1201,Soya Beans,False,1419.8,1609.68,1194.0,1955.0
2021-12-01,2021,12,Australia,1201,Soya Beans,False,425.01,275.26,389.9,255.5
2021-12-01,2021,12,Saudi Arabia,1201,Soya Beans,False,1748.29,1523.47,1540.9,1821.4
2021-12-01,2021,12,Switzerland,1201,Soya Beans,False,1350.13,572.72,1338.7,524.1
2022-01-01,2022,1,China,1005,Maize (Corn),False,440.96,264.7,511.5,285.1
2022-01-01,2022,1,Mexico,1005,Maize (Corn),False,293.69,264.61,405.9,261.6
2022-01-01,2022,1,Canada,1005,Maize (Corn),False,528.9,440.22,650.5,545.1
2022-01-01,2022,1,Japan,1005,Maize (Corn),False,470.79,273.7,503.5,352.2
2022-01-01,2022,1,Germany,1005,Maize (Corn),False,117.48,151.06,119.7,166.0
2022-01-01,2022,1,South Korea,1005,Maize (Corn),False,583.05,460.79,762.3,411.6
2022-01-01,2022,1,Vietnam,1005,Maize (Corn),False,483.84,462.91,634.2,539.5
2022-01-01,2022,1,India,1005,Maize (Corn),False,554.65,657.23,559.8,864.9
2022-01-01,2022,1,Taiwan,1005,Maize (Corn),False,158.96,100.38,185.4,97.3
2022-01-01,2022,1,United Kingdom,1005,Maize (Corn),False,323.93,156.87,401.8,165.0
2022-01-01,2022,1,Brazil,1005,Maize (Corn),False,274.99,116.4,334.7,127.8
2022-01-01,2022,1,France,1005,Maize (Corn),False,582.84,398.72,517.3,423.1
2022-01-01,2022,1,Italy,1005,Maize (Corn),False,467.16,282.64,563.2,234.6
2022-01-01,2022,1,Netherlands,1005,Maize (Corn),False,539.93,331.84,578.2,338.7
2022-01-01,2022,1,Thailand,1005,Maize (Corn),False,270.76,192.52,273.5,214.3
2022-01-01,2022,1,Malaysia,1005,Maize (Corn),False,219.34,180.52,295.8,194.4
2022-01-01,2022,1,Singapore,1005,Maize (Corn),False,322.1,195.56,336.4,194.6
2022-01-01,2022,1,Australia,1005,Maize (Corn),False,117.38,118.64,134.6,129.9
2022-01-01,2022,1,Saudi Arabia,1005,Maize (Corn),False,493.65,469.45,431.8,421.3
2022-01-01,2022,1,Switzerland,1005,Maize (Corn),False,381.84,211.56,460.6,172.4
2022-01-01,2022,1,China,1201,Soya Beans,False,615.22,798.43,672.2,876.1
2022-01-01,2022,1,Mexico,1201,Soya Beans,False,375.32,162.35,396.4,139.6
2022-01-01,2022,1,Canada,1201,Soya Beans,False,582.13,748.29,728.9,1040.9
2022-01-01,2022,1,Japan,1201,Soya Beans,False,539.85,511.4,676.2,611.4
2022-01-01,2022,1,Germany,1201,Soya Beans,False,137.52,91.21,152.9,87.1
2022-01-01,2022,1,South Korea,1201,Soya Beans,False,667.85,354.98,760.8,336.2
2022-01-01,2022,1,Vietnam,1201,Soya Beans,False,507.69,431.09,455.7,593.8
2022-01-01,2022,1,India,1201,Soya Beans,False,547.37,392.49,447.5,512.6
2022-01-01,2022,1,Taiwan,1201,Soya Beans,False,165.5,128.22,156.8,159.9
2022-01-01,2022,1,United Kingdom,1201,Soya Beans,False,401.09,297.9,353.3,257.8
2022-01-01,2022,1,Brazil,1201,Soya Beans,False,260.53,278.65,361.8,388.9
2022-01-01,2022,1,France,1201,Soya Beans,False,695.72,379.84,964.7,378.6
2022-01-01,2022,1,Italy,1201,Soya Beans,False,446.99,455.31,370.8,589.8
2022-01-01,2022,1,Netherlands,1201,Soya Beans,False,664.64,729.48,843.4,754.4
2022-01-01,2022,1,Thailand,1201,Soya Beans,False,304.08,338.56,352.2,455.6
2022-01-01,2022,1,Malaysia,1201,Soya Beans,False,193.99,130.87,197.2,158.3
2022-01-01,2022,1,Singapore,1201,Soya Beans,False,452.61,572.51,442.3,627.6
2022-01-01,2022,1,Australia,1201,Soya Beans,False,103.65,65.06,106.2,75.2
2022-01-01,2022,1,Saudi Arabia,1201,Soya Beans,False,576.21,419.49,676.7,544.2
2022-01-01,2022,1,Switzerland,1201,Soya Beans,False,427.23,302.73,522.5,383.5
2022-02-01,2022,2,China,1005,Maize (Corn),False,1044.72,1046.8,1400.4,1183.1
2022-02-01,2022,2,Mexico,1005,Maize (Corn),False,707.2,332.01,970.8,328.4
2022-02-01,2022,2,Canada,1005,Maize (Corn),False,1110.96,667.2,945.2,850.0
2022-02-01,2022,2,Japan,1005,Maize (Corn),False,897.7,587.47,816.1,813.6
2022-02-01,2022,2,Germany,1005,Maize (Corn),False,291.88,361.03,384.4,485.1
2022-02-01,2022,2,South Korea,1005,Maize (Corn),False,1290.22,714.12,1285.2,696.6
2022-02-01,2022,2,Vietnam,1005,Maize (Corn),False,1116.21,472.27,988.1,571.3
2022-02-01,2022,2,India,1005,Maize (Corn),False,955.38,423.67,826.9,514.5
2022-02-01,2022,2,Taiwan,1005,Maize (Corn),False,275.4,146.42,258.4,183.1
2022-02-01,2022,2,United Kingdom,1005,Maize (Corn),False,623.52,269.26,837.7,357.0
2022-02-01,2022,2,Brazil,1005,Maize (Corn),False,536.18,342.52,489.6,421.9
2022-02-01,2022,2,France,1005,Maize (Corn),False,1148.24,1421.87,1488.8,1639.5
2022-02-01,2022,2,Italy,1005,Maize (Corn),False,776.8,928.52,960.6,1181.8
2022-02-01,2022,2,Netherlands,1005,Maize (Corn),False,976.04,1012.85,1252.0,1391.6
2022-02-01,2022,2,Thailand,1005,Maize (Corn),False,693.31,594.33,731.6,725.5
2022-02-01,2022,2,Malaysia,1005,Maize (Corn),False,478.15,449.35,447.7,364.2
2022-02-01,2022,2,Singapore,1005,Maize (Corn),False,835.6,984.45,701.6,1022.4
2022-02-01,2022,2,Australia,1005,Maize (Corn),False,264.59,225.3,246.7,228.1
2022-02-01,2022,2,Saudi Arabia,1005,Maize (Corn),False,1094.56,553.37,1309.6,639.3
2022-02-01,2022,2,Switzerland,1005,Maize (Corn),False,936.51,889.42,758.6,804.6
2022-02-01,2022,2,China,1201,Soya Beans,False,509.87,541.44,444.6,650.2
2022-02-01,2022,2,Mexico,1201,Soya Beans,False,331.03,167.66,297.1,185.3
2022-02-01,2022,2,Canada,1201,Soya Beans,False,661.37,747.83,580.1,874.7
2022-02-01,2022,2,Japan,1201,Soya Beans,False,574.64,391.43,487.2,349.8
2022-02-01,2022,2,Germany,1201,Soya Beans,False,128.84,154.42,132.2,172.0
2022-02-01,2022,2,South Korea,1201,Soya Beans,False,765.33,562.02,910.3,475.5
2022-02-01,2022,2,Vietnam,1201,Soya Beans,False,568.36,276.72,539.4,270.1
2022-02-01,2022,2,India,1201,Soya Beans,False,625.86,630.05,781.2,527.4
2022-02-01,2022,2,Taiwan,1201,Soya Beans,False,193.41,86.84,250.6,108.0
2022-02-01,2022,2,United Kingdom,1201,Soya Beans,False,384.0,305.27,481.6,379.7
2022-02-01,2022,2,Brazil,1201,Soya Beans,False,287.86,320.49,243.9,352.6
2022-02-01,2022,2,France,1201,Soya Beans,False,706.6,805.18,761.6,758.6
2022-02-01,2022,2,Italy,1201,Soya Beans,False,495.55,309.81,553.6,333.8
2022-02-01,2022,2,Netherlands,1201,Soya Beans,False,662.29,408.02,609.3,442.5
2022-02-01,2022,2,Thailand,1201,Soya Beans,False,319.47,193.73,323.4,211.7
2022-02-01,2022,2,Malaysia,1201,Soya Beans,False,215.57,195.0,286.1,219.6
2022-02-01,2022,2,Singapore,1201,Soya Beans,False,411.93,187.75,363.3,213.4
2022-02-01,2022,2,Australia,1201,Soya Beans,False,134.53,59.82,122.6,59.3
2022-02-01,2022,2,Saudi Arabia,1201,Soya Beans,False,580.79,733.28,535.6,614.1
2022-02-01,2022,2,Switzerland,1201,Soya Beans,False,467.6,243.62,409.6,254.5
2022-03-01,2022,3,China,1005,Maize (Corn),False,680.0,519.15,554.7,715.6
2022-03-01,2022,3,Mexico,1005,Maize (Corn),False,357.88,307.57,339.6,382.2
2022-03-01,2022,3,Canada,1005,Maize (Corn),False,748.74,567.17,894.8,763.1
2022-03-01,2022,3,Japan,1005,Maize (Corn),False,634.03,490.36,675.2,653.2
2022-03-01,2022,3,Germany,1005,Maize (Corn),False,137.81,57.95,127.3,75.1
2022-03-01,2022,3,South Korea,1005,Maize (Corn),False,692.27,454.65,815.1,414.0
2022-03-01,2022,3,Vietnam,1005,Maize (Corn),False,586.79,481.3,549.7,671.6
2022-03-01,2022,3,India,1005,Maize (Corn),False,576.23,671.28,623.5,589.0
2022-03-01,2022,3,Taiwan,1005,Maize (Corn),False,162.74,138.37,164.7,130.2
2022-03-01,2022,3,United Kingdom,1005,Maize (Corn),False,463.83,378.97,629.6,340.5
2022-03-01,2022,3,Brazil,1005,Maize (Corn),False,318.93,298.66,306.8,272.1
2022-03-01,2022,3,France,1005,Maize (Corn),False,648.89,304.1,812.3,294.8
2022-03-01,2022,3,Italy,1005,Maize (Corn),False,619.95,350.15,627.8,358.9
2022-03-01,2022,3,Netherlands,1005,Maize (Corn),False,666.47,788.82,867.0,635.8
2022-03-01,2022,3,Thailand,1005,Maize (Corn),False,391.89,448.77,313.6,502.7
2022-03-01,2022,3,Malaysia,1005,Maize (Corn),False,234.42,180.85,246.6,187.2
2022-03-01,2022,3,Singapore,1005,Maize (Corn),False,536.55,473.68,720.2,585.5
2022-03-01,2022,3,Australia,1005,Maize (Corn),False,132.88,112.18,137.4,145.5
2022-03-01,2022,3,Saudi Arabia,1005,Maize (Corn),False,607.05,754.42,697.0,880.5
2022-03-01,2022,3,Switzerland,1005,Maize (Corn),False,536.35,482.2,643.9,575.3
2022-03-01,2022,3,China,1201,Soya Beans,False,725.92,522.06,858.2,589.2
2022-03-01,2022,3,Mexico,1201,Soya Beans,False,404.63,429.42,434.7,485.6
2022-03-01,2022,3,Canada,1201,Soya Beans,False,814.37,804.26,1017.4,743.2
2022-03-01,2022,3,Japan,1201,Soya Beans,False,572.97,574.26,539.5,498.9
2022-03-01,2022,3,Germany,1201,Soya Beans,False,159.56,108.74,222.6,97.3
2022-03-01,2022,3,South Korea,1201,Soya Beans,False,813.04,998.95,1120.4,936.3
2022-03-01,2022,3,Vietnam,1201,Soya Beans,False,778.14,408.55,978.1,330.0
2022-03-01,2022,3,India,1201,Soya Beans,False,697.71,434.4,852.9,351.7
2022-03-01,2022,3,Taiwan,1201,Soya Beans,False,203.65,209.16,168.6,279.9
2022-03-01,2022,3,United Kingdom,1201,Soya Beans,False,437.59,240.12,409.3,240.9
2022-03-01,2022,3,Brazil,1201,Soya Beans,False,358.96,308.53,423.5,327.1
2022-03-01,2022,3,France,1201,Soya Beans,False,809.21,892.98,793.5,1048.1
2022-03-01,2022,3,Italy,1201,Soya Beans,False,678.74,406.81,795.4,556.8
2022-03-01,2022,3,Netherlands,1201,Soya Beans,False,753.05,963.31,742.5,1096.8
2022-03-01,2022,3,Thailand,1201,Soya Beans,False,425.6,171.66,595.2,162.1
2022-03-01,2022,3,Malaysia,1201,Soya Beans,False,323.11,319.15,433.7,440.5
2022-03-01,2022,3,Singapore,1201,Soya Beans,False,548.63,713.07,691.5,794.6
2022-03-01,2022,3,Australia,1201,Soya Beans,False,163.02,93.71,131.5,89.4
2022-03-01,2022,3,Saudi Arabia,1201,Soya Beans,False,735.54,445.18,815.3,531.9
2022-03-01,2022,3,Switzerland,1201,Soya Beans,False,625.61,753.47,863.2,1005.4
2022-04-01,2022,4,China,1005,Maize (Corn),False,1570.75,1572.41,1634.2,1891.2
2022-04-01,2022,4,Mexico,1005,Maize (Corn),False,1084.81,1259.95,904.0,1683.3
2022-04-01,2022,4,Canada,1005,Maize (Corn),False,1810.34,793.45,2059.2,741.6
2022-04-01,2022,4,Japan,1005,Maize (Corn),False,1610.16,1806.73,2052.8,2096.2
2022-04-01,2022,4,Germany,1005,Maize (Corn),False,515.37,421.25,424.5,544.1
2022-04-01,2022,4,South Korea,1005,Maize (Corn),False,1992.37,1112.97,1677.6,1109.3
2022-04-01,2022,4,Vietnam,1005,Maize (Corn),False,1663.28,1118.55,1922.6,1399.2
2022-04-01,2022,4,India,1005,Maize (Corn),False,2040.39,988.86,1816.4,1141.1
2022-04-01,2022,4,Taiwan,1005,Maize (Corn),False,454.76,333.65,534.2,423.2
2022-04-01,2022,4,United Kingdom,1005,Maize (Corn),False,1050.02,1051.27,1246.9,1383.2
2022-04-01,2022,4,Brazil,1005,Maize (Corn),False,936.2,1006.49,1171.4,949.6
2022-04-01,2022,4,France,1005,Maize (Corn),False,2154.18,2170.65,2078.0,2324.9
2022-04-01,2022,4,Italy,1005,Maize (Corn),False,1496.11,1639.98,1197.5,1805.0
2022-04-01,2022,4,Netherlands,1005,Maize (Corn),False,1697.7,1667.41,2051.2,1835.3
2022-04-01,2022,4,Thailand,1005,Maize (Corn),False,1147.87,784.63,1134.1,978.5
2022-04-01,2022,4,Malaysia,1005,Maize (Corn),False,632.37,692.04,754.4,920.9
2022-04-01,2022,4,Singapore,1005,Maize (Corn),False,1253.73,1072.64,1032.3,1445.4
2022-04-01,2022,4,Australia,1005,Maize (Corn),False,411.99,395.75,510.7,384.1
2022-04-01,2022,4,Saudi Arabia,1005,Maize (Corn),False,1943.53,2178.36,1660.1,2995.9
2022-04-01,2022,4,Switzerland,1005,Maize (Corn),False,1678.19,2125.79,2156.5,2076.0
2022-04-01,2022,4,China,1201,Soya Beans,False,1426.53,1538.87,1272.7,2031.4
2022-04-01,2022,4,Mexico,1201,Soya Beans,False,938.19,510.72,790.5,626.6
2022-04-01,2022,4,Canada,1201,Soya Beans,False,1594.03,921.19,1437.5,906.0
2022-04-01,2022,4,Japan,1201,Soya Beans,False,1669.71,1399.15,1597.1,1262.4
2022-04-01,2022,4,Germany,1201,Soya Beans,False,348.89,254.16,302.1,207.4
2022-04-01,2022,4,South Korea,1201,Soya Beans,False,1732.41,1189.6,2166.4,999.5
2022-04-01,2022,4,Vietnam,1201,Soya Beans,False,1672.4,1602.98,2223.0,1459.3
2022-04-01,2022,4,India,1201,Soya Beans,False,1775.42,2092.12,2460.5,2688.6
2022-04-01,2022,4,Taiwan,1201,Soya Beans,False,414.96,519.7,534.9,482.0
2022-04-01,2022,4,United Kingdom,1201,Soya Beans,False,933.49,1160.12,834.0,1469.0
2022-04-01,2022,4,Brazil,1201,Soya Beans,False,871.47,916.29,745.2,1131.6
2022-04-01,2022,4,France,1201,Soya Beans,False,1886.96,2283.87,1722.9,1976.9
2022-04-01,2022,4,Italy,1201,Soya Beans,False,1254.15,590.35,1740.9,515.8
2022-04-01,2022,4,Netherlands,1201,Soya Beans,False,1544.07,1742.82,1463.9,1626.7
2022-04-01,2022,4,Thailand,1201,Soya Beans,False,1078.4,818.38,1403.3,968.1
2022-04-01,2022,4,Malaysia,1201,Soya Beans,False,602.21,564.95,794.8,575.5
2022-04-01,2022,4,Singapore,1201,Soya Beans,False,1308.7,1013.26,1473.4,1256.7
2022-04-01,2022,4,Australia,1201,Soya Beans,False,307.36,248.8,263.4,307.3
2022-04-01,2022,4,Saudi Arabia,1201,Soya Beans,False,1760.06,1221.9,1488.6,1656.3
2022-04-01,2022,4,Switzerland,1201,Soya Beans,False,1282.95,831.14,1104.1,952.8
2022-05-01,2022,5,China,1005,Maize (Corn),False,761.15,412.03,1005.2,470.4
2022-05-01,2022,5,Mexico,1005,Maize (Corn),False,471.87,355.83,634.2,474.0
2022-05-01,2022,5,Canada,1005,Maize (Corn),False,769.57,760.87,686.3,705.0
2022-05-01,2022,5,Japan,1005,Maize (Corn),False,821.52,990.48,698.0,1311.8
2022-05-01,2022,5,Germany,1005,Maize (Corn),False,218.83,240.3,279.0,265.4
2022-05-01,2022,5,South Korea,1005,Maize (Corn),False,1120.21,650.08,1235.6,644.3
2022-05-01,2022,5,Vietnam,1005,Maize (Corn),False,874.37,414.83,927.0,524.4
2022-05-01,2022,5,India,1005,Maize (Corn),False,773.26,476.66,740.4,585.4
2022-05-01,2022,5,Taiwan,1005,Maize (Corn),False,219.91,167.66,247.9,228.8
2022-05-01,2022,5,United Kingdom,1005,Maize (Corn),False,567.23,321.48,754.3,420.1
2022-05-01,2022,5,Brazil,1005,Maize (Corn),False,483.65,418.46,407.2,513.4
2022-05-01,2022,5,France,1005,Maize (Corn),False,949.57,644.57,765.3,605.0
2022-05-01,2022,5,Italy,1005,Maize (Corn),False,715.05,358.29,853.2,462.8
2022-05-01,2022,5,Netherlands,1005,Maize (Corn),False,805.52,381.64,711.9,387.3
2022-05-01,2022,5,Thailand,1005,Maize (Corn),False,563.44,547.02,744.2,764.0
2022-05-01,2022,5,Malaysia,1005,Maize (Corn),False,294.17,301.62,317.7,330.6
2022-05-01,2022,5,Singapore,1005,Maize (Corn),False,581.65,411.96,701.3,483.0
2022-05-01,2022,5,Australia,1005,Maize (Corn),False,168.14,85.2,192.8,106.0
2022-05-01,2022,5,Saudi Arabia,1005,Maize (Corn),False,871.37,351.41,844.7,445.3
2022-05-01,2022,5,Switzerland,1005,Maize (Corn),False,731.88,299.61,792.0,318.3
2022-05-01,2022,5,China,1201,Soya Beans,False,1546.24,1483.27,2115.5,1517.5
2022-05-01,2022,5,Mexico,1201,Soya Beans,False,1047.23,445.54,873.9,605.5
2022-05-01,2022,5,Canada,1201,Soya Beans,False,2175.9,881.41,2916.6,797.1
2022-05-01,2022,5,Japan,1201,Soya Beans,False,1625.05,1641.83,1650.1,1834.6
2022-05-01,2022,5,Germany,1201,Soya Beans,False,458.11,263.2,639.8,242.8
2022-05-01,2022,5,South Korea,1201,Soya Beans,False,1815.59,2269.23,1919.9,2358.1
2022-05-01,2022,5,Vietnam,1201,Soya Beans,False,1602.13,678.1,1536.0,702.5
2022-05-01,2022,5,India,1201,Soya Beans,False,1776.2,1442.06,2357.8,1942.2
2022-05-01,2022,5,Taiwan,1201,Soya Beans,False,478.42,604.53,631.0,820.1
2022-05-01,2022,5,United Kingdom,1201,Soya Beans,False,1192.49,689.79,1093.7,927.9
2022-05-01,2022,5,Brazil,1201,Soya Beans,False,972.71,1168.63,1198.7,1083.9
2022-05-01,2022,5,France,1201,Soya Beans,False,1964.37,2496.8,1594.6,3067.9
2022-05-01,2022,5,Italy,1201,Soya Beans,False,1707.76,843.18,1644.9,951.3
2022-05-01,2022,5,Netherlands,1201,Soya Beans,False,2024.98,1733.1,1692.4,1518.7
2022-05-01,2022,5,Thailand,1201,Soya Beans,False,1068.34,737.46,995.5,961.7
2022-05-01,2022,5,Malaysia,1201,Soya Beans,False,597.12,684.55,807.9,806.4
2022-05-01,2022,5,Singapore,1201,Soya Beans,False,1372.13,732.88,1565.6,751.3
2022-05-01,2022,5,Australia,1201,Soya Beans,False,351.98,325.58,281.8,314.5
2022-05-01,2022,5,Saudi Arabia,1201,Soya Beans,False,1931.35,1563.5,1713.9,1252.0
2022-05-01,2022,5,Switzerland,1201,Soya Beans,False,1368.69,1223.82,1533.9,1075.3
2022-06-01,2022,6,China,1005,Maize (Corn),False,2041.65,1420.95,1917.9,1161.7
2022-06-01,2022,6,Mexico,1005,Maize (Corn),False,1076.2,1014.18,1058.1,1164.0
2022-06-01,2022,6,Canada,1005,Maize (Corn),False,1687.01,1212.42,2106.7,1045.8
2022-06-01,2022,6,Japan,1005,Maize (Corn),False,1740.56,1891.96,1986.4,2519.4
2022-06-01,2022,6,Germany,1005,Maize (Corn),False,513.81,221.56,620.4,208.8
2022-06-01,2022,6,South Korea,1005,Maize (Corn),False,2120.83,2037.78,2603.0,2657.5
2022-06-01,2022,6,Vietnam,1005,Maize (Corn),False,1868.71,2054.94,2166.7,1788.3
2022-06-01,2022,6,India,1005,Maize (Corn),False,1549.39,1358.51,1904.7,1175.5
2022-06-01,2022,6,Taiwan,1005,Maize (Corn),False,507.71,320.14,578.9,331.1
2022-06-01,2022,6,United Kingdom,1005,Maize (Corn),False,1047.71,423.23,1040.3,469.7
2022-06-01,2022,6,Brazil,1005,Maize (Corn),False,1122.76,678.96,1243.3,774.0
2022-06-01,2022,6,France,1005,Maize (Corn),False,2178.43,1515.55,1872.8,2050.3
2022-06-01,2022,6,Italy,1005,Maize (Corn),False,1738.09,1380.75,1995.9,1128.6
2022-06-01,2022,6,Netherlands,1005,Maize (Corn),False,1625.58,762.4,2021.0,713.9
2022-06-01,2022,6,Thailand,1005,Maize (Corn),False,1029.46,419.51,837.7,437.6
2022-06-01,2022,6,Malaysia,1005,Maize (Corn),False,722.04,665.11,776.0,715.5
2022-06-01,2022,6,Singapore,1005,Maize (Corn),False,1458.05,963.21,1374.4,1264.3
2022-06-01,2022,6,Australia,1005,Maize (Corn),False,414.9,344.03,400.5,303.4
2022-06-01,2022,6,Saudi Arabia,1005,Maize (Corn),False,1628.28,1900.41,1882.3,1572.6
2022-06-01,2022,6,Switzerland,1005,Maize (Corn),False,1352.03,880.99,1295.0,994.7
2022-06-01,2022,6,China,1201,Soya Beans,False,1219.67,1277.57,1642.2,1683.4
2022-06-01,2022,6,Mexico,1201,Soya Beans,False,778.84,998.49,768.7,924.4
2022-06-01,2022,6,Canada,1201,Soya Beans,False,1075.8,1038.45,1300.2,885.5
2022-06-01,2022,6,Japan,1201,Soya Beans,False,1098.67,1213.77,1293.2,1288.3
2022-06-01,2022,6,Germany,1201,Soya Beans,False,248.32,212.32,222.4,246.9
2022-06-01,2022,6,South Korea,1201,Soya Beans,False,1260.4,784.7,1341.9,901.2
2022-06-01,2022,6,Vietnam,1201,Soya Beans,False,1035.9,1312.74,832.4,1769.2
2022-06-01,2022,6,India,1201,Soya Beans,False,942.67,560.93,1317.7,693.8
2022-06-01,2022,6,Taiwan,1201,Soya Beans,False,331.68,349.42,346.6,443.9
2022-06-01,2022,6,United Kingdom,1201,Soya Beans,False,632.25,704.64,862.2,926.3
2022-06-01,2022,6,Brazil,1201,Soya Beans,False,653.44,644.45,727.0,668.4
2022-06-01,2022,6,France,1201,Soya Beans,False,1418.06,1393.54,1504.5,1771.0
2022-06-01,2022,6,Italy,1201,Soya Beans,False,812.38,919.46,1045.1,861.6
2022-06-01,2022,6,Netherlands,1201,Soya Beans,False,992.97,1035.0,913.5,1446.5
2022-06-01,2022,6,Thailand,1201,Soya Beans,False,594.28,360.62,490.4,457.8
2022-06-01,2022,6,Malaysia,1201,Soya Beans,False,447.37,520.55,616.3,607.0
2022-06-01,2022,6,Singapore,1201,Soya Beans,False,763.68,369.15,1007.9,349.6
2022-06-01,2022,6,Australia,1201,Soya Beans,False,269.02,320.26,316.6,372.3
2022-06-01,2022,6,Saudi Arabia,1201,Soya Beans,False,1315.43,1421.21,1591.6,1508.5
2022-06-01,2022,6,Switzerland,1201,Soya Beans,False,918.74,689.08,1256.6,815.1
2022-07-01,2022,7,China,1005,Maize (Corn),False,571.44,509.62,717.7,706.7
2022-07-01,2022,7,Mexico,1005,Maize (Corn),False,374.4,236.35,477.3,220.5
2022-07-01,2022,7,Canada,1005,Maize (Corn),False,650.34,755.72,677.8,857.1
2022-07-01,2022,7,Japan,1005,Maize (Corn),False,481.63,216.91,670.3,196.8
2022-07-01,2022,7,Germany,1005,Maize (Corn),False,142.92,122.08,146.4,104.8
2022-07-01,2022,7,South Korea,1005,Maize (Corn),False,659.2,556.43,700.9,711.6
2022-07-01,2022,7,Vietnam,1005,Maize (Corn),False,552.22,688.22,535.5,687.4
2022-07-01,2022,7,India,1005,Maize (Corn),False,682.6,789.38,675.9,818.7
2022-07-01,2022,7,Taiwan,1005,Maize (Corn),False,190.17,90.8,185.8,101.6
2022-07-01,2022,7,United Kingdom,1005,Maize (Corn),False,420.37,381.76,459.8,525.8
2022-07-01,2022,7,Brazil,1005,Maize (Corn),False,292.66,322.53,256.4,399.8
2022-07-01,2022,7,France,1005,Maize (Corn),False,702.23,448.15,790.7,595.0
2022-07-01,2022,7,Italy,1005,Maize (Corn),False,504.54,204.8,420.8,241.6
2022-07-01,2022,7,Netherlands,1005,Maize (Corn),False,658.83,501.77,623.0,617.0
2022-07-01,2022,7,Thailand,1005,Maize (Corn),False,355.86,166.05,372.1,186.6
2022-07-01,2022,7,Malaysia,1005,Maize (Corn),False,270.23,252.12,250.0,327.6
2022-07-01,2022,7,Singapore,1005,Maize (Corn),False,422.38,533.62,420.4,718.1
2022-07-01,2022,7,Australia,1005,Maize (Corn),False,145.38,171.2,119.7,224.3
2022-07-01,2022,7,Saudi Arabia,1005,Maize (Corn),False,670.36,469.83,733.4,556.3
2022-07-01,2022,7,Switzerland,1005,Maize (Corn),False,567.47,625.4,599.9,742.5
2022-07-01,2022,7,China,1201,Soya Beans,False,563.06,626.22,655.4,795.3
2022-07-01,2022,7,Mexico,1201,Soya Beans,False,365.18,271.01,454.8,232.1
2022-07-01,2022,7,Canada,1201,Soya Beans,False,720.21,902.81,956.6,1201.2
2022-07-01,2022,7,Japan,1201,Soya Beans,False,529.48,449.08,684.1,435.6
2022-07-01,2022,7,Germany,1201,Soya Beans,False,161.24,93.65,214.0,105.3
2022-07-01,2022,7,South Korea,1201,Soya Beans,False,776.33,655.09,904.5,888.3
2022-07-01,2022,7,Vietnam,1201,Soya Beans,False,554.16,331.53,473.6,382.6
2022-07-01,2022,7,India,1201,Soya Beans,False,603.33,578.37,496.1,472.2
2022-07-01,2022,7,Taiwan,1201,Soya Beans,False,187.27,192.13,162.5,162.3
2022-07-01,2022,7,United Kingdom,1201,Soya Beans,False,333.72,375.84,411.8,444.7
2022-07-01,2022,7,Brazil,1201,Soya Beans,False,334.58,392.46,334.6,389.8
2022-07-01,2022,7,France,1201,Soya Beans,False,657.88,849.13,745.3,957.9
2022-07-01,2022,7,Italy,1201,Soya Beans,False,539.73,302.39,563.1,358.3
2022-07-01,2022,7,Netherlands,1201,Soya Beans,False,695.98,375.15,745.5,504.0
2022-07-01,2022,7,Thailand,1201,Soya Beans,False,391.81,373.16,373.9,340.4
2022-07-01,2022,7,Malaysia,1201,Soya Beans,False,221.46,139.43,284.6,171.8
2022-07-01,2022,7,Singapore,1201,Soya Beans,False,481.33,266.64,474.6,336.3
2022-07-01,2022,7,Australia,1201,Soya Beans,False,113.92,60.5,117.3,55.2
2022-07-01,2022,7,Saudi Arabia,1201,Soya Beans,False,533.1,363.3,706.5,303.0
2022-07-01,2022,7,Switzerland,1201,Soya Beans,False,495.78,449.53,554.5,496.0
2022-08-01,2022,8,China,1005,Maize (Corn),False,1310.3,1645.14,1059.0,2155.4
2022-08-01,2022,8,Mexico,1005,Maize (Corn),False,918.14,994.23,1023.7,908.9
2022-08-01,2022,8,Canada,1005,Maize (Corn),False,1615.17,1728.45,2099.2,1627.3
2022-08-01,2022,8,Japan,1005,Maize (Corn),False,1240.47,960.58,1468.5,1202.2
2022-08-01,2022,8,Germany,1005,Maize (Corn),False,304.47,169.48,251.5,151.6
2022-08-01,2022,8,South Korea,1005,Maize (Corn),False,1501.03,698.38,1521.2,841.6
2022-08-01,2022,8,Vietnam,1005,Maize (Corn),False,1429.45,1016.67,1215.5,1276.6
2022-08-01,2022,8,India,1005,Maize (Corn),False,1306.33,818.13,1414.0,1130.6
2022-08-01,2022,8,Taiwan,1005,Maize (Corn),False,372.39,470.52,354.5,406.2
2022-08-01,2022,8,United Kingdom,1005,Maize (Corn),False,770.64,844.94,865.1,971.0
2022-08-01,2022,8,Brazil,1005,Maize (Corn),False,846.65,723.34,736.8,890.5
2022-08-01,2022,8,France,1005,Maize (Corn),False,1419.98,1311.19,1863.9,1424.3
2022-08-01,2022,8,Italy,1005,Maize (Corn),False,1078.6,990.14,945.0,974.8
2022-08-01,2022,8,Netherlands,1005,Maize (Corn),False,1405.88,883.93,1157.8,1017.5
2022-08-01,2022,8,Thailand,1005,Maize (Corn),False,823.63,619.0,1151.5,536.7
2022-08-01,2022,8,Malaysia,1005,Maize (Corn),False,477.08,567.07,419.0,765.9
2022-08-01,2022,8,Singapore,1005,Maize (Corn),False,1063.71,931.12,1028.7,945.7
2022-08-01,2022,8,Australia,1005,Maize (Corn),False,321.72,145.34,405.7,188.5
2022-08-01,2022,8,Saudi Arabia,1005,Maize (Corn),False,1498.47,672.89,1866.5,830.3
2022-08-01,2022,8,Switzerland,1005,Maize (Corn),False,960.13,1155.1,844.3,1590.0
2022-08-01,2022,8,China,1201,Soya Beans,False,285.57,291.62,252.0,265.7
2022-08-01,2022,8,Mexico,1201,Soya Beans,False,167.12,191.16,137.5,225.5
2022-08-01,2022,8,Canada,1201,Soya Beans,False,347.1,298.55,355.8,292.5
2022-08-01,2022,8,Japan,1201,Soya Beans,False,322.76,357.23,436.9,443.1
2022-08-01,2022,8,Germany,1201,Soya Beans,False,86.24,109.33,92.5,146.9
2022-08-01,2022,8,South Korea,1201,Soya Beans,False,326.68,162.39,357.5,174.1
2022-08-01,2022,8,Vietnam,1201,Soya Beans,False,299.89,264.95,336.8,350.4
2022-08-01,2022,8,India,1201,Soya Beans,False,299.53,205.06,365.8,243.8
2022-08-01,2022,8,Taiwan,1201,Soya Beans,False,98.95,67.12,79.5,91.7
2022-08-01,2022,8,United Kingdom,1201,Soya Beans,False,172.45,174.52,171.3,184.0
2022-08-01,2022,8,Brazil,1201,Soya Beans,False,190.17,147.88,168.6,185.2
2022-08-01,2022,8,France,1201,Soya Beans,False,309.85,200.55,347.9,213.1
2022-08-01,2022,8,Italy,1201,Soya Beans,False,275.21,204.54,284.7,206.4
2022-08-01,2022,8,Netherlands,1201,Soya Beans,False,364.47,151.46,497.1,153.7
2022-08-01,2022,8,Thailand,1201,Soya Beans,False,189.39,199.48,195.6,233.4
2022-08-01,2022,8,Malaysia,1201,Soya Beans,False,138.78,161.2,153.9,198.3
2022-08-01,2022,8,Singapore,1201,Soya Beans,False,227.64,250.05,205.4,206.9
2022-08-01,2022,8,Australia,1201,Soya Beans,False,68.98,40.96,85.4,35.3
2022-08-01,2022,8,Saudi Arabia,1201,Soya Beans,False,279.8,282.08,307.9,386.8
2022-08-01,2022,8,Switzerland,1201,Soya Beans,False,241.67,123.48,196.7,131.7
2022-09-01,2022,9,China,1005,Maize (Corn),False,938.67,1023.06,1041.8,914.1
2022-09-01,2022,9,Mexico,1005,Maize (Corn),False,495.65,247.96,543.7,293.5
2022-09-01,2022,9,Canada,1005,Maize (Corn),False,1012.14,1054.27,833.4,929.7
2022-09-01,2022,9,Japan,1005,Maize (Corn),False,895.62,987.93,1093.9,1232.2
2022-09-01,2022,9,Germany,1005,Maize (Corn),False,261.59,326.94,310.4,324.2
2022-09-01,2022,9,South Korea,1005,Maize (Corn),False,946.27,916.42,1001.9,814.0
2022-09-01,2022,9,Vietnam,1005,Maize (Corn),False,817.71,1016.31,686.7,1293.2
2022-09-01,2022,9,India,1005,Maize (Corn),False,1029.75,1049.84,861.7,1372.7
2022-09-01,2022,9,Taiwan,1005,Maize (Corn),False,275.59,178.95,324.6,157.8
2022-09-01,2022,9,United Kingdom,1005,Maize (Corn),False,620.93,752.99,691.1,1032.6
2022-09-01,2022,9,Brazil,1005,Maize (Corn),False,495.85,581.04,626.8,495.7
2022-09-01,2022,9,France,1005,Maize (Corn),False,1190.19,1451.29,1203.1,1851.9
2022-09-01,2022,9,Italy,1005,Maize (Corn),False,713.05,304.72,659.4,332.3
2022-09-01,2022,9,Netherlands,1005,Maize (Corn),False,828.71,450.82,1135.5,494.2
2022-09-01,2022,9,Thailand,1005,Maize (Corn),False,633.55,371.24,540.5,470.8
2022-09-01,2022,9,Malaysia,1005,Maize (Corn),False,345.79,281.41,482.5,278.6
2022-09-01,2022,9,Singapore,1005,Maize (Corn),False,682.77,663.19,582.7,815.6
2022-09-01,2022,9,Australia,1005,Maize (Corn),False,196.53,109.57,208.0,117.9
2022-09-01,2022,9,Saudi Arabia,1005,Maize (Corn),False,1000.87,1244.5,1260.1,1281.2
2022-09-01,2022,9,Switzerland,1005,Maize (Corn),False,872.9,970.44,713.0,844.2
2022-09-01,2022,9,China,1201,Soya Beans,False,547.74,458.4,550.2,634.3
2022-09-01,2022,9,Mexico,1201,Soya Beans,False,392.31,231.83,542.3,256.9
2022-09-01,2022,9,Canada,1201,Soya Beans,False,596.53,282.03,718.9,309.4
2022-09-01,2022,9,Japan,1201,Soya Beans,False,594.66,692.59,718.8,912.2
2022-09-01,2022,9,Germany,1201,Soya Beans,False,170.07,171.25,149.8,186.6
2022-09-01,2022,9,South Korea,1201,Soya Beans,False,749.28,664.33,775.3,778.8
2022-09-01,2022,9,Vietnam,1201,Soya Beans,False,597.23,538.62,619.3,722.3
2022-09-01,2022,9,India,1201,Soya Beans,False,610.19,645.49,712.9,665.7
2022-09-01,2022,9,Taiwan,1201,Soya Beans,False,198.64,245.29,249.6,335.8
2022-09-01,2022,9,United Kingdom,1201,Soya Beans,False,395.75,483.75,524.7,608.3
2022-09-01,2022,9,Brazil,1201,Soya Beans,False,383.8,405.73,425.0,459.1
2022-09-01,2022,9,France,1201,Soya Beans,False,712.98,711.45,709.3,884.9
2022-09-01,2022,9,Italy,1201,Soya Beans,False,537.32,385.73,477.3,367.7
2022-09-01,2022,9,Netherlands,1201,Soya Beans,False,687.25,503.66,563.5,502.6
2022-09-01,2022,9,Thailand,1201,Soya Beans,False,382.68,233.77,371.9,285.9
2022-09-01,2022,9,Malaysia,1201,Soya Beans,False,268.49,339.11,233.8,334.7
2022-09-01,2022,9,Singapore,1201,Soya Beans,False,414.82,394.9,335.9,364.6
2022-09-01,2022,9,Australia,1201,Soya Beans,False,141.24,102.1,159.1,120.9
2022-09-01,2022,9,Saudi Arabia,1201,Soya Beans,False,730.26,550.32,706.4,618.2
2022-09-01,2022,9,Switzerland,1201,Soya Beans,False,459.93,201.32,492.7,187.4
2022-10-01,2022,10,China,1005,Maize (Corn),False,2232.85,1493.49,2903.5,1709.1
2022-10-01,2022,10,Mexico,1005,Maize (Corn),False,1428.06,1817.16,1997.1,2004.1
2022-10-01,2022,10,Canada,1005,Maize (Corn),False,2072.57,1984.7,2458.7,2269.1
2022-10-01,2022,10,Japan,1005,Maize (Corn),False,1890.9,1746.07,2118.6,2386.5
2022-10-01,2022,10,Germany,1005,Maize (Corn),False,589.61,444.76,673.6,506.9
2022-10-01,2022,10,South Korea,1005,Maize (Corn),False,2590.67,1171.66,3180.2,1451.4
2022-10-01,2022,10,Vietnam,1005,Maize (Corn),False,2074.39,2512.95,2884.1,3236.0
2022-10-01,2022,10,India,1005,Maize (Corn),False,2417.12,2027.37,3259.6,2759.3
2022-10-01,2022,10,Taiwan,1005,Maize (Corn),False,636.97,341.19,567.8,369.6
2022-10-01,2022,10,United Kingdom,1005,Maize (Corn),False,1458.91,1241.91,1867.3,1567.1
2022-10-01,2022,10,Brazil,1005,Maize (Corn),False,1073.06,557.44,1312.9,553.1
2022-10-01,2022,10,France,1005,Maize (Corn),False,2788.43,3294.97,2985.7,3783.6
2022-10-01,2022,10,Italy,1005,Maize (Corn),False,2000.61,2369.18,2269.1,3276.9
2022-10-01,2022,10,Netherlands,1005,Maize (Corn),False,2241.39,979.48,2549.8,1240.2
2022-10-01,2022,10,Thailand,1005,Maize (Corn),False,1542.3,763.18,1641.5,879.2
2022-10-01,2022,10,Malaysia,1005,Maize (Corn),False,941.03,982.72,883.4,1292.9
2022-10-01,2022,10,Singapore,1005,Maize (Corn),False,1683.66,2029.88,2189.8,1781.3
2022-10-01,2022,10,Australia,1005,Maize (Corn),False,529.1,427.97,735.2,390.4
2022-10-01,2022,10,Saudi Arabia,1005,Maize (Corn),False,2435.68,1642.63,2014.0,2293.8
2022-10-01,2022,10,Switzerland,1005,Maize (Corn),False,1678.47,793.02,2209.4,840.0
2022-10-01,2022,10,China,1201,Soya Beans,False,1629.83,1357.05,1369.5,1648.4
2022-10-01,2022,10,Mexico,1201,Soya Beans,False,955.93,549.46,1077.6,561.3
2022-10-01,2022,10,Canada,1201,Soya Beans,False,1345.18,915.32,1810.2,897.1
2022-10-01,2022,10,Japan,1201,Soya Beans,False,1194.89,1489.81,1230.0,2032.6
2022-10-01,2022,10,Germany,1201,Soya Beans,False,401.45,330.56,413.9,291.8
2022-10-01,2022,10,South Korea,1201,Soya Beans,False,1576.76,960.56,1706.4,982.9
2022-10-01,2022,10,Vietnam,1201,Soya Beans,False,1529.25,1020.02,1612.9,891.1
2022-10-01,2022,10,India,1201,Soya Beans,False,1342.83,1483.45,1644.0,1544.8
2022-10-01,2022,10,Taiwan,1201,Soya Beans,False,423.0,343.68,565.6,356.3
2022-10-01,2022,10,United Kingdom,1201,Soya Beans,False,978.22,583.68,1037.4,652.3
2022-10-01,2022,10,Brazil,1201,Soya Beans,False,698.69,648.86,799.9,580.9
2022-10-01,2022,10,France,1201,Soya Beans,False,1910.29,923.14,2554.4,1010.8
2022-10-01,2022,10,Italy,1201,Soya Beans,False,1118.08,560.74,1363.7,702.4
2022-10-01,2022,10,Netherlands,1201,Soya Beans,False,1577.15,1226.84,1425.0,1562.7
2022-10-01,2022,10,Thailand,1201,Soya Beans,False,1007.14,758.06,1314.0,895.5
2022-10-01,2022,10,Malaysia,1201,Soya Beans,False,572.92,544.02,495.4,476.1
2022-10-01,2022,10,Singapore,1201,Soya Beans,False,1153.43,1468.26,1274.2,1222.2
2022-10-01,2022,10,Australia,1201,Soya Beans,False,272.35,223.5,325.3,199.6
2022-10-01,2022,10,Saudi Arabia,1201,Soya Beans,False,1295.68,1368.91,1150.1,1455.0
2022-10-01,2022,10,Switzerland,1201,Soya Beans,False,1284.78,658.79,1369.1,571.1
2022-11-01,2022,11,China,1005,Maize (Corn),False,957.07,960.62,1169.6,1045.9
2022-11-01,2022,11,Mexico,1005,Maize (Corn),False,607.71,408.16,553.8,415.3
2022-11-01,2022,11,Canada,1005,Maize (Corn),False,1010.63,989.03,1351.0,942.1
2022-11-01,2022,11,Japan,1005,Maize (Corn),False,867.73,1048.51,989.9,1297.9
2022-11-01,2022,11,Germany,1005,Maize (Corn),False,290.41,289.97,361.7,299.3
2022-11-01,2022,11,South Korea,1005,Maize (Corn),False,1419.22,1466.78,1196.4,1697.3
2022-11-01,2022,11,Vietnam,1005,Maize (Corn),False,889.29,773.6,758.6,910.0
2022-11-01,2022,11,India,1005,Maize (Corn),False,1026.89,921.91,1221.4,876.0
2022-11-01,2022,11,Taiwan,1005,Maize (Corn),False,282.18,235.3,321.6,318.6
2022-11-01,2022,11,United Kingdom,1005,Maize (Corn),False,632.46,589.8,856.0,725.9
2022-11-01,2022,11,Brazil,1005,Maize (Corn),False,542.62,419.58,720.2,445.8
2022-11-01,2022,11,France,1005,Maize (Corn),False,1110.02,966.56,1011.9,1110.8
2022-11-01,2022,11,Italy,1005,Maize (Corn),False,1009.88,1284.92,1179.8,1711.2
2022-11-01,2022,11,Netherlands,1005,Maize (Corn),False,1184.2,1486.88,1567.7,1992.3
2022-11-01,2022,11,Thailand,1005,Maize (Corn),False,600.93,325.84,496.6,389.6
2022-11-01,2022,11,Malaysia,1005,Maize (Corn),False,463.49,599.97,607.8,779.1
2022-11-01,2022,11,Singapore,1005,Maize (Corn),False,783.81,632.35,928.2,514.5
2022-11-01,2022,11,Australia,1005,Maize (Corn),False,245.74,243.71,221.7,287.9
2022-11-01,2022,11,Saudi Arabia,1005,Maize (Corn),False,1119.85,1242.14,1458.6,1182.6
2022-11-01,2022,11,Switzerland,1005,Maize (Corn),False,948.08,534.61,982.7,585.7
2022-11-01,2022,11,China,1201,Soya Beans,False,2232.52,927.6,2773.6,1230.5
2022-11-01,2022,11,Mexico,1201,Soya Beans,False,1430.87,917.33,1293.2,1008.5
2022-11-01,2022,11,Canada,1201,Soya Beans,False,2440.05,1669.12,2691.5,2332.3
2022-11-01,2022,11,Japan,1201,Soya Beans,False,1801.02,1738.75,2516.7,1774.1
2022-11-01,2022,11,Germany,1201,Soya Beans,False,470.29,307.79,550.3,276.3
2022-11-01,2022,11,South Korea,1201,Soya Beans,False,2189.22,1388.23,2461.9,1813.7
2022-11-01,2022,11,Vietnam,1201,Soya Beans,False,1981.94,2188.81,2724.2,2722.9
2022-11-01,2022,11,India,1201,Soya Beans,False,2105.75,857.83,2251.1,824.2
2022-11-01,2022,11,Taiwan,1201,Soya Beans,False,581.12,729.87,576.6,654.3
2022-11-01,2022,11,United Kingdom,1201,Soya Beans,False,1410.01,1821.06,1788.0,1608.1
2022-11-01,2022,11,Brazil,1201,Soya Beans,False,1127.09,861.86,1330.0,1035.2
2022-11-01,2022,11,France,1201,Soya Beans,False,2541.66,1565.86,3504.5,1454.4
2022-11-01,2022,11,Italy,1201,Soya Beans,False,1515.36,1736.58,1633.5,1900.1
2022-11-01,2022,11,Netherlands,1201,Soya Beans,False,1985.41,877.1,1819.0,1102.5
2022-11-01,2022,11,Thailand,1201,Soya Beans,False,1164.24,1505.82,1480.6,1971.4
2022-11-01,2022,11,Malaysia,1201,Soya Beans,False,885.08,926.69,955.6,1251.2
2022-11-01,2022,11,Singapore,1201,Soya Beans,False,1479.19,719.24,1712.7,620.9
2022-11-01,2022,11,Australia,1201,Soya Beans,False,458.64,595.21,552.7,551.4
2022-11-01,2022,11,Saudi Arabia,1201,Soya Beans,False,1880.98,1355.71,1669.3,1548.0
2022-11-01,2022,11,Switzerland,1201,Soya Beans,False,1824.05,1810.05,2134.7,1921.1
2022-12-01,2022,12,China,1005,Maize (Corn),False,457.67,257.74,468.7,294.2
2022-12-01,2022,12,Mexico,1005,Maize (Corn),False,306.97,183.11,287.4,241.6
2022-12-01,2022,12,Canada,1005,Maize (Corn),False,576.83,564.26,654.2,674.2
2022-12-01,2022,12,Japan,1005,Maize (Corn),False,378.93,457.5,350.6,549.8
2022-12-01,2022,12,Germany,1005,Maize (Corn),False,108.08,111.89,135.3,139.3
2022-12-01,2022,12,South Korea,1005,Maize (Corn),False,556.6,526.73,645.0,649.0
2022-12-01,2022,12,Vietnam,1005,Maize (Corn),False,458.93,393.1,555.6,354.6
2022-12-01,2022,12,India,1005,Maize (Corn),False,493.39,263.18,609.3,272.0
2022-12-01,2022,12,Taiwan,1005,Maize (Corn),False,149.06,71.48,160.4,64.4
2022-12-01,2022,12,United Kingdom,1005,Maize (Corn),False,333.33,170.9,363.7,147.5
2022-12-01,2022,12,Brazil,1005,Maize (Corn),False,282.58,184.76,326.8,166.7
2022-12-01,2022,12,France,1005,Maize (Corn),False,519.57,260.99,587.4,209.3
2022-12-01,2022,12,Italy,1005,Maize (Corn),False,458.11,354.88,539.5,345.0
2022-12-01,2022,12,Netherlands,1005,Maize (Corn),False,454.27,527.64,570.1,625.8
2022-12-01,2022,12,Thailand,1005,Maize (Corn),False,319.0,177.93,434.0,190.9
2022-12-01,2022,12,Malaysia,1005,Maize (Corn),False,206.55,219.45,200.7,250.5
2022-12-01,2022,12,Singapore,1005,Maize (Corn),False,402.89,174.6,425.4,204.7
2022-12-01,2022,12,Australia,1005,Maize (Corn),False,97.47,66.88,121.8,90.3
2022-12-01,2022,12,Saudi Arabia,1005,Maize (Corn),False,498.64,624.99,429.2,585.3
2022-12-01,2022,12,Switzerland,1005,Maize (Corn),False,344.25,272.64,404.8,250.9
2022-12-01,2022,12,China,1201,Soya Beans,False,1304.67,1272.75,1536.3,1481.0
2022-12-01,2022,12,Mexico,1201,Soya Beans,False,895.26,933.34,1203.8,1279.6
2022-12-01,2022,12,Canada,1201,Soya Beans,False,1497.03,727.04,1673.0,748.1
2022-12-01,2022,12,Japan,1201,Soya Beans,False,995.4,903.61,923.4,1038.3
2022-12-01,2022,12,Germany,1201,Soya Beans,False,342.9,258.7,469.7,325.9
2022-12-01,2022,12,South Korea,1201,Soya Beans,False,1648.01,825.76,2249.7,677.7
2022-12-01,2022,12,Vietnam,1201,Soya Beans,False,1344.62,573.73,1206.8,567.5
2022-12-01,2022,12,India,1201,Soya Beans,False,1342.08,1623.21,1610.4,2007.4
2022-12-01,2022,12,Taiwan,1201,Soya Beans,False,336.53,430.03,351.5,579.6
2022-12-01,2022,12,United Kingdom,1201,Soya Beans,False,863.6,630.9,868.7,761.9
2022-12-01,2022,12,Brazil,1201,Soya Beans,False,779.78,783.76,1025.0,1081.4
2022-12-01,2022,12,France,1201,Soya Beans,False,1370.17,1212.11,1596.9,1127.6
2022-12-01,2022,12,Italy,1201,Soya Beans,False,1154.19,733.58,1412.9,817.4
2022-12-01,2022,12,Netherlands,1201,Soya Beans,False,1434.12,1233.92,1652.1,1121.2
2022-12-01,2022,12,Thailand,1201,Soya Beans,False,860.18,655.38,987.4,857.0
2022-12-01,2022,12,Malaysia,1201,Soya Beans,False,490.74,317.52,470.7,361.9
2022-12-01,2022,12,Singapore,1201,Soya Beans,False,879.58,619.84,827.6,661.8
2022-12-01,2022,12,Australia,1201,Soya Beans,False,269.09,235.01,311.0,270.9
2022-12-01,2022,12,Saudi Arabia,1201,Soya Beans,False,1257.04,1521.78,1391.5,1977.2
2022-12-01,2022,12,Switzerland,1201,Soya Beans,False,1060.99,778.29,1319.0,705.3
2023-01-01,2023,1,China,1005,Maize (Corn),False,1172.35,519.34,1092.4,686.4
2023-01-01,2023,1,Mexico,1005,Maize (Corn),False,840.44,415.67,681.5,358.0
2023-01-01,2023,1,Canada,1005,Maize (Corn),False,1370.36,843.93,1723.3,678.1
2023-01-01,2023,1,Japan,1005,Maize (Corn),False,1173.76,1405.87,970.6,1856.4
2023-01-01,2023,1,Germany,1005,Maize (Corn),False,343.05,302.65,333.0,344.3
2023-01-01,2023,1,South Korea,1005,Maize (Corn),False,1386.77,1719.44,1561.7,2199.5
2023-01-01,2023,1,Vietnam,1005,Maize (Corn),False,1225.87,808.54,1348.6,1073.7
2023-01-01,2023,1,India,1005,Maize (Corn),False,1176.82,832.24,1616.8,832.6
2023-01-01,2023,1,Taiwan,1005,Maize (Corn),False,387.42,217.13,494.0,253.9
2023-01-01,2023,1,United Kingdom,1005,Maize (Corn),False,687.43,314.53,673.0,375.7
2023-01-01,2023,1,Brazil,1005,Maize (Corn),False,642.45,413.76,738.3,567.5
2023-01-01,2023,1,France,1005,Maize (Corn),False,1246.25,1221.47,1679.2,1373.7
2023-01-01,2023,1,Italy,1005,Maize (Corn),False,1175.32,1102.57,1414.6,1405.5
2023-01-01,2023,1,Netherlands,1005,Maize (Corn),False,1153.96,1043.38,1348.5,909.9
2023-01-01,2023,1,Thailand,1005,Maize (Corn),False,756.38,827.18,623.6,867.0
2023-01-01,2023,1,Malaysia,1005,Maize (Corn),False,429.67,239.83,475.9,196.1
2023-01-01,2023,1,Singapore,1005,Maize (Corn),False,893.04,377.87,1210.4,502.5
2023-01-01,2023,1,Australia,1005,Maize (Corn),False,241.79,111.04,229.8,90.7
2023-01-01,2023,1,Saudi Arabia,1005,Maize (Corn),False,1364.42,1250.5,1536.7,1639.6
2023-01-01,2023,1,Switzerland,1005,Maize (Corn),False,1109.76,852.28,1294.2,907.8
2023-01-01,2023,1,China,1201,Soya Beans,False,1545.66,1035.7,1470.1,932.6
2023-01-01,2023,1,Mexico,1201,Soya Beans,False,1062.55,1119.77,1102.5,1556.0
2023-01-01,2023,1,Canada,1201,Soya Beans,False,1774.59,2224.12,1625.8,2207.4
2023-01-01,2023,1,Japan,1201,Soya Beans,False,1421.57,873.01,1271.3,1025.7
2023-01-01,2023,1,Germany,1201,Soya Beans,False,397.88,189.64,381.9,228.9
2023-01-01,2023,1,South Korea,1201,Soya Beans,False,2063.36,1115.33,1729.2,1380.3
2023-01-01,2023,1,Vietnam,1201,Soya Beans,False,1806.01,1472.57,2016.7,1390.5
2023-01-01,2023,1,India,1201,Soya Beans,False,1741.37,1838.45,2199.2,1846.3
2023-01-01,2023,1,Taiwan,1201,Soya Beans,False,528.4,442.71,657.1,537.7
2023-01-01,2023,1,United Kingdom,1201,Soya Beans,False,1196.13,655.95,1188.1,629.1
2023-01-01,2023,1,Brazil,1201,Soya Beans,False,946.39,774.54,1136.0,884.3
2023-01-01,2023,1,France,1201,Soya Beans,False,2064.16,2001.59,1989.3,1872.8
2023-01-01,2023,1,Italy,1201,Soya Beans,False,1353.03,1490.36,1161.4,1474.9
2023-01-01,2023,1,Netherlands,1201,Soya Beans,False,1698.77,1584.5,2301.0,2102.9
2023-01-01,2023,1,Thailand,1201,Soya Beans,False,969.2,858.9,797.0,1095.5
2023-01-01,2023,1,Malaysia,1201,Soya Beans,False,663.53,393.73,723.6,417.8
2023-01-01,2023,1,Singapore,1201,Soya Beans,False,1484.32,638.06,2033.5,600.2
2023-01-01,2023,1,Australia,1201,Soya Beans,False,339.15,362.09,377.7,484.3
2023-01-01,2023,1,Saudi Arabia,1201,Soya Beans,False,1851.27,1582.69,1710.0,2168.1
2023-01-01,2023,1,Switzerland,1201,Soya Beans,False,1528.17,1438.63,1946.9,1238.3
2023-02-01,2023,2,China,1005,Maize (Corn),False,1069.75,1333.19,1295.4,1360.0
2023-02-01,2023,2,Mexico,1005,Maize (Corn),False,571.56,248.28,573.3,315.5
2023-02-01,2023,2,Canada,1005,Maize (Corn),False,1026.21,850.74,877.1,1149.7
2023-02-01,2023,2,Japan,1005,Maize (Corn),False,799.31,595.18,798.1,593.5
2023-02-01,2023,2,Germany,1005,Maize (Corn),False,243.45,234.77,282.2,197.5
2023-02-01,2023,2,South Korea,1005,Maize (Corn),False,1300.91,1356.31,1729.7,1215.0
2023-02-01,2023,2,Vietnam,1005,Maize (Corn),False,1039.65,1091.13,1144.1,888.0
2023-02-01,2023,2,India,1005,Maize (Corn),False,875.87,1011.51,900.0,1220.9
2023-02-01,2023,2,Taiwan,1005,Maize (Corn),False,289.99,318.43,298.5,428.6
2023-02-01,2023,2,United Kingdom,1005,Maize (Corn),False,564.17,650.19,595.1,611.5
2023-02-01,2023,2,Brazil,1005,Maize (Corn),False,495.64,554.93,579.4,489.4
2023-02-01,2023,2,France,1005,Maize (Corn),False,967.2,985.08,912.7,911.4
2023-02-01,2023,2,Italy,1005,Maize (Corn),False,859.97,593.72,723.2,626.3
2023-02-01,2023,2,Netherlands,1005,Maize (Corn),False,1003.95,945.06,838.4,1013.2
2023-02-01,2023,2,Thailand,1005,Maize (Corn),False,569.49,457.89,469.8,447.5
2023-02-01,2023,2,Malaysia,1005,Maize (Corn),False,388.9,199.63,534.9,278.8
2023-02-01,2023,2,Singapore,1005,Maize (Corn),False,678.87,687.6,801.9,619.0
2023-02-01,2023,2,Australia,1005,Maize (Corn),False,198.39,254.45,173.9,291.4
2023-02-01,2023,2,Saudi Arabia,1005,Maize (Corn),False,1017.94,560.66,1141.3,757.2
2023-02-01,2023,2,Switzerland,1005,Maize (Corn),False,696.77,397.69,664.3,497.3
2023-02-01,2023,2,China,1201,Soya Beans,False,1663.38,1851.1,2307.0,1698.5
2023-02-01,2023,2,Mexico,1201,Soya Beans,False,1148.29,841.78,1019.2,803.0
2023-02-01,2023,2,Canada,1201,Soya Beans,False,1761.24,2129.77,1914.5,2488.8
2023-02-01,2023,2,Japan,1201,Soya Beans,False,1308.71,598.88,1783.8,780.3
2023-02-01,2023,2,Germany,1201,Soya Beans,False,419.5,243.46,345.7,337.2
2023-02-01,2023,2,South Korea,1201,Soya Beans,False,1728.71,1061.22,2092.3,1446.2
2023-02-01,2023,2,Vietnam,1201,Soya Beans,False,1450.01,1589.94,1448.7,1920.4
2023-02-01,2023,2,India,1201,Soya Beans,False,1479.96,1743.89,1812.0,2395.0
2023-02-01,2023,2,Taiwan,1201,Soya Beans,False,483.1,579.2,543.1,641.6
2023-02-01,2023,2,United Kingdom,1201,Soya Beans,False,940.74,1065.63,985.3,1236.1
2023-02-01,2023,2,Brazil,1201,Soya Beans,False,967.57,1061.75,1108.1,1244.3
2023-02-01,2023,2,France,1201,Soya Beans,False,1952.61,1859.97,2082.5,2354.4
2023-02-01,2023,2,Italy,1201,Soya Beans,False,1556.82,1347.26,1382.4,1379.7
2023-02-01,2023,2,Netherlands,1201,Soya Beans,False,1929.23,2363.45,1852.5,3225.3
2023-02-01,2023,2,Thailand,1201,Soya Beans,False,987.38,1211.5,1344.1,1336.2
2023-02-01,2023,2,Malaysia,1201,Soya Beans,False,753.39,673.79,774.0,866.6
2023-02-01,2023,2,Singapore,1201,Soya Beans,False,1113.07,662.27,1032.9,777.0
2023-02-01,2023,2,Australia,1201,Soya Beans,False,388.29,447.96,520.3,593.6
2023-02-01,2023,2,Saudi Arabia,1201,Soya Beans,False,1855.65,2270.1,1791.3,2804.0
2023-02-01,2023,2,Switzerland,1201,Soya Beans,False,1223.84,627.47,1145.1,540.6
2023-03-01,2023,3,China,1005,Maize (Corn),False,373.5,366.14,472.0,400.2
2023-03-01,2023,3,Mexico,1005,Maize (Corn),False,282.63,357.68,356.3,357.8
2023-03-01,2023,3,Canada,1005,Maize (Corn),False,528.26,472.08,588.0,573.6
2023-03-01,2023,3,Japan,1005,Maize (Corn),False,392.09,467.64,353.0,492.5
2023-03-01,2023,3,Germany,1005,Maize (Corn),False,96.3,99.66,92.7,105.2
2023-03-01,2023,3,South Korea,1005,Maize (Corn),False,596.17,338.42,477.7,388.1
2023-03-01,2023,3,Vietnam,1005,Maize (Corn),False,423.12,190.18,413.7,179.4
2023-03-01,2023,3,India,1005,Maize (Corn),False,411.35,456.88,404.3,499.7
2023-03-01,2023,3,Taiwan,1005,Maize (Corn),False,118.13,148.31,149.4,156.3
2023-03-01,2023,3,United Kingdom,1005,Maize (Corn),False,301.1,205.75,255.7,217.8
2023-03-01,2023,3,Brazil,1005,Maize (Corn),False,248.38,177.45,258.5,218.0
2023-03-01,2023,3,France,1005,Maize (Corn),False,571.37,688.33,654.5,810.6
2023-03-01,2023,3,Italy,1005,Maize (Corn),False,378.55,277.9,470.5,240.9
2023-03-01,2023,3,Netherlands,1005,Maize (Corn),False,515.28,337.69,479.9,325.7
2023-03-01,2023,3,Thailand,1005,Maize (Corn),False,304.6,195.56,355.1,196.7
2023-03-01,2023,3,Malaysia,1005,Maize (Corn),False,182.89,170.54,255.8,168.2
2023-03-01,2023,3,Singapore,1005,Maize (Corn),False,317.01,183.51,341.8,239.0
2023-03-01,2023,3,Australia,1005,Maize (Corn),False,87.84,111.14,71.0,142.6
2023-03-01,2023,3,Saudi Arabia,1005,Maize (Corn),False,489.77,594.94,545.2,719.0
2023-03-01,2023,3,Switzerland,1005,Maize (Corn),False,319.12,240.91,402.9,208.5
2023-03-01,2023,3,China,1201,Soya Beans,False,1504.62,1079.85,1788.1,914.5
2023-03-01,2023,3,Mexico,1201,Soya Beans,False,1046.53,1279.23,896.1,1217.6
2023-03-01,2023,3,Canada,1201,Soya Beans,False,1490.32,1290.9,1845.9,1750.3
2023-03-01,2023,3,Japan,1201,Soya Beans,False,1404.25,749.69,1147.9,745.9
2023-03-01,2023,3,Germany,1201,Soya Beans,False,405.79,491.29,377.3,623.3
2023-03-01,2023,3,South Korea,1201,Soya Beans,False,1938.95,2289.48,2555.2,3009.8
2023-03-01,2023,3,Vietnam,1201,Soya Beans,False,1527.39,1086.87,1411.9,1018.5
2023-03-01,2023,3,India,1201,Soya Beans,False,1674.09,2118.97,1947.9,2219.4
2023-03-01,2023,3,Taiwan,1201,Soya Beans,False,427.98,422.32,396.6,361.5
2023-03-01,2023,3,United Kingdom,1201,Soya Beans,False,903.52,1052.98,930.0,1436.5
2023-03-01,2023,3,Brazil,1201,Soya Beans,False,888.55,908.42,1151.7,1203.4
2023-03-01,2023,3,France,1201,Soya Beans,False,1675.69,997.04,1491.5,1064.2
2023-03-01,2023,3,Italy,1201,Soya Beans,False,1226.7,1209.25,1248.4,1666.9
2023-03-01,2023,3,Netherlands,1201,Soya Beans,False,1841.79,1937.3,2234.5,1595.9
2023-03-01,2023,3,Thailand,1201,Soya Beans,False,889.78,701.95,1200.2,601.2
2023-03-01,2023,3,Malaysia,1201,Soya Beans,False,622.38,693.66,617.3,941.7
2023-03-01,2023,3,Singapore,1201,Soya Beans,False,1369.75,618.14,1602.4,548.5
2023-03-01,2023,3,Australia,1201,Soya Beans,False,344.85,416.59,291.1,567.6
2023-03-01,2023,3,Saudi Arabia,1201,Soya Beans,False,1941.36,1947.61,1968.1,1851.4
2023-03-01,2023,3,Switzerland,1201,Soya Beans,False,1319.68,741.45,1071.6,621.1
2023-04-01,2023,4,China,1005,Maize (Corn),False,437.12,253.84,445.1,234.3
2023-04-01,2023,4,Mexico,1005,Maize (Corn),False,339.53,247.97,379.0,272.9
2023-04-01,2023,4,Canada,1005,Maize (Corn),False,560.24,727.0,597.3,722.3
2023-04-01,2023,4,Japan,1005,Maize (Corn),False,511.73,664.16,649.2,849.2
2023-04-01,2023,4,Germany,1005,Maize (Corn),False,120.44,106.59,121.8,124.8
2023-04-01,2023,4,South Korea,1005,Maize (Corn),False,655.93,483.2,735.4,611.2
2023-04-01,2023,4,Vietnam,1005,Maize (Corn),False,440.16,417.86,557.0,347.4
2023-04-01,2023,4,India,1005,Maize (Corn),False,459.05,194.06,369.0,210.9
2023-04-01,2023,4,Taiwan,1005,Maize (Corn),False,150.68,112.21,176.7,102.7
2023-04-01,2023,4,United Kingdom,1005,Maize (Corn),False,347.12,252.12,425.0,221.4
2023-04-01,2023,4,Brazil,1005,Maize (Corn),False,298.54,258.61,412.6,269.8
2023-04-01,2023,4,France,1005,Maize (Corn),False,635.21,489.68,549.3,593.8
2023-04-01,2023,4,Italy,1005,Maize (Corn),False,379.39,424.86,379.7,532.7
2023-04-01,2023,4,Netherlands,1005,Maize (Corn),False,512.52,452.72,635.9,542.8
2023-04-01,2023,4,Thailand,1005,Maize (Corn),False,326.9,324.63,376.3,416.9
2023-04-01,2023,4,Malaysia,1005,Maize (Corn),False,183.66,103.48,227.9,116.3
2023-04-01,2023,4,Singapore,1005,Maize (Corn),False,415.91,527.61,549.1,595.4
2023-04-01,2023,4,Australia,1005,Maize (Corn),False,115.77,81.14,93.6,102.9
2023-04-01,2023,4,Saudi Arabia,1005,Maize (Corn),False,561.76,228.77,740.5,304.0
2023-04-01,2023,4,Switzerland,1005,Maize (Corn),False,390.5,162.26,517.7,136.7
2023-04-01,2023,4,China,1201,Soya Beans,False,571.39,648.46,725.1,783.8
2023-04-01,2023,4,Mexico,1201,Soya Beans,False,391.67,398.28,463.2,358.7
2023-04-01,2023,4,Canada,1201,Soya Beans,False,605.53,488.2,491.1,509.3
2023-04-01,2023,4,Japan,1201,Soya Beans,False,474.41,228.05,535.0,214.9
2023-04-01,2023,4,Germany,1201,Soya Beans,False,129.61,143.62,166.7,171.8
2023-04-01,2023,4,South Korea,1201,Soya Beans,False,625.01,605.9,767.5,569.5
2023-04-01,2023,4,Vietnam,1201,Soya Beans,False,494.99,391.13,522.0,348.9
2023-04-01,2023,4,India,1201,Soya Beans,False,518.82,440.81,579.2,494.9
2023-04-01,2023,4,Taiwan,1201,Soya Beans,False,187.62,81.73,238.6,82.6
2023-04-01,2023,4,United Kingdom,1201,Soya Beans,False,391.24,415.45,458.5,489.7
2023-04-01,2023,4,Brazil,1201,Soya Beans,False,329.75,353.77,289.8,359.6
2023-04-01,2023,4,France,1201,Soya Beans,False,726.49,648.83,640.9,893.4
2023-04-01,2023,4,Italy,1201,Soya Beans,False,554.33,477.5,620.8,465.7
2023-04-01,2023,4,Netherlands,1201,Soya Beans,False,597.31,759.73,569.1,746.6
2023-04-01,2023,4,Thailand,1201,Soya Beans,False,402.18,300.01,556.4,302.9
2023-04-01,2023,4,Malaysia,1201,Soya Beans,False,191.86,241.43,180.8,293.7
2023-04-01,2023,4,Singapore,1201,Soya Beans,False,370.08,397.25,344.9,508.5
2023-04-01,2023,4,Australia,1201,Soya Beans,False,141.43,62.33,144.4,76.6
2023-04-01,2023,4,Saudi Arabia,1201,Soya Beans,False,686.43,498.86,958.9,668.2
2023-04-01,2023,4,Switzerland,1201,Soya Beans,False,507.31,377.29,569.3,464.9
2023-05-01,2023,5,China,1005,Maize (Corn),False,2255.19,1577.98,2845.5,2147.8
2023-05-01,2023,5,Mexico,1005,Maize (Corn),False,1507.85,1474.21,1868.1,1536.7
2023-05-01,2023,5,Canada,1005,Maize (Corn),False,2966.04,2652.28,4040.7,2979.1
2023-05-01,2023,5,Japan,1005,Maize (Corn),False,2376.91,2382.53,2118.7,2665.0
2023-05-01,2023,5,Germany,1005,Maize (Corn),False,565.84,545.65,634.2,711.3
2023-05-01,2023,5,South Korea,1005,Maize (Corn),False,3436.19,2712.15,4107.6,2663.3
2023-05-01,2023,5,Vietnam,1005,Maize (Corn),False,2460.35,1156.91,2116.9,1493.9
2023-05-01,2023,5,India,1005,Maize (Corn),False,2987.21,2510.15,2619.1,2141.2
2023-05-01,2023,5,Taiwan,1005,Maize (Corn),False,647.95,771.64,690.3,1024.9
2023-05-01,2023,5,United Kingdom,1005,Maize (Corn),False,1595.99,1483.08,1922.1,1231.0
2023-05-01,2023,5,Brazil,1005,Maize (Corn),False,1517.09,1698.75,1233.8,1419.0
2023-05-01,2023,5,France,1005,Maize (Corn),False,3035.85,3868.42,4201.5,3349.1
2023-05-01,2023,5,Italy,1005,Maize (Corn),False,2386.57,2658.6,3165.0,2196.3
2023-05-01,2023,5,Netherlands,1005,Maize (Corn),False,3106.46,3539.92,3617.8,2973.9
2023-05-01,2023,5,Thailand,1005,Maize (Corn),False,1516.5,1079.7,1993.3,1356.8
2023-05-01,2023,5,Malaysia,1005,Maize (Corn),False,1167.84,911.24,1576.7,1218.7
2023-05-01,2023,5,Singapore,1005,Maize (Corn),False,1676.93,1031.86,2146.4,1237.3
2023-05-01,2023,5,Australia,1005,Maize (Corn),False,520.66,574.46,515.4,667.1
2023-05-01,2023,5,Saudi Arabia,1005,Maize (Corn),False,3091.24,1903.14,2575.7,2276.3
2023-05-01,2023,5,Switzerland,1005,Maize (Corn),False,2328.03,1586.14,2516.7,1745.8
2023-05-01,2023,5,China,1201,Soya Beans,False,2365.12,1527.13,2279.5,1519.5
2023-05-01,2023,5,Mexico,1201,Soya Beans,False,1262.67,657.66,1629.4,854.3
2023-05-01,2023,5,Canada,1201,Soya Beans,False,2267.62,2642.59,2590.6,3243.2
2023-05-01,2023,5,Japan,1201,Soya Beans,False,2281.23,1545.55,2731.4,1522.6
2023-05-01,2023,5,Germany,1201,Soya Beans,False,634.62,424.96,745.8,388.7
2023-05-01,2023,5,South Korea,1201,Soya Beans,False,2624.21,1879.61,3280.8,1826.9
2023-05-01,2023,5,Vietnam,1201,Soya Beans,False,2090.03,853.72,2068.1,822.4
2023-05-01,2023,5,India,1201,Soya Beans,False,2295.68,1748.39,3187.1,1971.6
2023-05-01,2023,5,Taiwan,1201,Soya Beans,False,566.27,639.06,471.1,832.3
2023-05-01,2023,5,United Kingdom,1201,Soya Beans,False,1400.12,637.77,1941.1,699.8
2023-05-01,2023,5,Brazil,1201,Soya Beans,False,1378.1,1072.85,1484.2,1091.5
2023-05-01,2023,5,France,1201,Soya Beans,False,2508.24,2794.45,2052.9,3056.9
2023-05-01,2023,5,Italy,1201,Soya Beans,False,1781.37,1605.1,1655.1,1619.9
2023-05-01,2023,5,Netherlands,1201,Soya Beans,False,2378.99,2539.87,3253.5,2402.4
2023-05-01,2023,5,Thailand,1201,Soya Beans,False,1416.56,1011.12,1648.3,1031.2
2023-05-01,2023,5,Malaysia,1201,Soya Beans,False,784.99,748.06,644.7,617.8
2023-05-01,2023,5,Singapore,1201,Soya Beans,False,1892.47,2239.27,2152.9,1815.6
2023-05-01,2023,5,Australia,1201,Soya Beans,False,468.48,333.39,577.4,429.1
2023-05-01,2023,5,Saudi Arabia,1201,Soya Beans,False,2263.92,1764.88,2116.3,2182.7
2023-05-01,2023,5,Switzerland,1201,Soya Beans,False,1800.82,1863.73,2204.5,1665.7
2023-06-01,2023,6,China,1005,Maize (Corn),False,340.29,154.8,466.7,138.8
2023-06-01,2023,6,Mexico,1005,Maize (Corn),False,201.21,253.86,252.6,243.8
2023-06-01,2023,6,Canada,1005,Maize (Corn),False,455.78,539.86,567.3,623.7
2023-06-01,2023,6,Japan,1005,Maize (Corn),False,351.66,447.31,379.5,574.9
2023-06-01,2023,6,Germany,1005,Maize (Corn),False,83.8,86.38,116.8,69.6
2023-06-01,2023,6,South Korea,1005,Maize (Corn),False,424.17,469.33,526.1,582.2
2023-06-01,2023,6,Vietnam,1005,Maize (Corn),False,422.6,205.5,509.3,243.5
2023-06-01,2023,6,India,1005,Maize (Corn),False,345.93,204.66,411.7,244.1
2023-06-01,2023,6,Taiwan,1005,Maize (Corn),False,112.05,91.4,135.8,90.8
2023-06-01,2023,6,United Kingdom,1005,Maize (Corn),False,222.22,207.97,260.1,267.7
2023-06-01,2023,6,Brazil,1005,Maize (Corn),False,203.36,221.2,274.7,233.4
2023-06-01,2023,6,France,1005,Maize (Corn),False,442.88,539.98,434.1,666.1
2023-06-01,2023,6,Italy,1005,Maize (Corn),False,328.37,253.7,433.0,226.8
2023-06-01,2023,6,Netherlands,1005,Maize (Corn),False,339.53,199.11,450.1,200.3
2023-06-01,2023,6,Thailand,1005,Maize (Corn),False,251.64,152.94,275.4,170.3
2023-06-01,2023,6,Malaysia,1005,Maize (Corn),False,138.14,103.42,132.2,89.0
2023-06-01,2023,6,Singapore,1005,Maize (Corn),False,278.38,252.57,237.7,256.3
2023-06-01,2023,6,Australia,1005,Maize (Corn),False,81.42,100.9,95.0,137.8
2023-06-01,2023,6,Saudi Arabia,1005,Maize (Corn),False,399.42,448.52,342.6,510.7
2023-06-01,2023,6,Switzerland,1005,Maize (Corn),False,301.98,318.76,400.6,391.2
2023-06-01,2023,6,China,1201,Soya Beans,False,402.43,430.48,329.2,388.2
2023-06-01,2023,6,Mexico,1201,Soya Beans,False,258.66,176.78,216.6,235.8
2023-06-01,2023,6,Canada,1201,Soya Beans,False,482.01,354.82,672.8,466.2
2023-06-01,2023,6,Japan,1201,Soya Beans,False,361.62,387.84,492.4,479.5
2023-06-01,2023,6,Germany,1201,Soya Beans,False,93.55,53.67,99.1,48.9
2023-06-01,2023,6,South Korea,1201,Soya Beans,False,406.27,329.22,405.3,282.2
2023-06-01,2023,6,Vietnam,1201,Soya Beans,False,425.53,217.3,501.4,248.1
2023-06-01,2023,6,India,1201,Soya Beans,False,450.04,282.83,423.6,332.7
2023-06-01,2023,6,Taiwan,1201,Soya Beans,False,114.79,129.79,103.8,127.2
2023-06-01,2023,6,United Kingdom,1201,Soya Beans,False,213.13,223.66,212.1,210.6
2023-06-01,2023,6,Brazil,1201,Soya Beans,False,223.16,139.82,186.1,131.7
2023-06-01,2023,6,France,1201,Soya Beans,False,501.1,468.94,542.5,513.4
2023-06-01,2023,6,Italy,1201,Soya Beans,False,382.46,163.82,343.0,216.1
2023-06-01,2023,6,Netherlands,1201,Soya Beans,False,413.43,535.62,500.4,661.0
2023-06-01,2023,6,Thailand,1201,Soya Beans,False,253.24,105.25,340.6,117.2
2023-06-01,2023,6,Malaysia,1201,Soya Beans,False,132.26,77.89,133.6,75.7
2023-06-01,2023,6,Singapore,1201,Soya Beans,False,252.99,165.0,338.4,190.3
2023-06-01,2023,6,Australia,1201,Soya Beans,False,80.96,38.8,101.3,47.8
2023-06-01,2023,6,Saudi Arabia,1201,Soya Beans,False,349.84,452.71,335.6,433.4
2023-06-01,2023,6,Switzerland,1201,Soya Beans,False,308.07,389.88,401.9,461.0
2023-07-01,2023,7,China,1005,Maize (Corn),False,286.12,336.76,378.5,306.3
2023-07-01,2023,7,Mexico,1005,Maize (Corn),False,186.92,186.05,216.0,229.5
2023-07-01,2023,7,Canada,1005,Maize (Corn),False,304.62,235.93,350.4,271.6
2023-07-01,2023,7,Japan,1005,Maize (Corn),False,202.05,82.6,218.7,93.8
2023-07-01,2023,7,Germany,1005,Maize (Corn),False,69.62,75.02,80.2,72.8
2023-07-01,2023,7,South Korea,1005,Maize (Corn),False,327.48,207.57,422.6,218.8
2023-07-01,2023,7,Vietnam,1005,Maize (Corn),False,285.42,147.03,349.1,155.5
2023-07-01,2023,7,India,1005,Maize (Corn),False,232.95,210.38,216.0,205.2
2023-07-01,2023,7,Taiwan,1005,Maize (Corn),False,74.21,54.02,76.7,56.1
2023-07-01,2023,7,United Kingdom,1005,Maize (Corn),False,142.65,104.22,147.8,120.4
2023-07-01,2023,7,Brazil,1005,Maize (Corn),False,143.37,79.61,165.3,65.4
2023-07-01,2023,7,France,1005,Maize (Corn),False,287.16,275.13,337.2,249.9
2023-07-01,2023,7,Italy,1005,Maize (Corn),False,211.14,171.43,221.0,207.6
2023-07-01,2023,7,Netherlands,1005,Maize (Corn),False,292.35,127.69,364.6,169.5
2023-07-01,2023,7,Thailand,1005,Maize (Corn),False,185.32,83.46,246.5,75.0
2023-07-01,2023,7,Malaysia,1005,Maize (Corn),False,98.37,73.14,96.3,71.4
2023-07-01,2023,7,Singapore,1005,Maize (Corn),False,176.97,175.75,203.2,205.3
2023-07-01,2023,7,Australia,1005,Maize (Corn),False,57.28,34.3,66.0,40.9
2023-07-01,2023,7,Saudi Arabia,1005,Maize (Corn),False,237.25,305.8,272.3,361.8
2023-07-01,2023,7,Switzerland,1005,Maize (Corn),False,222.94,227.76,266.2,291.4
2023-07-01,2023,7,China,1201,Soya Beans,False,490.75,293.28,676.3,297.5
2023-07-01,2023,7,Mexico,1201,Soya Beans,False,325.89,197.61,354.8,265.4
2023-07-01,2023,7,Canada,1201,Soya Beans,False,627.74,357.17,817.6,488.4
2023-07-01,2023,7,Japan,1201,Soya Beans,False,531.84,496.88,639.8,616.9
2023-07-01,2023,7,Germany,1201,Soya Beans,False,153.13,152.03,171.3,138.3
2023-07-01,2023,7,South Korea,1201,Soya Beans,False,641.57,305.47,793.7,426.3
2023-07-01,2023,7,Vietnam,1201,Soya Beans,False,472.9,376.51,577.0,308.0
2023-07-01,2023,7,India,1201,Soya Beans,False,543.05,605.66,530.0,724.3
2023-07-01,2023,7,Taiwan,1201,Soya Beans,False,163.68,168.6,154.5,151.9
2023-07-01,2023,7,United Kingdom,1201,Soya Beans,False,300.82,250.38,274.4,298.1
2023-07-01,2023,7,Brazil,1201,Soya Beans,False,308.57,354.96,395.3,360.9
2023-07-01,2023,7,France,1201,Soya Beans,False,598.48,283.65,750.4,311.4
2023-07-01,2023,7,Italy,1201,Soya Beans,False,444.84,459.61,429.0,499.5
2023-07-01,2023,7,Netherlands,1201,Soya Beans,False,564.03,362.79,718.7,444.2
2023-07-01,2023,7,Thailand,1201,Soya Beans,False,349.66,357.4,298.5,378.1
2023-07-01,2023,7,Malaysia,1201,Soya Beans,False,224.56,169.42,275.9,188.6
2023-07-01,2023,7,Singapore,1201,Soya Beans,False,399.73,309.31,491.6,259.7
2023-07-01,2023,7,Australia,1201,Soya Beans,False,132.2,59.71,116.3,76.8
2023-07-01,2023,7,Saudi Arabia,1201,Soya Beans,False,556.23,452.48,569.4,387.2
2023-07-01,2023,7,Switzerland,1201,Soya Beans,False,475.49,485.08,434.6,607.0
2023-08-01,2023,8,China,1005,Maize (Corn),False,1566.84,933.27,1548.1,949.0
2023-08-01,2023,8,Mexico,1005,Maize (Corn),False,820.99,665.73,1042.7,792.1
2023-08-01,2023,8,Canada,1005,Maize (Corn),False,1694.03,1601.41,1378.1,1284.3
2023-08-01,2023,8,Japan,1005,Maize (Corn),False,1232.35,1505.89,1619.6,1725.9
2023-08-01,2023,8,Germany,1005,Maize (Corn),False,365.31,462.95,306.7,397.3
2023-08-01,2023,8,South Korea,1005,Maize (Corn),False,1891.03,1688.24,2626.2,2163.5
2023-08-01,2023,8,Vietnam,1005,Maize (Corn),False,1666.44,1748.97,2259.9,2119.9
2023-08-01,2023,8,India,1005,Maize (Corn),False,1525.37,1406.44,2045.1,1213.5
2023-08-01,2023,8,Taiwan,1005,Maize (Corn),False,442.52,333.24,530.0,387.3
2023-08-01,2023,8,United Kingdom,1005,Maize (Corn),False,933.86,952.9,1047.4,869.5
2023-08-01,2023,8,Brazil,1005,Maize (Corn),False,866.73,367.5,1121.4,493.9
2023-08-01,2023,8,France,1005,Maize (Corn),False,1523.7,961.61,1334.9,1214.6
2023-08-01,2023,8,Italy,1005,Maize (Corn),False,1115.6,989.54,1152.3,1237.4
2023-08-01,2023,8,Netherlands,1005,Maize (Corn),False,1639.63,1458.89,1807.0,1845.5
2023-08-01,2023,8,Thailand,1005,Maize (Corn),False,944.92,734.98,770.3,706.4
2023-08-01,2023,8,Malaysia,1005,Maize (Corn),False,573.38,528.02,690.3,727.4
2023-08-01,2023,8,Singapore,1005,Maize (Corn),False,1057.89,941.5,1326.2,928.6
2023-08-01,2023,8,Australia,1005,Maize (Corn),False,333.28,258.86,346.1,216.8
2023-08-01,2023,8,Saudi Arabia,1005,Maize (Corn),False,1356.14,902.96,1827.2,826.8
2023-08-01,2023,8,Switzerland,1005,Maize (Corn),False,1095.11,1049.32,1505.9,875.5
2023-08-01,2023,8,China,1201,Soya Beans,False,1643.52,857.59,2237.9,1046.9
2023-08-01,2023,8,Mexico,1201,Soya Beans,False,1197.71,656.57,1359.9,549.8
2023-08-01,2023,8,Canada,1201,Soya Beans,False,1970.93,2037.96,2248.8,2455.9
2023-08-01,2023,8,Japan,1201,Soya Beans,False,1509.0,1633.86,2073.0,2196.7
2023-08-01,2023,8,Germany,1201,Soya Beans,False,413.32,202.0,458.0,225.1
2023-08-01,2023,8,South Korea,1201,Soya Beans,False,2518.51,1843.52,2792.2,1700.1
2023-08-01,2023,8,Vietnam,1201,Soya Beans,False,2082.01,1059.39,2795.0,1413.7
2023-08-01,2023,8,India,1201,Soya Beans,False,1632.54,1792.32,1636.6,1675.5
2023-08-01,2023,8,Taiwan,1201,Soya Beans,False,525.21,646.81,545.9,611.6
2023-08-01,2023,8,United Kingdom,1201,Soya Beans,False,1209.17,929.44,981.1,847.4
2023-08-01,2023,8,Brazil,1201,Soya Beans,False,887.24,771.88,1051.2,950.2
2023-08-01,2023,8,France,1201,Soya Beans,False,1984.27,2231.33,2076.8,1850.9
2023-08-01,2023,8,Italy,1201,Soya Beans,False,1800.91,1844.31,2048.6,1520.0
2023-08-01,2023,8,Netherlands,1201,Soya Beans,False,1676.0,1522.4,2224.5,1809.3
2023-08-01,2023,8,Thailand,1201,Soya Beans,False,1010.12,984.07,1019.4,859.3
2023-08-01,2023,8,Malaysia,1201,Soya Beans,False,813.35,747.31,1004.1,671.9
2023-08-01,2023,8,Singapore,1201,Soya Beans,False,1250.7,1079.42,1396.7,1240.5
2023-08-01,2023,8,Australia,1201,Soya Beans,False,439.52,438.3,529.9,396.7
2023-08-01,2023,8,Saudi Arabia,1201,Soya Beans,False,1923.6,1808.14,2137.5,1776.6
2023-08-01,2023,8,Switzerland,1201,Soya Beans,False,1780.56,936.88,2465.7,1189.1
2023-09-01,2023,9,China,1005,Maize (Corn),False,1357.41,1346.17,1615.2,1235.8
2023-09-01,2023,9,Mexico,1005,Maize (Corn),False,885.08,953.49,717.2,1116.3
2023-09-01,2023,9,Canada,1005,Maize (Corn),False,1413.47,1691.38,1931.1,1945.5
2023-09-01,2023,9,Japan,1005,Maize (Corn),False,1178.19,1465.98,1133.3,1606.0
2023-09-01,2023,9,Germany,1005,Maize (Corn),False,321.1,172.84,429.2,164.2
2023-09-01,2023,9,South Korea,1005,Maize (Corn),False,1763.75,1901.1,2116.7,1645.2
2023-09-01,2023,9,Vietnam,1005,Maize (Corn),False,1268.71,1565.82,1293.5,1271.7
2023-09-01,2023,9,India,1005,Maize (Corn),False,1434.96,1461.98,1647.5,1487.9
2023-09-01,2023,9,Taiwan,1005,Maize (Corn),False,364.87,221.32,421.4,309.3
2023-09-01,2023,9,United Kingdom,1005,Maize (Corn),False,927.61,917.73,1059.0,1122.6
2023-09-01,2023,9,Brazil,1005,Maize (Corn),False,739.38,859.66,849.6,815.4
2023-09-01,2023,9,France,1005,Maize (Corn),False,1578.43,980.0,1770.1,1257.1
2023-09-01,2023,9,Italy,1005,Maize (Corn),False,1214.43,781.27,1502.9,683.0
2023-09-01,2023,9,Netherlands,1005,Maize (Corn),False,1458.41,996.66,1706.8,1313.0
2023-09-01,2023,9,Thailand,1005,Maize (Corn),False,751.94,772.12,909.8,968.4
2023-09-01,2023,9,Malaysia,1005,Maize (Corn),False,604.37,504.44,532.9,614.2
2023-09-01,2023,9,Singapore,1005,Maize (Corn),False,1020.42,1153.8,1301.8,1430.6
2023-09-01,2023,9,Australia,1005,Maize (Corn),False,282.66,234.08,381.5,248.5
2023-09-01,2023,9,Saudi Arabia,1005,Maize (Corn),False,1441.06,1462.92,1252.9,1845.7
2023-09-01,2023,9,Switzerland,1005,Maize (Corn),False,956.21,1227.64,1091.1,1105.9
2023-09-01,2023,9,China,1201,Soya Beans,False,2135.16,1247.56,1761.0,1390.6
2023-09-01,2023,9,Mexico,1201,Soya Beans,False,1274.41,702.76,1449.0,784.2
2023-09-01,2023,9,Canada,1201,Soya Beans,False,2345.79,2660.71,2062.4,3257.3
2023-09-01,2023,9,Japan,1201,Soya Beans,False,1773.86,1453.91,1591.9,1815.3
2023-09-01,2023,9,Germany,1201,Soya Beans,False,544.24,318.36,445.0,371.0
2023-09-01,2023,9,South Korea,1201,Soya Beans,False,2705.15,2734.72,2574.3,3619.8
2023-09-01,2023,9,Vietnam,1201,Soya Beans,False,1929.69,1657.18,1610.1,1386.1
2023-09-01,2023,9,India,1201,Soya Beans,False,2007.54,2260.54,2513.2,3084.4
2023-09-01,2023,9,Taiwan,1201,Soya Beans,False,562.69,539.42,661.9,554.6
2023-09-01,2023,9,United Kingdom,1201,Soya Beans,False,1061.27,1225.78,891.7,1686.1
2023-09-01,2023,9,Brazil,1201,Soya Beans,False,1189.33,586.82,1038.5,729.0
2023-09-01,2023,9,France,1201,Soya Beans,False,2289.59,2253.01,2230.0,2997.0
2023-09-01,2023,9,Italy,1201,Soya Beans,False,1679.98,1526.97,2342.5,1928.5
2023-09-01,2023,9,Netherlands,1201,Soya Beans,False,2154.38,2542.14,3004.4,3273.1
2023-09-01,2023,9,Thailand,1201,Soya Beans,False,1345.77,770.06,1781.8,1023.2
2023-09-01,2023,9,Malaysia,1201,Soya Beans,False,795.45,783.96,934.1,883.5
2023-09-01,2023,9,Singapore,1201,Soya Beans,False,1329.29,1318.57,1366.0,1479.3
2023-09-01,2023,9,Australia,1201,Soya Beans,False,476.75,237.54,654.7,271.0
2023-09-01,2023,9,Saudi Arabia,1201,Soya Beans,False,2325.79,1350.31,1936.4,1583.4
2023-09-01,2023,9,Switzerland,1201,Soya Beans,False,1645.82,1746.87,1910.6,1936.5
2023-10-01,2023,10,China,1005,Maize (Corn),False,163.69,130.0,198.7,149.8
2023-10-01,2023,10,Mexico,1005,Maize (Corn),False,127.27,81.33,143.0,72.1
2023-10-01,2023,10,Canada,1005,Maize (Corn),False,206.43,224.2,228.7,239.6
2023-10-01,2023,10,Japan,1005,Maize (Corn),False,150.13,186.26,174.7,240.1
2023-10-01,2023,10,Germany,1005,Maize (Corn),False,39.29,24.6,42.8,27.6
2023-10-01,2023,10,South Korea,1005,Maize (Corn),False,214.77,151.1,229.9,154.1
2023-10-01,2023,10,Vietnam,1005,Maize (Corn),False,153.81,157.42,194.2,155.3
2023-10-01,2023,10,India,1005,Maize (Corn),False,209.02,269.27,238.5,343.7
2023-10-01,2023,10,Taiwan,1005,Maize (Corn),False,53.3,33.84,44.9,34.1
2023-10-01,2023,10,United Kingdom,1005,Maize (Corn),False,105.64,129.94,146.1,145.4
2023-10-01,2023,10,Brazil,1005,Maize (Corn),False,102.74,127.13,128.3,114.1
2023-10-01,2023,10,France,1005,Maize (Corn),False,240.02,219.43,195.0,201.4
2023-10-01,2023,10,Italy,1005,Maize (Corn),False,168.93,87.0,221.4,110.6
2023-10-01,2023,10,Netherlands,1005,Maize (Corn),False,164.1,114.53,181.2,96.8
2023-10-01,2023,10,Thailand,1005,Maize (Corn),False,118.02,151.33,136.9,165.9
2023-10-01,2023,10,Malaysia,1005,Maize (Corn),False,80.24,101.71,107.6,83.6
2023-10-01,2023,10,Singapore,1005,Maize (Corn),False,120.87,115.3,113.1,128.3
2023-10-01,2023,10,Australia,1005,Maize (Corn),False,43.84,54.56,43.8,71.4
2023-10-01,2023,10,Saudi Arabia,1005,Maize (Corn),False,191.88,190.49,167.9,159.6
2023-10-01,2023,10,Switzerland,1005,Maize (Corn),False,165.54,155.37,214.3,135.1
2023-10-01,2023,10,China,1201,Soya Beans,False,485.47,478.25,567.7,504.7
2023-10-01,2023,10,Mexico,1201,Soya Beans,False,314.43,132.52,300.4,106.2
2023-10-01,2023,10,Canada,1201,Soya Beans,False,692.89,383.29,664.7,490.3
2023-10-01,2023,10,Japan,1201,Soya Beans,False,587.7,563.31,559.5,603.7
2023-10-01,2023,10,Germany,1201,Soya Beans,False,122.81,61.17,150.5,79.4
2023-10-01,2023,10,South Korea,1201,Soya Beans,False,635.44,676.46,752.5,748.0
2023-10-01,2023,10,Vietnam,1201,Soya Beans,False,516.03,663.98,489.6,614.3
2023-10-01,2023,10,India,1201,Soya Beans,False,499.91,496.45,670.2,437.1
2023-10-01,2023,10,Taiwan,1201,Soya Beans,False,143.06,173.68,171.2,239.9
2023-10-01,2023,10,United Kingdom,1201,Soya Beans,False,382.85,419.04,412.3,395.1
2023-10-01,2023,10,Brazil,1201,Soya Beans,False,317.74,229.53,343.7,254.6
2023-10-01,2023,10,France,1201,Soya Beans,False,559.84,530.55,568.3,683.0
2023-10-01,2023,10,Italy,1201,Soya Beans,False,415.14,373.86,421.8,320.0
2023-10-01,2023,10,Netherlands,1201,Soya Beans,False,573.44,440.6,717.9,392.7
2023-10-01,2023,10,Thailand,1201,Soya Beans,False,391.12,173.31,433.9,206.1
2023-10-01,2023,10,Malaysia,1201,Soya Beans,False,190.65,88.12,183.8,90.7
2023-10-01,2023,10,Singapore,1201,Soya Beans,False,404.55,515.47,364.2,687.9
2023-10-01,2023,10,Australia,1201,Soya Beans,False,139.25,77.71,174.8,108.7
2023-10-01,2023,10,Saudi Arabia,1201,Soya Beans,False,546.91,466.22,686.5,578.5
2023-10-01,2023,10,Switzerland,1201,Soya Beans,False,518.51,369.91,452.3,446.1
2023-11-01,2023,11,China,1005,Maize (Corn),False,1529.72,1320.91,1967.2,1375.9
2023-11-01,2023,11,Mexico,1005,Maize (Corn),False,1203.43,533.53,1443.0,501.4
2023-11-01,2023,11,Canada,1005,Maize (Corn),False,1927.07,2417.34,2206.5,2567.6
2023-11-01,2023,11,Japan,1005,Maize (Corn),False,1712.15,1399.25,1949.4,1377.2
2023-11-01,2023,11,Germany,1005,Maize (Corn),False,433.77,452.96,479.6,419.7
2023-11-01,2023,11,South Korea,1005,Maize (Corn),False,1764.63,1052.06,2311.9,1447.2
2023-11-01,2023,11,Vietnam,1005,Maize (Corn),False,1695.23,1943.02,1404.0,2549.5
2023-11-01,2023,11,India,1005,Maize (Corn),False,1601.1,893.27,1547.1,981.5
2023-11-01,2023,11,Taiwan,1005,Maize (Corn),False,503.25,204.45,506.2,250.0
2023-11-01,2023,11,United Kingdom,1005,Maize (Corn),False,1169.59,714.55,1108.6,863.0
2023-11-01,2023,11,Brazil,1005,Maize (Corn),False,971.24,823.08,1095.5,905.1
2023-11-01,2023,11,France,1005,Maize (Corn),False,1916.29,2125.33,2554.7,2516.2
2023-11-01,2023,11,Italy,1005,Maize (Corn),False,1346.7,1719.71,1148.6,2358.1
2023-11-01,2023,11,Netherlands,1005,Maize (Corn),False,1808.19,1878.97,1906.1,1905.8
2023-11-01,2023,11,Thailand,1005,Maize (Corn),False,985.74,493.87,973.6,470.5
2023-11-01,2023,11,Malaysia,1005,Maize (Corn),False,680.97,797.77,578.9,995.8
2023-11-01,2023,11,Singapore,1005,Maize (Corn),False,1191.76,1164.32,1401.9,1446.7
2023-11-01,2023,11,Australia,1005,Maize (Corn),False,317.18,127.27,285.9,176.7
2023-11-01,2023,11,Saudi Arabia,1005,Maize (Corn),False,1702.45,1639.0,1676.6,1790.9
2023-11-01,2023,11,Switzerland,1005,Maize (Corn),False,1397.48,795.51,1418.3,727.4
2023-11-01,2023,11,China,1201,Soya Beans,False,813.95,908.36,747.1,833.4
2023-11-01,2023,11,Mexico,1201,Soya Beans,False,487.46,541.28,462.3,699.2
2023-11-01,2023,11,Canada,1201,Soya Beans,False,863.74,580.97,887.0,621.0
2023-11-01,2023,11,Japan,1201,Soya Beans,False,746.05,563.21,1043.5,684.8
2023-11-01,2023,11,Germany,1201,Soya Beans,False,235.58,283.7,248.8,358.9
2023-11-01,2023,11,South Korea,1201,Soya Beans,False,1010.63,945.15,1253.9,1086.1
2023-11-01,2023,11,Vietnam,1201,Soya Beans,False,824.7,338.67,1139.6,278.7
2023-11-01,2023,11,India,1201,Soya Beans,False,749.42,328.42,881.1,322.4
2023-11-01,2023,11,Taiwan,1201,Soya Beans,False,271.14,253.09,344.1,224.5
2023-11-01,2023,11,United Kingdom,1201,Soya Beans,False,523.56,503.67,477.8,518.4
2023-11-01,2023,11,Brazil,1201,Soya Beans,False,500.51,507.5,671.3,576.0
2023-11-01,2023,11,France,1201,Soya Beans,False,889.05,1058.74,1224.4,1155.5
2023-11-01,2023,11,Italy,1201,Soya Beans,False,626.21,393.02,783.6,314.5
2023-11-01,2023,11,Netherlands,1201,Soya Beans,False,825.27,604.17,1050.6,641.8
2023-11-01,2023,11,Thailand,1201,Soya Beans,False,535.67,538.05,680.8,539.6
2023-11-01,2023,11,Malaysia,1201,Soya Beans,False,300.56,169.45,269.3,147.2
2023-11-01,2023,11,Singapore,1201,Soya Beans,False,622.29,351.47,790.0,281.2
2023-11-01,2023,11,Australia,1201,Soya Beans,False,208.52,85.89,207.5,107.6
2023-11-01,2023,11,Saudi Arabia,1201,Soya Beans,False,982.54,470.14,1258.3,588.1
2023-11-01,2023,11,Switzerland,1201,Soya Beans,False,695.72,670.83,709.8,662.2
2023-12-01,2023,12,China,1005,Maize (Corn),False,1595.45,1012.61,1319.6,1042.5
2023-12-01,2023,12,Mexico,1005,Maize (Corn),False,1101.43,544.75,937.4,523.3
2023-12-01,2023,12,Canada,1005,Maize (Corn),False,1915.44,2461.51,2584.0,2557.6
2023-12-01,2023,12,Japan,1005,Maize (Corn),False,1636.26,1478.68,1645.8,1943.2
2023-12-01,2023,12,Germany,1005,Maize (Corn),False,417.15,327.21,560.7,329.7
2023-12-01,2023,12,South Korea,1005,Maize (Corn),False,2153.39,2548.59,2145.9,3509.5
2023-12-01,2023,12,Vietnam,1005,Maize (Corn),False,1578.21,1603.08,1319.4,1799.1
2023-12-01,2023,12,India,1005,Maize (Corn),False,1598.46,1543.52,1870.3,1620.5
2023-12-01,2023,12,Taiwan,1005,Maize (Corn),False,575.53,691.94,714.2,852.3
2023-12-01,2023,12,United Kingdom,1005,Maize (Corn),False,985.79,681.38,908.8,704.0
2023-12-01,2023,12,Brazil,1005,Maize (Corn),False,864.1,593.15,987.3,533.7
2023-12-01,2023,12,France,1005,Maize (Corn),False,1809.26,1874.42,1715.5,2037.4
2023-12-01,2023,12,Italy,1005,Maize (Corn),False,1658.82,1228.68,1425.2,1561.9
2023-12-01,2023,12,Netherlands,1005,Maize (Corn),False,1983.67,1882.89,2227.2,2356.1
2023-12-01,2023,12,Thailand,1005,Maize (Corn),False,1069.77,745.33,1258.5,670.7
2023-12-01,2023,12,Malaysia,1005,Maize (Corn),False,729.84,861.47,809.4,732.0
2023-12-01,2023,12,Singapore,1005,Maize (Corn),False,1398.76,1653.88,1284.2,1930.6
2023-12-01,2023,12,Australia,1005,Maize (Corn),False,351.26,399.65,334.3,470.6
2023-12-01,2023,12,Saudi Arabia,1005,Maize (Corn),False,1910.47,1408.58,2560.6,1888.6
2023-12-01,2023,12,Switzerland,1005,Maize (Corn),False,1411.26,1006.62,1683.5,976.8
2023-12-01,2023,12,China,1201,Soya Beans,False,798.47,386.9,954.0,384.0
2023-12-01,2023,12,Mexico,1201,Soya Beans,False,515.29,637.51,503.7,590.0
2023-12-01,2023,12,Canada,1201,Soya Beans,False,1026.15,1177.65,1358.2,1157.7
2023-12-01,2023,12,Japan,1201,Soya Beans,False,916.19,797.87,1060.2,848.9
2023-12-01,2023,12,Germany,1201,Soya Beans,False,213.32,242.84,240.3,252.8
2023-12-01,2023,12,South Korea,1201,Soya Beans,False,1199.13,939.02,1570.2,827.7
2023-12-01,2023,12,Vietnam,1201,Soya Beans,False,789.81,720.66,753.6,627.6
2023-12-01,2023,12,India,1201,Soya Beans,False,811.86,887.64,1117.0,1038.0
2023-12-01,2023,12,Taiwan,1201,Soya Beans,False,293.11,338.43,376.1,337.1
2023-12-01,2023,12,United Kingdom,1201,Soya Beans,False,511.37,493.63,699.8,657.8
2023-12-01,2023,12,Brazil,1201,Soya Beans,False,442.38,536.96,356.8,600.8
2023-12-01,2023,12,France,1201,Soya Beans,False,1204.38,932.72,1457.7,876.3
2023-12-01,2023,12,Italy,1201,Soya Beans,False,912.07,401.02,1075.7,329.2
2023-12-01,2023,12,Netherlands,1201,Soya Beans,False,847.54,545.21,685.8,504.0
2023-12-01,2023,12,Thailand,1201,Soya Beans,False,532.31,649.8,439.1,758.4
2023-12-01,2023,12,Malaysia,1201,Soya Beans,False,391.56,445.96,399.6,405.4
2023-12-01,2023,12,Singapore,1201,Soya Beans,False,627.55,331.52,699.3,383.9
2023-12-01,2023,12,Australia,1201,Soya Beans,False,222.83,250.46,290.9,224.4
2023-12-01,2023,12,Saudi Arabia,1201,Soya Beans,False,1060.28,493.51,1408.4,550.4
2023-12-01,2023,12,Switzerland,1201,Soya Beans,False,820.24,785.63,930.8,875.2
2024-01-01,2024,1,China,1005,Maize (Corn),False,2809.16,1667.66,2939.3,1430.9
2024-01-01,2024,1,Mexico,1005,Maize (Corn),False,1639.08,1087.79,1944.3,1466.7
2024-01-01,2024,1,Canada,1005,Maize (Corn),False,2786.68,3240.41,3694.1,3822.3
2024-01-01,2024,1,Japan,1005,Maize (Corn),False,2648.06,2961.61,2709.8,4122.2
2024-01-01,2024,1,Germany,1005,Maize (Corn),False,666.51,317.51,826.3,317.8
2024-01-01,2024,1,South Korea,1005,Maize (Corn),False,2860.79,1605.37,2922.6,1489.2
2024-01-01,2024,1,Vietnam,1005,Maize (Corn),False,2396.69,1309.34,2818.3,1148.3
2024-01-01,2024,1,India,1005,Maize (Corn),False,2999.84,3472.53,3702.1,3288.8
2024-01-01,2024,1,Taiwan,1005,Maize (Corn),False,810.91,368.92,1107.4,296.8
2024-01-01,2024,1,United Kingdom,1005,Maize (Corn),False,1611.76,765.09,2251.4,630.8
2024-01-01,2024,1,Brazil,1005,Maize (Corn),False,1292.91,634.27,1717.9,659.9
2024-01-01,2024,1,France,1005,Maize (Corn),False,3611.71,4563.55,4462.9,4113.2
2024-01-01,2024,1,Italy,1005,Maize (Corn),False,2669.12,2120.28,2879.2,2506.4
2024-01-01,2024,1,Netherlands,1005,Maize (Corn),False,3061.22,3876.24,4232.3,4062.9
2024-01-01,2024,1,Thailand,1005,Maize (Corn),False,1551.22,1898.75,1351.7,2148.6
2024-01-01,2024,1,Malaysia,1005,Maize (Corn),False,980.7,708.5,1096.3,866.5
2024-01-01,2024,1,Singapore,1005,Maize (Corn),False,2366.27,2902.79,2631.9,2866.4
2024-01-01,2024,1,Australia,1005,Maize (Corn),False,606.66,442.87,652.6,597.3
2024-01-01,2024,1,Saudi Arabia,1005,Maize (Corn),False,2901.78,1269.49,3512.4,1229.6
2024-01-01,2024,1,Switzerland,1005,Maize (Corn),False,2104.43,2293.52,1892.6,2673.3
2024-01-01,2024,1,China,1201,Soya Beans,False,2167.09,1787.88,2484.7,2118.0
2024-01-01,2024,1,Mexico,1201,Soya Beans,False,1662.78,1995.24,1538.8,2249.6
2024-01-01,2024,1,Canada,1201,Soya Beans,False,2260.73,1026.39,2307.9,1018.1
2024-01-01,2024,1,Japan,1201,Soya Beans,False,2155.71,2106.4,2223.3,2781.2
2024-01-01,2024,1,Germany,1201,Soya Beans,False,643.6,675.16,650.3,638.2
2024-01-01,2024,1,South Korea,1201,Soya Beans,False,2491.33,1558.12,3426.7,1637.0
2024-01-01,2024,1,Vietnam,1201,Soya Beans,False,2215.09,1824.41,2633.3,2466.6
2024-01-01,2024,1,India,1201,Soya Beans,False,2065.29,2350.83,2208.5,2268.2
2024-01-01,2024,1,Taiwan,1201,Soya Beans,False,678.49,601.38,597.1,516.1
2024-01-01,2024,1,United Kingdom,1201,Soya Beans,False,1542.25,1637.63,1802.7,1656.9
2024-01-01,2024,1,Brazil,1201,Soya Beans,False,1305.7,1587.36,1768.3,1491.1
2024-01-01,2024,1,France,1201,Soya Beans,False,2364.93,2336.38,2139.4,2992.1
2024-01-01,2024,1,Italy,1201,Soya Beans,False,1845.71,988.25,2380.3,914.2
2024-01-01,2024,1,Netherlands,1201,Soya Beans,False,2070.74,2359.79,1773.2,2482.1
2024-01-01,2024,1,Thailand,1201,Soya Beans,False,1422.16,751.88,1167.7,639.7
2024-01-01,2024,1,Malaysia,1201,Soya Beans,False,900.65,1136.07,1112.3,1396.1
2024-01-01,2024,1,Singapore,1201,Soya Beans,False,1838.62,2008.15,2055.0,2794.1
2024-01-01,2024,1,Australia,1201,Soya Beans,False,523.26,506.4,425.3,634.4
2024-01-01,2024,1,Saudi Arabia,1201,Soya Beans,False,2335.38,2560.5,3055.8,2082.6
2024-01-01,2024,1,Switzerland,1201,Soya Beans,False,1877.48,2280.1,1646.1,2842.3
2024-02-01,2024,2,China,1005,Maize (Corn),False,1284.85,1308.08,1088.8,1534.3
2024-02-01,2024,2,Mexico,1005,Maize (Corn),False,807.63,547.39,1128.3,464.7
2024-02-01,2024,2,Canada,1005,Maize (Corn),False,1565.66,1524.7,1308.3,1385.2
2024-02-01,2024,2,Japan,1005,Maize (Corn),False,1253.47,722.51,1037.9,815.2
2024-02-01,2024,2,Germany,1005,Maize (Corn),False,367.37,272.37,391.3,344.4
2024-02-01,2024,2,South Korea,1005,Maize (Corn),False,1587.1,1020.86,1791.2,1098.6
2024-02-01,2024,2,Vietnam,1005,Maize (Corn),False,1063.58,528.33,1236.9,469.8
2024-02-01,2024,2,India,1005,Maize (Corn),False,1381.87,1163.57,1176.7,1595.3
2024-02-01,2024,2,Taiwan,1005,Maize (Corn),False,403.83,393.76,503.7,472.2
2024-02-01,2024,2,United Kingdom,1005,Maize (Corn),False,694.5,665.75,657.5,911.2
2024-02-01,2024,2,Brazil,1005,Maize (Corn),False,683.84,707.25,608.2,766.5
2024-02-01,2024,2,France,1005,Maize (Corn),False,1298.79,994.7,1475.7,1173.2
2024-02-01,2024,2,Italy,1005,Maize (Corn),False,1047.63,568.85,1252.7,459.1
2024-02-01,2024,2,Netherlands,1005,Maize (Corn),False,1452.64,1463.92,1836.9,2026.4
2024-02-01,2024,2,Thailand,1005,Maize (Corn),False,762.0,670.12,898.8,771.6
2024-02-01,2024,2,Malaysia,1005,Maize (Corn),False,524.24,654.14,571.6,861.5
2024-02-01,2024,2,Singapore,1005,Maize (Corn),False,995.5,1099.31,992.3,1096.5
2024-02-01,2024,2,Australia,1005,Maize (Corn),False,313.72,360.69,346.3,388.3
2024-02-01,2024,2,Saudi Arabia,1005,Maize (Corn),False,1236.52,725.57,1156.6,990.4
2024-02-01,2024,2,Switzerland,1005,Maize (Corn),False,990.09,793.78,1197.2,942.4
2024-02-01,2024,2,China,1201,Soya Beans,False,2173.04,1519.35,2393.8,1794.1
2024-02-01,2024,2,Mexico,1201,Soya Beans,False,1636.25,1519.53,2062.7,2058.5
2024-02-01,2024,2,Canada,1201,Soya Beans,False,2097.25,1318.35,1681.9,1769.3
2024-02-01,2024,2,Japan,1201,Soya Beans,False,1995.35,1839.79,2175.0,2303.4
2024-02-01,2024,2,Germany,1201,Soya Beans,False,548.45,225.41,556.9,243.9
2024-02-01,2024,2,South Korea,1201,Soya Beans,False,2676.18,1728.04,2295.9,1411.6
2024-02-01,2024,2,Vietnam,1201,Soya Beans,False,2497.17,1147.07,2592.6,971.6
2024-02-01,2024,2,India,1201,Soya Beans,False,2018.23,1983.35,2733.4,2001.1
2024-02-01,2024,2,Taiwan,1201,Soya Beans,False,703.36,775.43,832.9,1024.5
2024-02-01,2024,2,United Kingdom,1201,Soya Beans,False,1316.73,615.73,1413.7,689.9
2024-02-01,2024,2,Brazil,1201,Soya Beans,False,1207.97,1485.45,1055.8,2019.9
2024-02-01,2024,2,France,1201,Soya Beans,False,2572.07,2957.79,2640.8,3267.8
2024-02-01,2024,2,Italy,1201,Soya Beans,False,2041.65,1687.29,2704.0,1893.5
2024-02-01,2024,2,Netherlands,1201,Soya Beans,False,2032.25,2273.54,2228.4,2737.4
2024-02-01,2024,2,Thailand,1201,Soya Beans,False,1360.03,1399.51,1677.5,1958.1
2024-02-01,2024,2,Malaysia,1201,Soya Beans,False,864.09,516.44,941.1,627.5
2024-02-01,2024,2,Singapore,1201,Soya Beans,False,1702.04,2000.76,2345.2,2777.0
2024-02-01,2024,2,Australia,1201,Soya Beans,False,440.19,272.55,429.9,369.9
2024-02-01,2024,2,Saudi Arabia,1201,Soya Beans,False,2589.2,1318.51,2752.4,1789.9
2024-02-01,2024,2,Switzerland,1201,Soya Beans,False,1734.7,1558.04,2105.1,1307.0
2024-03-01,2024,3,China,1005,Maize (Corn),False,2438.95,1365.78,2904.8,1782.6
2024-03-01,2024,3,Mexico,1005,Maize (Corn),False,1447.02,1570.78,1887.5,1584.2
2024-03-01,2024,3,Canada,1005,Maize (Corn),False,2974.18,2267.79,2569.8,2844.6
2024-03-01,2024,3,Japan,1005,Maize (Corn),False,1994.55,1168.0,2380.1,1289.6
2024-03-01,2024,3,Germany,1005,Maize (Corn),False,534.21,598.49,433.9,547.4
2024-03-01,2024,3,South Korea,1005,Maize (Corn),False,3060.12,3343.08,3284.7,3581.5
2024-03-01,2024,3,Vietnam,1005,Maize (Corn),False,2694.02,1811.37,3041.5,2149.8
2024-03-01,2024,3,India,1005,Maize (Corn),False,2759.84,3002.83,2403.9,3781.2
2024-03-01,2024,3,Taiwan,1005,Maize (Corn),False,726.95,797.49,624.3,1078.5
2024-03-01,2024,3,United Kingdom,1005,Maize (Corn),False,1692.97,1968.77,2249.2,1688.3
2024-03-01,2024,3,Brazil,1005,Maize (Corn),False,1465.15,1509.26,1770.3,1553.7
2024-03-01,2024,3,France,1005,Maize (Corn),False,2619.37,2483.23,2544.7,3353.1
2024-03-01,2024,3,Italy,1005,Maize (Corn),False,2136.23,1544.46,1736.2,1384.0
2024-03-01,2024,3,Netherlands,1005,Maize (Corn),False,2383.77,1301.19,2687.1,1604.0
2024-03-01,2024,3,Thailand,1005,Maize (Corn),False,1714.55,1680.88,1966.6,1586.5
2024-03-01,2024,3,Malaysia,1005,Maize (Corn),False,1072.3,733.83,1310.2,916.2
2024-03-01,2024,3,Singapore,1005,Maize (Corn),False,1582.0,1559.37,2149.5,1896.5
2024-03-01,2024,3,Australia,1005,Maize (Corn),False,527.13,401.82,469.1,375.7
2024-03-01,2024,3,Saudi Arabia,1005,Maize (Corn),False,2854.63,2144.49,2561.8,2228.3
2024-03-01,2024,3,Switzerland,1005,Maize (Corn),False,1998.8,1410.01,1619.3,1438.7
2024-03-01,2024,3,China,1201,Soya Beans,False,2449.48,1778.56,3011.3,1589.1
2024-03-01,2024,3,Mexico,1201,Soya Beans,False,1829.93,1630.09,2049.8,1429.0
2024-03-01,2024,3,Canada,1201,Soya Beans,False,2498.7,2906.81,2330.6,3085.6
2024-03-01,2024,3,Japan,1201,Soya Beans,False,2411.4,1016.27,2947.4,1143.9
2024-03-01,2024,3,Germany,1201,Soya Beans,False,746.91,386.74,672.9,369.4
2024-03-01,2024,3,South Korea,1201,Soya Beans,False,3021.11,3771.69,3446.0,3629.3
2024-03-01,2024,3,Vietnam,1201,Soya Beans,False,2368.44,2060.27,2180.6,1747.5
2024-03-01,2024,3,India,1201,Soya Beans,False,2760.86,2765.01,2331.5,3050.7
2024-03-01,2024,3,Taiwan,1201,Soya Beans,False,779.65,757.63,627.5,967.1
2024-03-01,2024,3,United Kingdom,1201,Soya Beans,False,1707.69,1317.12,1816.4,1411.7
2024-03-01,2024,3,Brazil,1201,Soya Beans,False,1617.67,1648.34,1571.7,1331.1
2024-03-01,2024,3,France,1201,Soya Beans,False,2954.39,1685.99,3439.3,1997.1
2024-03-01,2024,3,Italy,1201,Soya Beans,False,2131.73,2508.44,2961.6,2714.0
2024-03-01,2024,3,Netherlands,1201,Soya Beans,False,2744.92,1291.63,3642.6,1144.3
2024-03-01,2024,3,Thailand,1201,Soya Beans,False,1737.57,1704.13,1750.2,1464.8
2024-03-01,2024,3,Malaysia,1201,Soya Beans,False,1097.87,777.02,979.0,1047.7
2024-03-01,2024,3,Singapore,1201,Soya Beans,False,1985.87,2046.22,1946.9,1818.9
2024-03-01,2024,3,Australia,1201,Soya Beans,False,496.99,352.93,412.6,492.0
2024-03-01,2024,3,Saudi Arabia,1201,Soya Beans,False,2559.27,1313.69,3308.5,1680.9
2024-03-01,2024,3,Switzerland,1201,Soya Beans,False,2546.58,1577.76,2110.8,1946.9
2024-04-01,2024,4,China,1005,Maize (Corn),False,2087.73,1804.45,2056.5,1530.0
2024-04-01,2024,4,Mexico,1005,Maize (Corn),False,1350.28,840.61,1309.6,734.3
2024-04-01,2024,4,Canada,1005,Maize (Corn),False,2334.43,2950.04,2542.6,3000.5
2024-04-01,2024,4,Japan,1005,Maize (Corn),False,1840.05,1384.13,1812.7,1914.2
2024-04-01,2024,4,Germany,1005,Maize (Corn),False,572.38,551.25,464.6,563.8
2024-04-01,2024,4,South Korea,1005,Maize (Corn),False,2221.55,2054.79,2309.7,2157.4
2024-04-01,2024,4,Vietnam,1005,Maize (Corn),False,2221.19,2695.63,2138.5,3164.8
2024-04-01,2024,4,India,1005,Maize (Corn),False,2248.25,2841.68,2802.2,2442.6
2024-04-01,2024,4,Taiwan,1005,Maize (Corn),False,612.22,515.65,595.9,688.4
2024-04-01,2024,4,United Kingdom,1005,Maize (Corn),False,1342.18,1639.78,1127.9,2083.2
2024-04-01,2024,4,Brazil,1005,Maize (Corn),False,1142.71,767.07,1515.2,980.5
2024-04-01,2024,4,France,1005,Maize (Corn),False,2382.71,3037.17,3047.2,3281.4
2024-04-01,2024,4,Italy,1005,Maize (Corn),False,1484.57,1407.2,1573.7,1614.9
2024-04-01,2024,4,Netherlands,1005,Maize (Corn),False,1820.28,2077.42,2335.6,2602.9
2024-04-01,2024,4,Thailand,1005,Maize (Corn),False,1380.28,777.66,1528.1,975.7
2024-04-01,2024,4,Malaysia,1005,Maize (Corn),False,828.05,716.91,838.8,858.4
2024-04-01,2024,4,Singapore,1005,Maize (Corn),False,1307.7,556.25,1388.3,628.0
2024-04-01,2024,4,Australia,1005,Maize (Corn),False,416.46,422.28,565.4,370.2
2024-04-01,2024,4,Saudi Arabia,1005,Maize (Corn),False,2100.83,2622.67,2884.5,2870.3
2024-04-01,2024,4,Switzerland,1005,Maize (Corn),False,1823.6,1044.82,2339.5,1447.4
2024-04-01,2024,4,China,1201,Soya Beans,False,1000.7,506.36,1069.1,504.3
2024-04-01,2024,4,Mexico,1201,Soya Beans,False,686.76,594.83,905.0,790.9
2024-04-01,2024,4,Canada,1201,Soya Beans,False,1166.12,1262.9,1323.6,1560.6
2024-04-01,2024,4,Japan,1201,Soya Beans,False,1055.58,1208.69,947.9,1544.1
2024-04-01,2024,4,Germany,1201,Soya Beans,False,252.6,257.39,347.5,296.2
2024-04-01,2024,4,South Korea,1201,Soya Beans,False,1481.62,1673.78,1808.6,1414.1
2024-04-01,2024,4,Vietnam,1201,Soya Beans,False,918.84,1117.17,1119.5,1260.7
2024-04-01,2024,4,India,1201,Soya Beans,False,937.3,479.71,1137.8,451.3
2024-04-01,2024,4,Taiwan,1201,Soya Beans,False,302.26,346.5,300.7,384.8
2024-04-01,2024,4,United Kingdom,1201,Soya Beans,False,610.47,516.61,750.8,484.3
2024-04-01,2024,4,Brazil,1201,Soya Beans,False,620.16,576.13,799.6,585.7
2024-04-01,2024,4,France,1201,Soya Beans,False,1419.93,1168.94,1163.7,989.2
2024-04-01,2024,4,Italy,1201,Soya Beans,False,1046.69,491.68,1335.9,684.4
2024-04-01,2024,4,Netherlands,1201,Soya Beans,False,1261.15,964.86,1185.0,865.1
2024-04-01,2024,4,Thailand,1201,Soya Beans,False,664.89,559.39,721.4,655.2
2024-04-01,2024,4,Malaysia,1201,Soya Beans,False,472.25,259.5,471.7,323.3
2024-04-01,2024,4,Singapore,1201,Soya Beans,False,922.12,1065.18,1273.8,1362.1
2024-04-01,2024,4,Australia,1201,Soya Beans,False,272.93,339.01,325.6,414.8
2024-04-01,2024,4,Saudi Arabia,1201,Soya Beans,False,1085.14,1311.68,1323.5,1754.7
2024-04-01,2024,4,Switzerland,1201,Soya Beans,False,837.85,613.25,712.8,833.7
2024-05-01,2024,5,China,1005,Maize (Corn),False,898.55,1155.35,966.4,1483.3
2024-05-01,2024,5,Mexico,1005,Maize (Corn),False,513.49,570.45,566.8,581.8
2024-05-01,2024,5,Canada,1005,Maize (Corn),False,1022.42,731.66,1314.7,931.8
2024-05-01,2024,5,Japan,1005,Maize (Corn),False,769.69,607.15,679.7,487.8
2024-05-01,2024,5,Germany,1005,Maize (Corn),False,217.45,196.7,273.0,269.5
2024-05-01,2024,5,South Korea,1005,Maize (Corn),False,1091.21,439.85,1298.5,406.4
2024-05-01,2024,5,Vietnam,1005,Maize (Corn),False,922.17,743.9,891.6,728.5
2024-05-01,2024,5,India,1005,Maize (Corn),False,882.77,491.85,1080.0,509.9
2024-05-01,2024,5,Taiwan,1005,Maize (Corn),False,283.07,261.59,265.0,259.7
2024-05-01,2024,5,United Kingdom,1005,Maize (Corn),False,664.39,517.94,576.6,614.2
2024-05-01,2024,5,Brazil,1005,Maize (Corn),False,485.37,397.56,448.4,321.1
2024-05-01,2024,5,France,1005,Maize (Corn),False,1095.11,865.99,1142.5,1172.4
2024-05-01,2024,5,Italy,1005,Maize (Corn),False,727.64,675.06,943.1,724.3
2024-05-01,2024,5,Netherlands,1005,Maize (Corn),False,1036.69,936.67,1047.7,1259.1
2024-05-01,2024,5,Thailand,1005,Maize (Corn),False,560.89,455.98,666.7,527.2
2024-05-01,2024,5,Malaysia,1005,Maize (Corn),False,366.63,374.35,445.9,418.4
2024-05-01,2024,5,Singapore,1005,Maize (Corn),False,695.26,381.16,852.8,531.6
2024-05-01,2024,5,Australia,1005,Maize (Corn),False,188.48,109.36,257.0,114.4
2024-05-01,2024,5,Saudi Arabia,1005,Maize (Corn),False,1024.25,843.95,1165.2,844.2
2024-05-01,2024,5,Switzerland,1005,Maize (Corn),False,834.18,712.06,908.6,809.3
2024-05-01,2024,5,China,1201,Soya Beans,False,2908.36,1320.14,2953.4,1178.1
2024-05-01,2024,5,Mexico,1201,Soya Beans,False,1884.95,1171.72,2375.0,1369.5
2024-05-01,2024,5,Canada,1201,Soya Beans,False,3134.12,3141.55,3048.0,3452.5
2024-05-01,2024,5,Japan,1201,Soya Beans,False,2192.51,1333.83,1917.5,1768.2
2024-05-01,2024,5,Germany,1201,Soya Beans,False,629.11,326.09,594.2,312.4
2024-05-01,2024,5,South Korea,1201,Soya Beans,False,2878.45,2958.4,3453.7,3412.7
2024-05-01,2024,5,Vietnam,1201,Soya Beans,False,2907.38,1304.12,3384.8,1503.4
2024-05-01,2024,5,India,1201,Soya Beans,False,2865.24,1985.67,3024.4,1992.2
2024-05-01,2024,5,Taiwan,1201,Soya Beans,False,745.94,728.07,712.4,961.6
2024-05-01,2024,5,United Kingdom,1201,Soya Beans,False,1964.72,1539.18,2739.8,1676.6
2024-05-01,2024,5,Brazil,1201,Soya Beans,False,1266.01,1534.65,1268.3,1283.4
2024-05-01,2024,5,France,1201,Soya Beans,False,2806.91,2951.97,2637.9,3660.3
2024-05-01,2024,5,Italy,1201,Soya Beans,False,2501.81,3049.9,3361.8,2770.3
2024-05-01,2024,5,Netherlands,1201,Soya Beans,False,2846.27,3401.32,2692.0,4760.1
2024-05-01,2024,5,Thailand,1201,Soya Beans,False,1810.76,2245.96,1786.3,2069.8
2024-05-01,2024,5,Malaysia,1201,Soya Beans,False,1203.44,786.41,1615.7,709.4
2024-05-01,2024,5,Singapore,1201,Soya Beans,False,1929.51,1863.44,2599.3,2006.5
2024-05-01,2024,5,Australia,1201,Soya Beans,False,601.17,417.05,551.4,519.0
2024-05-01,2024,5,Saudi Arabia,1201,Soya Beans,False,3009.46,3544.06,2679.7,2959.9
2024-05-01,2024,5,Switzerland,1201,Soya Beans,False,2324.01,1952.0,2731.7,1841.3
2024-06-01,2024,6,China,1005,Maize (Corn),False,632.58,742.78,736.5,935.5
2024-06-01,2024,6,Mexico,1005,Maize (Corn),False,452.27,576.94,369.7,513.5
2024-06-01,2024,6,Canada,1005,Maize (Corn),False,675.68,678.5,667.8,863.0
2024-06-01,2024,6,Japan,1005,Maize (Corn),False,568.69,345.26,477.4,482.0
2024-06-01,2024,6,Germany,1005,Maize (Corn),False,188.81,94.04,224.3,100.0
2024-06-01,2024,6,South Korea,1005,Maize (Corn),False,961.64,500.71,785.4,446.8
2024-06-01,2024,6,Vietnam,1005,Maize (Corn),False,780.57,964.95,656.6,1074.9
2024-06-01,2024,6,India,1005,Maize (Corn),False,748.41,302.24,606.1,253.8
2024-06-01,2024,6,Taiwan,1005,Maize (Corn),False,215.79,268.89,181.5,238.3
2024-06-01,2024,6,United Kingdom,1005,Maize (Corn),False,446.67,356.59,414.2,328.1
2024-06-01,2024,6,Brazil,1005,Maize (Corn),False,347.75,217.52,453.8,233.7
2024-06-01,2024,6,France,1005,Maize (Corn),False,919.78,1064.68,1027.7,1378.3
2024-06-01,2024,6,Italy,1005,Maize (Corn),False,539.44,526.88,735.9,617.4
2024-06-01,2024,6,Netherlands,1005,Maize (Corn),False,735.32,728.02,648.6,711.0
2024-06-01,2024,6,Thailand,1005,Maize (Corn),False,412.6,208.97,505.4,246.7
2024-06-01,2024,6,Malaysia,1005,Maize (Corn),False,310.79,319.57,400.0,282.3
2024-06-01,2024,6,Singapore,1005,Maize (Corn),False,461.97,338.85,405.9,427.2
2024-06-01,2024,6,Australia,1005,Maize (Corn),False,150.82,187.72,128.6,256.7
2024-06-01,2024,6,Saudi Arabia,1005,Maize (Corn),False,791.67,889.28,867.3,905.7
2024-06-01,2024,6,Switzerland,1005,Maize (Corn),False,630.23,807.42,514.1,935.2
2024-06-01,2024,6,China,1201,Soya Beans,False,785.32,720.13,730.5,580.6
2024-06-01,2024,6,Mexico,1201,Soya Beans,False,445.41,188.47,368.4,169.5
2024-06-01,2024,6,Canada,1201,Soya Beans,False,870.02,702.22,702.3,573.0
2024-06-01,2024,6,Japan,1201,Soya Beans,False,686.52,305.23,633.8,250.6
2024-06-01,2024,6,Germany,1201,Soya Beans,False,179.6,178.62,158.2,190.7
2024-06-01,2024,6,South Korea,1201,Soya Beans,False,1080.21,488.49,1039.4,574.1
2024-06-01,2024,6,Vietnam,1201,Soya Beans,False,720.0,624.94,875.4,855.8
2024-06-01,2024,6,India,1201,Soya Beans,False,937.04,512.4,1242.2,426.0
2024-06-01,2024,6,Taiwan,1201,Soya Beans,False,231.7,190.64,197.1,188.7
2024-06-01,2024,6,United Kingdom,1201,Soya Beans,False,565.27,335.05,663.5,461.7
2024-06-01,2024,6,Brazil,1201,Soya Beans,False,390.52,161.44,374.6,138.5
2024-06-01,2024,6,France,1201,Soya Beans,False,827.46,637.62,985.7,794.1
2024-06-01,2024,6,Italy,1201,Soya Beans,False,612.45,559.76,753.4,654.7
2024-06-01,2024,6,Netherlands,1201,Soya Beans,False,843.9,672.53,1069.7,631.2
2024-06-01,2024,6,Thailand,1201,Soya Beans,False,467.01,211.94,486.4,254.1
2024-06-01,2024,6,Malaysia,1201,Soya Beans,False,325.73,155.15,454.5,158.7
2024-06-01,2024,6,Singapore,1201,Soya Beans,False,522.83,494.19,420.6,662.7
2024-06-01,2024,6,Australia,1201,Soya Beans,False,183.41,127.71,183.7,110.1
2024-06-01,2024,6,Saudi Arabia,1201,Soya Beans,False,836.94,712.68,745.8,860.2
2024-06-01,2024,6,Switzerland,1201,Soya Beans,False,645.88,297.89,612.6,244.8
2024-07-01,2024,7,China,1005,Maize (Corn),False,1630.56,1010.6,1515.5,813.3
2024-07-01,2024,7,Mexico,1005,Maize (Corn),False,915.4,491.22,1096.3,405.1
2024-07-01,2024,7,Canada,1005,Maize (Corn),False,1974.63,2424.77,1953.4,3266.4
2024-07-01,2024,7,Japan,1005,Maize (Corn),False,1441.41,1691.57,1748.4,1447.6
2024-07-01,2024,7,Germany,1005,Maize (Corn),False,426.84,416.54,547.9,524.6
2024-07-01,2024,7,South Korea,1005,Maize (Corn),False,2069.85,2030.77,2721.7,2573.9
2024-07-01,2024,7,Vietnam,1005,Maize (Corn),False,1672.21,853.39,2313.2,1131.3
2024-07-01,2024,7,India,1005,Maize (Corn),False,1622.19,1962.85,1821.5,2218.3
2024-07-01,2024,7,Taiwan,1005,Maize (Corn),False,507.49,379.73,625.1,486.8
2024-07-01,2024,7,United Kingdom,1005,Maize (Corn),False,1143.27,1101.79,1112.5,1398.5
2024-07-01,2024,7,Brazil,1005,Maize (Corn),False,774.58,762.59,948.5,1010.7
2024-07-01,2024,7,France,1005,Maize (Corn),False,1791.75,1933.25,2040.4,2275.4
2024-07-01,2024,7,Italy,1005,Maize (Corn),False,1433.0,775.73,1782.5,664.9
2024-07-01,2024,7,Netherlands,1005,Maize (Corn),False,1906.34,1006.69,2653.1,956.7
2024-07-01,2024,7,Thailand,1005,Maize (Corn),False,980.89,896.0,1066.9,1096.8
2024-07-01,2024,7,Malaysia,1005,Maize (Corn),False,666.19,486.44,839.5,531.8
2024-07-01,2024,7,Singapore,1005,Maize (Corn),False,1245.08,1288.44,1455.9,1091.2
2024-07-01,2024,7,Australia,1005,Maize (Corn),False,375.07,310.49,329.6,283.9
2024-07-01,2024,7,Saudi Arabia,1005,Maize (Corn),False,1537.95,1842.85,1786.9,1535.6
2024-07-01,2024,7,Switzerland,1005,Maize (Corn),False,1457.58,1497.77,1616.2,1940.4
2024-07-01,2024,7,China,1201,Soya Beans,False,2055.62,2185.86,1673.0,2408.5
2024-07-01,2024,7,Mexico,1201,Soya Beans,False,1247.05,758.11,1342.4,785.0
2024-07-01,2024,7,Canada,1201,Soya Beans,False,2032.43,2641.83,1689.3,3441.2
2024-07-01,2024,7,Japan,1201,Soya Beans,False,2024.28,945.2,2033.7,1104.6
2024-07-01,2024,7,Germany,1201,Soya Beans,False,466.28,498.32,471.3,441.0
2024-07-01,2024,7,South Korea,1201,Soya Beans,False,2652.37,1660.17,2681.4,1761.4
2024-07-01,2024,7,Vietnam,1201,Soya Beans,False,1983.63,2204.69,2357.0,2891.9
2024-07-01,2024,7,India,1201,Soya Beans,False,2250.33,2796.7,2271.6,3208.9
2024-07-01,2024,7,Taiwan,1201,Soya Beans,False,657.87,746.94,845.9,790.5
2024-07-01,2024,7,United Kingdom,1201,Soya Beans,False,1318.19,621.54,1192.5,661.8
2024-07-01,2024,7,Brazil,1201,Soya Beans,False,1079.3,665.95,960.4,833.8
2024-07-01,2024,7,France,1201,Soya Beans,False,2622.04,2207.52,3395.6,2977.3
2024-07-01,2024,7,Italy,1201,Soya Beans,False,1576.64,1809.48,1287.6,1570.4
2024-07-01,2024,7,Netherlands,1201,Soya Beans,False,2106.16,2114.35,2303.2,1956.9
2024-07-01,2024,7,Thailand,1201,Soya Beans,False,1359.45,1606.72,1736.1,1571.4
2024-07-01,2024,7,Malaysia,1201,Soya Beans,False,919.24,687.51,1231.1,592.7
2024-07-01,2024,7,Singapore,1201,Soya Beans,False,1762.39,1257.09,1874.2,1637.7
2024-07-01,2024,7,Australia,1201,Soya Beans,False,477.31,429.37,576.2,477.8
2024-07-01,2024,7,Saudi Arabia,1201,Soya Beans,False,1865.69,1536.04,2169.3,1349.9
2024-07-01,2024,7,Switzerland,1201,Soya Beans,False,1590.15,964.2,1788.3,901.8
2024-08-01,2024,8,China,1005,Maize (Corn),False,356.21,460.14,396.2,415.9
2024-08-01,2024,8,Mexico,1005,Maize (Corn),False,243.8,175.73,325.2,240.8
2024-08-01,2024,8,Canada,1005,Maize (Corn),False,375.62,460.88,475.3,411.7
2024-08-01,2024,8,Japan,1005,Maize (Corn),False,375.36,210.2,302.5,266.3
2024-08-01,2024,8,Germany,1005,Maize (Corn),False,90.18,110.87,96.1,129.3
2024-08-01,2024,8,South Korea,1005,Maize (Corn),False,489.64,567.97,443.8,523.9
2024-08-01,2024,8,Vietnam,1005,Maize (Corn),False,410.88,272.32,485.8,229.4
2024-08-01,2024,8,India,1005,Maize (Corn),False,397.31,225.51,508.0,280.8
2024-08-01,2024,8,Taiwan,1005,Maize (Corn),False,111.32,59.61,106.8,49.2
2024-08-01,2024,8,United Kingdom,1005,Maize (Corn),False,227.27,168.77,245.3,235.9
2024-08-01,2024,8,Brazil,1005,Maize (Corn),False,222.04,167.34,290.3,170.7
2024-08-01,2024,8,France,1005,Maize (Corn),False,417.98,191.16,518.8,176.1
2024-08-01,2024,8,Italy,1005,Maize (Corn),False,294.54,209.61,380.9,275.9
2024-08-01,2024,8,Netherlands,1005,Maize (Corn),False,399.33,492.39,421.8,572.6
2024-08-01,2024,8,Thailand,1005,Maize (Corn),False,268.38,233.27,288.9,190.7
2024-08-01,2024,8,Malaysia,1005,Maize (Corn),False,166.13,94.71,178.5,120.9
2024-08-01,2024,8,Singapore,1005,Maize (Corn),False,284.43,313.69,370.3,411.9
2024-08-01,2024,8,Australia,1005,Maize (Corn),False,71.74,42.03,96.5,40.3
2024-08-01,2024,8,Saudi Arabia,1005,Maize (Corn),False,419.83,367.83,571.9,350.6
2024-08-01,2024,8,Switzerland,1005,Maize (Corn),False,343.9,264.35,324.7,289.3
2024-08-01,2024,8,China,1201,Soya Beans,False,1286.93,737.38,1731.6,884.4
2024-08-01,2024,8,Mexico,1201,Soya Beans,False,977.31,702.26,1098.4,578.0
2024-08-01,2024,8,Canada,1201,Soya Beans,False,1422.37,1817.75,1316.7,1989.6
2024-08-01,2024,8,Japan,1201,Soya Beans,False,1507.07,1488.98,1355.9,1592.6
2024-08-01,2024,8,Germany,1201,Soya Beans,False,364.94,302.18,476.2,342.5
2024-08-01,2024,8,South Korea,1201,Soya Beans,False,1922.13,1400.64,2340.3,1480.4
2024-08-01,2024,8,Vietnam,1201,Soya Beans,False,1552.09,1648.16,1558.6,1671.0
2024-08-01,2024,8,India,1201,Soya Beans,False,1619.79,1519.05,1894.4,2088.9
2024-08-01,2024,8,Taiwan,1201,Soya Beans,False,388.26,337.7,356.2,318.7
2024-08-01,2024,8,United Kingdom,1201,Soya Beans,False,970.05,488.56,862.8,462.2
2024-08-01,2024,8,Brazil,1201,Soya Beans,False,813.89,1028.09,983.6,1225.5
2024-08-01,2024,8,France,1201,Soya Beans,False,1635.51,785.69,2089.1,646.9
2024-08-01,2024,8,Italy,1201,Soya Beans,False,1338.63,972.92,1453.5,1081.9
2024-08-01,2024,8,Netherlands,1201,Soya Beans,False,1418.3,1420.15,1372.1,1260.5
2024-08-01,2024,8,Thailand,1201,Soya Beans,False,889.19,1023.81,933.4,1410.9
2024-08-01,2024,8,Malaysia,1201,Soya Beans,False,501.27,208.78,670.6,191.1
2024-08-01,2024,8,Singapore,1201,Soya Beans,False,1012.06,1116.98,919.4,1305.3
2024-08-01,2024,8,Australia,1201,Soya Beans,False,276.7,328.81,316.1,351.6
2024-08-01,2024,8,Saudi Arabia,1201,Soya Beans,False,1479.86,1008.27,1418.4,1396.6
2024-08-01,2024,8,Switzerland,1201,Soya Beans,False,1157.66,710.69,1244.2,678.3
2024-09-01,2024,9,China,1005,Maize (Corn),False,2375.31,2969.99,3233.5,2524.9
2024-09-01,2024,9,Mexico,1005,Maize (Corn),False,1386.32,1372.09,1216.3,1548.0
2024-09-01,2024,9,Canada,1005,Maize (Corn),False,2403.05,3122.73,2211.4,2705.5
2024-09-01,2024,9,Japan,1005,Maize (Corn),False,2086.06,1292.34,2681.3,1047.4
2024-09-01,2024,9,Germany,1005,Maize (Corn),False,611.34,468.77,830.8,632.0
2024-09-01,2024,9,South Korea,1005,Maize (Corn),False,3074.24,2418.36,3245.8,1965.5
2024-09-01,2024,9,Vietnam,1005,Maize (Corn),False,2567.97,3285.74,2379.2,3560.8
2024-09-01,2024,9,India,1005,Maize (Corn),False,2394.26,2120.87,2604.4,2468.2
2024-09-01,2024,9,Taiwan,1005,Maize (Corn),False,728.92,563.28,615.7,543.8
2024-09-01,2024,9,United Kingdom,1005,Maize (Corn),False,1318.07,1243.72,1457.0,1106.8
2024-09-01,2024,9,Brazil,1005,Maize (Corn),False,1224.3,1495.69,1619.7,1723.1
2024-09-01,2024,9,France,1005,Maize (Corn),False,2305.42,2559.14,1915.8,3452.9
2024-09-01,2024,9,Italy,1005,Maize (Corn),False,2027.53,1275.25,1738.0,1584.0
2024-09-01,2024,9,Netherlands,1005,Maize (Corn),False,2164.53,1773.21,1759.5,2390.4
2024-09-01,2024,9,Thailand,1005,Maize (Corn),False,1590.46,862.39,1881.8,937.0
2024-09-01,2024,9,Malaysia,1005,Maize (Corn),False,807.75,661.77,825.9,621.0
2024-09-01,2024,9,Singapore,1005,Maize (Corn),False,1981.41,1197.55,2376.0,1657.4
2024-09-01,2024,9,Australia,1005,Maize (Corn),False,434.6,228.49,530.7,258.1
2024-09-01,2024,9,Saudi Arabia,1005,Maize (Corn),False,2675.36,2223.37,3610.3,2061.5
2024-09-01,2024,9,Switzerland,1005,Maize (Corn),False,1939.88,2275.69,1709.9,2610.2
2024-09-01,2024,9,China,1201,Soya Beans,False,1160.47,623.34,1331.4,717.8
2024-09-01,2024,9,Mexico,1201,Soya Beans,False,732.84,410.74,757.8,440.5
2024-09-01,2024,9,Canada,1201,Soya Beans,False,1293.45,1622.33,1098.4,2221.1
2024-09-01,2024,9,Japan,1201,Soya Beans,False,1146.51,859.83,1302.2,823.7
2024-09-01,2024,9,Germany,1201,Soya Beans,False,285.85,324.34,230.0,433.0
2024-09-01,2024,9,South Korea,1201,Soya Beans,False,1393.53,1327.06,1512.9,1255.6
2024-09-01,2024,9,Vietnam,1201,Soya Beans,False,1073.45,914.65,1133.8,1052.6
2024-09-01,2024,9,India,1201,Soya Beans,False,984.27,1025.77,1110.7,1382.3
2024-09-01,2024,9,Taiwan,1201,Soya Beans,False,327.77,141.98,421.9,193.8
2024-09-01,2024,9,United Kingdom,1201,Soya Beans,False,753.3,560.55,850.7,740.5
2024-09-01,2024,9,Brazil,1201,Soya Beans,False,551.09,248.11,716.5,223.5
2024-09-01,2024,9,France,1201,Soya Beans,False,1400.77,1712.97,1323.1,2332.4
2024-09-01,2024,9,Italy,1201,Soya Beans,False,1058.63,1075.74,1185.7,1004.4
2024-09-01,2024,9,Netherlands,1201,Soya Beans,False,1220.27,538.52,1277.2,638.3
2024-09-01,2024,9,Thailand,1201,Soya Beans,False,803.66,462.49,663.1,371.0
2024-09-01,2024,9,Malaysia,1201,Soya Beans,False,494.17,358.58,429.8,459.9
2024-09-01,2024,9,Singapore,1201,Soya Beans,False,754.84,680.69,897.0,912.8
2024-09-01,2024,9,Australia,1201,Soya Beans,False,243.56,246.28,197.0,273.9
2024-09-01,2024,9,Saudi Arabia,1201,Soya Beans,False,1176.6,785.34,1590.6,938.9
2024-09-01,2024,9,Switzerland,1201,Soya Beans,False,972.26,503.66,1174.9,541.1
2024-10-01,2024,10,China,1005,Maize (Corn),False,1318.17,1078.54,1644.2,1375.4
2024-10-01,2024,10,Mexico,1005,Maize (Corn),False,996.51,1144.85,1003.6,976.2
2024-10-01,2024,10,Canada,1005,Maize (Corn),False,1675.74,2167.44,2236.0,2873.4
2024-10-01,2024,10,Japan,1005,Maize (Corn),False,1441.82,1814.7,1637.3,1926.4
2024-10-01,2024,10,Germany,1005,Maize (Corn),False,404.81,363.74,493.4,373.4
2024-10-01,2024,10,South Korea,1005,Maize (Corn),False,2128.52,2656.74,2728.3,2180.4
2024-10-01,2024,10,Vietnam,1005,Maize (Corn),False,1397.54,1735.44,1798.3,1651.8
2024-10-01,2024,10,India,1005,Maize (Corn),False,1579.59,670.08,2049.2,734.8
2024-10-01,2024,10,Taiwan,1005,Maize (Corn),False,442.03,232.41,362.6,317.6
2024-10-01,2024,10,United Kingdom,1005,Maize (Corn),False,1051.6,668.59,856.8,790.0
2024-10-01,2024,10,Brazil,1005,Maize (Corn),False,944.14,777.28,1132.6,1066.5
2024-10-01,2024,10,France,1005,Maize (Corn),False,1773.19,2005.77,1787.8,1619.5
2024-10-01,2024,10,Italy,1005,Maize (Corn),False,1446.2,1814.01,1207.2,2157.9
2024-10-01,2024,10,Netherlands,1005,Maize (Corn),False,1707.84,2014.48,2057.4,2604.7
2024-10-01,2024,10,Thailand,1005,Maize (Corn),False,1039.97,773.64,915.4,1034.1
2024-10-01,2024,10,Malaysia,1005,Maize (Corn),False,692.02,291.62,846.1,250.4
2024-10-01,2024,10,Singapore,1005,Maize (Corn),False,1230.47,729.16,1706.1,908.6
2024-10-01,2024,10,Australia,1005,Maize (Corn),False,355.89,212.4,335.6,240.7
2024-10-01,2024,10,Saudi Arabia,1005,Maize (Corn),False,1451.26,995.24,1958.2,1067.7
2024-10-01,2024,10,Switzerland,1005,Maize (Corn),False,1226.06,1436.63,1472.5,1538.1
2024-10-01,2024,10,China,1201,Soya Beans,False,1843.04,912.93,1794.4,903.5
2024-10-01,2024,10,Mexico,1201,Soya Beans,False,1427.74,1816.04,1188.7,2424.2
2024-10-01,2024,10,Canada,1201,Soya Beans,False,2421.03,1380.57,2625.1,1506.0
2024-10-01,2024,10,Japan,1201,Soya Beans,False,1684.69,1253.13,1510.7,1423.7
2024-10-01,2024,10,Germany,1201,Soya Beans,False,486.25,396.65,533.5,442.3
2024-10-01,2024,10,South Korea,1201,Soya Beans,False,2230.45,918.27,2551.3,902.0
2024-10-01,2024,10,Vietnam,1201,Soya Beans,False,1728.98,1276.07,2408.8,1494.0
2024-10-01,2024,10,India,1201,Soya Beans,False,2180.78,2528.29,2630.1,2690.7
2024-10-01,2024,10,Taiwan,1201,Soya Beans,False,650.75,439.03,619.9,419.7
2024-10-01,2024,10,United Kingdom,1201,Soya Beans,False,1241.32,1364.96,1073.4,1520.6
2024-10-01,2024,10,Brazil,1201,Soya Beans,False,1157.65,1432.35,1192.9,1556.2
2024-10-01,2024,10,France,1201,Soya Beans,False,2488.78,1366.26,2599.5,1119.0
2024-10-01,2024,10,Italy,1201,Soya Beans,False,1470.51,1150.01,1896.5,1184.9
2024-10-01,2024,10,Netherlands,1201,Soya Beans,False,2159.18,1779.43,2284.2,2077.2
2024-10-01,2024,10,Thailand,1201,Soya Beans,False,1458.01,1306.07,1908.9,1307.4
2024-10-01,2024,10,Malaysia,1201,Soya Beans,False,752.22,354.57,865.2,440.4
2024-10-01,2024,10,Singapore,1201,Soya Beans,False,1590.17,1853.06,1473.4,2221.9
2024-10-01,2024,10,Australia,1201,Soya Beans,False,443.02,303.21,484.0,373.8
2024-10-01,2024,10,Saudi Arabia,1201,Soya Beans,False,2386.51,2244.35,2858.5,3053.5
2024-10-01,2024,10,Switzerland,1201,Soya Beans,False,1824.56,1092.83,2299.1,958.4
2024-11-01,2024,11,China,1005,Maize (Corn),False,1605.34,1961.87,1962.1,2380.9
2024-11-01,2024,11,Mexico,1005,Maize (Corn),False,933.93,572.64,1145.0,586.5
2024-11-01,2024,11,Canada,1005,Maize (Corn),False,1836.83,2159.26,1555.9,1777.2
2024-11-01,2024,11,Japan,1005,Maize (Corn),False,1367.33,822.98,1290.3,861.2
2024-11-01,2024,11,Germany,1005,Maize (Corn),False,414.9,227.68,568.9,264.9
2024-11-01,2024,11,South Korea,1005,Maize (Corn),False,1992.35,1080.46,1773.2,1069.5
2024-11-01,2024,11,Vietnam,1005,Maize (Corn),False,1665.87,1921.1,1598.6,2016.7
2024-11-01,2024,11,India,1005,Maize (Corn),False,1530.73,1059.52,2097.2,1279.5
2024-11-01,2024,11,Taiwan,1005,Maize (Corn),False,429.87,174.97,358.8,197.5
2024-11-01,2024,11,United Kingdom,1005,Maize (Corn),False,1048.39,1001.06,1349.1,1265.7
2024-11-01,2024,11,Brazil,1005,Maize (Corn),False,918.26,870.72,1209.9,872.8
2024-11-01,2024,11,France,1005,Maize (Corn),False,1581.15,1771.64,1547.8,1661.8
2024-11-01,2024,11,Italy,1005,Maize (Corn),False,1316.82,1192.34,1112.9,1400.5
2024-11-01,2024,11,Netherlands,1005,Maize (Corn),False,1461.76,760.0,2015.5,741.0
2024-11-01,2024,11,Thailand,1005,Maize (Corn),False,936.65,495.36,1281.3,400.9
2024-11-01,2024,11,Malaysia,1005,Maize (Corn),False,514.61,393.76,449.0,361.0
2024-11-01,2024,11,Singapore,1005,Maize (Corn),False,1073.61,882.76,1432.2,929.8
2024-11-01,2024,11,Australia,1005,Maize (Corn),False,361.03,456.56,471.7,599.0
2024-11-01,2024,11,Saudi Arabia,1005,Maize (Corn),False,1743.35,877.16,1573.4,846.1
2024-11-01,2024,11,Switzerland,1005,Maize (Corn),False,1341.42,1042.41,1477.6,1342.2
2024-11-01,2024,11,China,1201,Soya Beans,False,287.35,260.89,331.9,252.6
2024-11-01,2024,11,Mexico,1201,Soya Beans,False,147.18,134.64,192.1,168.8
2024-11-01,2024,11,Canada,1201,Soya Beans,False,308.47,217.06,363.1,247.3
2024-11-01,2024,11,Japan,1201,Soya Beans,False,207.9,184.02,166.5,228.4
2024-11-01,2024,11,Germany,1201,Soya Beans,False,73.23,87.8,72.8,102.4
2024-11-01,2024,11,South Korea,1201,Soya Beans,False,339.67,331.64,274.5,369.7
2024-11-01,2024,11,Vietnam,1201,Soya Beans,False,256.44,289.4,328.9,345.9
2024-11-01,2024,11,India,1201,Soya Beans,False,235.24,212.56,313.2,190.8
2024-11-01,2024,11,Taiwan,1201,Soya Beans,False,83.3,39.53,114.8,54.5
2024-11-01,2024,11,United Kingdom,1201,Soya Beans,False,191.14,135.06,250.8,135.9
2024-11-01,2024,11,Brazil,1201,Soya Beans,False,126.99,100.08,162.7,81.5
2024-11-01,2024,11,France,1201,Soya Beans,False,297.06,280.01,383.0,265.9
2024-11-01,2024,11,Italy,1201,Soya Beans,False,195.96,114.13,228.7,133.6
2024-11-01,2024,11,Netherlands,1201,Soya Beans,False,261.37,226.25,267.6,193.3
2024-11-01,2024,11,Thailand,1201,Soya Beans,False,144.63,124.01,196.4,131.8
2024-11-01,2024,11,Malaysia,1201,Soya Beans,False,104.11,117.41,117.3,97.8
2024-11-01,2024,11,Singapore,1201,Soya Beans,False,189.24,79.49,255.8,110.3
2024-11-01,2024,11,Australia,1201,Soya Beans,False,52.22,46.49,44.2,43.4
2024-11-01,2024,11,Saudi Arabia,1201,Soya Beans,False,240.29,96.97,286.4,103.0
2024-11-01,2024,11,Switzerland,1201,Soya Beans,False,231.27,294.34,309.3,241.8
2024-12-01,2024,12,China,1005,Maize (Corn),False,2858.4,1970.38,3883.7,1683.9
2024-12-01,2024,12,Mexico,1005,Maize (Corn),False,1633.24,1386.53,1581.2,1204.8
2024-12-01,2024,12,Canada,1005,Maize (Corn),False,2630.35,2621.55,3630.2,3646.7
2024-12-01,2024,12,Japan,1005,Maize (Corn),False,2464.5,2682.78,2282.1,3261.4
2024-12-01,2024,12,Germany,1005,Maize (Corn),False,677.72,664.68,555.0,836.0
2024-12-01,2024,12,South Korea,1005,Maize (Corn),False,3371.42,3014.13,3147.3,3059.2
2024-12-01,2024,12,Vietnam,1005,Maize (Corn),False,2313.63,1647.64,2229.9,2090.8
2024-12-01,2024,12,India,1005,Maize (Corn),False,2447.05,1341.42,3133.2,1545.0
2024-12-01,2024,12,Taiwan,1005,Maize (Corn),False,822.87,424.78,979.9,504.3
2024-12-01,2024,12,United Kingdom,1005,Maize (Corn),False,1731.76,2187.2,1667.7,2505.4
2024-12-01,2024,12,Brazil,1005,Maize (Corn),False,1342.97,1004.46,1288.0,1223.0
2024-12-01,2024,12,France,1005,Maize (Corn),False,3416.67,4008.96,3242.1,4767.3
2024-12-01,2024,12,Italy,1005,Maize (Corn),False,2329.01,2053.76,2177.4,2516.0
2024-12-01,2024,12,Netherlands,1005,Maize (Corn),False,2962.93,3602.7,3437.8,4383.1
2024-12-01,2024,12,Thailand,1005,Maize (Corn),False,1646.77,937.22,2253.1,1089.0
2024-12-01,2024,12,Malaysia,1005,Maize (Corn),False,1076.19,1397.64,1032.0,1710.2
2024-12-01,2024,12,Singapore,1005,Maize (Corn),False,1888.77,1503.69,1940.8,1883.5
2024-12-01,2024,12,Australia,1005,Maize (Corn),False,590.54,420.29,575.9,547.6
2024-12-01,2024,12,Saudi Arabia,1005,Maize (Corn),False,2620.67,2131.59,2762.4,2308.0
2024-12-01,2024,12,Switzerland,1005,Maize (Corn),False,2402.88,2878.8,2149.6,3540.8
2024-12-01,2024,12,China,1201,Soya Beans,False,473.51,192.78,633.4,252.1
2024-12-01,2024,12,Mexico,1201,Soya Beans,False,332.86,327.58,296.2,410.3
2024-12-01,2024,12,Canada,1201,Soya Beans,False,698.26,872.97,824.2,932.5
2024-12-01,2024,12,Japan,1201,Soya Beans,False,488.61,317.1,416.0,293.5
2024-12-01,2024,12,Germany,1201,Soya Beans,False,143.23,92.33,176.9,116.4
2024-12-01,2024,12,South Korea,1201,Soya Beans,False,674.13,819.06,869.1,693.5
2024-12-01,2024,12,Vietnam,1201,Soya Beans,False,597.66,685.41,602.4,751.1
2024-12-01,2024,12,India,1201,Soya Beans,False,490.53,313.61,672.5,426.5
2024-12-01,2024,12,Taiwan,1201,Soya Beans,False,170.33,70.94,138.7,82.1
2024-12-01,2024,12,United Kingdom,1201,Soya Beans,False,329.23,324.8,282.3,452.3
2024-12-01,2024,12,Brazil,1201,Soya Beans,False,273.84,192.52,235.1,198.4
2024-12-01,2024,12,France,1201,Soya Beans,False,617.21,605.56,812.0,778.8
2024-12-01,2024,12,Italy,1201,Soya Beans,False,509.62,661.51,421.0,842.6
2024-12-01,2024,12,Netherlands,1201,Soya Beans,False,520.62,493.18,669.9,590.3
2024-12-01,2024,12,Thailand,1201,Soya Beans,False,313.03,177.01,417.0,238.3
2024-12-01,2024,12,Malaysia,1201,Soya Beans,False,238.4,158.35,226.5,133.5
2024-12-01,2024,12,Singapore,1201,Soya Beans,False,417.77,315.48,395.6,375.5
2024-12-01,2024,12,Australia,1201,Soya Beans,False,111.47,53.51,118.1,66.2
2024-12-01,2024,12,Saudi Arabia,1201,Soya Beans,False,532.73,494.94,454.1,475.7
2024-12-01,2024,12,Switzerland,1201,Soya Beans,False,516.01,274.59,619.1,222.0
2025-01-01,2025,1,China,1005,Maize (Corn),False,2583.22,1800.36,3385.1,1567.4
2025-01-01,2025,1,Mexico,1005,Maize (Corn),False,1408.62,1700.11,1619.7,1399.6
2025-01-01,2025,1,Canada,1005,Maize (Corn),False,2392.33,2505.72,2380.0,2366.9
2025-01-01,2025,1,Japan,1005,Maize (Corn),False,2276.88,1416.3,2099.9,1722.9
2025-01-01,2025,1,Germany,1005,Maize (Corn),False,610.69,245.13,694.5,205.4
2025-01-01,2025,1,South Korea,1005,Maize (Corn),False,3127.12,3328.73,3880.2,4141.4
2025-01-01,2025,1,Vietnam,1005,Maize (Corn),False,2035.54,1008.54,2176.5,1230.1
2025-01-01,2025,1,India,1005,Maize (Corn),False,2651.69,1725.35,3566.9,1459.9
2025-01-01,2025,1,Taiwan,1005,Maize (Corn),False,622.78,479.34,630.4,623.2
2025-01-01,2025,1,United Kingdom,1005,Maize (Corn),False,1441.51,1573.65,1917.5,1736.8
2025-01-01,2025,1,Brazil,1005,Maize (Corn),False,1225.96,492.95,1517.1,679.0
2025-01-01,2025,1,France,1005,Maize (Corn),False,2453.4,3048.53,3406.8,3650.9
2025-01-01,2025,1,Italy,1005,Maize (Corn),False,2034.1,2351.36,2815.7,2761.3
2025-01-01,2025,1,Netherlands,1005,Maize (Corn),False,2057.93,2231.03,2015.6,2466.5
2025-01-01,2025,1,Thailand,1005,Maize (Corn),False,1505.91,1103.2,1311.9,1241.4
2025-01-01,2025,1,Malaysia,1005,Maize (Corn),False,904.32,1156.7,766.1,1528.1
2025-01-01,2025,1,Singapore,1005,Maize (Corn),False,1727.42,1017.82,1687.3,819.5
2025-01-01,2025,1,Australia,1005,Maize (Corn),False,507.58,624.88,635.1,608.9
2025-01-01,2025,1,Saudi Arabia,1005,Maize (Corn),False,2308.27,1540.04,2021.1,1378.5
2025-01-01,2025,1,Switzerland,1005,Maize (Corn),False,2048.34,1893.23,1993.2,1813.0
2025-01-01,2025,1,China,1201,Soya Beans,False,1890.94,1125.34,1913.2,1491.2
2025-01-01,2025,1,Mexico,1201,Soya Beans,False,1489.79,706.72,1688.8,920.1
2025-01-01,2025,1,Canada,1201,Soya Beans,False,2383.91,1946.11,3183.4,2414.3
2025-01-01,2025,1,Japan,1201,Soya Beans,False,1976.49,1102.8,1792.3,1038.9
2025-01-01,2025,1,Germany,1201,Soya Beans,False,559.18,499.03,659.8,458.3
2025-01-01,2025,1,South Korea,1201,Soya Beans,False,2643.83,2509.61,3475.5,2422.6
2025-01-01,2025,1,Vietnam,1201,Soya Beans,False,1980.73,2562.09,1658.7,2800.2
2025-01-01,2025,1,India,1201,Soya Beans,False,2461.26,2201.78,2825.8,2115.8
2025-01-01,2025,1,Taiwan,1201,Soya Beans,False,669.29,847.07,722.4,1117.6
2025-01-01,2025,1,United Kingdom,1201,Soya Beans,False,1193.61,1381.39,1640.8,1809.7
2025-01-01,2025,1,Brazil,1201,Soya Beans,False,1050.72,1021.99,887.5,859.1
2025-01-01,2025,1,France,1201,Soya Beans,False,2194.83,1160.23,2461.7,1447.9
2025-01-01,2025,1,Italy,1201,Soya Beans,False,1658.16,673.16,1750.8,710.3
2025-01-01,2025,1,Netherlands,1201,Soya Beans,False,2225.58,2006.48,3078.0,1945.6
2025-01-01,2025,1,Thailand,1201,Soya Beans,False,1399.63,1621.92,1485.0,1312.0
2025-01-01,2025,1,Malaysia,1201,Soya Beans,False,821.45,848.7,749.2,1018.3
2025-01-01,2025,1,Singapore,1201,Soya Beans,False,1414.07,1419.8,1555.5,1734.4
2025-01-01,2025,1,Australia,1201,Soya Beans,False,406.24,510.59,466.4,613.3
2025-01-01,2025,1,Saudi Arabia,1201,Soya Beans,False,2494.82,1108.64,2235.3,991.8
2025-01-01,2025,1,Switzerland,1201,Soya Beans,False,1629.22,779.63,2202.7,786.7
2025-02-01,2025,2,China,1005,Maize (Corn),False,2001.91,832.38,2376.2,745.4
2025-02-01,2025,2,Mexico,1005,Maize (Corn),False,1443.16,1544.02,1478.0,1291.0
2025-02-01,2025,2,Canada,1005,Maize (Corn),False,2079.76,2051.22,2785.2,2561.2
2025-02-01,2025,2,Japan,1005,Maize (Corn),False,1986.69,1027.73,1862.8,1309.6
2025-02-01,2025,2,Germany,1005,Maize (Corn),False,489.32,573.75,403.3,671.4
2025-02-01,2025,2,South Korea,1005,Maize (Corn),False,2457.64,2763.25,2216.1,2539.0
2025-02-01,2025,2,Vietnam,1005,Maize (Corn),False,1973.97,1863.06,1771.6,2503.6
2025-02-01,2025,2,India,1005,Maize (Corn),False,2242.53,1150.57,2937.1,1551.8
2025-02-01,2025,2,Taiwan,1005,Maize (Corn),False,538.29,634.18,612.5,812.7
2025-02-01,2025,2,United Kingdom,1005,Maize (Corn),False,1333.12,890.87,1620.2,1086.7
2025-02-01,2025,2,Brazil,1005,Maize (Corn),False,1192.08,1292.32,1416.0,1370.4
2025-02-01,2025,2,France,1005,Maize (Corn),False,2225.63,2712.24,2867.6,3529.0
2025-02-01,2025,2,Italy,1005,Maize (Corn),False,1508.94,1155.59,1527.9,1531.7
2025-02-01,2025,2,Netherlands,1005,Maize (Corn),False,2007.17,2501.61,2580.9,3305.1
2025-02-01,2025,2,Thailand,1005,Maize (Corn),False,1127.08,1440.73,1151.8,1222.0
2025-02-01,2025,2,Malaysia,1005,Maize (Corn),False,831.17,979.22,1028.0,1197.8
2025-02-01,2025,2,Singapore,1005,Maize (Corn),False,1724.59,2191.13,2232.2,2783.7
2025-02-01,2025,2,Australia,1005,Maize (Corn),False,421.45,344.08,471.2,374.2
2025-02-01,2025,2,Saudi Arabia,1005,Maize (Corn),False,2320.59,3002.59,2142.9,3823.0
2025-02-01,2025,2,Switzerland,1005,Maize (Corn),False,1749.32,1843.73,1924.9,2245.0
2025-02-01,2025,2,China,1201,Soya Beans,False,2036.14,2557.12,1684.9,2499.9
2025-02-01,2025,2,Mexico,1201,Soya Beans,False,1282.49,954.2,1372.2,1007.7
2025-02-01,2025,2,Canada,1201,Soya Beans,False,2303.58,1039.53,2464.7,1247.6
2025-02-01,2025,2,Japan,1201,Soya Beans,False,1733.15,794.6,2374.2,816.4
2025-02-01,2025,2,Germany,1201,Soya Beans,False,557.72,685.58,491.9,810.9
2025-02-01,2025,2,South Korea,1201,Soya Beans,False,2224.25,1302.01,2528.8,1460.6
2025-02-01,2025,2,Vietnam,1201,Soya Beans,False,2139.23,2159.24,2652.7,2752.1
2025-02-01,2025,2,India,1201,Soya Beans,False,1715.44,1246.05,2001.6,1577.0
2025-02-01,2025,2,Taiwan,1201,Soya Beans,False,617.01,730.72,743.5,646.4
2025-02-01,2025,2,United Kingdom,1201,Soya Beans,False,1170.13,1107.18,1379.3,889.5
2025-02-01,2025,2,Brazil,1201,Soya Beans,False,1082.43,1385.98,904.3,1415.3
2025-02-01,2025,2,France,1201,Soya Beans,False,2331.16,2898.36,1969.4,3772.9
2025-02-01,2025,2,Italy,1201,Soya Beans,False,1571.41,1051.16,1513.6,1399.7
2025-02-01,2025,2,Netherlands,1201,Soya Beans,False,1844.0,858.32,2356.0,1136.1
2025-02-01,2025,2,Thailand,1201,Soya Beans,False,1148.62,1465.49,1561.7,1279.1
2025-02-01,2025,2,Malaysia,1201,Soya Beans,False,696.71,516.65,838.4,415.6
2025-02-01,2025,2,Singapore,1201,Soya Beans,False,1526.17,1786.11,1658.7,1514.9
2025-02-01,2025,2,Australia,1201,Soya Beans,False,387.98,370.14,454.0,328.4
2025-02-01,2025,2,Saudi Arabia,1201,Soya Beans,False,2137.08,1446.3,1841.6,1639.0
2025-02-01,2025,2,Switzerland,1201,Soya Beans,False,1731.89,1101.88,2191.9,923.9
2025-03-01,2025,3,China,1005,Maize (Corn),False,2557.72,2914.96,2559.2,3936.4
2025-03-01,2025,3,Mexico,1005,Maize (Corn),False,1508.32,849.68,1217.6,826.4
2025-03-01,2025,3,Canada,1005,Maize (Corn),False,2781.51,3032.69,2332.1,2836.4
2025-03-01,2025,3,Japan,1005,Maize (Corn),False,2456.37,2678.23,2982.2,3376.2
2025-03-01,2025,3,Germany,1005,Maize (Corn),False,714.22,392.68,693.4,525.8
2025-03-01,2025,3,South Korea,1005,Maize (Corn),False,3398.83,4299.37,4694.7,3447.9
2025-03-01,2025,3,Vietnam,1005,Maize (Corn),False,2639.18,2951.7,3139.8,2482.1
2025-03-01,2025,3,India,1005,Maize (Corn),False,2782.33,2293.48,3183.2,2927.7
2025-03-01,2025,3,Taiwan,1005,Maize (Corn),False,681.4,491.88,565.9,562.3
2025-03-01,2025,3,United Kingdom,1005,Maize (Corn),False,1471.0,922.18,1839.8,800.3
2025-03-01,2025,3,Brazil,1005,Maize (Corn),False,1383.8,1489.5,1746.7,1861.0
2025-03-01,2025,3,France,1005,Maize (Corn),False,3130.53,3215.22,3753.6,3626.1
2025-03-01,2025,3,Italy,1005,Maize (Corn),False,2156.5,1077.43,2801.5,1184.3
2025-03-01,2025,3,Netherlands,1005,Maize (Corn),False,2976.6,2448.42,3523.1,3400.6
2025-03-01,2025,3,Thailand,1005,Maize (Corn),False,1457.01,962.42,1390.7,1286.4
2025-03-01,2025,3,Malaysia,1005,Maize (Corn),False,922.66,1065.82,796.0,1480.7
2025-03-01,2025,3,Singapore,1005,Maize (Corn),False,1765.77,765.46,2382.1,1039.0
2025-03-01,2025,3,Australia,1005,Maize (Corn),False,565.38,541.04,518.2,743.2
2025-03-01,2025,3,Saudi Arabia,1005,Maize (Corn),False,3038.28,3640.98,3971.3,4123.5
2025-03-01,2025,3,Switzerland,1005,Maize (Corn),False,2086.27,2699.54,2167.6,3733.7
2025-03-01,2025,3,China,1201,Soya Beans,False,887.65,794.91,851.8,759.8
2025-03-01,2025,3,Mexico,1201,Soya Beans,False,590.71,412.66,709.4,460.5
2025-03-01,2025,3,Canada,1201,Soya Beans,False,853.9,557.75,848.1,536.8
2025-03-01,2025,3,Japan,1201,Soya Beans,False,695.1,283.41,889.7,271.7
2025-03-01,2025,3,Germany,1201,Soya Beans,False,244.42,103.62,310.5,101.5
2025-03-01,2025,3,South Korea,1201,Soya Beans,False,1106.96,1134.24,1030.3,1044.8
2025-03-01,2025,3,Vietnam,1201,Soya Beans,False,939.17,567.48,819.4,688.7
2025-03-01,2025,3,India,1201,Soya Beans,False,799.32,840.26,859.5,854.5
2025-03-01,2025,3,Taiwan,1201,Soya Beans,False,217.45,144.59,208.1,180.4
2025-03-01,2025,3,United Kingdom,1201,Soya Beans,False,555.6,678.6,471.8,750.8
2025-03-01,2025,3,Brazil,1201,Soya Beans,False,442.81,361.56,407.0,356.1
2025-03-01,2025,3,France,1201,Soya Beans,False,1061.87,1208.85,1203.5,1198.2
2025-03-01,2025,3,Italy,1201,Soya Beans,False,708.8,612.07,801.5,790.4
2025-03-01,2025,3,Netherlands,1201,Soya Beans,False,1032.47,599.18,1398.8,687.5
2025-03-01,2025,3,Thailand,1201,Soya Beans,False,525.32,299.12,626.7,361.0
2025-03-01,2025,3,Malaysia,1201,Soya Beans,False,385.55,267.54,432.9,316.7
2025-03-01,2025,3,Singapore,1201,Soya Beans,False,708.83,827.9,880.2,811.1
2025-03-01,2025,3,Australia,1201,Soya Beans,False,189.74,166.59,263.3,186.9
2025-03-01,2025,3,Saudi Arabia,1201,Soya Beans,False,786.97,845.87,815.6,939.2
2025-03-01,2025,3,Switzerland,1201,Soya Beans,False,779.6,987.79,1000.2,941.6
2025-04-01,2025,4,China,1005,Maize (Corn),False,1531.94,1538.5,1854.7,1300.7
2025-04-01,2025,4,Mexico,1005,Maize (Corn),False,803.92,642.66,1095.7,755.9
2025-04-01,2025,4,Canada,1005,Maize (Corn),False,1395.64,565.39,1171.0,512.2
2025-04-01,2025,4,Japan,1005,Maize (Corn),False,1330.51,704.38,1097.7,806.4
2025-04-01,2025,4,Germany,1005,Maize (Corn),False,319.93,192.43,441.3,247.9
2025-04-01,2025,4,South Korea,1005,Maize (Corn),False,1880.21,805.79,2599.2,877.2
2025-04-01,2025,4,Vietnam,1005,Maize (Corn),False,1208.2,825.46,1040.4,822.5
2025-04-01,2025,4,India,1005,Maize (Corn),False,1258.88,786.87,1058.2,750.5
2025-04-01,2025,4,Taiwan,1005,Maize (Corn),False,386.92,473.12,353.4,613.5
2025-04-01,2025,4,United Kingdom,1005,Maize (Corn),False,987.39,893.55,1049.2,929.8
2025-04-01,2025,4,Brazil,1005,Maize (Corn),False,875.13,1101.28,1068.2,1451.8
2025-04-01,2025,4,France,1005,Maize (Corn),False,1772.56,1848.59,1674.5,1938.6
2025-04-01,2025,4,Italy,1005,Maize (Corn),False,1108.42,1194.88,1087.0,1460.4
2025-04-01,2025,4,Netherlands,1005,Maize (Corn),False,1398.76,638.17,1867.7,669.4
2025-04-01,2025,4,Thailand,1005,Maize (Corn),False,818.61,721.79,720.2,582.3
2025-04-01,2025,4,Malaysia,1005,Maize (Corn),False,478.9,618.55,611.8,808.4
2025-04-01,2025,4,Singapore,1005,Maize (Corn),False,1059.0,929.76,964.2,1021.6
2025-04-01,2025,4,Australia,1005,Maize (Corn),False,314.94,359.14,413.2,463.8
2025-04-01,2025,4,Saudi Arabia,1005,Maize (Corn),False,1682.34,2043.03,1626.1,1875.6
2025-04-01,2025,4,Switzerland,1005,Maize (Corn),False,1135.9,539.88,1474.7,582.7
2025-04-01,2025,4,China,1201,Soya Beans,False,531.29,476.3,540.3,471.1
2025-04-01,2025,4,Mexico,1201,Soya Beans,False,334.4,209.03,343.1,255.7
2025-04-01,2025,4,Canada,1201,Soya Beans,False,659.77,295.31,911.8,311.1
2025-04-01,2025,4,Japan,1201,Soya Beans,False,544.11,540.48,704.2,482.6
2025-04-01,2025,4,Germany,1201,Soya Beans,False,121.05,53.55,112.7,63.6
2025-04-01,2025,4,South Korea,1201,Soya Beans,False,658.36,657.67,910.8,589.7
2025-04-01,2025,4,Vietnam,1201,Soya Beans,False,486.58,293.03,600.7,240.0
2025-04-01,2025,4,India,1201,Soya Beans,False,518.93,463.99,419.4,630.7
2025-04-01,2025,4,Taiwan,1201,Soya Beans,False,178.11,202.94,192.8,233.5
2025-04-01,2025,4,United Kingdom,1201,Soya Beans,False,297.66,334.69,240.4,394.0
2025-04-01,2025,4,Brazil,1201,Soya Beans,False,263.06,292.66,294.0,261.7
2025-04-01,2025,4,France,1201,Soya Beans,False,547.19,339.83,755.9,296.5
2025-04-01,2025,4,Italy,1201,Soya Beans,False,455.38,293.74,545.2,370.1
2025-04-01,2025,4,Netherlands,1201,Soya Beans,False,641.92,525.79,691.6,508.7
2025-04-01,2025,4,Thailand,1201,Soya Beans,False,368.42,476.36,373.5,582.0
2025-04-01,2025,4,Malaysia,1201,Soya Beans,False,232.57,263.43,270.4,274.9
2025-04-01,2025,4,Singapore,1201,Soya Beans,False,419.89,205.91,580.2,184.0
2025-04-01,2025,4,Australia,1201,Soya Beans,False,108.4,101.77,121.8,85.4
2025-04-01,2025,4,Saudi Arabia,1201,Soya Beans,False,580.5,579.57,631.4,664.4
2025-04-01,2025,4,Switzerland,1201,Soya Beans,False,401.95,485.39,561.2,567.2
2025-05-01,2025,5,China,1005,Maize (Corn),False,492.36,300.52,523.2,394.8
2025-05-01,2025,5,Mexico,1005,Maize (Corn),False,297.24,312.07,380.6,430.7
2025-05-01,2025,5,Canada,1005,Maize (Corn),False,416.4,540.35,566.7,478.2
2025-05-01,2025,5,Japan,1005,Maize (Corn),False,379.72,377.1,504.4,424.4
2025-05-01,2025,5,Germany,1005,Maize (Corn),False,112.32,57.03,138.6,62.7
2025-05-01,2025,5,South Korea,1005,Maize (Corn),False,475.61,580.76,448.2,650.2
2025-05-01,2025,5,Vietnam,1005,Maize (Corn),False,479.23,482.77,450.8,675.8
2025-05-01,2025,5,India,1005,Maize (Corn),False,393.0,442.08,423.8,372.8
2025-05-01,2025,5,Taiwan,1005,Maize (Corn),False,118.45,56.26,109.5,74.9
2025-05-01,2025,5,United Kingdom,1005,Maize (Corn),False,267.04,253.61,245.6,240.2
2025-05-01,2025,5,Brazil,1005,Maize (Corn),False,235.26,294.8,218.1,352.1
2025-05-01,2025,5,France,1005,Maize (Corn),False,496.2,262.17,562.1,268.4
2025-05-01,2025,5,Italy,1005,Maize (Corn),False,421.01,519.17,480.8,506.8
2025-05-01,2025,5,Netherlands,1005,Maize (Corn),False,469.94,562.29,566.2,479.1
2025-05-01,2025,5,Thailand,1005,Maize (Corn),False,244.61,131.88,278.8,118.8
2025-05-01,2025,5,Malaysia,1005,Maize (Corn),False,163.45,143.07,186.3,185.3
2025-05-01,2025,5,Singapore,1005,Maize (Corn),False,328.98,361.88,278.9,407.2
2025-05-01,2025,5,Australia,1005,Maize (Corn),False,95.1,117.18,117.2,142.4
2025-05-01,2025,5,Saudi Arabia,1005,Maize (Corn),False,524.67,326.85,658.3,431.4
2025-05-01,2025,5,Switzerland,1005,Maize (Corn),False,427.84,336.37,513.2,307.1
2025-05-01,2025,5,China,1201,Soya Beans,False,1701.12,891.55,2297.6,1195.7
2025-05-01,2025,5,Mexico,1201,Soya Beans,False,1243.15,698.79,1008.6,870.5
2025-05-01,2025,5,Canada,1201,Soya Beans,False,1760.16,1700.04,1971.8,1949.9
2025-05-01,2025,5,Japan,1201,Soya Beans,False,1582.0,647.44,1519.3,876.2
2025-05-01,2025,5,Germany,1201,Soya Beans,False,427.82,293.12,348.4,299.8
2025-05-01,2025,5,South Korea,1201,Soya Beans,False,1936.45,1682.27,2353.7,1407.7
2025-05-01,2025,5,Vietnam,1201,Soya Beans,False,1813.42,762.24,2194.6,680.5
2025-05-01,2025,5,India,1201,Soya Beans,False,1672.55,854.01,1894.4,1088.9
2025-05-01,2025,5,Taiwan,1201,Soya Beans,False,511.54,620.44,419.1,629.3
2025-05-01,2025,5,United Kingdom,1201,Soya Beans,False,1074.45,738.4,1131.0,844.0
2025-05-01,2025,5,Brazil,1201,Soya Beans,False,875.01,507.94,774.4,497.0
2025-05-01,2025,5,France,1201,Soya Beans,False,2107.57,1819.19,2049.2,2503.1
2025-05-01,2025,5,Italy,1201,Soya Beans,False,1541.64,990.7,1275.9,932.4
2025-05-01,2025,5,Netherlands,1201,Soya Beans,False,1815.54,1063.08,1804.8,1480.8
2025-05-01,2025,5,Thailand,1201,Soya Beans,False,1245.38,1069.44,1622.4,1035.4
2025-05-01,2025,5,Malaysia,1201,Soya Beans,False,741.69,894.47,964.1,1055.2
2025-05-01,2025,5,Singapore,1201,Soya Beans,False,1441.75,585.83,1486.9,738.9
2025-05-01,2025,5,Australia,1201,Soya Beans,False,369.65,210.03,467.4,245.0
2025-05-01,2025,5,Saudi Arabia,1201,Soya Beans,False,1844.58,1300.37,1583.5,1714.1
2025-05-01,2025,5,Switzerland,1201,Soya Beans,False,1328.0,1289.44,1296.4,1209.4
2025-06-01,2025,6,China,1005,Maize (Corn),False,2618.86,2538.5,2953.4,2133.3
2025-06-01,2025,6,Mexico,1005,Maize (Corn),False,1699.04,874.51,1605.8,1150.4
2025-06-01,2025,6,Canada,1005,Maize (Corn),False,2925.05,1242.68,3896.3,1682.1
2025-06-01,2025,6,Japan,1005,Maize (Corn),False,2615.45,1877.65,3368.4,1613.6
2025-06-01,2025,6,Germany,1005,Maize (Corn),False,738.21,393.3,971.4,495.7
2025-06-01,2025,6,South Korea,1005,Maize (Corn),False,3856.87,4899.26,4929.8,4705.3
2025-06-01,2025,6,Vietnam,1005,Maize (Corn),False,2878.23,3577.57,2631.5,3272.8
2025-06-01,2025,6,India,1005,Maize (Corn),False,3068.76,2963.13,3286.7,2531.5
2025-06-01,2025,6,Taiwan,1005,Maize (Corn),False,883.39,622.43,1188.9,720.3
2025-06-01,2025,6,United Kingdom,1005,Maize (Corn),False,1955.92,1101.18,2358.1,1520.6
2025-06-01,2025,6,Brazil,1005,Maize (Corn),False,1440.55,1536.79,1504.5,1322.0
2025-06-01,2025,6,France,1005,Maize (Corn),False,3682.46,2913.75,3712.0,3715.3
2025-06-01,2025,6,Italy,1005,Maize (Corn),False,2063.26,1920.61,1716.0,2621.9
2025-06-01,2025,6,Netherlands,1005,Maize (Corn),False,3326.36,3270.41,3713.2,4145.8
2025-06-01,2025,6,Thailand,1005,Maize (Corn),False,1906.02,1496.85,1709.5,1953.9
2025-06-01,2025,6,Malaysia,1005,Maize (Corn),False,1190.58,812.69,1262.3,1005.8
2025-06-01,2025,6,Singapore,1005,Maize (Corn),False,2226.32,2731.97,1820.5,3215.4
2025-06-01,2025,6,Australia,1005,Maize (Corn),False,598.48,395.06,801.9,417.8
2025-06-01,2025,6,Saudi Arabia,1005,Maize (Corn),False,2917.09,1896.27,3636.7,2019.2
2025-06-01,2025,6,Switzerland,1005,Maize (Corn),False,2302.79,2355.59,2697.1,3289.2
2025-06-01,2025,6,China,1201,Soya Beans,False,1142.81,975.38,933.2,1200.1
2025-06-01,2025,6,Mexico,1201,Soya Beans,False,617.01,734.65,645.9,640.0
2025-06-01,2025,6,Canada,1201,Soya Beans,False,1163.48,824.49,1363.5,803.8
2025-06-01,2025,6,Japan,1201,Soya Beans,False,880.8,766.73,976.1,1071.0
2025-06-01,2025,6,Germany,1201,Soya Beans,False,259.12,244.52,340.4,196.8
2025-06-01,2025,6,South Korea,1201,Soya Beans,False,1398.87,981.81,1812.1,1134.7
2025-06-01,2025,6,Vietnam,1201,Soya Beans,False,1102.64,821.46,1446.9,1116.3
2025-06-01,2025,6,India,1201,Soya Beans,False,962.65,922.86,890.7,1103.7
2025-06-01,2025,6,Taiwan,1201,Soya Beans,False,331.6,325.98,411.5,432.4
2025-06-01,2025,6,United Kingdom,1201,Soya Beans,False,686.78,430.45,822.2,583.9
2025-06-01,2025,6,Brazil,1201,Soya Beans,False,601.08,385.43,805.3,522.3
2025-06-01,2025,6,France,1201,Soya Beans,False,1087.7,794.28,943.4,1077.2
2025-06-01,2025,6,Italy,1201,Soya Beans,False,886.95,614.17,854.6,699.9
2025-06-01,2025,6,Netherlands,1201,Soya Beans,False,1215.33,994.31,1687.4,1237.9
2025-06-01,2025,6,Thailand,1201,Soya Beans,False,683.54,367.83,626.9,457.3
2025-06-01,2025,6,Malaysia,1201,Soya Beans,False,363.35,325.31,402.5,401.6
2025-06-01,2025,6,Singapore,1201,Soya Beans,False,779.17,464.67,988.4,590.4
2025-06-01,2025,6,Australia,1201,Soya Beans,False,191.65,170.15,162.7,148.0
2025-06-01,2025,6,Saudi Arabia,1201,Soya Beans,False,928.4,1006.05,1058.6,1110.5
2025-06-01,2025,6,Switzerland,1201,Soya Beans,False,779.66,327.87,728.0,325.2
2025-07-01,2025,7,China,1005,Maize (Corn),False,278.29,346.47,244.1,355.4
2025-07-01,2025,7,Mexico,1005,Maize (Corn),False,164.87,101.7,194.3,103.9
2025-07-01,2025,7,Canada,1005,Maize (Corn),False,285.13,157.8,290.3,220.1
2025-07-01,2025,7,Japan,1005,Maize (Corn),False,280.95,136.66,331.3,148.9
2025-07-01,2025,7,Germany,1005,Maize (Corn),False,73.72,91.88,63.0,104.1
2025-07-01,2025,7,South Korea,1005,Maize (Corn),False,293.87,215.92,314.5,183.7
2025-07-01,2025,7,Vietnam,1005,Maize (Corn),False,251.41,230.06,235.1,283.4
2025-07-01,2025,7,India,1005,Maize (Corn),False,293.95,249.18,333.8,247.7
2025-07-01,2025,7,Taiwan,1005,Maize (Corn),False,81.46,56.14,109.5,47.7
2025-07-01,2025,7,United Kingdom,1005,Maize (Corn),False,162.23,101.7,206.5,108.9
2025-07-01,2025,7,Brazil,1005,Maize (Corn),False,156.47,104.19,150.4,123.9
2025-07-01,2025,7,France,1005,Maize (Corn),False,340.68,295.15,416.4,373.0
2025-07-01,2025,7,Italy,1005,Maize (Corn),False,208.51,127.46,244.6,168.8
2025-07-01,2025,7,Netherlands,1005,Maize (Corn),False,318.27,294.28,339.4,241.1
2025-07-01,2025,7,Thailand,1005,Maize (Corn),False,198.22,212.11,192.4,234.1
2025-07-01,2025,7,Malaysia,1005,Maize (Corn),False,101.72,124.5,108.7,163.4
2025-07-01,2025,7,Singapore,1005,Maize (Corn),False,217.24,189.59,292.0,167.4
2025-07-01,2025,7,Australia,1005,Maize (Corn),False,52.82,52.64,71.3,46.3
2025-07-01,2025,7,Saudi Arabia,1005,Maize (Corn),False,270.01,205.14,367.0,269.1
2025-07-01,2025,7,Switzerland,1005,Maize (Corn),False,266.08,291.72,268.5,242.6
2025-07-01,2025,7,China,1201,Soya Beans,False,1958.34,1570.68,2027.6,2003.6
2025-07-01,2025,7,Mexico,1201,Soya Beans,False,1073.07,1137.69,992.4,1342.6
2025-07-01,2025,7,Canada,1201,Soya Beans,False,1953.96,1552.9,1948.7,1815.9
2025-07-01,2025,7,Japan,1201,Soya Beans,False,1819.05,1230.81,1516.4,1633.3
2025-07-01,2025,7,Germany,1201,Soya Beans,False,379.36,173.56,336.1,216.6
2025-07-01,2025,7,South Korea,1201,Soya Beans,False,1862.14,1575.77,1644.0,1786.3
2025-07-01,2025,7,Vietnam,1201,Soya Beans,False,1719.23,1168.45,1965.3,1149.6
2025-07-01,2025,7,India,1201,Soya Beans,False,1955.56,2413.28,2173.1,2109.3
2025-07-01,2025,7,Taiwan,1201,Soya Beans,False,481.62,548.54,445.4,480.8
2025-07-01,2025,7,United Kingdom,1201,Soya Beans,False,1285.31,1151.49,1384.6,1559.1
2025-07-01,2025,7,Brazil,1201,Soya Beans,False,986.21,833.76,966.6,1005.0
2025-07-01,2025,7,France,1201,Soya Beans,False,2176.27,1135.66,2760.5,1209.8
2025-07-01,2025,7,Italy,1201,Soya Beans,False,1464.39,1778.03,1309.0,1945.1
2025-07-01,2025,7,Netherlands,1201,Soya Beans,False,1817.71,1711.23,1696.6,1622.5
2025-07-01,2025,7,Thailand,1201,Soya Beans,False,965.06,1089.35,826.8,1272.1
2025-07-01,2025,7,Malaysia,1201,Soya Beans,False,600.78,559.94,563.1,671.5
2025-07-01,2025,7,Singapore,1201,Soya Beans,False,1435.63,1839.14,1790.5,2515.8
2025-07-01,2025,7,Australia,1201,Soya Beans,False,434.85,283.99,452.2,297.5
2025-07-01,2025,7,Saudi Arabia,1201,Soya Beans,False,1768.52,1884.31,1821.7,2548.8
2025-07-01,2025,7,Switzerland,1201,Soya Beans,False,1503.3,1014.94,1964.1,1228.4
2025-08-01,2025,8,China,1005,Maize (Corn),False,1948.44,1690.88,2504.2,1502.5
2025-08-01,2025,8,Mexico,1005,Maize (Corn),False,1249.25,1537.35,1619.3,1634.1
2025-08-01,2025,8,Canada,1005,Maize (Corn),False,2297.36,1227.97,3090.9,1360.3
2025-08-01,2025,8,Japan,1005,Maize (Corn),False,1936.25,1694.65,2261.3,1751.4
2025-08-01,2025,8,Germany,1005,Maize (Corn),False,442.67,384.23,616.1,314.3
2025-08-01,2025,8,South Korea,1005,Maize (Corn),False,2267.04,1105.07,2749.3,1101.6
2025-08-01,2025,8,Vietnam,1005,Maize (Corn),False,2192.43,1215.2,2366.8,1691.2
2025-08-01,2025,8,India,1005,Maize (Corn),False,1790.61,903.37,2137.0,764.4
2025-08-01,2025,8,Taiwan,1005,Maize (Corn),False,547.88,359.87,598.6,307.8
2025-08-01,2025,8,United Kingdom,1005,Maize (Corn),False,1397.42,658.09,1889.8,841.9
2025-08-01,2025,8,Brazil,1005,Maize (Corn),False,1193.83,1249.96,1653.9,1600.6
2025-08-01,2025,8,France,1005,Maize (Corn),False,2215.61,2526.7,3024.3,3331.2
2025-08-01,2025,8,Italy,1005,Maize (Corn),False,1731.09,2122.16,1962.8,1970.8
2025-08-01,2025,8,Netherlands,1005,Maize (Corn),False,1847.78,1901.54,1867.5,1625.8
2025-08-01,2025,8,Thailand,1005,Maize (Corn),False,1077.24,554.53,1361.5,458.5
2025-08-01,2025,8,Malaysia,1005,Maize (Corn),False,839.25,338.78,709.8,448.3
2025-08-01,2025,8,Singapore,1005,Maize (Corn),False,1618.74,1498.76,1514.0,1241.7
2025-08-01,2025,8,Australia,1005,Maize (Corn),False,412.67,456.43,464.8,588.7
2025-08-01,2025,8,Saudi Arabia,1005,Maize (Corn),False,2166.94,2619.66,2722.6,2372.0
2025-08-01,2025,8,Switzerland,1005,Maize (Corn),False,1501.74,1001.66,1441.1,881.9
2025-08-01,2025,8,China,1201,Soya Beans,False,2016.07,1724.43,2756.5,1685.3
2025-08-01,2025,8,Mexico,1201,Soya Beans,False,1398.79,1202.65,1871.0,1646.7
2025-08-01,2025,8,Canada,1201,Soya Beans,False,2686.23,1645.47,3652.1,2154.8
2025-08-01,2025,8,Japan,1201,Soya Beans,False,1969.84,1847.91,1588.1,2447.3
2025-08-01,2025,8,Germany,1201,Soya Beans,False,500.37,429.44,603.3,550.8
2025-08-01,2025,8,South Korea,1201,Soya Beans,False,2853.69,2781.7,2813.1,3630.5
2025-08-01,2025,8,Vietnam,1201,Soya Beans,False,1984.33,2287.21,1912.3,2387.4
2025-08-01,2025,8,India,1201,Soya Beans,False,2096.51,2149.87,2497.9,2021.7
2025-08-01,2025,8,Taiwan,1201,Soya Beans,False,587.84,625.09,496.7,838.4
2025-08-01,2025,8,United Kingdom,1201,Soya Beans,False,1542.36,641.89,1944.1,514.9
2025-08-01,2025,8,Brazil,1201,Soya Beans,False,1126.42,720.43,1434.2,638.0
2025-08-01,2025,8,France,1201,Soya Beans,False,2352.71,2488.27,1925.4,2405.0
2025-08-01,2025,8,Italy,1201,Soya Beans,False,2114.71,2475.09,2521.6,2620.2
2025-08-01,2025,8,Netherlands,1201,Soya Beans,False,2424.04,1874.03,2045.3,2065.5
2025-08-01,2025,8,Thailand,1201,Soya Beans,False,1428.46,1314.47,1587.3,1826.4
2025-08-01,2025,8,Malaysia,1201,Soya Beans,False,729.56,549.92,650.2,566.2
2025-08-01,2025,8,Singapore,1201,Soya Beans,False,1557.18,687.45,1378.7,866.4
2025-08-01,2025,8,Australia,1201,Soya Beans,False,458.46,558.75,640.6,743.2
2025-08-01,2025,8,Saudi Arabia,1201,Soya Beans,False,2373.49,2142.07,2947.8,1724.1
2025-08-01,2025,8,Switzerland,1201,Soya Beans,False,1602.31,701.51,2062.2,624.3
2025-09-01,2025,9,China,1005,Maize (Corn),False,600.4,558.77,694.7,556.0
2025-09-01,2025,9,Mexico,1005,Maize (Corn),False,328.07,357.03,308.4,309.3
2025-09-01,2025,9,Canada,1005,Maize (Corn),False,610.68,640.56,494.8,612.1
2025-09-01,2025,9,Japan,1005,Maize (Corn),False,541.23,415.57,433.8,508.1
2025-09-01,2025,9,Germany,1005,Maize (Corn),False,129.9,83.92,142.6,113.0
2025-09-01,2025,9,South Korea,1005,Maize (Corn),False,673.63,311.93,717.6,318.1
2025-09-01,2025,9,Vietnam,1005,Maize (Corn),False,490.88,264.17,569.3,366.8
2025-09-01,2025,9,India,1005,Maize (Corn),False,635.88,729.85,601.8,839.3
2025-09-01,2025,9,Taiwan,1005,Maize (Corn),False,145.96,115.09,181.1,107.1
2025-09-01,2025,9,United Kingdom,1005,Maize (Corn),False,401.61,426.46,481.8,567.6
2025-09-01,2025,9,Brazil,1005,Maize (Corn),False,292.17,365.11,302.5,379.8
2025-09-01,2025,9,France,1005,Maize (Corn),False,720.49,844.88,886.1,874.7
2025-09-01,2025,9,Italy,1005,Maize (Corn),False,538.78,595.98,572.6,614.5
2025-09-01,2025,9,Netherlands,1005,Maize (Corn),False,595.49,711.02,772.4,587.2
2025-09-01,2025,9,Thailand,1005,Maize (Corn),False,378.27,320.38,335.0,258.1
2025-09-01,2025,9,Malaysia,1005,Maize (Corn),False,219.55,134.43,208.2,157.5
2025-09-01,2025,9,Singapore,1005,Maize (Corn),False,426.99,251.53,571.4,277.1
2025-09-01,2025,9,Australia,1005,Maize (Corn),False,109.16,62.83,150.9,68.2
2025-09-01,2025,9,Saudi Arabia,1005,Maize (Corn),False,638.75,828.89,637.2,678.0
2025-09-01,2025,9,Switzerland,1005,Maize (Corn),False,488.37,205.63,505.8,188.5
2025-09-01,2025,9,China,1201,Soya Beans,False,2015.33,2393.4,2124.3,2592.3
2025-09-01,2025,9,Mexico,1201,Soya Beans,False,1248.33,1307.52,1525.2,1564.9
2025-09-01,2025,9,Canada,1201,Soya Beans,False,2273.61,1807.64,2945.3,1451.5
2025-09-01,2025,9,Japan,1201,Soya Beans,False,2274.49,2447.86,3097.9,2795.3
2025-09-01,2025,9,Germany,1201,Soya Beans,False,552.6,253.68,727.2,286.0
2025-09-01,2025,9,South Korea,1201,Soya Beans,False,2655.02,3094.69,3248.0,2641.2
2025-09-01,2025,9,Vietnam,1201,Soya Beans,False,2372.79,2740.91,2260.9,2552.1
2025-09-01,2025,9,India,1201,Soya Beans,False,2650.38,2759.69,3530.6,2803.1
2025-09-01,2025,9,Taiwan,1201,Soya Beans,False,753.92,702.74,855.8,672.6
2025-09-01,2025,9,United Kingdom,1201,Soya Beans,False,1273.78,1113.55,1768.2,1153.0
2025-09-01,2025,9,Brazil,1201,Soya Beans,False,1453.36,668.02,1358.8,648.1
2025-09-01,2025,9,France,1201,Soya Beans,False,2586.79,2329.47,3370.5,2661.7
2025-09-01,2025,9,Italy,1201,Soya Beans,False,1753.22,756.19,2133.1,929.6
2025-09-01,2025,9,Netherlands,1201,Soya Beans,False,2067.75,988.52,2749.5,1140.0
2025-09-01,2025,9,Thailand,1201,Soya Beans,False,1452.2,700.44,1406.5,862.8
2025-09-01,2025,9,Malaysia,1201,Soya Beans,False,939.99,835.47,1200.7,1034.0
2025-09-01,2025,9,Singapore,1201,Soya Beans,False,1636.47,2014.9,1900.2,1767.8
2025-09-01,2025,9,Australia,1201,Soya Beans,False,508.62,397.36,652.7,539.6
2025-09-01,2025,9,Saudi Arabia,1201,Soya Beans,False,2232.37,2346.46,2507.5,3147.2
2025-09-01,2025,9,Switzerland,1201,Soya Beans,False,1696.58,1760.76,2343.4,2017.4
2025-10-01,2025,10,China,1005,Maize (Corn),False,1767.95,1982.8,1674.2,2487.5
2025-10-01,2025,10,Mexico,1005,Maize (Corn),False,952.41,706.74,1283.5,599.4
2025-10-01,2025,10,Canada,1005,Maize (Corn),False,1541.58,1191.77,1643.7,1603.1
2025-10-01,2025,10,Japan,1005,Maize (Corn),False,1490.95,1364.37,1834.3,1145.7
2025-10-01,2025,10,Germany,1005,Maize (Corn),False,399.75,406.53,524.4,329.2
2025-10-01,2025,10,South Korea,1005,Maize (Corn),False,1777.2,1052.27,2341.5,1090.6
2025-10-01,2025,10,Vietnam,1005,Maize (Corn),False,1750.88,1901.05,2306.7,2476.3
2025-10-01,2025,10,India,1005,Maize (Corn),False,1423.43,632.25,1639.1,533.1
2025-10-01,2025,10,Taiwan,1005,Maize (Corn),False,464.49,284.58,635.9,303.8
2025-10-01,2025,10,United Kingdom,1005,Maize (Corn),False,1047.56,981.54,1418.3,1269.5
2025-10-01,2025,10,Brazil,1005,Maize (Corn),False,948.53,653.12,957.3,669.8
2025-10-01,2025,10,France,1005,Maize (Corn),False,1757.53,2098.15,1917.0,2516.2
2025-10-01,2025,10,Italy,1005,Maize (Corn),False,1231.51,1586.4,1695.7,1844.0
2025-10-01,2025,10,Netherlands,1005,Maize (Corn),False,1857.51,2137.56,1590.0,2954.1
2025-10-01,2025,10,Thailand,1005,Maize (Corn),False,937.58,547.7,1307.3,471.8
2025-10-01,2025,10,Malaysia,1005,Maize (Corn),False,651.8,807.81,909.1,1069.6
2025-10-01,2025,10,Singapore,1005,Maize (Corn),False,1330.91,1106.04,1828.6,1013.7
2025-10-01,2025,10,Australia,1005,Maize (Corn),False,318.96,188.04,388.2,154.3
2025-10-01,2025,10,Saudi Arabia,1005,Maize (Corn),False,1520.85,1227.18,1549.4,984.6
2025-10-01,2025,10,Switzerland,1005,Maize (Corn),False,1214.21,544.19,1141.1,603.2
2025-10-01,2025,10,China,1201,Soya Beans,False,1186.77,878.81,1233.8,869.2
2025-10-01,2025,10,Mexico,1201,Soya Beans,False,612.92,356.55,831.3,394.0
2025-10-01,2025,10,Canada,1201,Soya Beans,False,1328.05,1247.1,1336.9,1737.9
2025-10-01,2025,10,Japan,1201,Soya Beans,False,861.82,1061.67,906.1,1353.6
2025-10-01,2025,10,Germany,1201,Soya Beans,False,298.81,202.03,253.2,257.2
2025-10-01,2025,10,South Korea,1201,Soya Beans,False,1414.31,903.74,1849.9,1022.8
2025-10-01,2025,10,Vietnam,1201,Soya Beans,False,1150.42,952.11,984.0,810.7
2025-10-01,2025,10,India,1201,Soya Beans,False,1152.67,1497.42,1458.2,1611.7
2025-10-01,2025,10,Taiwan,1201,Soya Beans,False,349.58,292.66,398.7,292.8
2025-10-01,2025,10,United Kingdom,1201,Soya Beans,False,734.37,670.36,1001.9,695.5
2025-10-01,2025,10,Brazil,1201,Soya Beans,False,601.12,334.14,759.3,464.4
2025-10-01,2025,10,France,1201,Soya Beans,False,1444.08,1198.13,1614.0,1173.9
2025-10-01,2025,10,Italy,1201,Soya Beans,False,1057.69,533.02,1339.8,605.6
2025-10-01,2025,10,Netherlands,1201,Soya Beans,False,1188.99,1152.37,1262.5,1281.7
2025-10-01,2025,10,Thailand,1201,Soya Beans,False,729.51,916.22,762.4,978.1
2025-10-01,2025,10,Malaysia,1201,Soya Beans,False,389.88,392.19,526.7,439.0
2025-10-01,2025,10,Singapore,1201,Soya Beans,False,756.66,618.0,820.7,582.4
2025-10-01,2025,10,Australia,1201,Soya Beans,False,241.88,230.93,230.5,247.6
2025-10-01,2025,10,Saudi Arabia,1201,Soya Beans,False,1197.01,1456.85,1021.9,1950.1
2025-10-01,2025,10,Switzerland,1201,Soya Beans,False,812.04,685.45,1078.6,926.8
2025-11-01,2025,11,China,1005,Maize (Corn),False,1660.42,2094.82,1782.4,2131.0
2025-11-01,2025,11,Mexico,1005,Maize (Corn),False,903.24,957.37,725.9,1299.2
2025-11-01,2025,11,Canada,1005,Maize (Corn),False,1603.76,822.62,1823.5,958.8
2025-11-01,2025,11,Japan,1005,Maize (Corn),False,1511.26,918.14,1954.5,771.6
2025-11-01,2025,11,Germany,1005,Maize (Corn),False,461.62,382.87,435.6,444.6
2025-11-01,2025,11,South Korea,1005,Maize (Corn),False,1883.48,911.5,1770.5,1114.3
2025-11-01,2025,11,Vietnam,1005,Maize (Corn),False,1710.25,1410.98,1921.9,1505.4
2025-11-01,2025,11,India,1005,Maize (Corn),False,1451.48,1147.42,1538.4,1428.5
2025-11-01,2025,11,Taiwan,1005,Maize (Corn),False,401.62,251.4,458.7,234.1
2025-11-01,2025,11,United Kingdom,1005,Maize (Corn),False,1008.01,850.79,902.3,840.5
2025-11-01,2025,11,Brazil,1005,Maize (Corn),False,910.41,994.85,987.0,803.8
2025-11-01,2025,11,France,1005,Maize (Corn),False,1953.52,1419.57,2097.4,1911.1
2025-11-01,2025,11,Italy,1005,Maize (Corn),False,1331.4,1627.5,1282.1,1978.3
2025-11-01,2025,11,Netherlands,1005,Maize (Corn),False,1642.9,2046.45,2043.8,1949.7
2025-11-01,2025,11,Thailand,1005,Maize (Corn),False,1000.09,1226.87,1199.2,1617.3
2025-11-01,2025,11,Malaysia,1005,Maize (Corn),False,600.77,652.03,529.8,855.3
2025-11-01,2025,11,Singapore,1005,Maize (Corn),False,1224.34,549.98,1177.4,604.1
2025-11-01,2025,11,Australia,1005,Maize (Corn),False,351.52,375.29,397.8,477.3
2025-11-01,2025,11,Saudi Arabia,1005,Maize (Corn),False,1842.84,1744.23,1712.9,2081.2
2025-11-01,2025,11,Switzerland,1005,Maize (Corn),False,1317.26,617.81,1430.5,794.5
2025-11-01,2025,11,China,1201,Soya Beans,False,1257.71,723.32,1425.8,689.8
2025-11-01,2025,11,Mexico,1201,Soya Beans,False,857.91,348.06,872.5,437.1
2025-11-01,2025,11,Canada,1201,Soya Beans,False,1229.78,602.69,1699.3,485.3
2025-11-01,2025,11,Japan,1201,Soya Beans,False,1294.42,937.5,1260.0,1150.6
2025-11-01,2025,11,Germany,1201,Soya Beans,False,366.39,290.32,293.2,386.3
2025-11-01,2025,11,South Korea,1201,Soya Beans,False,1792.81,1673.1,1693.1,2310.3
2025-11-01,2025,11,Vietnam,1201,Soya Beans,False,1267.08,1543.5,1198.2,2080.2
2025-11-01,2025,11,India,1201,Soya Beans,False,1428.12,1141.6,1182.1,1174.4
2025-11-01,2025,11,Taiwan,1201,Soya Beans,False,422.06,424.67,413.1,492.8
2025-11-01,2025,11,United Kingdom,1201,Soya Beans,False,954.36,721.99,893.0,944.3
2025-11-01,2025,11,Brazil,1201,Soya Beans,False,738.74,675.38,1001.1,703.6
2025-11-01,2025,11,France,1201,Soya Beans,False,1637.03,1930.21,1896.0,2246.0
2025-11-01,2025,11,Italy,1201,Soya Beans,False,1121.3,539.57,1088.6,555.5
2025-11-01,2025,11,Netherlands,1201,Soya Beans,False,1278.55,825.93,1692.2,953.2
2025-11-01,2025,11,Thailand,1201,Soya Beans,False,945.24,763.21,1113.3,872.3
2025-11-01,2025,11,Malaysia,1201,Soya Beans,False,592.7,299.92,585.0,375.2
2025-11-01,2025,11,Singapore,1201,Soya Beans,False,1076.63,536.46,1219.2,508.8
2025-11-01,2025,11,Australia,1201,Soya Beans,False,318.24,344.77,360.7,405.5
2025-11-01,2025,11,Saudi Arabia,1201,Soya Beans,False,1565.15,630.86,1844.8,532.4
2025-11-01,2025,11,Switzerland,1201,Soya Beans,False,1255.15,907.43,1199.7,728.7
2025-12-01,2025,12,China,1005,Maize (Corn),False,2756.26,3385.57,2542.0,3946.9
2025-12-01,2025,12,Mexico,1005,Maize (Corn),False,1485.4,1117.83,1467.8,1308.0
2025-12-01,2025,12,Canada,1005,Maize (Corn),False,2550.42,1701.44,2646.9,2167.7
2025-12-01,2025,12,Japan,1005,Maize (Corn),False,2371.16,1457.86,3147.2,1224.3
2025-12-01,2025,12,Germany,1005,Maize (Corn),False,585.94,279.03,669.6,373.2
2025-12-01,2025,12,South Korea,1005,Maize (Corn),False,2608.14,2448.24,3302.4,2811.6
2025-12-01,2025,12,Vietnam,1005,Maize (Corn),False,2673.02,2285.09,2753.2,1991.1
2025-12-01,2025,12,India,1005,Maize (Corn),False,2524.42,1450.85,3038.9,1804.3
2025-12-01,2025,12,Taiwan,1005,Maize (Corn),False,686.19,603.39,855.7,680.9
2025-12-01,2025,12,United Kingdom,1005,Maize (Corn),False,1464.23,1658.72,1927.6,1887.7
2025-12-01,2025,12,Brazil,1005,Maize (Corn),False,1187.3,1001.74,1643.6,1281.2
2025-12-01,2025,12,France,1005,Maize (Corn),False,3086.32,2815.74,2970.2,2600.4
2025-12-01,2025,12,Italy,1005,Maize (Corn),False,2052.86,885.28,2743.2,821.8
2025-12-01,2025,12,Netherlands,1005,Maize (Corn),False,2611.02,2628.59,2602.7,3466.0
2025-12-01,2025,12,Thailand,1005,Maize (Corn),False,1340.77,1443.73,1437.9,1341.3
2025-12-01,2025,12,Malaysia,1005,Maize (Corn),False,922.55,485.28,745.3,579.5
2025-12-01,2025,12,Singapore,1005,Maize (Corn),False,1587.02,2026.6,1501.5,2791.1
2025-12-01,2025,12,Australia,1005,Maize (Corn),False,605.05,464.09,707.2,485.8
2025-12-01,2025,12,Saudi Arabia,1005,Maize (Corn),False,2446.69,3129.74,3240.8,3037.9
2025-12-01,2025,12,Switzerland,1005,Maize (Corn),False,1930.73,1988.32,1771.0,2315.0
2025-12-01,2025,12,China,1201,Soya Beans,False,727.51,432.14,764.2,470.7
2025-12-01,2025,12,Mexico,1201,Soya Beans,False,501.1,404.21,654.7,344.3
2025-12-01,2025,12,Canada,1201,Soya Beans,False,793.33,944.1,660.3,1200.9
2025-12-01,2025,12,Japan,1201,Soya Beans,False,589.72,438.78,772.6,405.4
2025-12-01,2025,12,Germany,1201,Soya Beans,False,171.51,113.42,176.1,133.2
2025-12-01,2025,12,South Korea,1201,Soya Beans,False,915.02,1064.33,1222.2,1398.2
2025-12-01,2025,12,Vietnam,1201,Soya Beans,False,818.58,912.01,837.3,1184.7
2025-12-01,2025,12,India,1201,Soya Beans,False,700.87,847.47,922.2,1042.3
2025-12-01,2025,12,Taiwan,1201,Soya Beans,False,238.37,295.01,308.2,343.6
2025-12-01,2025,12,United Kingdom,1201,Soya Beans,False,556.33,426.58,731.8,527.0
2025-12-01,2025,12,Brazil,1201,Soya Beans,False,475.39,295.19,483.3,304.7
2025-12-01,2025,12,France,1201,Soya Beans,False,938.76,837.73,855.2,858.7
2025-12-01,2025,12,Italy,1201,Soya Beans,False,715.04,680.07,858.1,595.2
2025-12-01,2025,12,Netherlands,1201,Soya Beans,False,794.43,952.44,1063.0,1296.8
2025-12-01,2025,12,Thailand,1201,Soya Beans,False,536.81,355.61,558.7,432.8
2025-12-01,2025,12,Malaysia,1201,Soya Beans,False,277.21,301.89,331.8,344.7
2025-12-01,2025,12,Singapore,1201,Soya Beans,False,656.51,681.73,552.6,558.8
2025-12-01,2025,12,Australia,1201,Soya Beans,False,183.57,127.18,172.1,144.2
2025-12-01,2025,12,Saudi Arabia,1201,Soya Beans,False,842.38,760.05,1037.1,826.0
2025-12-01,2025,12,Switzerland,1201,Soya Beans,False,712.06,720.83,783.2,919.0
2026-01-01,2026,1,China,1005,Maize (Corn),False,3231.81,2294.11,3654.0,2231.2
2026-01-01,2026,1,Mexico,1005,Maize (Corn),False,1747.17,1680.52,1855.9,1608.8
2026-01-01,2026,1,Canada,1005,Maize (Corn),False,3182.97,2039.61,3863.2,2585.1
2026-01-01,2026,1,Japan,1005,Maize (Corn),False,2633.49,2006.56,3168.3,2078.3
2026-01-01,2026,1,Germany,1005,Maize (Corn),False,838.87,960.58,928.7,1051.4
2026-01-01,2026,1,South Korea,1005,Maize (Corn),False,3542.08,3047.16,3043.2,3177.9
2026-01-01,2026,1,Vietnam,1005,Maize (Corn),False,2636.09,2028.11,2577.8,2734.7
2026-01-01,2026,1,India,1005,Maize (Corn),False,2614.1,3069.69,2912.2,3808.7
2026-01-01,2026,1,Taiwan,1005,Maize (Corn),False,927.02,629.8,831.3,844.1
2026-01-01,2026,1,United Kingdom,1005,Maize (Corn),False,1715.95,1061.15,1845.8,932.5
2026-01-01,2026,1,Brazil,1005,Maize (Corn),False,1530.92,1351.37,2013.5,1136.8
2026-01-01,2026,1,France,1005,Maize (Corn),False,3787.81,3134.59,4904.5,4149.9
2026-01-01,2026,1,Italy,1005,Maize (Corn),False,2488.37,2957.44,2221.6,3925.0
2026-01-01,2026,1,Netherlands,1005,Maize (Corn),False,3363.46,3044.12,3984.1,3790.5
2026-01-01,2026,1,Thailand,1005,Maize (Corn),False,2110.49,1637.79,2273.9,1637.6
2026-01-01,2026,1,Malaysia,1005,Maize (Corn),False,1047.05,680.59,1262.0,560.8
2026-01-01,2026,1,Singapore,1005,Maize (Corn),False,2325.77,2914.5,2198.8,2801.7
2026-01-01,2026,1,Australia,1005,Maize (Corn),False,710.33,898.01,886.7,837.9
2026-01-01,2026,1,Saudi Arabia,1005,Maize (Corn),False,3056.59,3537.6,3546.3,3303.0
2026-01-01,2026,1,Switzerland,1005,Maize (Corn),False,2094.75,1582.99,2680.2,1296.3
2026-01-01,2026,1,China,1201,Soya Beans,False,1326.26,1390.37,1073.2,1658.9
2026-01-01,2026,1,Mexico,1201,Soya Beans,False,663.35,756.88,533.1,638.1
2026-01-01,2026,1,Canada,1201,Soya Beans,False,1309.17,616.67,1635.4,769.4
2026-01-01,2026,1,Japan,1201,Soya Beans,False,954.81,793.73,903.7,927.1
2026-01-01,2026,1,Germany,1201,Soya Beans,False,272.05,326.8,318.3,455.5
2026-01-01,2026,1,South Korea,1201,Soya Beans,False,1323.03,601.73,1222.2,830.8
2026-01-01,2026,1,Vietnam,1201,Soya Beans,False,1260.31,528.75,1673.9,611.3
2026-01-01,2026,1,India,1201,Soya Beans,False,1119.28,841.86,1382.7,974.0
2026-01-01,2026,1,Taiwan,1201,Soya Beans,False,319.08,141.16,303.1,169.4
2026-01-01,2026,1,United Kingdom,1201,Soya Beans,False,722.21,470.4,921.0,653.0
2026-01-01,2026,1,Brazil,1201,Soya Beans,False,594.04,666.85,667.3,726.3
2026-01-01,2026,1,France,1201,Soya Beans,False,1311.65,1704.81,1224.5,2373.4
2026-01-01,2026,1,Italy,1201,Soya Beans,False,1109.41,1286.11,1114.8,1379.0
2026-01-01,2026,1,Netherlands,1201,Soya Beans,False,1413.46,1727.28,1407.6,1806.2
2026-01-01,2026,1,Thailand,1201,Soya Beans,False,674.27,710.16,842.7,882.3
2026-01-01,2026,1,Malaysia,1201,Soya Beans,False,429.71,181.39,529.1,165.2
2026-01-01,2026,1,Singapore,1201,Soya Beans,False,936.6,725.43,1014.9,883.0
2026-01-01,2026,1,Australia,1201,Soya Beans,False,299.71,277.58,372.3,385.9
2026-01-01,2026,1,Saudi Arabia,1201,Soya Beans,False,1252.11,1286.75,1440.4,1073.9
2026-01-01,2026,1,Switzerland,1201,Soya Beans,False,931.91,760.82,968.8,636.0
2026-02-01,2026,2,China,1005,Maize (Corn),False,1422.29,572.35,1428.6,691.7
2026-02-01,2026,2,Mexico,1005,Maize (Corn),False,886.0,707.5,794.6,750.4
2026-02-01,2026,2,Canada,1005,Maize (Corn),False,1578.13,1441.66,1485.4,1542.7
2026-02-01,2026,2,Japan,1005,Maize (Corn),False,1216.24,578.16,1057.8,530.2
2026-02-01,2026,2,Germany,1005,Maize (Corn),False,388.99,404.96,363.8,550.9
2026-02-01,2026,2,South Korea,1005,Maize (Corn),False,1778.44,1809.77,2463.5,1929.4
2026-02-01,2026,2,Vietnam,1005,Maize (Corn),False,1355.27,1371.12,1841.5,1815.6
2026-02-01,2026,2,India,1005,Maize (Corn),False,1455.95,1725.63,1466.9,1929.1
2026-02-01,2026,2,Taiwan,1005,Maize (Corn),False,427.9,181.55,539.3,209.2
2026-02-01,2026,2,United Kingdom,1005,Maize (Corn),False,931.62,1105.27,996.7,1058.8
2026-02-01,2026,2,Brazil,1005,Maize (Corn),False,866.18,1065.24,885.0,877.9
2026-02-01,2026,2,France,1005,Maize (Corn),False,1533.33,768.04,1237.5,832.4
2026-02-01,2026,2,Italy,1005,Maize (Corn),False,1088.6,900.74,1214.7,1043.3
2026-02-01,2026,2,Netherlands,1005,Maize (Corn),False,1298.34,1258.62,1650.9,1420.3
2026-02-01,2026,2,Thailand,1005,Maize (Corn),False,986.5,842.0,1378.1,944.3
2026-02-01,2026,2,Malaysia,1005,Maize (Corn),False,596.12,736.21,537.2,932.9
2026-02-01,2026,2,Singapore,1005,Maize (Corn),False,1136.41,644.57,1220.4,810.8
2026-02-01,2026,2,Australia,1005,Maize (Corn),False,264.6,171.3,237.8,165.3
2026-02-01,2026,2,Saudi Arabia,1005,Maize (Corn),False,1449.21,802.02,1355.5,739.1
2026-02-01,2026,2,Switzerland,1005,Maize (Corn),False,1291.78,964.09,1380.9,838.5
2026-02-01,2026,2,China,1201,Soya Beans,False,1705.91,1537.06,1920.4,1712.7
2026-02-01,2026,2,Mexico,1201,Soya Beans,False,1167.0,625.79,1179.2,640.9
2026-02-01,2026,2,Canada,1201,Soya Beans,False,2200.23,2836.18,2703.7,3034.6
2026-02-01,2026,2,Japan,1201,Soya Beans,False,1614.38,898.43,1431.7,800.4
2026-02-01,2026,2,Germany,1201,Soya Beans,False,486.26,418.26,632.6,441.5
2026-02-01,2026,2,South Korea,1201,Soya Beans,False,2183.97,897.48,2053.3,1203.6
2026-02-01,2026,2,Vietnam,1201,Soya Beans,False,1666.69,889.5,1820.8,957.0
2026-02-01,2026,2,India,1201,Soya Beans,False,1740.12,1062.22,2303.2,1461.5
2026-02-01,2026,2,Taiwan,1201,Soya Beans,False,506.48,273.55,415.8,378.2
2026-02-01,2026,2,United Kingdom,1201,Soya Beans,False,1174.33,1285.64,1294.4,1370.7
2026-02-01,2026,2,Brazil,1201,Soya Beans,False,1203.57,773.14,1538.9,975.0
2026-02-01,2026,2,France,1201,Soya Beans,False,2165.79,2357.24,2754.3,2141.9
2026-02-01,2026,2,Italy,1201,Soya Beans,False,1398.56,1051.94,1397.6,1140.8
2026-02-01,2026,2,Netherlands,1201,Soya Beans,False,1797.67,1166.18,2216.9,1235.4
2026-02-01,2026,2,Thailand,1201,Soya Beans,False,1321.15,1495.44,1069.3,1664.3
2026-02-01,2026,2,Malaysia,1201,Soya Beans,False,659.29,790.77,585.9,640.9
2026-02-01,2026,2,Singapore,1201,Soya Beans,False,1301.26,1126.6,1350.3,1111.0
2026-02-01,2026,2,Australia,1201,Soya Beans,False,441.42,382.47,372.6,475.0
2026-02-01,2026,2,Saudi Arabia,1201,Soya Beans,False,1908.55,2093.36,2515.3,2114.8
2026-02-01,2026,2,Switzerland,1201,Soya Beans,False,1700.77,1222.24,1652.7,1440.4
2026-03-01,2026,3,China,1005,Maize (Corn),False,3399.8,1732.58,3386.9,2287.9
2026-03-01,2026,3,Mexico,1005,Maize (Corn),False,1712.96,1774.54,1447.9,1686.4
2026-03-01,2026,3,Canada,1005,Maize (Corn),False,3895.37,4661.99,4037.8,5619.0
2026-03-01,2026,3,Japan,1005,Maize (Corn),False,2818.1,1233.23,3671.4,1570.3
2026-03-01,2026,3,Germany,1005,Maize (Corn),False,896.99,425.63,826.7,414.4
2026-03-01,2026,3,South Korea,1005,Maize (Corn),False,3934.94,4974.28,5103.1,6605.7
2026-03-01,2026,3,Vietnam,1005,Maize (Corn),False,3512.96,3746.97,3874.5,3475.7
2026-03-01,2026,3,India,1005,Maize (Corn),False,2977.98,2848.04,4061.2,3083.1
2026-03-01,2026,3,Taiwan,1005,Maize (Corn),False,904.12,790.6,1170.6,941.3
2026-03-01,2026,3,United Kingdom,1005,Maize (Corn),False,2006.39,1902.18,1790.2,1551.7
2026-03-01,2026,3,Brazil,1005,Maize (Corn),False,1648.24,2110.82,1968.5,1794.4
2026-03-01,2026,3,France,1005,Maize (Corn),False,3659.34,1921.99,4474.0,2203.9
2026-03-01,2026,3,Italy,1005,Maize (Corn),False,2810.2,3038.76,2940.9,2889.0
2026-03-01,2026,3,Netherlands,1005,Maize (Corn),False,2867.86,3559.61,2318.7,4425.5
2026-03-01,2026,3,Thailand,1005,Maize (Corn),False,2222.47,1860.24,1791.6,2245.0
2026-03-01,2026,3,Malaysia,1005,Maize (Corn),False,1142.83,761.89,1293.6,682.6
2026-03-01,2026,3,Singapore,1005,Maize (Corn),False,2247.7,2241.79,2732.6,3007.1
2026-03-01,2026,3,Australia,1005,Maize (Corn),False,717.98,335.14,622.0,427.2
2026-03-01,2026,3,Saudi Arabia,1005,Maize (Corn),False,3344.25,1778.45,3885.2,1669.4
2026-03-01,2026,3,Switzerland,1005,Maize (Corn),False,2278.65,1467.56,2241.5,1571.8
2026-03-01,2026,3,China,1201,Soya Beans,False,3061.69,3916.36,3334.1,4583.1
2026-03-01,2026,3,Mexico,1201,Soya Beans,False,2043.98,1247.65,2687.4,1000.5
2026-03-01,2026,3,Canada,1201,Soya Beans,False,3526.76,3239.99,4489.6,4449.0
2026-03-01,2026,3,Japan,1201,Soya Beans,False,2967.14,2044.68,4048.9,1836.6
2026-03-01,2026,3,Germany,1201,Soya Beans,False,760.12,331.29,839.0,388.9
2026-03-01,2026,3,South Korea,1201,Soya Beans,False,3995.1,2295.4,5584.3,2277.1
2026-03-01,2026,3,Vietnam,1201,Soya Beans,False,3025.3,3740.37,3437.0,3657.1
2026-03-01,2026,3,India,1201,Soya Beans,False,2995.52,1881.42,2423.8,1780.9
2026-03-01,2026,3,Taiwan,1201,Soya Beans,False,941.48,425.92,1182.5,509.6
2026-03-01,2026,3,United Kingdom,1201,Soya Beans,False,2109.74,1540.09,2428.3,2035.8
2026-03-01,2026,3,Brazil,1201,Soya Beans,False,1660.56,1833.41,2166.9,2224.0
2026-03-01,2026,3,France,1201,Soya Beans,False,3638.14,1757.94,4403.2,2001.8
2026-03-01,2026,3,Italy,1201,Soya Beans,False,2408.33,2094.02,2774.0,2119.0
2026-03-01,2026,3,Netherlands,1201,Soya Beans,False,2950.91,3476.26,2916.4,4302.6
2026-03-01,2026,3,Thailand,1201,Soya Beans,False,2010.69,957.96,2813.5,972.7
2026-03-01,2026,3,Malaysia,1201,Soya Beans,False,1218.93,834.43,1334.4,1067.5
2026-03-01,2026,3,Singapore,1201,Soya Beans,False,2569.26,2112.62,3341.2,2343.9
2026-03-01,2026,3,Australia,1201,Soya Beans,False,668.05,476.51,765.7,632.4
2026-03-01,2026,3,Saudi Arabia,1201,Soya Beans,False,2748.25,1270.7,2330.3,1775.9
2026-03-01,2026,3,Switzerland,1201,Soya Beans,False,2340.07,2984.98,3206.2,3911.0
2026-04-01,2026,4,China,1005,Maize (Corn),False,1816.1,2068.97,2498.8,2089.1
2026-04-01,2026,4,Mexico,1005,Maize (Corn),False,1200.06,794.98,1380.9,931.9
2026-04-01,2026,4,Canada,1005,Maize (Corn),False,1607.42,1597.52,1770.8,1620.4
2026-04-01,2026,4,Japan,1005,Maize (Corn),False,1688.05,1691.09,2000.0,1796.6
2026-04-01,2026,4,Germany,1005,Maize (Corn),False,394.06,404.74,542.8,511.9
2026-04-01,2026,4,South Korea,1005,Maize (Corn),False,1975.3,1460.48,2215.9,1972.1
2026-04-01,2026,4,Vietnam,1005,Maize (Corn),False,1883.46,1183.84,1823.4,1557.1
2026-04-01,2026,4,India,1005,Maize (Corn),False,1855.05,2088.22,1541.0,2526.7
2026-04-01,2026,4,Taiwan,1005,Maize (Corn),False,561.48,499.17,704.2,432.8
2026-04-01,2026,4,United Kingdom,1005,Maize (Corn),False,1221.17,546.62,1358.7,502.7
2026-04-01,2026,4,Brazil,1005,Maize (Corn),False,1107.38,1073.28,1548.2,1341.7
2026-04-01,2026,4,France,1005,Maize (Corn),False,2011.05,2452.3,1923.3,3397.6
2026-04-01,2026,4,Italy,1005,Maize (Corn),False,1326.12,1139.18,1755.9,1334.0
2026-04-01,2026,4,Netherlands,1005,Maize (Corn),False,1990.63,1849.49,2171.6,2368.0
2026-04-01,2026,4,Thailand,1005,Maize (Corn),False,1058.93,1086.93,884.3,1050.8
2026-04-01,2026,4,Malaysia,1005,Maize (Corn),False,782.98,622.24,928.9,548.1
2026-04-01,2026,4,Singapore,1005,Maize (Corn),False,1126.46,851.51,1026.5,896.2
2026-04-01,2026,4,Australia,1005,Maize (Corn),False,366.54,341.82,456.8,352.1
2026-04-01,2026,4,Saudi Arabia,1005,Maize (Corn),False,1893.59,904.16,1784.4,1168.8
2026-04-01,2026,4,Switzerland,1005,Maize (Corn),False,1591.37,1018.63,2184.6,1379.1
2026-04-01,2026,4,China,1201,Soya Beans,False,2408.12,1605.57,2719.7,1522.6
2026-04-01,2026,4,Mexico,1201,Soya Beans,False,1678.28,1324.39,1730.5,1635.6
2026-04-01,2026,4,Canada,1201,Soya Beans,False,2855.53,1649.54,2762.8,1966.5
2026-04-01,2026,4,Japan,1201,Soya Beans,False,2017.92,2578.87,2162.0,3406.6
2026-04-01,2026,4,Germany,1201,Soya Beans,False,718.64,736.78,942.4,671.2
2026-04-01,2026,4,South Korea,1201,Soya Beans,False,3368.06,2632.04,4242.0,3491.7
2026-04-01,2026,4,Vietnam,1201,Soya Beans,False,2407.42,1757.34,2816.7,1720.6
2026-04-01,2026,4,India,1201,Soya Beans,False,2746.28,1802.45,2986.6,2507.7
2026-04-01,2026,4,Taiwan,1201,Soya Beans,False,763.59,678.47,863.3,788.7
2026-04-01,2026,4,United Kingdom,1201,Soya Beans,False,1681.35,1121.35,1642.5,1498.3
2026-04-01,2026,4,Brazil,1201,Soya Beans,False,1325.51,809.76,1148.8,1026.5
2026-04-01,2026,4,France,1201,Soya Beans,False,3084.61,1596.25,3643.7,1745.0
2026-04-01,2026,4,Italy,1201,Soya Beans,False,2187.59,1671.58,2977.9,1442.0
2026-04-01,2026,4,Netherlands,1201,Soya Beans,False,2480.26,1068.67,3386.8,1011.6
2026-04-01,2026,4,Thailand,1201,Soya Beans,False,1421.67,1721.91,1955.1,2170.1
2026-04-01,2026,4,Malaysia,1201,Soya Beans,False,1071.37,681.12,1038.0,708.3
2026-04-01,2026,4,Singapore,1201,Soya Beans,False,1990.11,1619.63,2585.9,1770.3
2026-04-01,2026,4,Australia,1201,Soya Beans,False,599.23,425.83,612.3,547.4
2026-04-01,2026,4,Saudi Arabia,1201,Soya Beans,False,2799.92,2304.26,2358.4,3116.5
2026-04-01,2026,4,Switzerland,1201,Soya Beans,False,2221.71,2062.23,2267.4,2541.0
2026-05-01,2026,5,China,1005,Maize (Corn),False,2630.73,1244.15,3303.3,1258.9
2026-05-01,2026,5,Mexico,1005,Maize (Corn),False,1573.46,1851.35,1976.0,1560.6
2026-05-01,2026,5,Canada,1005,Maize (Corn),False,3357.12,3437.53,3013.8,3724.2
2026-05-01,2026,5,Japan,1005,Maize (Corn),False,2596.82,1721.32,2942.4,2181.7
2026-05-01,2026,5,Germany,1005,Maize (Corn),False,713.15,547.16,883.7,697.4
2026-05-01,2026,5,South Korea,1005,Maize (Corn),False,2980.55,2330.29,3100.2,2966.4
2026-05-01,2026,5,Vietnam,1005,Maize (Corn),False,3180.84,2538.08,2587.9,2630.2
2026-05-01,2026,5,India,1005,Maize (Corn),False,2998.94,2825.84,3295.3,3559.4
2026-05-01,2026,5,Taiwan,1005,Maize (Corn),False,826.75,880.39,682.5,755.0
2026-05-01,2026,5,United Kingdom,1005,Maize (Corn),False,1802.82,2147.89,2502.5,2509.8
2026-05-01,2026,5,Brazil,1005,Maize (Corn),False,1702.54,1242.19,2161.6,1615.1
2026-05-01,2026,5,France,1005,Maize (Corn),False,3231.76,2162.43,4128.7,1757.9
2026-05-01,2026,5,Italy,1005,Maize (Corn),False,2506.15,2831.22,3448.9,3383.0
2026-05-01,2026,5,Netherlands,1005,Maize (Corn),False,2737.79,3218.3,3064.1,4298.0
2026-05-01,2026,5,Thailand,1005,Maize (Corn),False,1541.43,1535.89,1805.1,1361.9
2026-05-01,2026,5,Malaysia,1005,Maize (Corn),False,1257.55,893.64,1078.8,1203.8
2026-05-01,2026,5,Singapore,1005,Maize (Corn),False,2325.27,1207.58,2778.0,1142.2
2026-05-01,2026,5,Australia,1005,Maize (Corn),False,590.01,427.69,692.1,528.8
2026-05-01,2026,5,Saudi Arabia,1005,Maize (Corn),False,3389.33,4024.27,4520.3,5366.9
2026-05-01,2026,5,Switzerland,1005,Maize (Corn),False,2287.15,1825.93,2069.9,2077.8
2026-05-01,2026,5,China,1201,Soya Beans,False,1523.56,667.18,1662.5,862.8
2026-05-01,2026,5,Mexico,1201,Soya Beans,False,883.01,1040.06,1216.3,1313.0
2026-05-01,2026,5,Canada,1201,Soya Beans,False,1424.05,813.42,1396.4,653.6
2026-05-01,2026,5,Japan,1201,Soya Beans,False,1048.93,1040.54,1392.7,1053.2
2026-05-01,2026,5,Germany,1201,Soya Beans,False,341.66,439.32,445.0,582.2
2026-05-01,2026,5,South Korea,1201,Soya Beans,False,1479.18,1484.14,1583.3,1231.9
2026-05-01,2026,5,Vietnam,1201,Soya Beans,False,1403.85,883.88,1640.9,933.4
2026-05-01,2026,5,India,1201,Soya Beans,False,1205.01,1136.8,1528.4,1105.5
2026-05-01,2026,5,Taiwan,1201,Soya Beans,False,398.5,402.35,437.1,522.6
2026-05-01,2026,5,United Kingdom,1201,Soya Beans,False,936.55,547.85,901.1,671.6
2026-05-01,2026,5,Brazil,1201,Soya Beans,False,692.3,738.47,788.5,615.0
2026-05-01,2026,5,France,1201,Soya Beans,False,1357.92,588.57,1406.8,635.4
2026-05-01,2026,5,Italy,1201,Soya Beans,False,1237.84,1473.61,1697.4,1620.6
2026-05-01,2026,5,Netherlands,1201,Soya Beans,False,1510.21,1564.49,1481.3,1656.3
2026-05-01,2026,5,Thailand,1201,Soya Beans,False,930.61,662.9,836.1,594.5
2026-05-01,2026,5,Malaysia,1201,Soya Beans,False,559.43,525.03,502.1,563.6
2026-05-01,2026,5,Singapore,1201,Soya Beans,False,1098.46,1197.43,1142.4,1497.4
2026-05-01,2026,5,Australia,1201,Soya Beans,False,311.63,371.76,367.4,393.7
2026-05-01,2026,5,Saudi Arabia,1201,Soya Beans,False,1308.7,1577.13,1458.5,1968.5
2026-05-01,2026,5,Switzerland,1201,Soya Beans,False,1022.83,908.26,952.0,989.5
2026-06-01,2026,6,China,1005,Maize (Corn),False,1950.91,1746.3,1685.9,2382.8
2026-06-01,2026,6,Mexico,1005,Maize (Corn),False,1186.63,810.94,1050.1,794.2
2026-06-01,2026,6,Canada,1005,Maize (Corn),False,2022.67,2465.85,2037.4,2781.8
2026-06-01,2026,6,Japan,1005,Maize (Corn),False,1982.82,1143.89,2750.6,1526.2
2026-06-01,2026,6,Germany,1005,Maize (Corn),False,486.54,609.85,667.7,704.9
2026-06-01,2026,6,South Korea,1005,Maize (Corn),False,2253.71,961.19,2546.8,1097.5
2026-06-01,2026,6,Vietnam,1005,Maize (Corn),False,2321.46,2438.19,2409.3,3034.2
2026-06-01,2026,6,India,1005,Maize (Corn),False,2283.29,1678.54,2537.5,1971.1
2026-06-01,2026,6,Taiwan,1005,Maize (Corn),False,564.75,354.36,620.7,466.8
2026-06-01,2026,6,United Kingdom,1005,Maize (Corn),False,1444.21,844.05,1190.9,1149.4
2026-06-01,2026,6,Brazil,1005,Maize (Corn),False,1111.63,953.81,915.4,990.9
2026-06-01,2026,6,France,1005,Maize (Corn),False,2285.44,2903.55,2300.9,2617.4
2026-06-01,2026,6,Italy,1005,Maize (Corn),False,1918.5,1431.6,2437.8,1167.4
2026-06-01,2026,6,Netherlands,1005,Maize (Corn),False,2141.27,894.02,1765.0,887.7
2026-06-01,2026,6,Thailand,1005,Maize (Corn),False,1193.5,1052.11,1657.7,1412.5
2026-06-01,2026,6,Malaysia,1005,Maize (Corn),False,840.94,669.09,1126.7,785.3
2026-06-01,2026,6,Singapore,1005,Maize (Corn),False,1722.25,1524.44,1608.6,1534.6
2026-06-01,2026,6,Australia,1005,Maize (Corn),False,524.62,463.05,528.7,373.1
2026-06-01,2026,6,Saudi Arabia,1005,Maize (Corn),False,2158.95,1449.03,2266.7,1582.0
2026-06-01,2026,6,Switzerland,1005,Maize (Corn),False,1852.89,2272.67,2113.0,3023.3
2026-06-01,2026,6,China,1201,Soya Beans,False,3382.97,1527.09,4590.8,1285.7
2026-06-01,2026,6,Mexico,1201,Soya Beans,False,2247.66,1193.61,2553.1,1322.8
2026-06-01,2026,6,Canada,1201,Soya Beans,False,3787.93,3618.51,3065.2,4737.8
2026-06-01,2026,6,Japan,1201,Soya Beans,False,3280.65,1969.52,3980.7,2214.9
2026-06-01,2026,6,Germany,1201,Soya Beans,False,1041.79,563.0,1055.4,562.3
2026-06-01,2026,6,South Korea,1201,Soya Beans,False,5466.15,5950.81,7504.2,6873.1
2026-06-01,2026,6,Vietnam,1201,Soya Beans,False,4086.07,2546.11,3545.8,2873.3
2026-06-01,2026,6,India,1201,Soya Beans,False,4239.61,4170.97,5719.3,4253.4
2026-06-01,2026,6,Taiwan,1201,Soya Beans,False,1028.9,548.3,846.5,620.3
2026-06-01,2026,6,United Kingdom,1201,Soya Beans,False,2398.17,1904.86,2494.0,2137.7
2026-06-01,2026,6,Brazil,1201,Soya Beans,False,2135.92,2344.43,2226.2,3254.6
2026-06-01,2026,6,France,1201,Soya Beans,False,4554.32,2924.42,5831.1,2940.7
2026-06-01,2026,6,Italy,1201,Soya Beans,False,3324.07,2142.5,4254.2,2440.3
2026-06-01,2026,6,Netherlands,1201,Soya Beans,False,3902.76,4110.27,3570.3,4241.0
2026-06-01,2026,6,Thailand,1201,Soya Beans,False,2363.11,2602.98,2936.5,3255.3
2026-06-01,2026,6,Malaysia,1201,Soya Beans,False,1359.53,1336.08,1278.8,1841.3
2026-06-01,2026,6,Singapore,1201,Soya Beans,False,3011.37,3616.48,3461.2,3570.5
2026-06-01,2026,6,Australia,1201,Soya Beans,False,966.14,800.11,776.1,823.6
2026-06-01,2026,6,Saudi Arabia,1201,Soya Beans,False,4713.99,2011.77,4232.0,1764.2
2026-06-01,2026,6,Switzerland,1201,Soya Beans,False,3419.7,3848.45,2751.9,4987.8
2026-07-01,2026,7,China,1005,Maize (Corn),False,234.3,111.46,320.6,116.4
2026-07-01,2026,7,Mexico,1005,Maize (Corn),False,163.3,133.8,207.6,131.8
2026-07-01,2026,7,Canada,1005,Maize (Corn),False,239.34,268.37,196.8,247.9
2026-07-01,2026,7,Japan,1005,Maize (Corn),False,190.21,192.36,202.7,253.9
2026-07-01,2026,7,Germany,1005,Maize (Corn),False,57.18,65.5,55.5,71.4
2026-07-01,2026,7,South Korea,1005,Maize (Corn),False,282.07,294.45,348.2,298.0
2026-07-01,2026,7,Vietnam,1005,Maize (Corn),False,240.21,196.12,303.4,269.0
2026-07-01,2026,7,India,1005,Maize (Corn),False,215.22,199.82,288.7,239.9
2026-07-01,2026,7,Taiwan,1005,Maize (Corn),False,58.21,44.65,57.7,60.0
2026-07-01,2026,7,United Kingdom,1005,Maize (Corn),False,151.63,86.64,166.1,103.1
2026-07-01,2026,7,Brazil,1005,Maize (Corn),False,124.72,66.24,130.5,57.6
2026-07-01,2026,7,France,1005,Maize (Corn),False,301.97,280.77,254.8,334.4
2026-07-01,2026,7,Italy,1005,Maize (Corn),False,195.69,119.74,179.8,95.9
2026-07-01,2026,7,Netherlands,1005,Maize (Corn),False,233.23,282.78,237.1,349.3
2026-07-01,2026,7,Thailand,1005,Maize (Corn),False,127.04,114.52,158.4,150.8
2026-07-01,2026,7,Malaysia,1005,Maize (Corn),False,88.67,54.45,91.0,48.7
2026-07-01,2026,7,Singapore,1005,Maize (Corn),False,178.02,85.81,199.7,88.8
2026-07-01,2026,7,Australia,1005,Maize (Corn),False,57.24,62.26,50.3,84.9
2026-07-01,2026,7,Saudi Arabia,1005,Maize (Corn),False,269.16,293.03,264.2,348.7
2026-07-01,2026,7,Switzerland,1005,Maize (Corn),False,199.51,89.14,251.8,124.1
2026-07-01,2026,7,China,1201,Soya Beans,False,967.96,1069.44,1300.5,858.0
2026-07-01,2026,7,Mexico,1201,Soya Beans,False,628.16,642.62,719.1,652.9
2026-07-01,2026,7,Canada,1201,Soya Beans,False,1060.38,765.05,1438.0,975.3
2026-07-01,2026,7,Japan,1201,Soya Beans,False,910.33,670.96,850.4,647.9
2026-07-01,2026,7,Germany,1201,Soya Beans,False,237.2,185.24,228.7,178.5
2026-07-01,2026,7,South Korea,1201,Soya Beans,False,1192.66,1299.63,1156.4,1690.1
2026-07-01,2026,7,Vietnam,1201,Soya Beans,False,979.71,770.66,1213.9,715.9
2026-07-01,2026,7,India,1201,Soya Beans,False,1006.98,1034.67,1392.3,1141.2
2026-07-01,2026,7,Taiwan,1201,Soya Beans,False,288.36,287.16,251.0,388.3
2026-07-01,2026,7,United Kingdom,1201,Soya Beans,False,658.24,516.99,559.8,559.3
2026-07-01,2026,7,Brazil,1201,Soya Beans,False,567.41,396.37,659.5,372.8
2026-07-01,2026,7,France,1201,Soya Beans,False,996.56,1199.28,921.2,1414.0
2026-07-01,2026,7,Italy,1201,Soya Beans,False,862.3,1000.57,886.8,964.1
2026-07-01,2026,7,Netherlands,1201,Soya Beans,False,890.46,989.88,1204.4,1029.0
2026-07-01,2026,7,Thailand,1201,Soya Beans,False,575.15,366.6,774.5,379.8
2026-07-01,2026,7,Malaysia,1201,Soya Beans,False,411.54,394.6,450.0,382.4
2026-07-01,2026,7,Singapore,1201,Soya Beans,False,781.22,620.05,688.1,662.5
2026-07-01,2026,7,Australia,1201,Soya Beans,False,237.06,199.69,309.4,211.2
2026-07-01,2026,7,Saudi Arabia,1201,Soya Beans,False,874.57,726.75,713.5,674.9
2026-07-01,2026,7,Switzerland,1201,Soya Beans,False,735.86,451.88,693.5,594.9
2026-08-01,2026,8,China,1005,Maize (Corn),False,915.57,987.89,837.7,1137.8
2026-08-01,2026,8,Mexico,1005,Maize (Corn),False,637.44,443.02,694.0,482.3
2026-08-01,2026,8,Canada,1005,Maize (Corn),False,1092.62,959.57,1114.6,1279.6
2026-08-01,2026,8,Japan,1005,Maize (Corn),False,961.81,917.29,1044.1,994.8
2026-08-01,2026,8,Germany,1005,Maize (Corn),False,241.51,235.77,306.8,225.4
2026-08-01,2026,8,South Korea,1005,Maize (Corn),False,1242.04,1208.06,1317.2,1048.0
2026-08-01,2026,8,Vietnam,1005,Maize (Corn),False,977.78,425.51,1347.3,497.6
2026-08-01,2026,8,India,1005,Maize (Corn),False,896.03,937.84,1025.9,1076.3
2026-08-01,2026,8,Taiwan,1005,Maize (Corn),False,284.12,312.56,352.5,326.9
2026-08-01,2026,8,United Kingdom,1005,Maize (Corn),False,662.61,457.04,730.0,422.7
2026-08-01,2026,8,Brazil,1005,Maize (Corn),False,486.52,230.98,575.3,302.5
2026-08-01,2026,8,France,1005,Maize (Corn),False,1145.33,870.06,1330.7,1141.5
2026-08-01,2026,8,Italy,1005,Maize (Corn),False,858.35,1022.26,746.5,871.9
2026-08-01,2026,8,Netherlands,1005,Maize (Corn),False,896.73,884.55,910.7,744.1
2026-08-01,2026,8,Thailand,1005,Maize (Corn),False,669.66,773.79,676.1,908.7
2026-08-01,2026,8,Malaysia,1005,Maize (Corn),False,429.24,494.43,540.6,450.5
2026-08-01,2026,8,Singapore,1005,Maize (Corn),False,703.65,323.67,743.6,369.5
2026-08-01,2026,8,Australia,1005,Maize (Corn),False,231.94,116.86,202.1,117.8
2026-08-01,2026,8,Saudi Arabia,1005,Maize (Corn),False,973.67,1174.14,1228.4,1210.3
2026-08-01,2026,8,Switzerland,1005,Maize (Corn),False,702.1,467.87,969.7,484.2
2026-08-01,2026,8,China,1201,Soya Beans,False,192.64,156.69,266.8,182.0
2026-08-01,2026,8,Mexico,1201,Soya Beans,False,144.33,58.04,150.5,80.8
2026-08-01,2026,8,Canada,1201,Soya Beans,False,224.99,122.67,245.2,112.5
2026-08-01,2026,8,Japan,1201,Soya Beans,False,185.79,146.55,247.7,164.9
2026-08-01,2026,8,Germany,1201,Soya Beans,False,51.37,34.88,50.8,47.1
2026-08-01,2026,8,South Korea,1201,Soya Beans,False,240.75,288.85,253.4,352.8
2026-08-01,2026,8,Vietnam,1201,Soya Beans,False,225.03,268.28,264.6,304.8
2026-08-01,2026,8,India,1201,Soya Beans,False,175.44,208.31,155.2,209.9
2026-08-01,2026,8,Taiwan,1201,Soya Beans,False,62.96,53.74,51.2,46.5
2026-08-01,2026,8,United Kingdom,1201,Soya Beans,False,140.1,121.48,161.7,104.1
2026-08-01,2026,8,Brazil,1201,Soya Beans,False,101.11,70.66,84.7,82.5
2026-08-01,2026,8,France,1201,Soya Beans,False,202.38,204.02,188.1,230.4
2026-08-01,2026,8,Italy,1201,Soya Beans,False,162.91,90.64,211.1,95.8
2026-08-01,2026,8,Netherlands,1201,Soya Beans,False,225.3,168.26,186.6,228.6
2026-08-01,2026,8,Thailand,1201,Soya Beans,False,131.56,60.89,177.9,77.6
2026-08-01,2026,8,Malaysia,1201,Soya Beans,False,85.8,83.1,92.3,112.5
2026-08-01,2026,8,Singapore,1201,Soya Beans,False,149.27,158.67,196.7,183.9
2026-08-01,2026,8,Australia,1201,Soya Beans,False,44.21,23.21,53.2,23.3
2026-08-01,2026,8,Saudi Arabia,1201,Soya Beans,False,246.2,306.41,237.0,350.0
2026-08-01,2026,8,Switzerland,1201,Soya Beans,False,156.14,155.76,215.8,131.3
